recommendation_id,recovery_case_id,service_ticket_id,pms_reservation_id,guest_tier,traveler_segment,stay_value,estimated_lifetime_value,reservation_match_confidence,crm_match_confidence,data_quality_flags,failure_category,failure_type,severity,hotel_responsibility_score,reported_in_stay,occupancy_pressure,target_property_name,has_rooftop_f_and_b,has_lobby_lounge,has_spa_wellness,has_pool_or_rooftop,has_parking_or_fee_recovery_context,property_context_confidence,property_context_provenance,public_review_risk_prior,review_context_confidence,review_context_provenance,event_pressure_index,weather_disruption_index,local_demand_pressure_index,high_local_demand_flag,demand_context_confidence,demand_context_provenance,public_rate_pressure_index,high_demand_rate_flag,target_public_rate,comp_set_median_rate,proper_vs_comp_set_index,upgrade_opportunity_cost_proxy,refund_cost_pressure,rate_context_confidence,pricing_provenance,repeat_comp_review_risk,room_type_mismatch,actual_comp_codes_normalized,actual_comp_face_value,actual_comp_internal_cost,comp_code,comp_label,recommended_comp_value,estimated_internal_cost,internal_cost_low,internal_cost_high,recommended_minus_actual_value,recommended_tier,recovery_need_score,profit_leakage_risk,review_risk_score,brand_impact_risk,expected_recovery_value,manager_review_flag,recommendation_stability,decision_confidence,policy_version,recommendation_reason_codes,recommendation_counterfactuals,recommendation_alternatives_json,recommendation_score_components_json,recommendation_assumptions,recommendation_explanation
rec_00001,case_00001,TKT000001,PMS001443,new_guest,coastal_weekend,3540,7590,1.0,0.95,no_comp_record,housekeeping_miss,outcome,3,0.9,false,0.712,Santa Monica Proper Hotel,true,true,true,true,true,0.88,observed_public_property_context,0.72,0.28,sample_seed_review_taxonomy_prior,0.48,0.139,0.436,false,0.32,sample_seed_local_demand_context,0.198,false,670,720,0.931,83,0.943,0.92,sample_seed_public_rate_shape,0,false,,0,0,rooftop_f_and_b_credit,Calabra or Palma dining credit,180,72,45,108,180,4,58.44,0.148,0.354,0.458,486,false,0.889,high,smp-public-context-v1.0.0,hotel_responsible_failure;high_perceived_value_lower_estimated_cost;property_fit_changed_recovery,"Property fit changed the recommendation: without this signal, the model would prefer future-stay credit at $205.","[{""comp_code"": ""future_stay_credit"", ""comp_label"": ""future-stay credit"", ""guest_facing_value"": 205, ""internal_cost_expected"": 123, ""internal_cost_high"": 174, ""internal_cost_low"": 62, ""policy_score"": 116.0}, {""comp_code"": ""spa_wellness_credit"", ""comp_label"": ""Surya Spa or Recovery Suite credit"", ""guest_facing_value"": 330, ""internal_cost_expected"": 182, ""internal_cost_high"": 248, ""internal_cost_low"": 99, ""policy_score"": 98.33}]","{""fit_score"": 0.537, ""leakage_penalty"": 18.0, ""operational_penalty"": 0.0, ""perceived_value"": 225.0, ""policy_score"": 118.55}","Internal cost is a policy range, not observed property margin. | Guest relationship value and recovery value are synthetic scenario inputs. | Public context cannot substitute for live occupancy, inventory, or approved hotel policy.","Recommend $180 Calabra or Palma dining credit for a new guest with a severity 3 housekeeping miss reported after checkout. Estimated internal cost is $45-$108, not an observed property margin. Rationale: hotel responsible failure, high perceived value lower estimated cost, property fit changed recovery. Recommendation stability is 89%. The closest alternative was $205 future-stay credit; the recommended gesture scored better on recovery fit, estimated cost, and operational constraints."
rec_00002,case_00002,TKT000002,PMS000013,returning_guest,design_leisure,980,3640,1.0,0.95,,housekeeping_miss,outcome,4,0.95,true,0.642,Santa Monica Proper Hotel,true,true,true,true,true,0.88,observed_public_property_context,0.72,0.28,sample_seed_review_taxonomy_prior,0.48,0.585,0.497,false,0.32,sample_seed_local_demand_context,0.455,false,735,735,1.0,132,1.051,0.92,sample_seed_public_rate_shape,0.2,true,partial_room_refund,465,465,rooftop_f_and_b_credit,Calabra or Palma dining credit,180,72,45,108,-285,4,68.48,0.369,0.546,0.608,195,false,1.0,high,smp-public-context-v1.0.0,hotel_responsible_failure;high_severity_issue;recoverable_before_checkout;high_perceived_value_lower_estimated_cost;property_fit_changed_recovery,"Property fit changed the recommendation: without this signal, the model would prefer future-stay credit at $170.","[{""comp_code"": ""future_stay_credit"", ""comp_label"": ""future-stay credit"", ""guest_facing_value"": 170, ""internal_cost_expected"": 102, ""internal_cost_high"": 144, ""internal_cost_low"": 51, ""policy_score"": 88.06}, {""comp_code"": ""spa_wellness_credit"", ""comp_label"": ""Surya Spa or Recovery Suite credit"", ""guest_facing_value"": 330, ""internal_cost_expected"": 182, ""internal_cost_high"": 248, ""internal_cost_low"": 99, ""policy_score"": 79.12}]","{""fit_score"": 0.537, ""leakage_penalty"": 28.8, ""operational_penalty"": 0.0, ""perceived_value"": 225.0, ""policy_score"": 115.34}","Internal cost is a policy range, not observed property margin. | Guest relationship value and recovery value are synthetic scenario inputs. | Public context cannot substitute for live occupancy, inventory, or approved hotel policy.","Recommend $180 Calabra or Palma dining credit for a returning guest with a severity 4 housekeeping miss reported before checkout. Estimated internal cost is $45-$108, not an observed property margin. Rationale: hotel responsible failure, high severity issue, recoverable before checkout, high perceived value lower estimated cost. Recommendation stability is 100%. The closest alternative was $170 future-stay credit; the recommended gesture scored better on recovery fit, estimated cost, and operational constraints."
rec_00003,case_00003,TKT000003,PMS000837,returning_guest,design_leisure,5460,16040,1.0,0.95,no_review_or_survey,f_and_b_service_lapse,process,3,0.7,true,0.611,Santa Monica Proper Hotel,true,true,true,true,true,0.88,observed_public_property_context,0.6,0.28,sample_seed_review_taxonomy_prior,0.48,0.044,0.401,false,0.32,sample_seed_local_demand_context,0.257,false,685,725,0.945,94,0.968,0.92,sample_seed_public_rate_shape,0,false,room_upgrade,275,69,rooftop_f_and_b_credit,Calabra or Palma dining credit,150,60,38,90,-125,3,56.87,0.074,0.479,0.519,816,false,1.0,high,smp-public-context-v1.0.0,hotel_responsible_failure;recoverable_before_checkout;high_perceived_value_lower_estimated_cost,,"[{""comp_code"": ""spa_wellness_credit"", ""comp_label"": ""Surya Spa or Recovery Suite credit"", ""guest_facing_value"": 275, ""internal_cost_expected"": 151, ""internal_cost_high"": 206, ""internal_cost_low"": 82, ""policy_score"": 82.12}, {""comp_code"": ""lobby_lounge_credit"", ""comp_label"": ""Palma lounge credit"", ""guest_facing_value"": 100, ""internal_cost_expected"": 38, ""internal_cost_high"": 55, ""internal_cost_low"": 25, ""policy_score"": 66.36}]","{""fit_score"": 1.05, ""leakage_penalty"": 15.0, ""operational_penalty"": 0.0, ""perceived_value"": 187.5, ""policy_score"": 200.68}","Internal cost is a policy range, not observed property margin. | Guest relationship value and recovery value are synthetic scenario inputs. | Public context cannot substitute for live occupancy, inventory, or approved hotel policy.","Recommend $150 Calabra or Palma dining credit for a returning guest with a severity 3 F&B service lapse reported before checkout. Estimated internal cost is $38-$90, not an observed property margin. Rationale: hotel responsible failure, recoverable before checkout, high perceived value lower estimated cost. Recommendation stability is 100%. The closest alternative was $275 Surya Spa or Recovery Suite credit; the recommended gesture scored better on recovery fit, estimated cost, and operational constraints."
rec_00004,case_00004,TKT000004,PMS001087,new_guest,coastal_weekend,1500,3050,1.0,0.95,severity_inferred;no_review_or_survey,valet_or_parking_delay,process,2,0.62,true,0.669,Santa Monica Proper Hotel,true,true,true,true,true,0.88,observed_public_property_context,0.56,0.18,sample_seed_review_taxonomy_prior,0.48,0.04,0.381,false,0.32,sample_seed_local_demand_context,0.455,false,735,690,1.065,132,1.067,0.92,sample_seed_public_rate_shape,0.2,true,spa_wellness_credit,365,201,parking_fee_waiver,parking or destination-fee waiver,75,14,6,26,-290,2,41.04,0.099,0.337,0.37,142,false,1.0,moderate,smp-public-context-v1.0.0,recoverable_before_checkout;high_perceived_value_lower_estimated_cost,,"[{""comp_code"": ""rooftop_f_and_b_credit"", ""comp_label"": ""Calabra or Palma dining credit"", ""guest_facing_value"": 135, ""internal_cost_expected"": 54, ""internal_cost_high"": 81, ""internal_cost_low"": 34, ""policy_score"": 72.91}, {""comp_code"": ""lobby_lounge_credit"", ""comp_label"": ""Palma lounge credit"", ""guest_facing_value"": 90, ""internal_cost_expected"": 34, ""internal_cost_high"": 50, ""internal_cost_low"": 22, ""policy_score"": 49.06}]","{""fit_score"": 0.932, ""leakage_penalty"": 5.6, ""operational_penalty"": 0.0, ""perceived_value"": 86.25, ""policy_score"": 116.26}","Internal cost is a policy range, not observed property margin. | Guest relationship value and recovery value are synthetic scenario inputs. | Public context cannot substitute for live occupancy, inventory, or approved hotel policy.","Recommend $75 parking or destination-fee waiver for a new guest with a severity 2 valet or parking delay reported before checkout. Estimated internal cost is $6-$26, not an observed property margin. Rationale: recoverable before checkout, high perceived value lower estimated cost. Recommendation stability is 100%. The closest alternative was $135 Calabra or Palma dining credit; the recommended gesture scored better on recovery fit, estimated cost, and operational constraints."
rec_00005,case_00005,TKT000005,PMS001405,new_guest,business_traveler,3800,7670,1.0,0.95,no_review_or_survey,housekeeping_miss,outcome,4,0.95,false,0.725,Santa Monica Proper Hotel,true,true,true,true,true,0.88,observed_public_property_context,0.72,0.28,sample_seed_review_taxonomy_prior,0.7,0.052,0.522,false,0.32,sample_seed_local_demand_context,0.613,false,775,785,0.987,166,1.117,0.92,sample_seed_public_rate_shape,0.2,false,room_upgrade,280,70,future_stay_credit,future-stay credit,330,198,99,280,50,4,71.12,0.318,0.616,0.659,623,false,0.963,high,smp-public-context-v1.0.0,hotel_responsible_failure;high_severity_issue,,"[{""comp_code"": ""rooftop_f_and_b_credit"", ""comp_label"": ""Calabra or Palma dining credit"", ""guest_facing_value"": 180, ""internal_cost_expected"": 72, ""internal_cost_high"": 108, ""internal_cost_low"": 45, ""policy_score"": 117.33}, {""comp_code"": ""spa_wellness_credit"", ""comp_label"": ""Surya Spa or Recovery Suite credit"", ""guest_facing_value"": 330, ""internal_cost_expected"": 182, ""internal_cost_high"": 248, ""internal_cost_low"": 99, ""policy_score"": 81.25}]","{""fit_score"": 0.56, ""leakage_penalty"": 79.2, ""operational_penalty"": 0.0, ""perceived_value"": 396.0, ""policy_score"": 174.6}","Internal cost is a policy range, not observed property margin. | Guest relationship value and recovery value are synthetic scenario inputs. | Public context cannot substitute for live occupancy, inventory, or approved hotel policy.","Recommend $330 future-stay credit for a new guest with a severity 4 housekeeping miss reported after checkout. Estimated internal cost is $99-$280, not an observed property margin. Rationale: hotel responsible failure, high severity issue. Recommendation stability is 96%. The closest alternative was $180 Calabra or Palma dining credit; the recommended gesture scored better on recovery fit, estimated cost, and operational constraints."
rec_00006,case_00006,TKT000006,PMS001383,returning_guest,coastal_weekend,1500,5340,1.0,0.95,no_comp_record,billing_or_fee_dispute,process,2,0.55,false,0.659,Santa Monica Proper Hotel,true,true,true,true,true,0.88,observed_public_property_context,0.58,0.28,sample_seed_review_taxonomy_prior,0.22,0.425,0.299,false,0.32,sample_seed_local_demand_context,0.573,false,765,685,1.117,158,1.13,0.92,sample_seed_public_rate_shape,0,false,,0,0,parking_fee_waiver,parking or destination-fee waiver,85,15,7,30,85,3,42.03,0.084,0.338,0.375,179,false,1.0,high,smp-public-context-v1.0.0,high_perceived_value_lower_estimated_cost,,"[{""comp_code"": ""rooftop_f_and_b_credit"", ""comp_label"": ""Calabra or Palma dining credit"", ""guest_facing_value"": 150, ""internal_cost_expected"": 60, ""internal_cost_high"": 90, ""internal_cost_low"": 38, ""policy_score"": 89.77}, {""comp_code"": ""lobby_lounge_credit"", ""comp_label"": ""Palma lounge credit"", ""guest_facing_value"": 100, ""internal_cost_expected"": 38, ""internal_cost_high"": 55, ""internal_cost_low"": 25, ""policy_score"": 82.68}]","{""fit_score"": 0.683, ""leakage_penalty"": 3.75, ""operational_penalty"": 0.0, ""perceived_value"": 97.75, ""policy_score"": 105.54}","Internal cost is a policy range, not observed property margin. | Guest relationship value and recovery value are synthetic scenario inputs. | Public context cannot substitute for live occupancy, inventory, or approved hotel policy.","Recommend $85 parking or destination-fee waiver for a returning guest with a severity 2 billing or fee dispute reported after checkout. Estimated internal cost is $7-$30, not an observed property margin. Rationale: high perceived value lower estimated cost. Recommendation stability is 100%. The closest alternative was $150 Calabra or Palma dining credit; the recommended gesture scored better on recovery fit, estimated cost, and operational constraints."
rec_00007,case_00007,TKT000007,PMS000553,new_guest,business_traveler,2940,3810,1.0,0.95,no_review_or_survey,room_readiness_delay,outcome,3,0.88,true,0.965,Santa Monica Proper Hotel,true,true,true,true,true,0.88,observed_public_property_context,0.74,0.28,sample_seed_review_taxonomy_prior,0.22,0.044,0.262,false,0.32,sample_seed_local_demand_context,0.692,false,795,735,1.082,185,1.171,0.92,sample_seed_public_rate_shape,0.2,true,amenity_gesture,65,29,future_stay_credit,future-stay credit,345,207,104,293,280,4,62.4,0.549,0.518,0.566,377,false,0.963,high,smp-public-context-v1.0.0,hotel_responsible_failure;recoverable_before_checkout,,"[{""comp_code"": ""rooftop_f_and_b_credit"", ""comp_label"": ""Calabra or Palma dining credit"", ""guest_facing_value"": 180, ""internal_cost_expected"": 72, ""internal_cost_high"": 108, ""internal_cost_low"": 45, ""policy_score"": 189.78}, {""comp_code"": ""lobby_lounge_credit"", ""comp_label"": ""Palma lounge credit"", ""guest_facing_value"": 120, ""internal_cost_expected"": 46, ""internal_cost_high"": 66, ""internal_cost_low"": 30, ""policy_score"": 115.55}]","{""fit_score"": 0.7, ""leakage_penalty"": 82.8, ""operational_penalty"": 0.0, ""perceived_value"": 414.0, ""policy_score"": 233.08}","Internal cost is a policy range, not observed property margin. | Guest relationship value and recovery value are synthetic scenario inputs. | Public context cannot substitute for live occupancy, inventory, or approved hotel policy.","Recommend $345 future-stay credit for a new guest with a severity 3 room readiness delay reported before checkout. Estimated internal cost is $104-$293, not an observed property margin. Rationale: hotel responsible failure, recoverable before checkout. Recommendation stability is 96%. The closest alternative was $180 Calabra or Palma dining credit; the recommended gesture scored better on recovery fit, estimated cost, and operational constraints."
rec_00008,case_00008,TKT000008,PMS001239,new_guest,design_leisure,1830,3250,1.0,0.95,,noise_disruption,process,3,0.48,false,0.728,Santa Monica Proper Hotel,true,true,true,true,true,0.88,observed_public_property_context,0.62,0.28,sample_seed_review_taxonomy_prior,0.48,0.043,0.362,false,0.32,sample_seed_local_demand_context,0.375,false,715,720,0.993,116,1.018,0.92,sample_seed_public_rate_shape,0.2,false,manager_note,0,0,spa_wellness_credit,Surya Spa or Recovery Suite credit,275,151,82,206,275,3,51.01,0.729,0.47,0.488,207,false,0.963,high,smp-public-context-v1.0.0,high_perceived_value_lower_estimated_cost,,"[{""comp_code"": ""late_checkout"", ""comp_label"": ""late checkout"", ""guest_facing_value"": 85, ""internal_cost_expected"": 17, ""internal_cost_high"": 38, ""internal_cost_low"": 7, ""policy_score"": 156.69}, {""comp_code"": ""rooftop_f_and_b_credit"", ""comp_label"": ""Calabra or Palma dining credit"", ""guest_facing_value"": 150, ""internal_cost_expected"": 60, ""internal_cost_high"": 90, ""internal_cost_low"": 38, ""policy_score"": 86.42}]","{""fit_score"": 0.718, ""leakage_penalty"": 60.4, ""operational_penalty"": 0.0, ""perceived_value"": 371.25, ""policy_score"": 217.64}","Internal cost is a policy range, not observed property margin. | Guest relationship value and recovery value are synthetic scenario inputs. | Public context cannot substitute for live occupancy, inventory, or approved hotel policy.","Recommend $275 Surya Spa or Recovery Suite credit for a new guest with a severity 3 noise disruption reported after checkout. Estimated internal cost is $82-$206, not an observed property margin. Rationale: high perceived value lower estimated cost. Recommendation stability is 96%. The closest alternative was $85 late checkout; the recommended gesture scored better on recovery fit, estimated cost, and operational constraints."
rec_00009,case_00009,TKT000009,PMS000232,new_guest,local_staycation,4690,7750,1.0,0.95,,rooftop_pool_access_issue,process,2,0.64,true,0.802,Santa Monica Proper Hotel,true,true,true,true,true,0.88,observed_public_property_context,0.6,0.28,sample_seed_review_taxonomy_prior,0.22,0.327,0.245,false,0.32,sample_seed_local_demand_context,0.375,false,715,650,1.1,116,1.043,0.92,sample_seed_public_rate_shape,0,false,rooftop_f_and_b_credit,115,46,rooftop_f_and_b_credit,Calabra or Palma dining credit,150,60,38,90,35,3,43.33,0.135,0.352,0.389,443,false,1.0,high,smp-public-context-v1.0.0,recoverable_before_checkout;high_perceived_value_lower_estimated_cost,,"[{""comp_code"": ""spa_wellness_credit"", ""comp_label"": ""Surya Spa or Recovery Suite credit"", ""guest_facing_value"": 275, ""internal_cost_expected"": 151, ""internal_cost_high"": 206, ""internal_cost_low"": 82, ""policy_score"": 73.02}, {""comp_code"": ""lobby_lounge_credit"", ""comp_label"": ""Palma lounge credit"", ""guest_facing_value"": 100, ""internal_cost_expected"": 38, ""internal_cost_high"": 55, ""internal_cost_low"": 25, ""policy_score"": 60.62}]","{""fit_score"": 1.026, ""leakage_penalty"": 15.0, ""operational_penalty"": 0.0, ""perceived_value"": 187.5, ""policy_score"": 179.66}","Internal cost is a policy range, not observed property margin. | Guest relationship value and recovery value are synthetic scenario inputs. | Public context cannot substitute for live occupancy, inventory, or approved hotel policy.","Recommend $150 Calabra or Palma dining credit for a new guest with a severity 2 rooftop pool access issue reported before checkout. Estimated internal cost is $38-$90, not an observed property margin. Rationale: recoverable before checkout, high perceived value lower estimated cost. Recommendation stability is 100%. The closest alternative was $275 Surya Spa or Recovery Suite credit; the recommended gesture scored better on recovery fit, estimated cost, and operational constraints."
rec_00010,case_00010,TKT000010,PMS000817,loyalty_guest,event_or_wedding,1260,7190,1.0,0.95,no_comp_record,room_readiness_delay,outcome,1,0.88,true,0.567,Santa Monica Proper Hotel,true,true,true,true,true,0.88,observed_public_property_context,0.74,0.28,sample_seed_review_taxonomy_prior,0.82,0.178,0.669,false,0.32,sample_seed_local_demand_context,0.81,true,825,855,0.965,213,1.2,0.92,sample_seed_public_rate_shape,0,false,,0,0,rooftop_f_and_b_credit,Calabra or Palma dining credit,150,60,38,90,150,3,42.96,0.308,0.383,0.404,195,false,1.0,moderate,smp-public-context-v1.0.0,high_guest_relationship_value;hotel_responsible_failure;recoverable_before_checkout;high_perceived_value_lower_estimated_cost;public_rate_pressure_changed_recovery,"Public rate pressure changed the recommendation: without this signal, the model would prefer late checkout at $85.","[{""comp_code"": ""lobby_lounge_credit"", ""comp_label"": ""Palma lounge credit"", ""guest_facing_value"": 100, ""internal_cost_expected"": 38, ""internal_cost_high"": 55, ""internal_cost_low"": 25, ""policy_score"": 162.2}, {""comp_code"": ""spa_wellness_credit"", ""comp_label"": ""Surya Spa or Recovery Suite credit"", ""guest_facing_value"": 275, ""internal_cost_expected"": 151, ""internal_cost_high"": 206, ""internal_cost_low"": 82, ""policy_score"": 144.18}]","{""fit_score"": 0.859, ""leakage_penalty"": 15.0, ""operational_penalty"": 0.0, ""perceived_value"": 187.5, ""policy_score"": 220.28}","Internal cost is a policy range, not observed property margin. | Guest relationship value and recovery value are synthetic scenario inputs. | Public context cannot substitute for live occupancy, inventory, or approved hotel policy.","Recommend $150 Calabra or Palma dining credit for a loyalty guest with a severity 1 room readiness delay reported before checkout. Estimated internal cost is $38-$90, not an observed property margin. Rationale: high guest relationship value, hotel responsible failure, recoverable before checkout, high perceived value lower estimated cost. Recommendation stability is 100%. The closest alternative was $100 Palma lounge credit; the recommended gesture scored better on recovery fit, estimated cost, and operational constraints."
rec_00011,case_00011,TKT000011,PMS001392,new_guest,business_traveler,3200,6060,1.0,0.95,no_comp_record,f_and_b_service_lapse,process,2,0.7,true,0.573,Santa Monica Proper Hotel,true,true,true,true,true,0.88,observed_public_property_context,0.6,0.28,sample_seed_review_taxonomy_prior,0.22,0.155,0.273,false,0.32,sample_seed_local_demand_context,0.02,false,625,630,0.992,53,0.868,0.92,sample_seed_public_rate_shape,0,false,,0,0,rooftop_f_and_b_credit,Calabra or Palma dining credit,150,60,38,90,150,3,49.14,0.169,0.352,0.415,356,false,1.0,high,smp-public-context-v1.0.0,hotel_responsible_failure;recoverable_before_checkout;high_perceived_value_lower_estimated_cost,,"[{""comp_code"": ""spa_wellness_credit"", ""comp_label"": ""Surya Spa or Recovery Suite credit"", ""guest_facing_value"": 275, ""internal_cost_expected"": 151, ""internal_cost_high"": 206, ""internal_cost_low"": 82, ""policy_score"": 76.92}, {""comp_code"": ""lobby_lounge_credit"", ""comp_label"": ""Palma lounge credit"", ""guest_facing_value"": 100, ""internal_cost_expected"": 38, ""internal_cost_high"": 55, ""internal_cost_low"": 25, ""policy_score"": 63.09}]","{""fit_score"": 1.05, ""leakage_penalty"": 15.0, ""operational_penalty"": 0.0, ""perceived_value"": 187.5, ""policy_score"": 191.16}","Internal cost is a policy range, not observed property margin. | Guest relationship value and recovery value are synthetic scenario inputs. | Public context cannot substitute for live occupancy, inventory, or approved hotel policy.","Recommend $150 Calabra or Palma dining credit for a new guest with a severity 2 F&B service lapse reported before checkout. Estimated internal cost is $38-$90, not an observed property margin. Rationale: hotel responsible failure, recoverable before checkout, high perceived value lower estimated cost. Recommendation stability is 100%. The closest alternative was $275 Surya Spa or Recovery Suite credit; the recommended gesture scored better on recovery fit, estimated cost, and operational constraints."
rec_00012,case_00012,TKT000012,PMS001069,new_guest,business_traveler,630,1010,1.0,0.95,no_review_or_survey,noise_disruption,process,1,0.48,true,0.729,Santa Monica Proper Hotel,true,true,true,true,true,0.88,observed_public_property_context,0.62,0.28,sample_seed_review_taxonomy_prior,0.48,0.039,0.433,false,0.32,sample_seed_local_demand_context,0.652,false,785,710,1.106,175,1.16,0.92,sample_seed_public_rate_shape,0.2,false,amenity_gesture,65,29,late_checkout,late checkout,75,15,6,34,10,2,30.04,0.366,0.277,0.288,41,false,0.926,high,smp-public-context-v1.0.0,recoverable_before_checkout;high_perceived_value_lower_estimated_cost,,"[{""comp_code"": ""rooftop_f_and_b_credit"", ""comp_label"": ""Calabra or Palma dining credit"", ""guest_facing_value"": 135, ""internal_cost_expected"": 54, ""internal_cost_high"": 81, ""internal_cost_low"": 34, ""policy_score"": 66.68}, {""comp_code"": ""lobby_lounge_credit"", ""comp_label"": ""Palma lounge credit"", ""guest_facing_value"": 90, ""internal_cost_expected"": 34, ""internal_cost_high"": 50, ""internal_cost_low"": 22, ""policy_score"": 44.86}]","{""fit_score"": 0.849, ""leakage_penalty"": 6.0, ""operational_penalty"": 13.25, ""perceived_value"": 108.75, ""policy_score"": 132.7}","Internal cost is a policy range, not observed property margin. | Guest relationship value and recovery value are synthetic scenario inputs. | Public context cannot substitute for live occupancy, inventory, or approved hotel policy.","Recommend $75 late checkout for a new guest with a severity 1 noise disruption reported before checkout. Estimated internal cost is $6-$34, not an observed property margin. Rationale: recoverable before checkout, high perceived value lower estimated cost. Recommendation stability is 93%. The closest alternative was $135 Calabra or Palma dining credit; the recommended gesture scored better on recovery fit, estimated cost, and operational constraints."
rec_00013,case_00013,TKT000013,PMS000371,new_guest,business_traveler,5250,6400,1.0,0.95,no_comp_record,room_readiness_delay,outcome,3,0.88,true,0.546,Santa Monica Proper Hotel,true,true,true,true,true,0.88,observed_public_property_context,0.74,0.28,sample_seed_review_taxonomy_prior,0.22,0.121,0.231,false,0.32,sample_seed_local_demand_context,0.81,true,825,745,1.107,213,1.227,0.92,sample_seed_public_rate_shape,0,false,,0,0,rooftop_f_and_b_credit,Calabra or Palma dining credit,180,72,45,108,180,4,59.93,0.113,0.487,0.538,638,false,1.0,moderate,smp-public-context-v1.0.0,hotel_responsible_failure;recoverable_before_checkout;high_perceived_value_lower_estimated_cost;public_rate_pressure_changed_recovery,"Public rate pressure changed the recommendation: without this signal, the model would prefer room upgrade at $360.","[{""comp_code"": ""future_stay_credit"", ""comp_label"": ""future-stay credit"", ""guest_facing_value"": 260, ""internal_cost_expected"": 156, ""internal_cost_high"": 221, ""internal_cost_low"": 78, ""policy_score"": 195.68}, {""comp_code"": ""lobby_lounge_credit"", ""comp_label"": ""Palma lounge credit"", ""guest_facing_value"": 120, ""internal_cost_expected"": 46, ""internal_cost_high"": 66, ""internal_cost_low"": 30, ""policy_score"": 192.02}]","{""fit_score"": 0.859, ""leakage_penalty"": 18.0, ""operational_penalty"": 0.0, ""perceived_value"": 225.0, ""policy_score"": 269.0}","Internal cost is a policy range, not observed property margin. | Guest relationship value and recovery value are synthetic scenario inputs. | Public context cannot substitute for live occupancy, inventory, or approved hotel policy.","Recommend $180 Calabra or Palma dining credit for a new guest with a severity 3 room readiness delay reported before checkout. Estimated internal cost is $45-$108, not an observed property margin. Rationale: hotel responsible failure, recoverable before checkout, high perceived value lower estimated cost, public rate pressure changed recovery. Recommendation stability is 100%. The closest alternative was $260 future-stay credit; the recommended gesture scored better on recovery fit, estimated cost, and operational constraints."
rec_00014,case_00014,TKT000014,PMS000290,new_guest,family_beach_trip,2120,3816,1.0,0.95,severity_inferred;ltv_imputed;no_review_or_survey;no_comp_record,billing_or_fee_dispute,process,2,0.55,false,0.869,Santa Monica Proper Hotel,true,true,true,true,true,0.88,observed_public_property_context,0.58,0.28,sample_seed_review_taxonomy_prior,0.22,0.097,0.247,false,0.32,sample_seed_local_demand_context,0.553,false,760,710,1.07,153,1.11,0.92,sample_seed_public_rate_shape,0,false,,0,0,parking_fee_waiver,parking or destination-fee waiver,85,15,7,30,85,3,43.25,0.074,0.37,0.398,204,false,1.0,moderate,smp-public-context-v1.0.0,high_perceived_value_lower_estimated_cost,,"[{""comp_code"": ""rooftop_f_and_b_credit"", ""comp_label"": ""Calabra or Palma dining credit"", ""guest_facing_value"": 150, ""internal_cost_expected"": 60, ""internal_cost_high"": 90, ""internal_cost_low"": 38, ""policy_score"": 90.53}, {""comp_code"": ""lobby_lounge_credit"", ""comp_label"": ""Palma lounge credit"", ""guest_facing_value"": 100, ""internal_cost_expected"": 38, ""internal_cost_high"": 55, ""internal_cost_low"": 25, ""policy_score"": 83.37}]","{""fit_score"": 0.683, ""leakage_penalty"": 3.75, ""operational_penalty"": 0.0, ""perceived_value"": 97.75, ""policy_score"": 106.05}","Internal cost is a policy range, not observed property margin. | Guest relationship value and recovery value are synthetic scenario inputs. | Public context cannot substitute for live occupancy, inventory, or approved hotel policy.","Recommend $85 parking or destination-fee waiver for a new guest with a severity 2 billing or fee dispute reported after checkout. Estimated internal cost is $7-$30, not an observed property margin. Rationale: high perceived value lower estimated cost. Recommendation stability is 100%. The closest alternative was $150 Calabra or Palma dining credit; the recommended gesture scored better on recovery fit, estimated cost, and operational constraints."
rec_00015,case_00015,TKT000015,PMS001595,returning_guest,design_leisure,1590,3470,0.78,0.95,no_review_or_survey;no_comp_record,room_assignment_expectation_gap,outcome,3,0.74,false,0.507,Santa Monica Proper Hotel,true,true,true,true,true,0.88,observed_public_property_context,0.68,0.28,sample_seed_review_taxonomy_prior,0.22,0.064,0.271,false,0.32,sample_seed_local_demand_context,0.356,false,710,665,1.068,112,1.026,0.92,sample_seed_public_rate_shape,0,true,,0,0,room_upgrade,room upgrade,360,90,29,234,360,4,58.05,0.413,0.501,0.537,218,false,1.0,high,smp-public-context-v1.0.0,hotel_responsible_failure;high_perceived_value_lower_estimated_cost,,"[{""comp_code"": ""rooftop_f_and_b_credit"", ""comp_label"": ""Calabra or Palma dining credit"", ""guest_facing_value"": 180, ""internal_cost_expected"": 72, ""internal_cost_high"": 108, ""internal_cost_low"": 45, ""policy_score"": 118.26}, {""comp_code"": ""future_stay_credit"", ""comp_label"": ""future-stay credit"", ""guest_facing_value"": 185, ""internal_cost_expected"": 111, ""internal_cost_high"": 157, ""internal_cost_low"": 56, ""policy_score"": 104.38}]","{""fit_score"": 0.963, ""leakage_penalty"": 22.5, ""operational_penalty"": 27.89, ""perceived_value"": 504.0, ""policy_score"": 465.65}","Internal cost is a policy range, not observed property margin. | Guest relationship value and recovery value are synthetic scenario inputs. | Public context cannot substitute for live occupancy, inventory, or approved hotel policy.","Recommend $360 room upgrade for a returning guest with a severity 3 room assignment expectation gap reported after checkout. Estimated internal cost is $29-$234, not an observed property margin. Rationale: hotel responsible failure, high perceived value lower estimated cost. Recommendation stability is 100%. The closest alternative was $180 Calabra or Palma dining credit; the recommended gesture scored better on recovery fit, estimated cost, and operational constraints."
rec_00016,case_00016,TKT000016,PMS001079,returning_guest,business_traveler,800,2940,1.0,0.95,no_review_or_survey,room_assignment_expectation_gap,outcome,4,0.79,false,0.788,Santa Monica Proper Hotel,true,true,true,true,true,0.88,observed_public_property_context,0.68,0.28,sample_seed_review_taxonomy_prior,0.22,0.078,0.204,false,0.32,sample_seed_local_demand_context,0.356,false,710,695,1.022,112,1.015,0.92,sample_seed_public_rate_shape,0.2,true,late_checkout,85,17,room_upgrade,room upgrade,360,90,29,234,275,4,66.94,0.581,0.605,0.634,155,false,1.0,high,smp-public-context-v1.0.0,hotel_responsible_failure;high_severity_issue;high_perceived_value_lower_estimated_cost,,"[{""comp_code"": ""future_stay_credit"", ""comp_label"": ""future-stay credit"", ""guest_facing_value"": 280, ""internal_cost_expected"": 168, ""internal_cost_high"": 238, ""internal_cost_low"": 84, ""policy_score"": 143.23}, {""comp_code"": ""rooftop_f_and_b_credit"", ""comp_label"": ""Calabra or Palma dining credit"", ""guest_facing_value"": 180, ""internal_cost_expected"": 72, ""internal_cost_high"": 108, ""internal_cost_low"": 45, ""policy_score"": 114.17}]","{""fit_score"": 0.963, ""leakage_penalty"": 36.0, ""operational_penalty"": 130.02, ""perceived_value"": 504.0, ""policy_score"": 376.99}","Internal cost is a policy range, not observed property margin. | Guest relationship value and recovery value are synthetic scenario inputs. | Public context cannot substitute for live occupancy, inventory, or approved hotel policy.","Recommend $360 room upgrade for a returning guest with a severity 4 room assignment expectation gap reported after checkout. Estimated internal cost is $29-$234, not an observed property margin. Rationale: hotel responsible failure, high severity issue, high perceived value lower estimated cost. Recommendation stability is 100%. The closest alternative was $280 future-stay credit; the recommended gesture scored better on recovery fit, estimated cost, and operational constraints."
rec_00017,case_00017,TKT000017,PMS001299,returning_guest,wellness_getaway,610,1710,1.0,0.95,no_review_or_survey,f_and_b_service_lapse,process,2,0.7,true,0.601,Santa Monica Proper Hotel,true,true,true,true,true,0.88,observed_public_property_context,0.6,0.28,sample_seed_review_taxonomy_prior,0.48,0.02,0.371,false,0.32,sample_seed_local_demand_context,0.87,true,840,815,1.031,228,1.233,0.92,sample_seed_public_rate_shape,0,false,amenity_gesture,50,22,rooftop_f_and_b_credit,Calabra or Palma dining credit,150,60,38,90,100,3,43.54,0.87,0.375,0.402,69,false,1.0,high,smp-public-context-v1.0.0,hotel_responsible_failure;recoverable_before_checkout;high_perceived_value_lower_estimated_cost,,"[{""comp_code"": ""spa_wellness_credit"", ""comp_label"": ""Surya Spa or Recovery Suite credit"", ""guest_facing_value"": 275, ""internal_cost_expected"": 151, ""internal_cost_high"": 206, ""internal_cost_low"": 82, ""policy_score"": 149.86}, {""comp_code"": ""lobby_lounge_credit"", ""comp_label"": ""Palma lounge credit"", ""guest_facing_value"": 100, ""internal_cost_expected"": 38, ""internal_cost_high"": 55, ""internal_cost_low"": 25, ""policy_score"": 137.41}]","{""fit_score"": 1.05, ""leakage_penalty"": 15.0, ""operational_penalty"": 0.0, ""perceived_value"": 187.5, ""policy_score"": 260.97}","Internal cost is a policy range, not observed property margin. | Guest relationship value and recovery value are synthetic scenario inputs. | Public context cannot substitute for live occupancy, inventory, or approved hotel policy.","Recommend $150 Calabra or Palma dining credit for a returning guest with a severity 2 F&B service lapse reported before checkout. Estimated internal cost is $38-$90, not an observed property margin. Rationale: hotel responsible failure, recoverable before checkout, high perceived value lower estimated cost. Recommendation stability is 100%. The closest alternative was $275 Surya Spa or Recovery Suite credit; the recommended gesture scored better on recovery fit, estimated cost, and operational constraints."
rec_00018,case_00018,TKT000018,PMS000841,returning_guest,family_beach_trip,1280,4970,1.0,0.95,,f_and_b_service_lapse,process,5,0.75,true,0.528,Santa Monica Proper Hotel,true,true,true,true,true,0.88,observed_public_property_context,0.6,0.28,sample_seed_review_taxonomy_prior,0.48,0.041,0.367,false,0.32,sample_seed_local_demand_context,0.652,false,785,695,1.129,175,1.166,0.92,sample_seed_public_rate_shape,0.2,false,rooftop_f_and_b_credit,115,46,rooftop_f_and_b_credit,Calabra or Palma dining credit,180,72,45,108,65,4,70.47,0.27,0.592,0.643,267,false,1.0,high,smp-public-context-v1.0.0,hotel_responsible_failure;high_severity_issue;recoverable_before_checkout;high_perceived_value_lower_estimated_cost,,"[{""comp_code"": ""future_stay_credit"", ""comp_label"": ""future-stay credit"", ""guest_facing_value"": 225, ""internal_cost_expected"": 135, ""internal_cost_high"": 191, ""internal_cost_low"": 68, ""policy_score"": 118.43}, {""comp_code"": ""spa_wellness_credit"", ""comp_label"": ""Surya Spa or Recovery Suite credit"", ""guest_facing_value"": 330, ""internal_cost_expected"": 182, ""internal_cost_high"": 248, ""internal_cost_low"": 99, ""policy_score"": 80.73}]","{""fit_score"": 1.05, ""leakage_penalty"": 28.8, ""operational_penalty"": 0.0, ""perceived_value"": 225.0, ""policy_score"": 248.54}","Internal cost is a policy range, not observed property margin. | Guest relationship value and recovery value are synthetic scenario inputs. | Public context cannot substitute for live occupancy, inventory, or approved hotel policy.","Recommend $180 Calabra or Palma dining credit for a returning guest with a severity 5 F&B service lapse reported before checkout. Estimated internal cost is $45-$108, not an observed property margin. Rationale: hotel responsible failure, high severity issue, recoverable before checkout, high perceived value lower estimated cost. Recommendation stability is 100%. The closest alternative was $225 future-stay credit; the recommended gesture scored better on recovery fit, estimated cost, and operational constraints."
rec_00019,case_00019,TKT000019,PMS000355,returning_guest,coastal_weekend,1320,5470,1.0,0.95,no_review_or_survey,room_readiness_delay,outcome,4,0.93,true,0.771,Santa Monica Proper Hotel,true,true,true,true,true,0.88,observed_public_property_context,0.74,0.28,sample_seed_review_taxonomy_prior,0.22,0.033,0.252,false,0.32,sample_seed_local_demand_context,0.652,false,785,745,1.054,175,1.147,0.92,sample_seed_public_rate_shape,0,false,room_upgrade,410,102,rooftop_f_and_b_credit,Calabra or Palma dining credit,180,72,45,108,-230,4,67.98,0.263,0.622,0.648,274,false,0.852,high,smp-public-context-v1.0.0,hotel_responsible_failure;high_severity_issue;recoverable_before_checkout;high_perceived_value_lower_estimated_cost;operational_pressure_changed_recovery;property_fit_changed_recovery,"Operational availability changed the recommendation: without this signal, the model would prefer room upgrade at $360. | Property fit changed the recommendation: without this signal, the model would prefer late checkout at $100.","[{""comp_code"": ""late_checkout"", ""comp_label"": ""late checkout"", ""guest_facing_value"": 100, ""internal_cost_expected"": 20, ""internal_cost_high"": 45, ""internal_cost_low"": 8, ""policy_score"": 203.09}, {""comp_code"": ""future_stay_credit"", ""comp_label"": ""future-stay credit"", ""guest_facing_value"": 230, ""internal_cost_expected"": 138, ""internal_cost_high"": 196, ""internal_cost_low"": 69, ""policy_score"": 182.83}]","{""fit_score"": 0.859, ""leakage_penalty"": 18.0, ""operational_penalty"": 0.0, ""perceived_value"": 225.0, ""policy_score"": 207.32}","Internal cost is a policy range, not observed property margin. | Guest relationship value and recovery value are synthetic scenario inputs. | Public context cannot substitute for live occupancy, inventory, or approved hotel policy.","Recommend $180 Calabra or Palma dining credit for a returning guest with a severity 4 room readiness delay reported before checkout. Estimated internal cost is $45-$108, not an observed property margin. Rationale: hotel responsible failure, high severity issue, recoverable before checkout, high perceived value lower estimated cost. Recommendation stability is 85%. The closest alternative was $100 late checkout; the recommended gesture scored better on recovery fit, estimated cost, and operational constraints."
rec_00020,case_00020,TKT000020,PMS000239,vip_guest,coastal_weekend,1640,12010,1.0,0.95,no_review_or_survey;no_comp_record,room_assignment_expectation_gap,outcome,4,0.79,true,0.837,Santa Monica Proper Hotel,true,true,true,true,true,0.88,observed_public_property_context,0.68,0.28,sample_seed_review_taxonomy_prior,0.48,0.025,0.355,false,0.32,sample_seed_local_demand_context,0.553,false,760,745,1.02,153,1.097,0.92,sample_seed_public_rate_shape,0,true,,0,0,room_upgrade,room upgrade,360,90,29,234,360,4,68.06,0.194,0.605,0.639,465,false,1.0,high,smp-public-context-v1.0.0,high_guest_relationship_value;hotel_responsible_failure;high_severity_issue;recoverable_before_checkout;high_perceived_value_lower_estimated_cost,,"[{""comp_code"": ""future_stay_credit"", ""comp_label"": ""future-stay credit"", ""guest_facing_value"": 285, ""internal_cost_expected"": 171, ""internal_cost_high"": 242, ""internal_cost_low"": 86, ""policy_score"": 257.46}, {""comp_code"": ""rooftop_f_and_b_credit"", ""comp_label"": ""Calabra or Palma dining credit"", ""guest_facing_value"": 180, ""internal_cost_expected"": 72, ""internal_cost_high"": 108, ""internal_cost_low"": 45, ""policy_score"": 125.82}]","{""fit_score"": 0.963, ""leakage_penalty"": 22.5, ""operational_penalty"": 138.1, ""perceived_value"": 504.0, ""policy_score"": 385.8}","Internal cost is a policy range, not observed property margin. | Guest relationship value and recovery value are synthetic scenario inputs. | Public context cannot substitute for live occupancy, inventory, or approved hotel policy.","Recommend $360 room upgrade for a vip guest with a severity 4 room assignment expectation gap reported before checkout. Estimated internal cost is $29-$234, not an observed property margin. Rationale: high guest relationship value, hotel responsible failure, high severity issue, recoverable before checkout. Recommendation stability is 100%. The closest alternative was $285 future-stay credit; the recommended gesture scored better on recovery fit, estimated cost, and operational constraints."
rec_00021,case_00021,TKT000021,PMS000794,returning_guest,coastal_weekend,1500,3990,1.0,0.95,no_review_or_survey,valet_or_parking_delay,process,3,0.62,true,0.99,Santa Monica Proper Hotel,true,true,true,true,true,0.88,observed_public_property_context,0.56,0.18,sample_seed_review_taxonomy_prior,0.7,0.056,0.53,false,0.32,sample_seed_local_demand_context,0.632,false,780,770,1.013,171,1.129,0.92,sample_seed_public_rate_shape,0,false,parking_fee_waiver,0,0,parking_fee_waiver,parking or destination-fee waiver,85,15,7,30,85,3,54.97,0.072,0.455,0.498,209,false,1.0,high,smp-public-context-v1.0.0,recoverable_before_checkout;high_perceived_value_lower_estimated_cost,,"[{""comp_code"": ""rooftop_f_and_b_credit"", ""comp_label"": ""Calabra or Palma dining credit"", ""guest_facing_value"": 150, ""internal_cost_expected"": 60, ""internal_cost_high"": 90, ""internal_cost_low"": 38, ""policy_score"": 97.91}, {""comp_code"": ""spa_wellness_credit"", ""comp_label"": ""Surya Spa or Recovery Suite credit"", ""guest_facing_value"": 275, ""internal_cost_expected"": 151, ""internal_cost_high"": 206, ""internal_cost_low"": 82, ""policy_score"": 80.84}]","{""fit_score"": 0.932, ""leakage_penalty"": 3.75, ""operational_penalty"": 0.0, ""perceived_value"": 97.75, ""policy_score"": 136.29}","Internal cost is a policy range, not observed property margin. | Guest relationship value and recovery value are synthetic scenario inputs. | Public context cannot substitute for live occupancy, inventory, or approved hotel policy.","Recommend $85 parking or destination-fee waiver for a returning guest with a severity 3 valet or parking delay reported before checkout. Estimated internal cost is $7-$30, not an observed property margin. Rationale: recoverable before checkout, high perceived value lower estimated cost. Recommendation stability is 100%. The closest alternative was $150 Calabra or Palma dining credit; the recommended gesture scored better on recovery fit, estimated cost, and operational constraints."
rec_00022,case_00022,TKT000022,PMS001399,returning_guest,business_traveler,1160,2940,1.0,0.95,severity_inferred;no_comp_record,room_assignment_expectation_gap,outcome,3,0.74,true,0.422,Santa Monica Proper Hotel,true,true,true,true,true,0.88,observed_public_property_context,0.68,0.28,sample_seed_review_taxonomy_prior,0.22,0.165,0.235,false,0.32,sample_seed_local_demand_context,0.0,false,560,580,0.966,45,0.86,0.92,sample_seed_public_rate_shape,0,false,,0,0,room_upgrade,room upgrade,300,75,24,195,300,3,53.58,0.484,0.47,0.5,155,false,1.0,moderate,smp-public-context-v1.0.0,hotel_responsible_failure;recoverable_before_checkout;high_perceived_value_lower_estimated_cost,,"[{""comp_code"": ""rooftop_f_and_b_credit"", ""comp_label"": ""Calabra or Palma dining credit"", ""guest_facing_value"": 150, ""internal_cost_expected"": 60, ""internal_cost_high"": 90, ""internal_cost_low"": 38, ""policy_score"": 97.04}, {""comp_code"": ""spa_wellness_credit"", ""comp_label"": ""Surya Spa or Recovery Suite credit"", ""guest_facing_value"": 275, ""internal_cost_expected"": 151, ""internal_cost_high"": 206, ""internal_cost_low"": 82, ""policy_score"": 79.91}]","{""fit_score"": 0.963, ""leakage_penalty"": 18.75, ""operational_penalty"": 23.21, ""perceived_value"": 420.0, ""policy_score"": 376.76}","Internal cost is a policy range, not observed property margin. | Guest relationship value and recovery value are synthetic scenario inputs. | Public context cannot substitute for live occupancy, inventory, or approved hotel policy.","Recommend $300 room upgrade for a returning guest with a severity 3 room assignment expectation gap reported before checkout. Estimated internal cost is $24-$195, not an observed property margin. Rationale: hotel responsible failure, recoverable before checkout, high perceived value lower estimated cost. Recommendation stability is 100%. The closest alternative was $150 Calabra or Palma dining credit; the recommended gesture scored better on recovery fit, estimated cost, and operational constraints."
rec_00023,case_00023,TKT000023,PMS000336,new_guest,event_or_wedding,2160,4700,1.0,0.95,no_review_or_survey;no_comp_record,maintenance_issue,outcome,4,0.83,true,0.75,Santa Monica Proper Hotel,true,true,true,true,true,0.88,observed_public_property_context,0.69,0.28,sample_seed_review_taxonomy_prior,0.48,0.021,0.388,false,0.32,sample_seed_local_demand_context,1.0,true,980,955,1.026,294,1.286,0.92,sample_seed_public_rate_shape,0,false,,0,0,spa_wellness_credit,Surya Spa or Recovery Suite credit,330,182,99,248,330,4,67.99,0.524,0.608,0.64,347,false,1.0,moderate,smp-public-context-v1.0.0,hotel_responsible_failure;high_severity_issue;recoverable_before_checkout;high_perceived_value_lower_estimated_cost;public_rate_pressure_changed_recovery,"Public rate pressure changed the recommendation: without this signal, the model would prefer future-stay credit at $380.","[{""comp_code"": ""future_stay_credit"", ""comp_label"": ""future-stay credit"", ""guest_facing_value"": 380, ""internal_cost_expected"": 228, ""internal_cost_high"": 323, ""internal_cost_low"": 114, ""policy_score"": 230.26}, {""comp_code"": ""rooftop_f_and_b_credit"", ""comp_label"": ""Calabra or Palma dining credit"", ""guest_facing_value"": 180, ""internal_cost_expected"": 72, ""internal_cost_high"": 108, ""internal_cost_low"": 45, ""policy_score"": 213.93}]","{""fit_score"": 0.521, ""leakage_penalty"": 45.5, ""operational_penalty"": 0.0, ""perceived_value"": 445.5, ""policy_score"": 310.3}","Internal cost is a policy range, not observed property margin. | Guest relationship value and recovery value are synthetic scenario inputs. | Public context cannot substitute for live occupancy, inventory, or approved hotel policy.","Recommend $330 Surya Spa or Recovery Suite credit for a new guest with a severity 4 maintenance issue reported before checkout. Estimated internal cost is $99-$248, not an observed property margin. Rationale: hotel responsible failure, high severity issue, recoverable before checkout, high perceived value lower estimated cost. Recommendation stability is 100%. The closest alternative was $380 future-stay credit; the recommended gesture scored better on recovery fit, estimated cost, and operational constraints."
rec_00024,case_00024,TKT000024,PMS000146,new_guest,wellness_getaway,1800,3710,1.0,0.95,,rooftop_pool_access_issue,process,2,0.64,false,0.593,Santa Monica Proper Hotel,true,true,true,true,true,0.88,observed_public_property_context,0.6,0.28,sample_seed_review_taxonomy_prior,0.48,0.021,0.442,false,0.32,sample_seed_local_demand_context,0.534,false,755,690,1.094,149,1.108,0.92,sample_seed_public_rate_shape,0,false,manager_note,0,0,rooftop_f_and_b_credit,Calabra or Palma dining credit,150,60,38,90,150,3,44.29,0.324,0.416,0.428,185,false,1.0,high,smp-public-context-v1.0.0,high_perceived_value_lower_estimated_cost,,"[{""comp_code"": ""spa_wellness_credit"", ""comp_label"": ""Surya Spa or Recovery Suite credit"", ""guest_facing_value"": 275, ""internal_cost_expected"": 151, ""internal_cost_high"": 206, ""internal_cost_low"": 82, ""policy_score"": 73.66}, {""comp_code"": ""lobby_lounge_credit"", ""comp_label"": ""Palma lounge credit"", ""guest_facing_value"": 100, ""internal_cost_expected"": 38, ""internal_cost_high"": 55, ""internal_cost_low"": 25, ""policy_score"": 61.03}]","{""fit_score"": 1.026, ""leakage_penalty"": 15.0, ""operational_penalty"": 0.0, ""perceived_value"": 187.5, ""policy_score"": 180.82}","Internal cost is a policy range, not observed property margin. | Guest relationship value and recovery value are synthetic scenario inputs. | Public context cannot substitute for live occupancy, inventory, or approved hotel policy.","Recommend $150 Calabra or Palma dining credit for a new guest with a severity 2 rooftop pool access issue reported after checkout. Estimated internal cost is $38-$90, not an observed property margin. Rationale: high perceived value lower estimated cost. Recommendation stability is 100%. The closest alternative was $275 Surya Spa or Recovery Suite credit; the recommended gesture scored better on recovery fit, estimated cost, and operational constraints."
rec_00025,case_00025,TKT000025,PMS001547,event_or_suite_guest,wellness_getaway,2160,16840,1.0,0.95,no_comp_record,housekeeping_miss,outcome,4,0.95,true,0.752,Santa Monica Proper Hotel,true,true,true,true,true,0.88,observed_public_property_context,0.72,0.28,sample_seed_review_taxonomy_prior,0.7,0.065,0.525,false,0.32,sample_seed_local_demand_context,1.0,true,885,830,1.066,266,1.296,0.92,sample_seed_public_rate_shape,0,false,,0,0,future_stay_credit,future-stay credit,380,228,114,323,380,4,71.63,0.34,0.594,0.649,670,false,0.963,high,smp-public-context-v1.0.0,high_guest_relationship_value;hotel_responsible_failure;high_severity_issue;recoverable_before_checkout,,"[{""comp_code"": ""rooftop_f_and_b_credit"", ""comp_label"": ""Calabra or Palma dining credit"", ""guest_facing_value"": 180, ""internal_cost_expected"": 72, ""internal_cost_high"": 108, ""internal_cost_low"": 45, ""policy_score"": 216.67}, {""comp_code"": ""spa_wellness_credit"", ""comp_label"": ""Surya Spa or Recovery Suite credit"", ""guest_facing_value"": 330, ""internal_cost_expected"": 182, ""internal_cost_high"": 248, ""internal_cost_low"": 99, ""policy_score"": 197.12}]","{""fit_score"": 0.76, ""leakage_penalty"": 57.0, ""operational_penalty"": 0.0, ""perceived_value"": 456.0, ""policy_score"": 340.74}","Internal cost is a policy range, not observed property margin. | Guest relationship value and recovery value are synthetic scenario inputs. | Public context cannot substitute for live occupancy, inventory, or approved hotel policy.","Recommend $380 future-stay credit for an event/suite guest with a severity 4 housekeeping miss reported before checkout. Estimated internal cost is $114-$323, not an observed property margin. Rationale: high guest relationship value, hotel responsible failure, high severity issue, recoverable before checkout. Recommendation stability is 96%. The closest alternative was $180 Calabra or Palma dining credit; the recommended gesture scored better on recovery fit, estimated cost, and operational constraints."
rec_00026,case_00026,TKT000026,PMS000673,new_guest,coastal_weekend,2010,2590,1.0,0.95,no_comp_record,f_and_b_service_lapse,process,1,0.7,true,0.802,Santa Monica Proper Hotel,true,true,true,true,true,0.88,observed_public_property_context,0.6,0.28,sample_seed_review_taxonomy_prior,0.22,0.327,0.245,false,0.32,sample_seed_local_demand_context,0.375,false,715,650,1.1,116,1.043,0.92,sample_seed_public_rate_shape,0,true,,0,0,rooftop_f_and_b_credit,Calabra or Palma dining credit,135,54,34,81,135,2,33.38,0.391,0.288,0.309,138,false,1.0,high,smp-public-context-v1.0.0,hotel_responsible_failure;recoverable_before_checkout;high_perceived_value_lower_estimated_cost,,"[{""comp_code"": ""lobby_lounge_credit"", ""comp_label"": ""Palma lounge credit"", ""guest_facing_value"": 90, ""internal_cost_expected"": 34, ""internal_cost_high"": 50, ""internal_cost_low"": 22, ""policy_score"": 51.24}, {""comp_code"": ""amenity_gesture"", ""comp_label"": ""in-room amenity gesture"", ""guest_facing_value"": 50, ""internal_cost_expected"": 22, ""internal_cost_high"": 32, ""internal_cost_low"": 12, ""policy_score"": 37.43}]","{""fit_score"": 1.05, ""leakage_penalty"": 13.5, ""operational_penalty"": 0.0, ""perceived_value"": 168.75, ""policy_score"": 155.37}","Internal cost is a policy range, not observed property margin. | Guest relationship value and recovery value are synthetic scenario inputs. | Public context cannot substitute for live occupancy, inventory, or approved hotel policy.","Recommend $135 Calabra or Palma dining credit for a new guest with a severity 1 F&B service lapse reported before checkout. Estimated internal cost is $34-$81, not an observed property margin. Rationale: hotel responsible failure, recoverable before checkout, high perceived value lower estimated cost. Recommendation stability is 100%. The closest alternative was $90 Palma lounge credit; the recommended gesture scored better on recovery fit, estimated cost, and operational constraints."
rec_00027,case_00027,TKT000027,PMS000156,new_guest,event_or_wedding,720,1280,1.0,0.95,no_review_or_survey,housekeeping_miss,outcome,3,0.9,false,0.444,Santa Monica Proper Hotel,true,true,true,true,true,0.88,observed_public_property_context,0.72,0.28,sample_seed_review_taxonomy_prior,0.22,0.146,0.286,false,0.32,sample_seed_local_demand_context,0.04,false,630,650,0.969,56,0.877,0.92,sample_seed_public_rate_shape,0,false,rooftop_f_and_b_credit,170,68,future_stay_credit,future-stay credit,250,150,75,212,80,4,60.72,1,0.513,0.555,97,false,0.889,high,smp-public-context-v1.0.0,hotel_responsible_failure,,"[{""comp_code"": ""rooftop_f_and_b_credit"", ""comp_label"": ""Calabra or Palma dining credit"", ""guest_facing_value"": 180, ""internal_cost_expected"": 72, ""internal_cost_high"": 108, ""internal_cost_low"": 45, ""policy_score"": 120.27}, {""comp_code"": ""spa_wellness_credit"", ""comp_label"": ""Surya Spa or Recovery Suite credit"", ""guest_facing_value"": 330, ""internal_cost_expected"": 182, ""internal_cost_high"": 248, ""internal_cost_low"": 99, ""policy_score"": 100.17}]","{""fit_score"": 0.56, ""leakage_penalty"": 37.5, ""operational_penalty"": 0.0, ""perceived_value"": 300.0, ""policy_score"": 143.86}","Internal cost is a policy range, not observed property margin. | Guest relationship value and recovery value are synthetic scenario inputs. | Public context cannot substitute for live occupancy, inventory, or approved hotel policy.","Recommend $250 future-stay credit for a new guest with a severity 3 housekeeping miss reported after checkout. Estimated internal cost is $75-$212, not an observed property margin. Rationale: hotel responsible failure. Recommendation stability is 89%. The closest alternative was $180 Calabra or Palma dining credit; the recommended gesture scored better on recovery fit, estimated cost, and operational constraints."
rec_00028,case_00028,TKT000028,PMS001144,loyalty_guest,coastal_weekend,2400,8450,1.0,0.95,no_comp_record,valet_or_parking_delay,process,3,0.62,false,0.622,Santa Monica Proper Hotel,true,true,true,true,true,0.88,observed_public_property_context,0.56,0.18,sample_seed_review_taxonomy_prior,0.22,0.1,0.211,false,0.32,sample_seed_local_demand_context,0.375,false,715,700,1.021,116,1.023,0.92,sample_seed_public_rate_shape,0,false,,0,0,parking_fee_waiver,parking or destination-fee waiver,85,15,7,30,85,3,56.72,0.039,0.52,0.541,386,false,0.852,high,smp-public-context-v1.0.0,high_guest_relationship_value;high_perceived_value_lower_estimated_cost,,"[{""comp_code"": ""rooftop_f_and_b_credit"", ""comp_label"": ""Calabra or Palma dining credit"", ""guest_facing_value"": 150, ""internal_cost_expected"": 60, ""internal_cost_high"": 90, ""internal_cost_low"": 38, ""policy_score"": 99.01}, {""comp_code"": ""spa_wellness_credit"", ""comp_label"": ""Surya Spa or Recovery Suite credit"", ""guest_facing_value"": 275, ""internal_cost_expected"": 151, ""internal_cost_high"": 206, ""internal_cost_low"": 82, ""policy_score"": 82.02}]","{""fit_score"": 0.932, ""leakage_penalty"": 3.75, ""operational_penalty"": 0.0, ""perceived_value"": 97.75, ""policy_score"": 137.29}","Internal cost is a policy range, not observed property margin. | Guest relationship value and recovery value are synthetic scenario inputs. | Public context cannot substitute for live occupancy, inventory, or approved hotel policy.","Recommend $85 parking or destination-fee waiver for a loyalty guest with a severity 3 valet or parking delay reported after checkout. Estimated internal cost is $7-$30, not an observed property margin. Rationale: high guest relationship value, high perceived value lower estimated cost. Recommendation stability is 85%. The closest alternative was $150 Calabra or Palma dining credit; the recommended gesture scored better on recovery fit, estimated cost, and operational constraints."
rec_00029,case_00029,TKT000029,PMS000088,new_guest,family_beach_trip,1440,2920,1.0,0.95,no_comp_record,room_assignment_expectation_gap,outcome,5,0.79,true,0.397,Santa Monica Proper Hotel,true,true,true,true,true,0.88,observed_public_property_context,0.68,0.28,sample_seed_review_taxonomy_prior,0.22,0.673,0.332,false,0.32,sample_seed_local_demand_context,0.0,false,560,575,0.974,45,0.86,0.92,sample_seed_public_rate_shape,0,true,,0,0,room_upgrade,room upgrade,360,90,29,234,360,4,70.25,0.385,0.574,0.632,234,false,1.0,high,smp-public-context-v1.0.0,hotel_responsible_failure;high_severity_issue;recoverable_before_checkout;high_perceived_value_lower_estimated_cost,,"[{""comp_code"": ""future_stay_credit"", ""comp_label"": ""future-stay credit"", ""guest_facing_value"": 250, ""internal_cost_expected"": 150, ""internal_cost_high"": 212, ""internal_cost_low"": 75, ""policy_score"": 153.86}, {""comp_code"": ""rooftop_f_and_b_credit"", ""comp_label"": ""Calabra or Palma dining credit"", ""guest_facing_value"": 180, ""internal_cost_expected"": 72, ""internal_cost_high"": 108, ""internal_cost_low"": 45, ""policy_score"": 127.47}]","{""fit_score"": 0.963, ""leakage_penalty"": 22.5, ""operational_penalty"": 23.75, ""perceived_value"": 504.0, ""policy_score"": 506.81}","Internal cost is a policy range, not observed property margin. | Guest relationship value and recovery value are synthetic scenario inputs. | Public context cannot substitute for live occupancy, inventory, or approved hotel policy.","Recommend $360 room upgrade for a new guest with a severity 5 room assignment expectation gap reported before checkout. Estimated internal cost is $29-$234, not an observed property margin. Rationale: hotel responsible failure, high severity issue, recoverable before checkout, high perceived value lower estimated cost. Recommendation stability is 100%. The closest alternative was $250 future-stay credit; the recommended gesture scored better on recovery fit, estimated cost, and operational constraints."
rec_00030,case_00030,TKT000030,PMS001522,new_guest,design_leisure,1180,1440,1.0,0.95,no_comp_record,maintenance_issue,outcome,3,0.78,true,0.721,Santa Monica Proper Hotel,true,true,true,true,true,0.88,observed_public_property_context,0.69,0.28,sample_seed_review_taxonomy_prior,0.48,0.066,0.408,false,0.32,sample_seed_local_demand_context,0.593,true,770,835,0.922,162,1.109,0.92,sample_seed_public_rate_shape,0,false,,0,0,spa_wellness_credit,Surya Spa or Recovery Suite credit,275,151,82,206,275,3,53.74,1,0.449,0.489,129,false,1.0,high,smp-public-context-v1.0.0,hotel_responsible_failure;recoverable_before_checkout;high_perceived_value_lower_estimated_cost,,"[{""comp_code"": ""rooftop_f_and_b_credit"", ""comp_label"": ""Calabra or Palma dining credit"", ""guest_facing_value"": 150, ""internal_cost_expected"": 60, ""internal_cost_high"": 90, ""internal_cost_low"": 38, ""policy_score"": 149.42}, {""comp_code"": ""lobby_lounge_credit"", ""comp_label"": ""Palma lounge credit"", ""guest_facing_value"": 100, ""internal_cost_expected"": 38, ""internal_cost_high"": 55, ""internal_cost_low"": 25, ""policy_score"": 117.31}]","{""fit_score"": 0.521, ""leakage_penalty"": 37.75, ""operational_penalty"": 0.0, ""perceived_value"": 371.25, ""policy_score"": 221.39}","Internal cost is a policy range, not observed property margin. | Guest relationship value and recovery value are synthetic scenario inputs. | Public context cannot substitute for live occupancy, inventory, or approved hotel policy.","Recommend $275 Surya Spa or Recovery Suite credit for a new guest with a severity 3 maintenance issue reported before checkout. Estimated internal cost is $82-$206, not an observed property margin. Rationale: hotel responsible failure, recoverable before checkout, high perceived value lower estimated cost. Recommendation stability is 100%. The closest alternative was $150 Calabra or Palma dining credit; the recommended gesture scored better on recovery fit, estimated cost, and operational constraints."
rec_00031,case_00031,TKT000031,PMS001133,new_guest,coastal_weekend,1440,2560,1.0,0.95,,spa_wellness_service_issue,process,3,0.74,true,0.325,Santa Monica Proper Hotel,true,true,true,true,true,0.88,observed_public_property_context,0.64,0.28,sample_seed_review_taxonomy_prior,0.22,0.045,0.277,false,0.32,sample_seed_local_demand_context,0.02,false,625,690,0.906,53,0.868,0.92,sample_seed_public_rate_shape,0.2,false,room_upgrade,330,82,spa_wellness_credit,Surya Spa or Recovery Suite credit,275,151,82,206,-55,3,52.37,0.899,0.467,0.493,168,false,0.963,high,smp-public-context-v1.0.0,hotel_responsible_failure;recoverable_before_checkout;high_perceived_value_lower_estimated_cost,,"[{""comp_code"": ""rooftop_f_and_b_credit"", ""comp_label"": ""Calabra or Palma dining credit"", ""guest_facing_value"": 150, ""internal_cost_expected"": 60, ""internal_cost_high"": 90, ""internal_cost_low"": 38, ""policy_score"": 87.28}, {""comp_code"": ""lobby_lounge_credit"", ""comp_label"": ""Palma lounge credit"", ""guest_facing_value"": 100, ""internal_cost_expected"": 38, ""internal_cost_high"": 55, ""internal_cost_low"": 25, ""policy_score"": 58.75}]","{""fit_score"": 1.043, ""leakage_penalty"": 60.4, ""operational_penalty"": 0.0, ""perceived_value"": 371.25, ""policy_score"": 343.62}","Internal cost is a policy range, not observed property margin. | Guest relationship value and recovery value are synthetic scenario inputs. | Public context cannot substitute for live occupancy, inventory, or approved hotel policy.","Recommend $275 Surya Spa or Recovery Suite credit for a new guest with a severity 3 spa/wellness service issue reported before checkout. Estimated internal cost is $82-$206, not an observed property margin. Rationale: hotel responsible failure, recoverable before checkout, high perceived value lower estimated cost. Recommendation stability is 96%. The closest alternative was $150 Calabra or Palma dining credit; the recommended gesture scored better on recovery fit, estimated cost, and operational constraints."
rec_00032,case_00032,TKT000032,PMS000678,returning_guest,event_or_wedding,3200,12400,1.0,0.95,,room_readiness_delay,outcome,4,0.93,true,0.99,Santa Monica Proper Hotel,true,true,true,true,true,0.88,observed_public_property_context,0.74,0.28,sample_seed_review_taxonomy_prior,0.7,0.033,0.545,false,0.32,sample_seed_local_demand_context,1.0,true,895,885,1.011,268,1.283,0.92,sample_seed_public_rate_shape,0.2,false,late_checkout,105,21,rooftop_f_and_b_credit,Calabra or Palma dining credit,180,72,45,108,75,4,69.82,0.109,0.559,0.622,660,false,1.0,moderate,smp-public-context-v1.0.0,hotel_responsible_failure;high_severity_issue;recoverable_before_checkout;high_perceived_value_lower_estimated_cost;public_rate_pressure_changed_recovery,"Public rate pressure changed the recommendation: without this signal, the model would prefer future-stay credit at $280.","[{""comp_code"": ""lobby_lounge_credit"", ""comp_label"": ""Palma lounge credit"", ""guest_facing_value"": 120, ""internal_cost_expected"": 46, ""internal_cost_high"": 66, ""internal_cost_low"": 30, ""policy_score"": 209.23}, {""comp_code"": ""future_stay_credit"", ""comp_label"": ""future-stay credit"", ""guest_facing_value"": 280, ""internal_cost_expected"": 168, ""internal_cost_high"": 238, ""internal_cost_low"": 84, ""policy_score"": 200.08}]","{""fit_score"": 0.859, ""leakage_penalty"": 28.8, ""operational_penalty"": 0.0, ""perceived_value"": 225.0, ""policy_score"": 286.91}","Internal cost is a policy range, not observed property margin. | Guest relationship value and recovery value are synthetic scenario inputs. | Public context cannot substitute for live occupancy, inventory, or approved hotel policy.","Recommend $180 Calabra or Palma dining credit for a returning guest with a severity 4 room readiness delay reported before checkout. Estimated internal cost is $45-$108, not an observed property margin. Rationale: hotel responsible failure, high severity issue, recoverable before checkout, high perceived value lower estimated cost. Recommendation stability is 100%. The closest alternative was $120 Palma lounge credit; the recommended gesture scored better on recovery fit, estimated cost, and operational constraints."
rec_00033,case_00033,TKT000033,PMS000330,new_guest,business_traveler,3650,5000,0.78,0.95,severity_inferred;no_review_or_survey,room_readiness_delay,outcome,3,0.88,false,0.945,Santa Monica Proper Hotel,true,true,true,true,true,0.88,observed_public_property_context,0.74,0.28,sample_seed_review_taxonomy_prior,0.22,0.266,0.282,false,0.32,sample_seed_local_demand_context,0.613,false,775,740,1.047,166,1.129,0.92,sample_seed_public_rate_shape,0.2,false,lobby_lounge_credit,80,30,rooftop_f_and_b_credit,Calabra or Palma dining credit,180,72,45,108,100,4,60.79,0.156,0.518,0.558,461,false,0.963,moderate,smp-public-context-v1.0.0,hotel_responsible_failure;high_perceived_value_lower_estimated_cost;operational_pressure_changed_recovery;property_fit_changed_recovery,"Operational availability changed the recommendation: without this signal, the model would prefer room upgrade at $360. | Property fit changed the recommendation: without this signal, the model would prefer future-stay credit at $255.","[{""comp_code"": ""future_stay_credit"", ""comp_label"": ""future-stay credit"", ""guest_facing_value"": 255, ""internal_cost_expected"": 153, ""internal_cost_high"": 217, ""internal_cost_low"": 76, ""policy_score"": 170.12}, {""comp_code"": ""lobby_lounge_credit"", ""comp_label"": ""Palma lounge credit"", ""guest_facing_value"": 120, ""internal_cost_expected"": 46, ""internal_cost_high"": 66, ""internal_cost_low"": 30, ""policy_score"": 114.35}]","{""fit_score"": 0.859, ""leakage_penalty"": 28.8, ""operational_penalty"": 0.0, ""perceived_value"": 225.0, ""policy_score"": 187.83}","Internal cost is a policy range, not observed property margin. | Guest relationship value and recovery value are synthetic scenario inputs. | Public context cannot substitute for live occupancy, inventory, or approved hotel policy.","Recommend $180 Calabra or Palma dining credit for a new guest with a severity 3 room readiness delay reported after checkout. Estimated internal cost is $45-$108, not an observed property margin. Rationale: hotel responsible failure, high perceived value lower estimated cost, operational pressure changed recovery, property fit changed recovery. Recommendation stability is 96%. The closest alternative was $255 future-stay credit; the recommended gesture scored better on recovery fit, estimated cost, and operational constraints."
rec_00034,case_00034,TKT000034,PMS000056,vip_guest,coastal_weekend,2850,23380,1.0,0.95,severity_inferred;no_comp_record,spa_wellness_service_issue,process,3,0.74,true,0.695,Santa Monica Proper Hotel,true,true,true,true,true,0.88,observed_public_property_context,0.64,0.28,sample_seed_review_taxonomy_prior,0.48,0.061,0.429,false,0.32,sample_seed_local_demand_context,1.0,true,895,875,1.023,268,1.286,0.92,sample_seed_public_rate_shape,0,false,,0,0,spa_wellness_credit,Surya Spa or Recovery Suite credit,330,182,99,248,330,4,60.11,0.238,0.451,0.519,766,false,1.0,moderate,smp-public-context-v1.0.0,high_guest_relationship_value;hotel_responsible_failure;recoverable_before_checkout;high_perceived_value_lower_estimated_cost,,"[{""comp_code"": ""future_stay_credit"", ""comp_label"": ""future-stay credit"", ""guest_facing_value"": 330, ""internal_cost_expected"": 198, ""internal_cost_high"": 280, ""internal_cost_low"": 99, ""policy_score"": 282.76}, {""comp_code"": ""rooftop_f_and_b_credit"", ""comp_label"": ""Calabra or Palma dining credit"", ""guest_facing_value"": 180, ""internal_cost_expected"": 72, ""internal_cost_high"": 108, ""internal_cost_low"": 45, ""policy_score"": 207.97}]","{""fit_score"": 1.043, ""leakage_penalty"": 45.5, ""operational_penalty"": 0.0, ""perceived_value"": 445.5, ""policy_score"": 548.67}","Internal cost is a policy range, not observed property margin. | Guest relationship value and recovery value are synthetic scenario inputs. | Public context cannot substitute for live occupancy, inventory, or approved hotel policy.","Recommend $330 Surya Spa or Recovery Suite credit for a vip guest with a severity 3 spa/wellness service issue reported before checkout. Estimated internal cost is $99-$248, not an observed property margin. Rationale: high guest relationship value, hotel responsible failure, recoverable before checkout, high perceived value lower estimated cost. Recommendation stability is 100%. The closest alternative was $330 future-stay credit; the recommended gesture scored better on recovery fit, estimated cost, and operational constraints."
rec_00035,case_00035,TKT000035,PMS001310,loyalty_guest,family_beach_trip,820,4730,1.0,0.95,no_comp_record,f_and_b_service_lapse,process,3,0.7,false,0.481,Santa Monica Proper Hotel,true,true,true,true,true,0.88,observed_public_property_context,0.6,0.28,sample_seed_review_taxonomy_prior,0.22,0.139,0.208,false,0.32,sample_seed_local_demand_context,0.079,false,640,630,1.016,62,0.897,0.92,sample_seed_public_rate_shape,0,false,,0,0,rooftop_f_and_b_credit,Calabra or Palma dining credit,150,60,38,90,150,3,55.02,0.368,0.392,0.463,163,false,1.0,high,smp-public-context-v1.0.0,high_guest_relationship_value;hotel_responsible_failure;high_perceived_value_lower_estimated_cost,,"[{""comp_code"": ""spa_wellness_credit"", ""comp_label"": ""Surya Spa or Recovery Suite credit"", ""guest_facing_value"": 275, ""internal_cost_expected"": 151, ""internal_cost_high"": 206, ""internal_cost_low"": 82, ""policy_score"": 80.87}, {""comp_code"": ""lobby_lounge_credit"", ""comp_label"": ""Palma lounge credit"", ""guest_facing_value"": 100, ""internal_cost_expected"": 38, ""internal_cost_high"": 55, ""internal_cost_low"": 25, ""policy_score"": 65.58}]","{""fit_score"": 1.05, ""leakage_penalty"": 15.0, ""operational_penalty"": 0.0, ""perceived_value"": 187.5, ""policy_score"": 198.4}","Internal cost is a policy range, not observed property margin. | Guest relationship value and recovery value are synthetic scenario inputs. | Public context cannot substitute for live occupancy, inventory, or approved hotel policy.","Recommend $150 Calabra or Palma dining credit for a loyalty guest with a severity 3 F&B service lapse reported after checkout. Estimated internal cost is $38-$90, not an observed property margin. Rationale: high guest relationship value, hotel responsible failure, high perceived value lower estimated cost. Recommendation stability is 100%. The closest alternative was $275 Surya Spa or Recovery Suite credit; the recommended gesture scored better on recovery fit, estimated cost, and operational constraints."
rec_00036,case_00036,TKT000036,PMS001548,new_guest,local_staycation,680,1060,1.0,0.95,no_review_or_survey;no_comp_record,maintenance_issue,outcome,3,0.78,true,0.453,Santa Monica Proper Hotel,true,true,true,true,true,0.88,observed_public_property_context,0.69,0.28,sample_seed_review_taxonomy_prior,0.22,0.158,0.227,false,0.32,sample_seed_local_demand_context,0.356,false,710,720,0.986,112,1.009,0.92,sample_seed_public_rate_shape,0,false,,0,0,spa_wellness_credit,Surya Spa or Recovery Suite credit,275,151,82,206,275,3,54.0,1,0.504,0.52,79,false,1.0,high,smp-public-context-v1.0.0,hotel_responsible_failure;recoverable_before_checkout;high_perceived_value_lower_estimated_cost,,"[{""comp_code"": ""room_upgrade"", ""comp_label"": ""room upgrade"", ""guest_facing_value"": 300, ""internal_cost_expected"": 75, ""internal_cost_high"": 195, ""internal_cost_low"": 24, ""policy_score"": 119.58}, {""comp_code"": ""rooftop_f_and_b_credit"", ""comp_label"": ""Calabra or Palma dining credit"", ""guest_facing_value"": 150, ""internal_cost_expected"": 60, ""internal_cost_high"": 90, ""internal_cost_low"": 38, ""policy_score"": 97.3}]","{""fit_score"": 0.521, ""leakage_penalty"": 37.75, ""operational_penalty"": 0.0, ""perceived_value"": 371.25, ""policy_score"": 169.43}","Internal cost is a policy range, not observed property margin. | Guest relationship value and recovery value are synthetic scenario inputs. | Public context cannot substitute for live occupancy, inventory, or approved hotel policy.","Recommend $275 Surya Spa or Recovery Suite credit for a new guest with a severity 3 maintenance issue reported before checkout. Estimated internal cost is $82-$206, not an observed property margin. Rationale: hotel responsible failure, recoverable before checkout, high perceived value lower estimated cost. Recommendation stability is 100%. The closest alternative was $300 room upgrade; the recommended gesture scored better on recovery fit, estimated cost, and operational constraints."
rec_00037,case_00037,TKT000037,PMS000857,loyalty_guest,coastal_weekend,3900,14230,0.78,0.95,no_review_or_survey;no_comp_record,housekeeping_miss,outcome,3,0.9,false,0.503,Santa Monica Proper Hotel,true,true,true,true,true,0.88,observed_public_property_context,0.72,0.28,sample_seed_review_taxonomy_prior,0.48,0.085,0.462,false,0.32,sample_seed_local_demand_context,1.0,true,900,910,0.989,270,1.28,0.92,sample_seed_public_rate_shape,0.2,false,,0,0,rooftop_f_and_b_credit,Calabra or Palma dining credit,180,72,45,108,180,4,64.43,0.1,0.513,0.572,723,false,1.0,moderate,smp-public-context-v1.0.0,high_guest_relationship_value;hotel_responsible_failure;high_perceived_value_lower_estimated_cost;public_rate_pressure_changed_recovery,"Public rate pressure changed the recommendation: without this signal, the model would prefer future-stay credit at $275.","[{""comp_code"": ""spa_wellness_credit"", ""comp_label"": ""Surya Spa or Recovery Suite credit"", ""guest_facing_value"": 330, ""internal_cost_expected"": 182, ""internal_cost_high"": 248, ""internal_cost_low"": 99, ""policy_score"": 164.02}, {""comp_code"": ""lobby_lounge_credit"", ""comp_label"": ""Palma lounge credit"", ""guest_facing_value"": 120, ""internal_cost_expected"": 46, ""internal_cost_high"": 66, ""internal_cost_low"": 30, ""policy_score"": 163.79}]","{""fit_score"": 0.537, ""leakage_penalty"": 28.8, ""operational_penalty"": 0.0, ""perceived_value"": 225.0, ""policy_score"": 200.44}","Internal cost is a policy range, not observed property margin. | Guest relationship value and recovery value are synthetic scenario inputs. | Public context cannot substitute for live occupancy, inventory, or approved hotel policy.","Recommend $180 Calabra or Palma dining credit for a loyalty guest with a severity 3 housekeeping miss reported after checkout. Estimated internal cost is $45-$108, not an observed property margin. Rationale: high guest relationship value, hotel responsible failure, high perceived value lower estimated cost, public rate pressure changed recovery. Recommendation stability is 100%. The closest alternative was $330 Surya Spa or Recovery Suite credit; the recommended gesture scored better on recovery fit, estimated cost, and operational constraints."
rec_00038,case_00038,TKT000038,PMS001227,loyalty_guest,local_staycation,3750,13480,1.0,0.95,,valet_or_parking_delay,process,3,0.62,true,0.965,Santa Monica Proper Hotel,true,true,true,true,true,0.88,observed_public_property_context,0.56,0.18,sample_seed_review_taxonomy_prior,0.22,0.044,0.262,false,0.32,sample_seed_local_demand_context,0.692,false,795,735,1.082,185,1.171,0.92,sample_seed_public_rate_shape,0.2,false,parking_fee_waiver,0,0,parking_fee_waiver,parking or destination-fee waiver,85,15,7,30,85,3,54.66,0.026,0.411,0.472,586,false,1.0,high,smp-public-context-v1.0.0,high_guest_relationship_value;recoverable_before_checkout;high_perceived_value_lower_estimated_cost,,"[{""comp_code"": ""rooftop_f_and_b_credit"", ""comp_label"": ""Calabra or Palma dining credit"", ""guest_facing_value"": 150, ""internal_cost_expected"": 60, ""internal_cost_high"": 90, ""internal_cost_low"": 38, ""policy_score"": 88.72}, {""comp_code"": ""lobby_lounge_credit"", ""comp_label"": ""Palma lounge credit"", ""guest_facing_value"": 100, ""internal_cost_expected"": 38, ""internal_cost_high"": 55, ""internal_cost_low"": 25, ""policy_score"": 59.73}]","{""fit_score"": 0.932, ""leakage_penalty"": 6.0, ""operational_penalty"": 0.0, ""perceived_value"": 97.75, ""policy_score"": 133.86}","Internal cost is a policy range, not observed property margin. | Guest relationship value and recovery value are synthetic scenario inputs. | Public context cannot substitute for live occupancy, inventory, or approved hotel policy.","Recommend $85 parking or destination-fee waiver for a loyalty guest with a severity 3 valet or parking delay reported before checkout. Estimated internal cost is $7-$30, not an observed property margin. Rationale: high guest relationship value, recoverable before checkout, high perceived value lower estimated cost. Recommendation stability is 100%. The closest alternative was $150 Calabra or Palma dining credit; the recommended gesture scored better on recovery fit, estimated cost, and operational constraints."
rec_00039,case_00039,TKT000039,PMS001137,returning_guest,local_staycation,730,2690,1.0,0.95,no_review_or_survey,housekeeping_miss,outcome,3,0.9,true,0.623,Santa Monica Proper Hotel,true,true,true,true,true,0.88,observed_public_property_context,0.72,0.28,sample_seed_review_taxonomy_prior,0.78,0.114,0.604,false,0.32,sample_seed_local_demand_context,0.85,true,835,840,0.994,223,1.217,0.92,sample_seed_public_rate_shape,0.2,false,rooftop_f_and_b_credit,160,64,rooftop_f_and_b_credit,Calabra or Palma dining credit,150,60,38,90,-10,3,57.74,0.492,0.513,0.542,122,false,1.0,high,smp-public-context-v1.0.0,hotel_responsible_failure;recoverable_before_checkout;high_perceived_value_lower_estimated_cost,,"[{""comp_code"": ""lobby_lounge_credit"", ""comp_label"": ""Palma lounge credit"", ""guest_facing_value"": 100, ""internal_cost_expected"": 38, ""internal_cost_high"": 55, ""internal_cost_low"": 25, ""policy_score"": 135.97}, {""comp_code"": ""spa_wellness_credit"", ""comp_label"": ""Surya Spa or Recovery Suite credit"", ""guest_facing_value"": 275, ""internal_cost_expected"": 151, ""internal_cost_high"": 206, ""internal_cost_low"": 82, ""policy_score"": 134.99}]","{""fit_score"": 0.537, ""leakage_penalty"": 24.0, ""operational_penalty"": 0.0, ""perceived_value"": 187.5, ""policy_score"": 165.59}","Internal cost is a policy range, not observed property margin. | Guest relationship value and recovery value are synthetic scenario inputs. | Public context cannot substitute for live occupancy, inventory, or approved hotel policy.","Recommend $150 Calabra or Palma dining credit for a returning guest with a severity 3 housekeeping miss reported before checkout. Estimated internal cost is $38-$90, not an observed property margin. Rationale: hotel responsible failure, recoverable before checkout, high perceived value lower estimated cost. Recommendation stability is 100%. The closest alternative was $100 Palma lounge credit; the recommended gesture scored better on recovery fit, estimated cost, and operational constraints."
rec_00040,case_00040,TKT000040,PMS000518,returning_guest,design_leisure,660,2660,1.0,0.95,no_review_or_survey,maintenance_issue,outcome,3,0.78,false,0.768,Santa Monica Proper Hotel,true,true,true,true,true,0.88,observed_public_property_context,0.69,0.28,sample_seed_review_taxonomy_prior,0.48,0.025,0.429,false,0.32,sample_seed_local_demand_context,0.474,false,740,715,1.035,136,1.068,0.92,sample_seed_public_rate_shape,0.2,false,room_upgrade,420,105,spa_wellness_credit,Surya Spa or Recovery Suite credit,275,151,82,206,-145,3,57.73,1,0.504,0.537,115,false,1.0,high,smp-public-context-v1.0.0,hotel_responsible_failure;high_perceived_value_lower_estimated_cost,,"[{""comp_code"": ""rooftop_f_and_b_credit"", ""comp_label"": ""Calabra or Palma dining credit"", ""guest_facing_value"": 150, ""internal_cost_expected"": 60, ""internal_cost_high"": 90, ""internal_cost_low"": 38, ""policy_score"": 90.65}, {""comp_code"": ""lobby_lounge_credit"", ""comp_label"": ""Palma lounge credit"", ""guest_facing_value"": 100, ""internal_cost_expected"": 38, ""internal_cost_high"": 55, ""internal_cost_low"": 25, ""policy_score"": 61.03}]","{""fit_score"": 0.521, ""leakage_penalty"": 60.4, ""operational_penalty"": 0.0, ""perceived_value"": 371.25, ""policy_score"": 151.29}","Internal cost is a policy range, not observed property margin. | Guest relationship value and recovery value are synthetic scenario inputs. | Public context cannot substitute for live occupancy, inventory, or approved hotel policy.","Recommend $275 Surya Spa or Recovery Suite credit for a returning guest with a severity 3 maintenance issue reported after checkout. Estimated internal cost is $82-$206, not an observed property margin. Rationale: hotel responsible failure, high perceived value lower estimated cost. Recommendation stability is 100%. The closest alternative was $150 Calabra or Palma dining credit; the recommended gesture scored better on recovery fit, estimated cost, and operational constraints."
rec_00041,case_00041,TKT000041,PMS000488,returning_guest,local_staycation,4620,18220,1.0,0.95,no_review_or_survey;no_comp_record,noise_disruption,process,3,0.48,true,0.69,Santa Monica Proper Hotel,true,true,true,true,true,0.88,observed_public_property_context,0.62,0.28,sample_seed_review_taxonomy_prior,0.48,0.125,0.454,false,0.32,sample_seed_local_demand_context,0.771,true,815,740,1.101,203,1.209,0.92,sample_seed_public_rate_shape,0,false,,0,0,spa_wellness_credit,Surya Spa or Recovery Suite credit,275,151,82,206,275,3,53.54,0.205,0.485,0.508,737,false,1.0,high,smp-public-context-v1.0.0,recoverable_before_checkout;high_perceived_value_lower_estimated_cost,,"[{""comp_code"": ""rooftop_f_and_b_credit"", ""comp_label"": ""Calabra or Palma dining credit"", ""guest_facing_value"": 150, ""internal_cost_expected"": 60, ""internal_cost_high"": 90, ""internal_cost_low"": 38, ""policy_score"": 164.98}, {""comp_code"": ""lobby_lounge_credit"", ""comp_label"": ""Palma lounge credit"", ""guest_facing_value"": 100, ""internal_cost_expected"": 38, ""internal_cost_high"": 55, ""internal_cost_low"": 25, ""policy_score"": 132.92}]","{""fit_score"": 0.718, ""leakage_penalty"": 37.75, ""operational_penalty"": 0.0, ""perceived_value"": 371.25, ""policy_score"": 312.48}","Internal cost is a policy range, not observed property margin. | Guest relationship value and recovery value are synthetic scenario inputs. | Public context cannot substitute for live occupancy, inventory, or approved hotel policy.","Recommend $275 Surya Spa or Recovery Suite credit for a returning guest with a severity 3 noise disruption reported before checkout. Estimated internal cost is $82-$206, not an observed property margin. Rationale: recoverable before checkout, high perceived value lower estimated cost. Recommendation stability is 100%. The closest alternative was $150 Calabra or Palma dining credit; the recommended gesture scored better on recovery fit, estimated cost, and operational constraints."
rec_00042,case_00042,TKT000042,PMS001167,loyalty_guest,wellness_getaway,3240,15430,1.0,0.95,no_review_or_survey,room_assignment_expectation_gap,outcome,3,0.74,true,0.53,Santa Monica Proper Hotel,true,true,true,true,true,0.88,observed_public_property_context,0.68,0.28,sample_seed_review_taxonomy_prior,0.48,0.077,0.366,false,0.32,sample_seed_local_demand_context,0.514,false,750,730,1.027,145,1.083,0.92,sample_seed_public_rate_shape,0.2,false,late_checkout,85,17,room_upgrade,room upgrade,360,90,29,234,275,4,58.68,0.145,0.501,0.54,621,false,1.0,high,smp-public-context-v1.0.0,high_guest_relationship_value;hotel_responsible_failure;recoverable_before_checkout;high_perceived_value_lower_estimated_cost,,"[{""comp_code"": ""future_stay_credit"", ""comp_label"": ""future-stay credit"", ""guest_facing_value"": 285, ""internal_cost_expected"": 171, ""internal_cost_high"": 242, ""internal_cost_low"": 86, ""policy_score"": 135.9}, {""comp_code"": ""rooftop_f_and_b_credit"", ""comp_label"": ""Calabra or Palma dining credit"", ""guest_facing_value"": 180, ""internal_cost_expected"": 72, ""internal_cost_high"": 108, ""internal_cost_low"": 45, ""policy_score"": 107.93}]","{""fit_score"": 0.963, ""leakage_penalty"": 36.0, ""operational_penalty"": 30.34, ""perceived_value"": 504.0, ""policy_score"": 451.6}","Internal cost is a policy range, not observed property margin. | Guest relationship value and recovery value are synthetic scenario inputs. | Public context cannot substitute for live occupancy, inventory, or approved hotel policy.","Recommend $360 room upgrade for a loyalty guest with a severity 3 room assignment expectation gap reported before checkout. Estimated internal cost is $29-$234, not an observed property margin. Rationale: high guest relationship value, hotel responsible failure, recoverable before checkout, high perceived value lower estimated cost. Recommendation stability is 100%. The closest alternative was $285 future-stay credit; the recommended gesture scored better on recovery fit, estimated cost, and operational constraints."
rec_00043,case_00043,TKT000043,PMS001376,event_or_suite_guest,coastal_weekend,3800,24230,1.0,0.95,severity_inferred,f_and_b_service_lapse,process,2,0.7,true,0.612,Santa Monica Proper Hotel,true,true,true,true,true,0.88,observed_public_property_context,0.6,0.28,sample_seed_review_taxonomy_prior,0.22,0.148,0.246,false,0.32,sample_seed_local_demand_context,0.138,false,655,630,1.04,72,0.928,0.92,sample_seed_public_rate_shape,0.2,false,rooftop_f_and_b_credit,130,52,rooftop_f_and_b_credit,Calabra or Palma dining credit,150,60,38,90,20,3,53.84,0.077,0.48,0.506,784,false,0.963,moderate,smp-public-context-v1.0.0,high_guest_relationship_value;hotel_responsible_failure;recoverable_before_checkout;high_perceived_value_lower_estimated_cost,,"[{""comp_code"": ""lobby_lounge_credit"", ""comp_label"": ""Palma lounge credit"", ""guest_facing_value"": 100, ""internal_cost_expected"": 38, ""internal_cost_high"": 55, ""internal_cost_low"": 25, ""policy_score"": 59.38}, {""comp_code"": ""spa_wellness_credit"", ""comp_label"": ""Surya Spa or Recovery Suite credit"", ""guest_facing_value"": 275, ""internal_cost_expected"": 151, ""internal_cost_high"": 206, ""internal_cost_low"": 82, ""policy_score"": 57.43}]","{""fit_score"": 1.05, ""leakage_penalty"": 24.0, ""operational_penalty"": 0.0, ""perceived_value"": 187.5, ""policy_score"": 187.95}","Internal cost is a policy range, not observed property margin. | Guest relationship value and recovery value are synthetic scenario inputs. | Public context cannot substitute for live occupancy, inventory, or approved hotel policy.","Recommend $150 Calabra or Palma dining credit for an event/suite guest with a severity 2 F&B service lapse reported before checkout. Estimated internal cost is $38-$90, not an observed property margin. Rationale: high guest relationship value, hotel responsible failure, recoverable before checkout, high perceived value lower estimated cost. Recommendation stability is 96%. The closest alternative was $100 Palma lounge credit; the recommended gesture scored better on recovery fit, estimated cost, and operational constraints."
rec_00044,case_00044,TKT000044,PMS000570,vip_guest,family_beach_trip,2260,16410,1.0,0.95,no_review_or_survey,f_and_b_service_lapse,process,4,0.75,true,0.32,Santa Monica Proper Hotel,true,true,true,true,true,0.88,observed_public_property_context,0.6,0.28,sample_seed_review_taxonomy_prior,0.22,0.132,0.271,false,0.32,sample_seed_local_demand_context,0.0,false,540,575,0.939,43,0.86,0.92,sample_seed_public_rate_shape,0,false,lobby_lounge_credit,95,36,future_stay_credit,future-stay credit,395,237,118,336,300,4,67.26,0.376,0.583,0.623,630,false,0.963,high,smp-public-context-v1.0.0,high_guest_relationship_value;hotel_responsible_failure;high_severity_issue;recoverable_before_checkout,,"[{""comp_code"": ""rooftop_f_and_b_credit"", ""comp_label"": ""Calabra or Palma dining credit"", ""guest_facing_value"": 180, ""internal_cost_expected"": 72, ""internal_cost_high"": 108, ""internal_cost_low"": 45, ""policy_score"": 254.6}, {""comp_code"": ""spa_wellness_credit"", ""comp_label"": ""Surya Spa or Recovery Suite credit"", ""guest_facing_value"": 330, ""internal_cost_expected"": 182, ""internal_cost_high"": 248, ""internal_cost_low"": 99, ""policy_score"": 105.44}]","{""fit_score"": 0.78, ""leakage_penalty"": 59.25, ""operational_penalty"": 0.0, ""perceived_value"": 474.0, ""policy_score"": 354.98}","Internal cost is a policy range, not observed property margin. | Guest relationship value and recovery value are synthetic scenario inputs. | Public context cannot substitute for live occupancy, inventory, or approved hotel policy.","Recommend $395 future-stay credit for a vip guest with a severity 4 F&B service lapse reported before checkout. Estimated internal cost is $118-$336, not an observed property margin. Rationale: high guest relationship value, hotel responsible failure, high severity issue, recoverable before checkout. Recommendation stability is 96%. The closest alternative was $180 Calabra or Palma dining credit; the recommended gesture scored better on recovery fit, estimated cost, and operational constraints."
rec_00045,case_00045,TKT000045,PMS000126,new_guest,business_traveler,680,900,1.0,0.95,,maintenance_issue,outcome,3,0.78,true,0.959,Santa Monica Proper Hotel,true,true,true,true,true,0.88,observed_public_property_context,0.69,0.28,sample_seed_review_taxonomy_prior,0.22,0.172,0.237,false,0.32,sample_seed_local_demand_context,0.494,false,745,780,0.955,141,1.068,0.92,sample_seed_public_rate_shape,0.4,false,parking_fee_waiver,85,15,spa_wellness_credit,Surya Spa or Recovery Suite credit,275,151,82,206,190,3,54.42,1,0.465,0.501,76,false,1.0,high,smp-public-context-v1.0.0,hotel_responsible_failure;recoverable_before_checkout;high_perceived_value_lower_estimated_cost,,"[{""comp_code"": ""rooftop_f_and_b_credit"", ""comp_label"": ""Calabra or Palma dining credit"", ""guest_facing_value"": 150, ""internal_cost_expected"": 60, ""internal_cost_high"": 90, ""internal_cost_low"": 38, ""policy_score"": 79.57}, {""comp_code"": ""lobby_lounge_credit"", ""comp_label"": ""Palma lounge credit"", ""guest_facing_value"": 100, ""internal_cost_expected"": 38, ""internal_cost_high"": 55, ""internal_cost_low"": 25, ""policy_score"": 53.92}]","{""fit_score"": 0.521, ""leakage_penalty"": 83.05, ""operational_penalty"": 0.0, ""perceived_value"": 371.25, ""policy_score"": 124.63}","Internal cost is a policy range, not observed property margin. | Guest relationship value and recovery value are synthetic scenario inputs. | Public context cannot substitute for live occupancy, inventory, or approved hotel policy.","Recommend $275 Surya Spa or Recovery Suite credit for a new guest with a severity 3 maintenance issue reported before checkout. Estimated internal cost is $82-$206, not an observed property margin. Rationale: hotel responsible failure, recoverable before checkout, high perceived value lower estimated cost. Recommendation stability is 100%. The closest alternative was $150 Calabra or Palma dining credit; the recommended gesture scored better on recovery fit, estimated cost, and operational constraints."
rec_00046,case_00046,TKT000046,PMS000705,vip_guest,event_or_wedding,960,5720,1.0,0.95,no_comp_record,f_and_b_service_lapse,process,2,0.7,true,0.846,Santa Monica Proper Hotel,true,true,true,true,true,0.88,observed_public_property_context,0.6,0.28,sample_seed_review_taxonomy_prior,0.22,0.171,0.231,false,0.32,sample_seed_local_demand_context,0.415,false,725,775,0.935,124,1.034,0.92,sample_seed_public_rate_shape,0,true,,0,0,rooftop_f_and_b_credit,Calabra or Palma dining credit,150,60,38,90,150,3,45.9,0.37,0.328,0.387,162,false,1.0,high,smp-public-context-v1.0.0,high_guest_relationship_value;hotel_responsible_failure;recoverable_before_checkout;high_perceived_value_lower_estimated_cost,,"[{""comp_code"": ""spa_wellness_credit"", ""comp_label"": ""Surya Spa or Recovery Suite credit"", ""guest_facing_value"": 275, ""internal_cost_expected"": 151, ""internal_cost_high"": 206, ""internal_cost_low"": 82, ""policy_score"": 74.75}, {""comp_code"": ""lobby_lounge_credit"", ""comp_label"": ""Palma lounge credit"", ""guest_facing_value"": 100, ""internal_cost_expected"": 38, ""internal_cost_high"": 55, ""internal_cost_low"": 25, ""policy_score"": 61.71}]","{""fit_score"": 1.05, ""leakage_penalty"": 15.0, ""operational_penalty"": 0.0, ""perceived_value"": 187.5, ""policy_score"": 187.17}","Internal cost is a policy range, not observed property margin. | Guest relationship value and recovery value are synthetic scenario inputs. | Public context cannot substitute for live occupancy, inventory, or approved hotel policy.","Recommend $150 Calabra or Palma dining credit for a vip guest with a severity 2 F&B service lapse reported before checkout. Estimated internal cost is $38-$90, not an observed property margin. Rationale: high guest relationship value, hotel responsible failure, recoverable before checkout, high perceived value lower estimated cost. Recommendation stability is 100%. The closest alternative was $275 Surya Spa or Recovery Suite credit; the recommended gesture scored better on recovery fit, estimated cost, and operational constraints."
rec_00047,case_00047,TKT000047,PMS000031,returning_guest,local_staycation,2160,6730,0.78,0.95,,f_and_b_service_lapse,process,2,0.7,false,0.624,Santa Monica Proper Hotel,true,true,true,true,true,0.88,observed_public_property_context,0.6,0.28,sample_seed_review_taxonomy_prior,0.7,0.146,0.612,false,0.32,sample_seed_local_demand_context,1.0,true,905,865,1.046,272,1.292,0.92,sample_seed_public_rate_shape,0.2,false,lobby_lounge_credit,85,32,rooftop_f_and_b_credit,Calabra or Palma dining credit,150,60,38,90,65,3,46.98,0.22,0.32,0.387,273,false,1.0,high,smp-public-context-v1.0.0,hotel_responsible_failure;high_perceived_value_lower_estimated_cost,,"[{""comp_code"": ""lobby_lounge_credit"", ""comp_label"": ""Palma lounge credit"", ""guest_facing_value"": 100, ""internal_cost_expected"": 38, ""internal_cost_high"": 55, ""internal_cost_low"": 25, ""policy_score"": 144.63}, {""comp_code"": ""spa_wellness_credit"", ""comp_label"": ""Surya Spa or Recovery Suite credit"", ""guest_facing_value"": 275, ""internal_cost_expected"": 151, ""internal_cost_high"": 206, ""internal_cost_low"": 82, ""policy_score"": 140.98}]","{""fit_score"": 1.05, ""leakage_penalty"": 24.0, ""operational_penalty"": 0.0, ""perceived_value"": 187.5, ""policy_score"": 267.66}","Internal cost is a policy range, not observed property margin. | Guest relationship value and recovery value are synthetic scenario inputs. | Public context cannot substitute for live occupancy, inventory, or approved hotel policy.","Recommend $150 Calabra or Palma dining credit for a returning guest with a severity 2 F&B service lapse reported after checkout. Estimated internal cost is $38-$90, not an observed property margin. Rationale: hotel responsible failure, high perceived value lower estimated cost. Recommendation stability is 100%. The closest alternative was $100 Palma lounge credit; the recommended gesture scored better on recovery fit, estimated cost, and operational constraints."
rec_00048,case_00048,TKT000048,PMS000941,new_guest,design_leisure,980,2020,1.0,0.95,no_comp_record,noise_disruption,process,3,0.48,false,0.412,Santa Monica Proper Hotel,true,true,true,true,true,0.88,observed_public_property_context,0.62,0.28,sample_seed_review_taxonomy_prior,0.22,0.085,0.246,false,0.32,sample_seed_local_demand_context,0.534,false,755,730,1.034,149,1.093,0.92,sample_seed_public_rate_shape,0,false,,0,0,spa_wellness_credit,Surya Spa or Recovery Suite credit,275,151,82,206,275,3,51.27,1,0.55,0.533,117,false,0.963,high,smp-public-context-v1.0.0,high_perceived_value_lower_estimated_cost,,"[{""comp_code"": ""late_checkout"", ""comp_label"": ""late checkout"", ""guest_facing_value"": 85, ""internal_cost_expected"": 17, ""internal_cost_high"": 38, ""internal_cost_low"": 7, ""policy_score"": 165.01}, {""comp_code"": ""rooftop_f_and_b_credit"", ""comp_label"": ""Calabra or Palma dining credit"", ""guest_facing_value"": 150, ""internal_cost_expected"": 60, ""internal_cost_high"": 90, ""internal_cost_low"": 38, ""policy_score"": 95.58}]","{""fit_score"": 0.718, ""leakage_penalty"": 37.75, ""operational_penalty"": 0.0, ""perceived_value"": 371.25, ""policy_score"": 240.73}","Internal cost is a policy range, not observed property margin. | Guest relationship value and recovery value are synthetic scenario inputs. | Public context cannot substitute for live occupancy, inventory, or approved hotel policy.","Recommend $275 Surya Spa or Recovery Suite credit for a new guest with a severity 3 noise disruption reported after checkout. Estimated internal cost is $82-$206, not an observed property margin. Rationale: high perceived value lower estimated cost. Recommendation stability is 96%. The closest alternative was $85 late checkout; the recommended gesture scored better on recovery fit, estimated cost, and operational constraints."
rec_00049,case_00049,TKT000049,PMS000528,new_guest,business_traveler,2900,5920,0.58,0.95,low_reservation_match_confidence;severity_inferred;no_review_or_survey;no_comp_record,maintenance_issue,outcome,3,0.78,true,0.365,Santa Monica Proper Hotel,true,true,true,true,true,0.88,observed_public_property_context,0.69,0.28,sample_seed_review_taxonomy_prior,0.22,0.065,0.211,false,0.32,sample_seed_local_demand_context,0.257,false,685,650,1.054,94,0.981,0.92,sample_seed_public_rate_shape,0.12,false,,0,0,spa_wellness_credit,Surya Spa or Recovery Suite credit,275,151,82,206,275,3,55.82,0.403,0.504,0.528,375,true,1.0,low,smp-public-context-v1.0.0,hotel_responsible_failure;recoverable_before_checkout;high_perceived_value_lower_estimated_cost;manager_review_required,,"[{""comp_code"": ""room_upgrade"", ""comp_label"": ""room upgrade"", ""guest_facing_value"": 300, ""internal_cost_expected"": 75, ""internal_cost_high"": 195, ""internal_cost_low"": 24, ""policy_score"": 119.36}, {""comp_code"": ""rooftop_f_and_b_credit"", ""comp_label"": ""Calabra or Palma dining credit"", ""guest_facing_value"": 150, ""internal_cost_expected"": 60, ""internal_cost_high"": 90, ""internal_cost_low"": 38, ""policy_score"": 93.05}]","{""fit_score"": 0.521, ""leakage_penalty"": 51.34, ""operational_penalty"": 0.0, ""perceived_value"": 371.25, ""policy_score"": 158.04}","Internal cost is a policy range, not observed property margin. | Guest relationship value and recovery value are synthetic scenario inputs. | Public context cannot substitute for live occupancy, inventory, or approved hotel policy.","Recommend $275 Surya Spa or Recovery Suite credit for a new guest with a severity 3 maintenance issue reported before checkout. Estimated internal cost is $82-$206, not an observed property margin. Rationale: hotel responsible failure, recoverable before checkout, high perceived value lower estimated cost, manager review required. Recommendation stability is 100%. The closest alternative was $300 room upgrade; the recommended gesture scored better on recovery fit, estimated cost, and operational constraints."
rec_00050,case_00050,TKT000050,PMS000293,new_guest,coastal_weekend,2520,2790,1.0,0.95,no_comp_record,spa_wellness_service_issue,process,2,0.74,true,0.32,Santa Monica Proper Hotel,true,true,true,true,true,0.88,observed_public_property_context,0.64,0.28,sample_seed_review_taxonomy_prior,0.22,0.132,0.271,false,0.32,sample_seed_local_demand_context,0.0,false,540,575,0.939,43,0.86,0.92,sample_seed_public_rate_shape,0,false,,0,0,spa_wellness_credit,Surya Spa or Recovery Suite credit,275,151,82,206,275,3,47.52,0.634,0.451,0.462,238,false,0.963,high,smp-public-context-v1.0.0,hotel_responsible_failure;recoverable_before_checkout;high_perceived_value_lower_estimated_cost,,"[{""comp_code"": ""rooftop_f_and_b_credit"", ""comp_label"": ""Calabra or Palma dining credit"", ""guest_facing_value"": 150, ""internal_cost_expected"": 60, ""internal_cost_high"": 90, ""internal_cost_low"": 38, ""policy_score"": 93.22}, {""comp_code"": ""lobby_lounge_credit"", ""comp_label"": ""Palma lounge credit"", ""guest_facing_value"": 100, ""internal_cost_expected"": 38, ""internal_cost_high"": 55, ""internal_cost_low"": 25, ""policy_score"": 62.4}]","{""fit_score"": 1.043, ""leakage_penalty"": 37.75, ""operational_penalty"": 0.0, ""perceived_value"": 371.25, ""policy_score"": 354.53}","Internal cost is a policy range, not observed property margin. | Guest relationship value and recovery value are synthetic scenario inputs. | Public context cannot substitute for live occupancy, inventory, or approved hotel policy.","Recommend $275 Surya Spa or Recovery Suite credit for a new guest with a severity 2 spa/wellness service issue reported before checkout. Estimated internal cost is $82-$206, not an observed property margin. Rationale: hotel responsible failure, recoverable before checkout, high perceived value lower estimated cost. Recommendation stability is 96%. The closest alternative was $150 Calabra or Palma dining credit; the recommended gesture scored better on recovery fit, estimated cost, and operational constraints."
rec_00051,case_00051,TKT000051,PMS000020,vip_guest,local_staycation,5250,44140,1.0,0.95,no_review_or_survey,housekeeping_miss,outcome,3,0.9,false,0.568,Santa Monica Proper Hotel,true,true,true,true,true,0.88,observed_public_property_context,0.72,0.28,sample_seed_review_taxonomy_prior,0.22,0.033,0.178,false,0.32,sample_seed_local_demand_context,0.079,false,640,665,0.962,62,0.893,0.92,sample_seed_public_rate_shape,0.2,false,amenity_gesture,65,29,future_stay_credit,future-stay credit,260,156,78,221,195,4,66.99,0.098,0.513,0.584,1598,false,0.963,high,smp-public-context-v1.0.0,high_guest_relationship_value;hotel_responsible_failure,,"[{""comp_code"": ""rooftop_f_and_b_credit"", ""comp_label"": ""Calabra or Palma dining credit"", ""guest_facing_value"": 180, ""internal_cost_expected"": 72, ""internal_cost_high"": 108, ""internal_cost_low"": 45, ""policy_score"": 114.21}, {""comp_code"": ""spa_wellness_credit"", ""comp_label"": ""Surya Spa or Recovery Suite credit"", ""guest_facing_value"": 330, ""internal_cost_expected"": 182, ""internal_cost_high"": 248, ""internal_cost_low"": 99, ""policy_score"": 77.92}]","{""fit_score"": 0.78, ""leakage_penalty"": 62.4, ""operational_penalty"": 0.0, ""perceived_value"": 312.0, ""policy_score"": 209.84}","Internal cost is a policy range, not observed property margin. | Guest relationship value and recovery value are synthetic scenario inputs. | Public context cannot substitute for live occupancy, inventory, or approved hotel policy.","Recommend $260 future-stay credit for a vip guest with a severity 3 housekeeping miss reported after checkout. Estimated internal cost is $78-$221, not an observed property margin. Rationale: high guest relationship value, hotel responsible failure. Recommendation stability is 96%. The closest alternative was $180 Calabra or Palma dining credit; the recommended gesture scored better on recovery fit, estimated cost, and operational constraints."
rec_00052,case_00052,TKT000052,PMS000789,returning_guest,wellness_getaway,740,2140,1.0,0.95,no_review_or_survey;no_comp_record,billing_or_fee_dispute,process,1,0.55,true,0.951,Santa Monica Proper Hotel,true,true,true,true,true,0.88,observed_public_property_context,0.58,0.28,sample_seed_review_taxonomy_prior,0.7,0.021,0.533,false,0.32,sample_seed_local_demand_context,0.889,true,845,895,0.944,233,1.234,0.92,sample_seed_public_rate_shape,0,false,,0,0,rooftop_f_and_b_credit,Calabra or Palma dining credit,135,54,34,81,135,2,35.65,0.783,0.266,0.307,69,false,1.0,moderate,smp-public-context-v1.0.0,recoverable_before_checkout;high_perceived_value_lower_estimated_cost;public_rate_pressure_changed_recovery;property_fit_changed_recovery,"Public rate pressure changed the recommendation: without this signal, the model would prefer parking or destination-fee waiver at $75. | Property fit changed the recommendation: without this signal, the model would prefer Palma lounge credit at $90.","[{""comp_code"": ""lobby_lounge_credit"", ""comp_label"": ""Palma lounge credit"", ""guest_facing_value"": 90, ""internal_cost_expected"": 34, ""internal_cost_high"": 50, ""internal_cost_low"": 22, ""policy_score"": 149.98}, {""comp_code"": ""amenity_gesture"", ""comp_label"": ""in-room amenity gesture"", ""guest_facing_value"": 50, ""internal_cost_expected"": 22, ""internal_cost_high"": 32, ""internal_cost_low"": 12, ""policy_score"": 116.48}]","{""fit_score"": 0.537, ""leakage_penalty"": 13.5, ""operational_penalty"": 0.0, ""perceived_value"": 168.75, ""policy_score"": 156.33}","Internal cost is a policy range, not observed property margin. | Guest relationship value and recovery value are synthetic scenario inputs. | Public context cannot substitute for live occupancy, inventory, or approved hotel policy.","Recommend $135 Calabra or Palma dining credit for a returning guest with a severity 1 billing or fee dispute reported before checkout. Estimated internal cost is $34-$81, not an observed property margin. Rationale: recoverable before checkout, high perceived value lower estimated cost, public rate pressure changed recovery, property fit changed recovery. Recommendation stability is 100%. The closest alternative was $90 Palma lounge credit; the recommended gesture scored better on recovery fit, estimated cost, and operational constraints."
rec_00053,case_00053,TKT000053,PMS001478,returning_guest,coastal_weekend,5460,12320,0.78,0.95,no_review_or_survey;no_comp_record,room_readiness_delay,outcome,4,0.93,true,0.749,Santa Monica Proper Hotel,true,true,true,true,true,0.88,observed_public_property_context,0.74,0.28,sample_seed_review_taxonomy_prior,0.22,0.042,0.264,false,0.32,sample_seed_local_demand_context,0.237,false,680,705,0.965,90,0.96,0.92,sample_seed_public_rate_shape,0,false,,0,0,future_stay_credit,future-stay credit,275,165,82,234,275,4,70.95,0.178,0.622,0.661,926,false,0.852,high,smp-public-context-v1.0.0,hotel_responsible_failure;high_severity_issue;recoverable_before_checkout;operational_pressure_changed_recovery,"Operational availability changed the recommendation: without this signal, the model would prefer room upgrade at $360.","[{""comp_code"": ""rooftop_f_and_b_credit"", ""comp_label"": ""Calabra or Palma dining credit"", ""guest_facing_value"": 180, ""internal_cost_expected"": 72, ""internal_cost_high"": 108, ""internal_cost_low"": 45, ""policy_score"": 210.91}, {""comp_code"": ""late_checkout"", ""comp_label"": ""late checkout"", ""guest_facing_value"": 100, ""internal_cost_expected"": 20, ""internal_cost_high"": 45, ""internal_cost_low"": 8, ""policy_score"": 205.99}]","{""fit_score"": 0.7, ""leakage_penalty"": 41.25, ""operational_penalty"": 0.0, ""perceived_value"": 330.0, ""policy_score"": 222.88}","Internal cost is a policy range, not observed property margin. | Guest relationship value and recovery value are synthetic scenario inputs. | Public context cannot substitute for live occupancy, inventory, or approved hotel policy.","Recommend $275 future-stay credit for a returning guest with a severity 4 room readiness delay reported before checkout. Estimated internal cost is $82-$234, not an observed property margin. Rationale: hotel responsible failure, high severity issue, recoverable before checkout, operational pressure changed recovery. Recommendation stability is 85%. The closest alternative was $180 Calabra or Palma dining credit; the recommended gesture scored better on recovery fit, estimated cost, and operational constraints."
rec_00054,case_00054,TKT000054,PMS001191,new_guest,business_traveler,1500,2700,1.0,0.95,severity_inferred;ltv_imputed;no_review_or_survey,housekeeping_miss,outcome,3,0.9,true,0.32,Santa Monica Proper Hotel,true,true,true,true,true,0.88,observed_public_property_context,0.72,0.28,sample_seed_review_taxonomy_prior,0.22,0.052,0.245,false,0.32,sample_seed_local_demand_context,0.059,false,635,680,0.934,59,0.885,0.92,sample_seed_public_rate_shape,0,false,rooftop_f_and_b_credit,185,74,rooftop_f_and_b_credit,Calabra or Palma dining credit,150,60,38,90,-35,3,57.06,0.314,0.513,0.539,191,false,1.0,moderate,smp-public-context-v1.0.0,hotel_responsible_failure;recoverable_before_checkout;high_perceived_value_lower_estimated_cost,,"[{""comp_code"": ""spa_wellness_credit"", ""comp_label"": ""Surya Spa or Recovery Suite credit"", ""guest_facing_value"": 275, ""internal_cost_expected"": 151, ""internal_cost_high"": 206, ""internal_cost_low"": 82, ""policy_score"": 82.25}, {""comp_code"": ""lobby_lounge_credit"", ""comp_label"": ""Palma lounge credit"", ""guest_facing_value"": 100, ""internal_cost_expected"": 38, ""internal_cost_high"": 55, ""internal_cost_low"": 25, ""policy_score"": 66.44}]","{""fit_score"": 0.537, ""leakage_penalty"": 15.0, ""operational_penalty"": 0.0, ""perceived_value"": 187.5, ""policy_score"": 99.23}","Internal cost is a policy range, not observed property margin. | Guest relationship value and recovery value are synthetic scenario inputs. | Public context cannot substitute for live occupancy, inventory, or approved hotel policy.","Recommend $150 Calabra or Palma dining credit for a new guest with a severity 3 housekeeping miss reported before checkout. Estimated internal cost is $38-$90, not an observed property margin. Rationale: hotel responsible failure, recoverable before checkout, high perceived value lower estimated cost. Recommendation stability is 100%. The closest alternative was $275 Surya Spa or Recovery Suite credit; the recommended gesture scored better on recovery fit, estimated cost, and operational constraints."
rec_00055,case_00055,TKT000055,PMS000403,loyalty_guest,design_leisure,1760,10590,1.0,0.95,no_comp_record,noise_disruption,process,2,0.48,false,0.835,Santa Monica Proper Hotel,true,true,true,true,true,0.88,observed_public_property_context,0.62,0.28,sample_seed_review_taxonomy_prior,0.22,0.107,0.287,false,0.32,sample_seed_local_demand_context,0.415,false,725,665,1.09,124,1.057,0.92,sample_seed_public_rate_shape,0,false,,0,0,spa_wellness_credit,Surya Spa or Recovery Suite credit,275,151,82,206,275,3,44.17,0.524,0.374,0.404,288,false,0.926,high,smp-public-context-v1.0.0,high_guest_relationship_value;high_perceived_value_lower_estimated_cost,,"[{""comp_code"": ""rooftop_f_and_b_credit"", ""comp_label"": ""Calabra or Palma dining credit"", ""guest_facing_value"": 150, ""internal_cost_expected"": 60, ""internal_cost_high"": 90, ""internal_cost_low"": 38, ""policy_score"": 91.11}, {""comp_code"": ""late_checkout"", ""comp_label"": ""late checkout"", ""guest_facing_value"": 85, ""internal_cost_expected"": 17, ""internal_cost_high"": 38, ""internal_cost_low"": 7, ""policy_score"": 82.84}]","{""fit_score"": 0.718, ""leakage_penalty"": 37.75, ""operational_penalty"": 0.0, ""perceived_value"": 371.25, ""policy_score"": 228.9}","Internal cost is a policy range, not observed property margin. | Guest relationship value and recovery value are synthetic scenario inputs. | Public context cannot substitute for live occupancy, inventory, or approved hotel policy.","Recommend $275 Surya Spa or Recovery Suite credit for a loyalty guest with a severity 2 noise disruption reported after checkout. Estimated internal cost is $82-$206, not an observed property margin. Rationale: high guest relationship value, high perceived value lower estimated cost. Recommendation stability is 93%. The closest alternative was $150 Calabra or Palma dining credit; the recommended gesture scored better on recovery fit, estimated cost, and operational constraints."
rec_00056,case_00056,TKT000056,PMS000684,new_guest,coastal_weekend,2100,4030,1.0,0.95,,room_readiness_delay,outcome,3,0.88,false,0.965,Santa Monica Proper Hotel,true,true,true,true,true,0.88,observed_public_property_context,0.74,0.28,sample_seed_review_taxonomy_prior,0.22,0.044,0.262,false,0.32,sample_seed_local_demand_context,0.692,false,795,735,1.082,185,1.171,0.92,sample_seed_public_rate_shape,0.2,false,parking_fee_waiver,115,21,rooftop_f_and_b_credit,Calabra or Palma dining credit,180,72,45,108,65,4,60.69,0.248,0.479,0.537,290,false,0.963,high,smp-public-context-v1.0.0,hotel_responsible_failure;high_perceived_value_lower_estimated_cost;operational_pressure_changed_recovery;property_fit_changed_recovery,"Operational availability changed the recommendation: without this signal, the model would prefer room upgrade at $360. | Property fit changed the recommendation: without this signal, the model would prefer future-stay credit at $245.","[{""comp_code"": ""future_stay_credit"", ""comp_label"": ""future-stay credit"", ""guest_facing_value"": 245, ""internal_cost_expected"": 147, ""internal_cost_high"": 208, ""internal_cost_low"": 74, ""policy_score"": 163.32}, {""comp_code"": ""lobby_lounge_credit"", ""comp_label"": ""Palma lounge credit"", ""guest_facing_value"": 120, ""internal_cost_expected"": 46, ""internal_cost_high"": 66, ""internal_cost_low"": 30, ""policy_score"": 114.28}]","{""fit_score"": 0.859, ""leakage_penalty"": 28.8, ""operational_penalty"": 0.0, ""perceived_value"": 225.0, ""policy_score"": 187.71}","Internal cost is a policy range, not observed property margin. | Guest relationship value and recovery value are synthetic scenario inputs. | Public context cannot substitute for live occupancy, inventory, or approved hotel policy.","Recommend $180 Calabra or Palma dining credit for a new guest with a severity 3 room readiness delay reported after checkout. Estimated internal cost is $45-$108, not an observed property margin. Rationale: hotel responsible failure, high perceived value lower estimated cost, operational pressure changed recovery, property fit changed recovery. Recommendation stability is 96%. The closest alternative was $245 future-stay credit; the recommended gesture scored better on recovery fit, estimated cost, and operational constraints."
rec_00057,case_00057,TKT000057,PMS001015,new_guest,family_beach_trip,4690,6910,1.0,0.95,no_review_or_survey;no_comp_record,valet_or_parking_delay,process,2,0.62,true,0.568,Santa Monica Proper Hotel,true,true,true,true,true,0.88,observed_public_property_context,0.56,0.18,sample_seed_review_taxonomy_prior,0.22,0.176,0.28,false,0.32,sample_seed_local_demand_context,0.494,false,745,760,0.98,141,1.068,0.92,sample_seed_public_rate_shape,0,false,,0,0,parking_fee_waiver,parking or destination-fee waiver,85,15,7,30,85,3,44.72,0.034,0.337,0.387,444,false,1.0,high,smp-public-context-v1.0.0,recoverable_before_checkout;high_perceived_value_lower_estimated_cost,,"[{""comp_code"": ""rooftop_f_and_b_credit"", ""comp_label"": ""Calabra or Palma dining credit"", ""guest_facing_value"": 150, ""internal_cost_expected"": 60, ""internal_cost_high"": 90, ""internal_cost_low"": 38, ""policy_score"": 91.46}, {""comp_code"": ""spa_wellness_credit"", ""comp_label"": ""Surya Spa or Recovery Suite credit"", ""guest_facing_value"": 275, ""internal_cost_expected"": 151, ""internal_cost_high"": 206, ""internal_cost_low"": 82, ""policy_score"": 73.95}]","{""fit_score"": 0.932, ""leakage_penalty"": 3.75, ""operational_penalty"": 0.0, ""perceived_value"": 97.75, ""policy_score"": 130.45}","Internal cost is a policy range, not observed property margin. | Guest relationship value and recovery value are synthetic scenario inputs. | Public context cannot substitute for live occupancy, inventory, or approved hotel policy.","Recommend $85 parking or destination-fee waiver for a new guest with a severity 2 valet or parking delay reported before checkout. Estimated internal cost is $7-$30, not an observed property margin. Rationale: recoverable before checkout, high perceived value lower estimated cost. Recommendation stability is 100%. The closest alternative was $150 Calabra or Palma dining credit; the recommended gesture scored better on recovery fit, estimated cost, and operational constraints."
rec_00058,case_00058,TKT000058,PMS001315,new_guest,family_beach_trip,1080,2090,1.0,0.95,no_review_or_survey,room_assignment_expectation_gap,outcome,4,0.79,true,0.635,Santa Monica Proper Hotel,true,true,true,true,true,0.88,observed_public_property_context,0.68,0.28,sample_seed_review_taxonomy_prior,0.48,0.14,0.4,false,0.32,sample_seed_local_demand_context,0.553,false,760,735,1.034,153,1.101,0.92,sample_seed_public_rate_shape,0.2,true,room_upgrade,410,102,room_upgrade,room upgrade,360,90,29,234,-50,4,65.84,0.556,0.605,0.629,162,false,1.0,high,smp-public-context-v1.0.0,hotel_responsible_failure;high_severity_issue;recoverable_before_checkout;high_perceived_value_lower_estimated_cost,,"[{""comp_code"": ""rooftop_f_and_b_credit"", ""comp_label"": ""Calabra or Palma dining credit"", ""guest_facing_value"": 180, ""internal_cost_expected"": 72, ""internal_cost_high"": 108, ""internal_cost_low"": 45, ""policy_score"": 113.34}, {""comp_code"": ""future_stay_credit"", ""comp_label"": ""future-stay credit"", ""guest_facing_value"": 190, ""internal_cost_expected"": 114, ""internal_cost_high"": 162, ""internal_cost_low"": 57, ""policy_score"": 96.32}]","{""fit_score"": 0.963, ""leakage_penalty"": 36.0, ""operational_penalty"": 35.68, ""perceived_value"": 504.0, ""policy_score"": 467.99}","Internal cost is a policy range, not observed property margin. | Guest relationship value and recovery value are synthetic scenario inputs. | Public context cannot substitute for live occupancy, inventory, or approved hotel policy.","Recommend $360 room upgrade for a new guest with a severity 4 room assignment expectation gap reported before checkout. Estimated internal cost is $29-$234, not an observed property margin. Rationale: hotel responsible failure, high severity issue, recoverable before checkout, high perceived value lower estimated cost. Recommendation stability is 100%. The closest alternative was $180 Calabra or Palma dining credit; the recommended gesture scored better on recovery fit, estimated cost, and operational constraints."
rec_00059,case_00059,TKT000059,PMS000954,returning_guest,wellness_getaway,1710,3620,1.0,0.95,,housekeeping_miss,outcome,3,0.9,true,0.32,Santa Monica Proper Hotel,true,true,true,true,true,0.88,observed_public_property_context,0.72,0.28,sample_seed_review_taxonomy_prior,0.22,0.045,0.185,false,0.32,sample_seed_local_demand_context,0.217,false,675,705,0.957,86,0.951,0.92,sample_seed_public_rate_shape,0,false,parking_fee_waiver,105,19,rooftop_f_and_b_credit,Calabra or Palma dining credit,150,60,38,90,45,3,57.11,0.262,0.466,0.513,229,false,1.0,high,smp-public-context-v1.0.0,hotel_responsible_failure;recoverable_before_checkout;high_perceived_value_lower_estimated_cost,,"[{""comp_code"": ""spa_wellness_credit"", ""comp_label"": ""Surya Spa or Recovery Suite credit"", ""guest_facing_value"": 275, ""internal_cost_expected"": 151, ""internal_cost_high"": 206, ""internal_cost_low"": 82, ""policy_score"": 82.28}, {""comp_code"": ""lobby_lounge_credit"", ""comp_label"": ""Palma lounge credit"", ""guest_facing_value"": 100, ""internal_cost_expected"": 38, ""internal_cost_high"": 55, ""internal_cost_low"": 25, ""policy_score"": 66.46}]","{""fit_score"": 0.537, ""leakage_penalty"": 15.0, ""operational_penalty"": 0.0, ""perceived_value"": 187.5, ""policy_score"": 99.26}","Internal cost is a policy range, not observed property margin. | Guest relationship value and recovery value are synthetic scenario inputs. | Public context cannot substitute for live occupancy, inventory, or approved hotel policy.","Recommend $150 Calabra or Palma dining credit for a returning guest with a severity 3 housekeeping miss reported before checkout. Estimated internal cost is $38-$90, not an observed property margin. Rationale: hotel responsible failure, recoverable before checkout, high perceived value lower estimated cost. Recommendation stability is 100%. The closest alternative was $275 Surya Spa or Recovery Suite credit; the recommended gesture scored better on recovery fit, estimated cost, and operational constraints."
rec_00060,case_00060,TKT000060,PMS000752,returning_guest,coastal_weekend,1240,4190,1.0,0.95,no_review_or_survey;no_comp_record,room_assignment_expectation_gap,outcome,3,0.74,false,0.937,Santa Monica Proper Hotel,true,true,true,true,true,0.88,observed_public_property_context,0.68,0.28,sample_seed_review_taxonomy_prior,0.48,0.095,0.382,false,0.32,sample_seed_local_demand_context,0.514,true,750,840,0.893,145,1.076,0.92,sample_seed_public_rate_shape,0,false,,0,0,rooftop_f_and_b_credit,Calabra or Palma dining credit,150,60,38,90,150,3,57.17,0.305,0.501,0.533,197,false,1.0,high,smp-public-context-v1.0.0,hotel_responsible_failure;high_perceived_value_lower_estimated_cost;operational_pressure_changed_recovery,"Operational availability changed the recommendation: without this signal, the model would prefer room upgrade at $300.","[{""comp_code"": ""spa_wellness_credit"", ""comp_label"": ""Surya Spa or Recovery Suite credit"", ""guest_facing_value"": 275, ""internal_cost_expected"": 151, ""internal_cost_high"": 206, ""internal_cost_low"": 82, ""policy_score"": 127.63}, {""comp_code"": ""lobby_lounge_credit"", ""comp_label"": ""Palma lounge credit"", ""guest_facing_value"": 100, ""internal_cost_expected"": 38, ""internal_cost_high"": 55, ""internal_cost_low"": 25, ""policy_score"": 111.8}]","{""fit_score"": 0.537, ""leakage_penalty"": 15.0, ""operational_penalty"": 0.0, ""perceived_value"": 187.5, ""policy_score"": 144.61}","Internal cost is a policy range, not observed property margin. | Guest relationship value and recovery value are synthetic scenario inputs. | Public context cannot substitute for live occupancy, inventory, or approved hotel policy.","Recommend $150 Calabra or Palma dining credit for a returning guest with a severity 3 room assignment expectation gap reported after checkout. Estimated internal cost is $38-$90, not an observed property margin. Rationale: hotel responsible failure, high perceived value lower estimated cost, operational pressure changed recovery. Recommendation stability is 100%. The closest alternative was $275 Surya Spa or Recovery Suite credit; the recommended gesture scored better on recovery fit, estimated cost, and operational constraints."
rec_00061,case_00061,TKT000061,PMS000103,new_guest,business_traveler,540,980,1.0,0.95,,housekeeping_miss,outcome,3,0.9,true,0.585,Santa Monica Proper Hotel,true,true,true,true,true,0.88,observed_public_property_context,0.72,0.28,sample_seed_review_taxonomy_prior,0.22,0.064,0.206,false,0.32,sample_seed_local_demand_context,0.395,false,720,760,0.947,120,1.026,0.92,sample_seed_public_rate_shape,0.2,false,rooftop_f_and_b_credit,160,64,rooftop_f_and_b_credit,Calabra or Palma dining credit,150,60,38,90,-10,3,56.9,0.87,0.546,0.556,69,false,1.0,high,smp-public-context-v1.0.0,hotel_responsible_failure;recoverable_before_checkout;high_perceived_value_lower_estimated_cost,,"[{""comp_code"": ""lobby_lounge_credit"", ""comp_label"": ""Palma lounge credit"", ""guest_facing_value"": 100, ""internal_cost_expected"": 38, ""internal_cost_high"": 55, ""internal_cost_low"": 25, ""policy_score"": 60.68}, {""comp_code"": ""spa_wellness_credit"", ""comp_label"": ""Surya Spa or Recovery Suite credit"", ""guest_facing_value"": 275, ""internal_cost_expected"": 151, ""internal_cost_high"": 206, ""internal_cost_low"": 82, ""policy_score"": 59.49}]","{""fit_score"": 0.537, ""leakage_penalty"": 24.0, ""operational_penalty"": 0.0, ""perceived_value"": 187.5, ""policy_score"": 90.13}","Internal cost is a policy range, not observed property margin. | Guest relationship value and recovery value are synthetic scenario inputs. | Public context cannot substitute for live occupancy, inventory, or approved hotel policy.","Recommend $150 Calabra or Palma dining credit for a new guest with a severity 3 housekeeping miss reported before checkout. Estimated internal cost is $38-$90, not an observed property margin. Rationale: hotel responsible failure, recoverable before checkout, high perceived value lower estimated cost. Recommendation stability is 100%. The closest alternative was $100 Palma lounge credit; the recommended gesture scored better on recovery fit, estimated cost, and operational constraints."
rec_00062,case_00062,TKT000062,PMS001285,new_guest,business_traveler,1650,2460,0.78,0.95,no_review_or_survey;no_comp_record,billing_or_fee_dispute,process,3,0.55,true,0.624,Santa Monica Proper Hotel,true,true,true,true,true,0.88,observed_public_property_context,0.58,0.28,sample_seed_review_taxonomy_prior,0.78,0.12,0.643,false,0.32,sample_seed_local_demand_context,0.791,true,820,795,1.031,208,1.2,0.92,sample_seed_public_rate_shape,0,false,,0,0,rooftop_f_and_b_credit,Calabra or Palma dining credit,150,60,38,90,150,3,50.02,0.343,0.473,0.485,175,false,1.0,moderate,smp-public-context-v1.0.0,recoverable_before_checkout;high_perceived_value_lower_estimated_cost;public_rate_pressure_changed_recovery;property_fit_changed_recovery,"Public rate pressure changed the recommendation: without this signal, the model would prefer parking or destination-fee waiver at $85. | Property fit changed the recommendation: without this signal, the model would prefer Palma lounge credit at $100.","[{""comp_code"": ""lobby_lounge_credit"", ""comp_label"": ""Palma lounge credit"", ""guest_facing_value"": 100, ""internal_cost_expected"": 38, ""internal_cost_high"": 55, ""internal_cost_low"": 25, ""policy_score"": 156.97}, {""comp_code"": ""spa_wellness_credit"", ""comp_label"": ""Surya Spa or Recovery Suite credit"", ""guest_facing_value"": 275, ""internal_cost_expected"": 151, ""internal_cost_high"": 206, ""internal_cost_low"": 82, ""policy_score"": 147.25}]","{""fit_score"": 0.537, ""leakage_penalty"": 15.0, ""operational_penalty"": 0.0, ""perceived_value"": 187.5, ""policy_score"": 164.53}","Internal cost is a policy range, not observed property margin. | Guest relationship value and recovery value are synthetic scenario inputs. | Public context cannot substitute for live occupancy, inventory, or approved hotel policy.","Recommend $150 Calabra or Palma dining credit for a new guest with a severity 3 billing or fee dispute reported before checkout. Estimated internal cost is $38-$90, not an observed property margin. Rationale: recoverable before checkout, high perceived value lower estimated cost, public rate pressure changed recovery, property fit changed recovery. Recommendation stability is 100%. The closest alternative was $100 Palma lounge credit; the recommended gesture scored better on recovery fit, estimated cost, and operational constraints."
rec_00063,case_00063,TKT000063,PMS000326,new_guest,wellness_getaway,2190,4560,1.0,0.95,,room_readiness_delay,outcome,4,0.93,false,0.99,Santa Monica Proper Hotel,true,true,true,true,true,0.88,observed_public_property_context,0.74,0.28,sample_seed_review_taxonomy_prior,0.22,0.133,0.235,false,0.32,sample_seed_local_demand_context,0.929,true,855,760,1.125,243,1.281,0.92,sample_seed_public_rate_shape,0.2,false,lobby_lounge_credit,95,36,rooftop_f_and_b_credit,Calabra or Palma dining credit,180,72,45,108,85,4,66.78,0.211,0.511,0.582,341,false,1.0,high,smp-public-context-v1.0.0,hotel_responsible_failure;high_severity_issue;high_perceived_value_lower_estimated_cost,,"[{""comp_code"": ""lobby_lounge_credit"", ""comp_label"": ""Palma lounge credit"", ""guest_facing_value"": 120, ""internal_cost_expected"": 46, ""internal_cost_high"": 66, ""internal_cost_low"": 30, ""policy_score"": 200.71}, {""comp_code"": ""future_stay_credit"", ""comp_label"": ""future-stay credit"", ""guest_facing_value"": 255, ""internal_cost_expected"": 153, ""internal_cost_high"": 217, ""internal_cost_low"": 76, ""policy_score"": 178.14}]","{""fit_score"": 0.859, ""leakage_penalty"": 28.8, ""operational_penalty"": 0.0, ""perceived_value"": 225.0, ""policy_score"": 276.97}","Internal cost is a policy range, not observed property margin. | Guest relationship value and recovery value are synthetic scenario inputs. | Public context cannot substitute for live occupancy, inventory, or approved hotel policy.","Recommend $180 Calabra or Palma dining credit for a new guest with a severity 4 room readiness delay reported after checkout. Estimated internal cost is $45-$108, not an observed property margin. Rationale: hotel responsible failure, high severity issue, high perceived value lower estimated cost. Recommendation stability is 100%. The closest alternative was $120 Palma lounge credit; the recommended gesture scored better on recovery fit, estimated cost, and operational constraints."
rec_00064,case_00064,TKT000064,PMS001473,new_guest,business_traveler,1420,2900,1.0,0.95,severity_inferred;no_review_or_survey,f_and_b_service_lapse,process,2,0.7,false,0.742,Santa Monica Proper Hotel,true,true,true,true,true,0.88,observed_public_property_context,0.6,0.28,sample_seed_review_taxonomy_prior,0.48,0.109,0.446,false,0.32,sample_seed_local_demand_context,0.474,false,740,785,0.943,136,1.059,0.92,sample_seed_public_rate_shape,0,false,manager_note,0,0,rooftop_f_and_b_credit,Calabra or Palma dining credit,150,60,38,90,150,3,45.48,0.403,0.375,0.411,149,false,1.0,moderate,smp-public-context-v1.0.0,hotel_responsible_failure;high_perceived_value_lower_estimated_cost,,"[{""comp_code"": ""spa_wellness_credit"", ""comp_label"": ""Surya Spa or Recovery Suite credit"", ""guest_facing_value"": 275, ""internal_cost_expected"": 151, ""internal_cost_high"": 206, ""internal_cost_low"": 82, ""policy_score"": 74.46}, {""comp_code"": ""lobby_lounge_credit"", ""comp_label"": ""Palma lounge credit"", ""guest_facing_value"": 100, ""internal_cost_expected"": 38, ""internal_cost_high"": 55, ""internal_cost_low"": 25, ""policy_score"": 61.53}]","{""fit_score"": 1.05, ""leakage_penalty"": 15.0, ""operational_penalty"": 0.0, ""perceived_value"": 187.5, ""policy_score"": 186.66}","Internal cost is a policy range, not observed property margin. | Guest relationship value and recovery value are synthetic scenario inputs. | Public context cannot substitute for live occupancy, inventory, or approved hotel policy.","Recommend $150 Calabra or Palma dining credit for a new guest with a severity 2 F&B service lapse reported after checkout. Estimated internal cost is $38-$90, not an observed property margin. Rationale: hotel responsible failure, high perceived value lower estimated cost. Recommendation stability is 100%. The closest alternative was $275 Surya Spa or Recovery Suite credit; the recommended gesture scored better on recovery fit, estimated cost, and operational constraints."
rec_00065,case_00065,TKT000065,PMS000230,new_guest,wellness_getaway,430,750,0.78,0.95,,billing_or_fee_dispute,process,5,0.6,true,0.99,Santa Monica Proper Hotel,true,true,true,true,true,0.88,observed_public_property_context,0.58,0.28,sample_seed_review_taxonomy_prior,0.92,0.081,0.726,true,0.32,sample_seed_local_demand_context,1.0,true,1035,1030,1.005,310,1.281,0.92,sample_seed_public_rate_shape,0,true,partial_room_refund,340,340,rooftop_f_and_b_credit,Calabra or Palma dining credit,180,72,45,108,-160,4,63.68,1,0.546,0.587,61,false,1.0,high,smp-public-context-v1.0.0,high_severity_issue;recoverable_before_checkout;high_perceived_value_lower_estimated_cost;property_fit_changed_recovery,"Property fit changed the recommendation: without this signal, the model would prefer Palma lounge credit at $120.","[{""comp_code"": ""lobby_lounge_credit"", ""comp_label"": ""Palma lounge credit"", ""guest_facing_value"": 120, ""internal_cost_expected"": 46, ""internal_cost_high"": 66, ""internal_cost_low"": 30, ""policy_score"": 221.49}, {""comp_code"": ""spa_wellness_credit"", ""comp_label"": ""Surya Spa or Recovery Suite credit"", ""guest_facing_value"": 330, ""internal_cost_expected"": 182, ""internal_cost_high"": 248, ""internal_cost_low"": 99, ""policy_score"": 210.95}]","{""fit_score"": 0.537, ""leakage_penalty"": 18.0, ""operational_penalty"": 0.0, ""perceived_value"": 225.0, ""policy_score"": 230.91}","Internal cost is a policy range, not observed property margin. | Guest relationship value and recovery value are synthetic scenario inputs. | Public context cannot substitute for live occupancy, inventory, or approved hotel policy.","Recommend $180 Calabra or Palma dining credit for a new guest with a severity 5 billing or fee dispute reported before checkout. Estimated internal cost is $45-$108, not an observed property margin. Rationale: high severity issue, recoverable before checkout, high perceived value lower estimated cost, property fit changed recovery. Recommendation stability is 100%. The closest alternative was $120 Palma lounge credit; the recommended gesture scored better on recovery fit, estimated cost, and operational constraints."
rec_00066,case_00066,TKT000066,PMS000852,loyalty_guest,business_traveler,1240,5830,1.0,0.95,no_review_or_survey;no_comp_record,noise_disruption,process,3,0.48,false,0.32,Santa Monica Proper Hotel,true,true,true,true,true,0.88,observed_public_property_context,0.62,0.28,sample_seed_review_taxonomy_prior,0.22,0.132,0.271,false,0.32,sample_seed_local_demand_context,0.0,false,540,575,0.939,43,0.86,0.92,sample_seed_public_rate_shape,0,false,,0,0,spa_wellness_credit,Surya Spa or Recovery Suite credit,275,151,82,206,275,3,53.15,0.706,0.485,0.506,214,false,1.0,high,smp-public-context-v1.0.0,high_guest_relationship_value;high_perceived_value_lower_estimated_cost,,"[{""comp_code"": ""late_checkout"", ""comp_label"": ""late checkout"", ""guest_facing_value"": 85, ""internal_cost_expected"": 17, ""internal_cost_high"": 38, ""internal_cost_low"": 7, ""policy_score"": 167.46}, {""comp_code"": ""rooftop_f_and_b_credit"", ""comp_label"": ""Calabra or Palma dining credit"", ""guest_facing_value"": 150, ""internal_cost_expected"": 60, ""internal_cost_high"": 90, ""internal_cost_low"": 38, ""policy_score"": 96.77}]","{""fit_score"": 0.718, ""leakage_penalty"": 37.75, ""operational_penalty"": 0.0, ""perceived_value"": 371.25, ""policy_score"": 243.86}","Internal cost is a policy range, not observed property margin. | Guest relationship value and recovery value are synthetic scenario inputs. | Public context cannot substitute for live occupancy, inventory, or approved hotel policy.","Recommend $275 Surya Spa or Recovery Suite credit for a loyalty guest with a severity 3 noise disruption reported after checkout. Estimated internal cost is $82-$206, not an observed property margin. Rationale: high guest relationship value, high perceived value lower estimated cost. Recommendation stability is 100%. The closest alternative was $85 late checkout; the recommended gesture scored better on recovery fit, estimated cost, and operational constraints."
rec_00067,case_00067,TKT000067,PMS000883,new_guest,wellness_getaway,1340,2520,1.0,0.95,no_review_or_survey,f_and_b_service_lapse,process,3,0.7,true,0.989,Santa Monica Proper Hotel,true,true,true,true,true,0.88,observed_public_property_context,0.6,0.28,sample_seed_review_taxonomy_prior,0.22,0.116,0.252,false,0.32,sample_seed_local_demand_context,0.395,false,720,760,0.947,120,1.026,0.92,sample_seed_public_rate_shape,0,false,parking_fee_waiver,85,15,rooftop_f_and_b_credit,Calabra or Palma dining credit,150,60,38,90,65,3,52.0,0.382,0.479,0.497,157,false,1.0,high,smp-public-context-v1.0.0,hotel_responsible_failure;recoverable_before_checkout;high_perceived_value_lower_estimated_cost,,"[{""comp_code"": ""spa_wellness_credit"", ""comp_label"": ""Surya Spa or Recovery Suite credit"", ""guest_facing_value"": 275, ""internal_cost_expected"": 151, ""internal_cost_high"": 206, ""internal_cost_low"": 82, ""policy_score"": 78.85}, {""comp_code"": ""lobby_lounge_credit"", ""comp_label"": ""Palma lounge credit"", ""guest_facing_value"": 100, ""internal_cost_expected"": 38, ""internal_cost_high"": 55, ""internal_cost_low"": 25, ""policy_score"": 64.3}]","{""fit_score"": 1.05, ""leakage_penalty"": 15.0, ""operational_penalty"": 0.0, ""perceived_value"": 187.5, ""policy_score"": 194.68}","Internal cost is a policy range, not observed property margin. | Guest relationship value and recovery value are synthetic scenario inputs. | Public context cannot substitute for live occupancy, inventory, or approved hotel policy.","Recommend $150 Calabra or Palma dining credit for a new guest with a severity 3 F&B service lapse reported before checkout. Estimated internal cost is $38-$90, not an observed property margin. Rationale: hotel responsible failure, recoverable before checkout, high perceived value lower estimated cost. Recommendation stability is 100%. The closest alternative was $275 Surya Spa or Recovery Suite credit; the recommended gesture scored better on recovery fit, estimated cost, and operational constraints."
rec_00068,case_00068,TKT000068,PMS000899,new_guest,coastal_weekend,1800,3570,1.0,0.95,no_review_or_survey,room_readiness_delay,outcome,3,0.88,false,0.99,Santa Monica Proper Hotel,true,true,true,true,true,0.88,observed_public_property_context,0.74,0.28,sample_seed_review_taxonomy_prior,0.7,0.067,0.594,false,0.32,sample_seed_local_demand_context,0.988,true,870,820,1.061,259,1.29,0.92,sample_seed_public_rate_shape,0.2,false,room_upgrade,330,82,rooftop_f_and_b_credit,Calabra or Palma dining credit,180,72,45,108,-150,4,62.83,0.278,0.518,0.568,259,false,1.0,high,smp-public-context-v1.0.0,hotel_responsible_failure;high_perceived_value_lower_estimated_cost,,"[{""comp_code"": ""lobby_lounge_credit"", ""comp_label"": ""Palma lounge credit"", ""guest_facing_value"": 120, ""internal_cost_expected"": 46, ""internal_cost_high"": 66, ""internal_cost_low"": 30, ""policy_score"": 202.97}, {""comp_code"": ""spa_wellness_credit"", ""comp_label"": ""Surya Spa or Recovery Suite credit"", ""guest_facing_value"": 330, ""internal_cost_expected"": 182, ""internal_cost_high"": 248, ""internal_cost_low"": 99, ""policy_score"": 161.67}]","{""fit_score"": 0.859, ""leakage_penalty"": 28.8, ""operational_penalty"": 0.0, ""perceived_value"": 225.0, ""policy_score"": 277.4}","Internal cost is a policy range, not observed property margin. | Guest relationship value and recovery value are synthetic scenario inputs. | Public context cannot substitute for live occupancy, inventory, or approved hotel policy.","Recommend $180 Calabra or Palma dining credit for a new guest with a severity 3 room readiness delay reported after checkout. Estimated internal cost is $45-$108, not an observed property margin. Rationale: hotel responsible failure, high perceived value lower estimated cost. Recommendation stability is 100%. The closest alternative was $120 Palma lounge credit; the recommended gesture scored better on recovery fit, estimated cost, and operational constraints."
rec_00069,case_00069,TKT000069,PMS000015,returning_guest,wellness_getaway,2840,11350,1.0,0.95,,rooftop_pool_access_issue,process,3,0.64,true,0.623,Santa Monica Proper Hotel,true,true,true,true,true,0.88,observed_public_property_context,0.6,0.28,sample_seed_review_taxonomy_prior,0.78,0.114,0.604,false,0.32,sample_seed_local_demand_context,0.85,true,835,840,0.994,223,1.217,0.92,sample_seed_public_rate_shape,0,false,amenity_gesture,40,18,rooftop_f_and_b_credit,Calabra or Palma dining credit,150,60,38,90,110,3,57.97,0.121,0.48,0.525,494,false,1.0,high,smp-public-context-v1.0.0,recoverable_before_checkout;high_perceived_value_lower_estimated_cost,,"[{""comp_code"": ""spa_wellness_credit"", ""comp_label"": ""Surya Spa or Recovery Suite credit"", ""guest_facing_value"": 275, ""internal_cost_expected"": 151, ""internal_cost_high"": 206, ""internal_cost_low"": 82, ""policy_score"": 157.79}, {""comp_code"": ""lobby_lounge_credit"", ""comp_label"": ""Palma lounge credit"", ""guest_facing_value"": 100, ""internal_cost_expected"": 38, ""internal_cost_high"": 55, ""internal_cost_low"": 25, ""policy_score"": 141.77}]","{""fit_score"": 1.026, ""leakage_penalty"": 15.0, ""operational_penalty"": 0.0, ""perceived_value"": 187.5, ""policy_score"": 272.21}","Internal cost is a policy range, not observed property margin. | Guest relationship value and recovery value are synthetic scenario inputs. | Public context cannot substitute for live occupancy, inventory, or approved hotel policy.","Recommend $150 Calabra or Palma dining credit for a returning guest with a severity 3 rooftop pool access issue reported before checkout. Estimated internal cost is $38-$90, not an observed property margin. Rationale: recoverable before checkout, high perceived value lower estimated cost. Recommendation stability is 100%. The closest alternative was $275 Surya Spa or Recovery Suite credit; the recommended gesture scored better on recovery fit, estimated cost, and operational constraints."
rec_00070,case_00070,TKT000070,PMS000689,new_guest,business_traveler,1260,2450,1.0,0.95,severity_inferred;no_review_or_survey;no_comp_record,f_and_b_service_lapse,process,2,0.7,true,0.736,Santa Monica Proper Hotel,true,true,true,true,true,0.88,observed_public_property_context,0.6,0.28,sample_seed_review_taxonomy_prior,0.22,0.121,0.288,false,0.32,sample_seed_local_demand_context,0.593,false,770,705,1.092,162,1.132,0.92,sample_seed_public_rate_shape,0,false,,0,0,rooftop_f_and_b_credit,Calabra or Palma dining credit,150,60,38,90,150,3,46.87,0.444,0.375,0.417,135,false,1.0,moderate,smp-public-context-v1.0.0,hotel_responsible_failure;recoverable_before_checkout;high_perceived_value_lower_estimated_cost,,"[{""comp_code"": ""spa_wellness_credit"", ""comp_label"": ""Surya Spa or Recovery Suite credit"", ""guest_facing_value"": 275, ""internal_cost_expected"": 151, ""internal_cost_high"": 206, ""internal_cost_low"": 82, ""policy_score"": 75.4}, {""comp_code"": ""lobby_lounge_credit"", ""comp_label"": ""Palma lounge credit"", ""guest_facing_value"": 100, ""internal_cost_expected"": 38, ""internal_cost_high"": 55, ""internal_cost_low"": 25, ""policy_score"": 62.12}]","{""fit_score"": 1.05, ""leakage_penalty"": 15.0, ""operational_penalty"": 0.0, ""perceived_value"": 187.5, ""policy_score"": 188.37}","Internal cost is a policy range, not observed property margin. | Guest relationship value and recovery value are synthetic scenario inputs. | Public context cannot substitute for live occupancy, inventory, or approved hotel policy.","Recommend $150 Calabra or Palma dining credit for a new guest with a severity 2 F&B service lapse reported before checkout. Estimated internal cost is $38-$90, not an observed property margin. Rationale: hotel responsible failure, recoverable before checkout, high perceived value lower estimated cost. Recommendation stability is 100%. The closest alternative was $275 Surya Spa or Recovery Suite credit; the recommended gesture scored better on recovery fit, estimated cost, and operational constraints."
rec_00071,case_00071,TKT000071,PMS000080,new_guest,local_staycation,2680,4824,1.0,0.95,ltv_imputed;no_review_or_survey,maintenance_issue,outcome,2,0.78,false,0.573,Santa Monica Proper Hotel,true,true,true,true,true,0.88,observed_public_property_context,0.69,0.28,sample_seed_review_taxonomy_prior,0.22,0.155,0.273,false,0.32,sample_seed_local_demand_context,0.02,false,625,630,0.992,53,0.868,0.92,sample_seed_public_rate_shape,0.2,false,lobby_lounge_credit,95,36,spa_wellness_credit,Surya Spa or Recovery Suite credit,275,151,82,206,180,3,49.35,0.512,0.401,0.443,295,false,0.963,moderate,smp-public-context-v1.0.0,hotel_responsible_failure;high_perceived_value_lower_estimated_cost,,"[{""comp_code"": ""room_upgrade"", ""comp_label"": ""room upgrade"", ""guest_facing_value"": 300, ""internal_cost_expected"": 75, ""internal_cost_high"": 195, ""internal_cost_low"": 24, ""policy_score"": 97.16}, {""comp_code"": ""rooftop_f_and_b_credit"", ""comp_label"": ""Calabra or Palma dining credit"", ""guest_facing_value"": 150, ""internal_cost_expected"": 60, ""internal_cost_high"": 90, ""internal_cost_low"": 38, ""policy_score"": 85.37}]","{""fit_score"": 0.521, ""leakage_penalty"": 60.4, ""operational_penalty"": 0.0, ""perceived_value"": 371.25, ""policy_score"": 141.15}","Internal cost is a policy range, not observed property margin. | Guest relationship value and recovery value are synthetic scenario inputs. | Public context cannot substitute for live occupancy, inventory, or approved hotel policy.","Recommend $275 Surya Spa or Recovery Suite credit for a new guest with a severity 2 maintenance issue reported after checkout. Estimated internal cost is $82-$206, not an observed property margin. Rationale: hotel responsible failure, high perceived value lower estimated cost. Recommendation stability is 96%. The closest alternative was $300 room upgrade; the recommended gesture scored better on recovery fit, estimated cost, and operational constraints."
rec_00072,case_00072,TKT000072,PMS000349,vip_guest,coastal_weekend,730,4840,1.0,0.95,no_review_or_survey;no_comp_record,spa_wellness_service_issue,process,3,0.74,true,0.99,Santa Monica Proper Hotel,true,true,true,true,true,0.88,observed_public_property_context,0.64,0.28,sample_seed_review_taxonomy_prior,0.22,0.133,0.235,false,0.32,sample_seed_local_demand_context,0.929,true,855,760,1.125,243,1.281,0.92,sample_seed_public_rate_shape,0,false,,0,0,spa_wellness_credit,Surya Spa or Recovery Suite credit,275,151,82,206,275,3,56.45,0.932,0.49,0.524,162,false,1.0,high,smp-public-context-v1.0.0,high_guest_relationship_value;hotel_responsible_failure;recoverable_before_checkout;high_perceived_value_lower_estimated_cost,,"[{""comp_code"": ""rooftop_f_and_b_credit"", ""comp_label"": ""Calabra or Palma dining credit"", ""guest_facing_value"": 150, ""internal_cost_expected"": 60, ""internal_cost_high"": 90, ""internal_cost_low"": 38, ""policy_score"": 180.74}, {""comp_code"": ""lobby_lounge_credit"", ""comp_label"": ""Palma lounge credit"", ""guest_facing_value"": 100, ""internal_cost_expected"": 38, ""internal_cost_high"": 55, ""internal_cost_low"": 25, ""policy_score"": 148.09}]","{""fit_score"": 1.043, ""leakage_penalty"": 37.75, ""operational_penalty"": 0.0, ""perceived_value"": 371.25, ""policy_score"": 458.04}","Internal cost is a policy range, not observed property margin. | Guest relationship value and recovery value are synthetic scenario inputs. | Public context cannot substitute for live occupancy, inventory, or approved hotel policy.","Recommend $275 Surya Spa or Recovery Suite credit for a vip guest with a severity 3 spa/wellness service issue reported before checkout. Estimated internal cost is $82-$206, not an observed property margin. Rationale: high guest relationship value, hotel responsible failure, recoverable before checkout, high perceived value lower estimated cost. Recommendation stability is 100%. The closest alternative was $150 Calabra or Palma dining credit; the recommended gesture scored better on recovery fit, estimated cost, and operational constraints."
rec_00073,case_00073,TKT000073,PMS001104,loyalty_guest,wellness_getaway,1420,8780,1.0,0.95,no_review_or_survey;no_comp_record,rooftop_pool_access_issue,process,1,0.64,true,0.864,Santa Monica Proper Hotel,true,true,true,true,true,0.88,observed_public_property_context,0.6,0.28,sample_seed_review_taxonomy_prior,0.22,0.083,0.27,false,0.32,sample_seed_local_demand_context,0.593,false,770,725,1.062,162,1.125,0.92,sample_seed_public_rate_shape,0,false,,0,0,rooftop_f_and_b_credit,Calabra or Palma dining credit,135,54,34,81,135,2,36.37,0.278,0.272,0.313,194,false,1.0,high,smp-public-context-v1.0.0,high_guest_relationship_value;recoverable_before_checkout;high_perceived_value_lower_estimated_cost,,"[{""comp_code"": ""lobby_lounge_credit"", ""comp_label"": ""Palma lounge credit"", ""guest_facing_value"": 90, ""internal_cost_expected"": 34, ""internal_cost_high"": 50, ""internal_cost_low"": 22, ""policy_score"": 52.38}, {""comp_code"": ""amenity_gesture"", ""comp_label"": ""in-room amenity gesture"", ""guest_facing_value"": 50, ""internal_cost_expected"": 22, ""internal_cost_high"": 32, ""internal_cost_low"": 12, ""policy_score"": 38.32}]","{""fit_score"": 1.026, ""leakage_penalty"": 13.5, ""operational_penalty"": 0.0, ""perceived_value"": 168.75, ""policy_score"": 154.94}","Internal cost is a policy range, not observed property margin. | Guest relationship value and recovery value are synthetic scenario inputs. | Public context cannot substitute for live occupancy, inventory, or approved hotel policy.","Recommend $135 Calabra or Palma dining credit for a loyalty guest with a severity 1 rooftop pool access issue reported before checkout. Estimated internal cost is $34-$81, not an observed property margin. Rationale: high guest relationship value, recoverable before checkout, high perceived value lower estimated cost. Recommendation stability is 100%. The closest alternative was $90 Palma lounge credit; the recommended gesture scored better on recovery fit, estimated cost, and operational constraints."
rec_00074,case_00074,TKT000074,PMS001316,new_guest,design_leisure,2400,4230,1.0,0.95,no_review_or_survey;no_comp_record,valet_or_parking_delay,process,3,0.62,false,0.506,Santa Monica Proper Hotel,true,true,true,true,true,0.88,observed_public_property_context,0.56,0.18,sample_seed_review_taxonomy_prior,0.22,0.055,0.278,false,0.32,sample_seed_local_demand_context,0.474,false,740,640,1.156,136,1.098,0.92,sample_seed_public_rate_shape,0,false,,0,0,parking_fee_waiver,parking or destination-fee waiver,85,15,7,30,85,3,54.39,0.052,0.455,0.495,289,false,1.0,high,smp-public-context-v1.0.0,high_perceived_value_lower_estimated_cost,,"[{""comp_code"": ""rooftop_f_and_b_credit"", ""comp_label"": ""Calabra or Palma dining credit"", ""guest_facing_value"": 150, ""internal_cost_expected"": 60, ""internal_cost_high"": 90, ""internal_cost_low"": 38, ""policy_score"": 97.55}, {""comp_code"": ""spa_wellness_credit"", ""comp_label"": ""Surya Spa or Recovery Suite credit"", ""guest_facing_value"": 275, ""internal_cost_expected"": 151, ""internal_cost_high"": 206, ""internal_cost_low"": 82, ""policy_score"": 80.45}]","{""fit_score"": 0.932, ""leakage_penalty"": 3.75, ""operational_penalty"": 0.0, ""perceived_value"": 97.75, ""policy_score"": 135.96}","Internal cost is a policy range, not observed property margin. | Guest relationship value and recovery value are synthetic scenario inputs. | Public context cannot substitute for live occupancy, inventory, or approved hotel policy.","Recommend $85 parking or destination-fee waiver for a new guest with a severity 3 valet or parking delay reported after checkout. Estimated internal cost is $7-$30, not an observed property margin. Rationale: high perceived value lower estimated cost. Recommendation stability is 100%. The closest alternative was $150 Calabra or Palma dining credit; the recommended gesture scored better on recovery fit, estimated cost, and operational constraints."
rec_00075,case_00075,TKT000075,PMS000410,loyalty_guest,business_traveler,690,1242,0.58,0.95,low_reservation_match_confidence;severity_inferred;ltv_imputed;no_review_or_survey;no_comp_record,room_assignment_expectation_gap,outcome,3,0.74,true,0.53,Santa Monica Proper Hotel,true,true,true,true,true,0.88,observed_public_property_context,0.68,0.28,sample_seed_review_taxonomy_prior,0.48,0.077,0.366,false,0.32,sample_seed_local_demand_context,0.514,false,750,730,1.027,145,1.083,0.92,sample_seed_public_rate_shape,0.12,true,,0,0,room_upgrade,room upgrade,300,75,24,195,300,3,55.75,0.872,0.501,0.526,86,true,1.0,low,smp-public-context-v1.0.0,high_guest_relationship_value;hotel_responsible_failure;recoverable_before_checkout;high_perceived_value_lower_estimated_cost;manager_review_required,,"[{""comp_code"": ""rooftop_f_and_b_credit"", ""comp_label"": ""Calabra or Palma dining credit"", ""guest_facing_value"": 150, ""internal_cost_expected"": 60, ""internal_cost_high"": 90, ""internal_cost_low"": 38, ""policy_score"": 93.0}, {""comp_code"": ""spa_wellness_credit"", ""comp_label"": ""Surya Spa or Recovery Suite credit"", ""guest_facing_value"": 275, ""internal_cost_expected"": 151, ""internal_cost_high"": 206, ""internal_cost_low"": 82, ""policy_score"": 67.78}]","{""fit_score"": 0.963, ""leakage_penalty"": 25.5, ""operational_penalty"": 30.34, ""perceived_value"": 420.0, ""policy_score"": 368.36}","Internal cost is a policy range, not observed property margin. | Guest relationship value and recovery value are synthetic scenario inputs. | Public context cannot substitute for live occupancy, inventory, or approved hotel policy.","Recommend $300 room upgrade for a loyalty guest with a severity 3 room assignment expectation gap reported before checkout. Estimated internal cost is $24-$195, not an observed property margin. Rationale: high guest relationship value, hotel responsible failure, recoverable before checkout, high perceived value lower estimated cost. Recommendation stability is 100%. The closest alternative was $150 Calabra or Palma dining credit; the recommended gesture scored better on recovery fit, estimated cost, and operational constraints."
rec_00076,case_00076,TKT000076,PMS000574,event_or_suite_guest,local_staycation,5320,40550,1.0,0.95,no_review_or_survey,housekeeping_miss,outcome,5,0.95,true,0.601,Santa Monica Proper Hotel,true,true,true,true,true,0.88,observed_public_property_context,0.72,0.28,sample_seed_review_taxonomy_prior,0.48,0.02,0.371,false,0.32,sample_seed_local_demand_context,0.87,true,840,815,1.031,228,1.233,0.92,sample_seed_public_rate_shape,0,false,future_stay_credit,375,225,partial_room_refund,partial room refund,450,450,450,450,75,5,83.88,0.236,0.72,0.773,1904,true,0.963,high,smp-public-context-v1.0.0,high_guest_relationship_value;hotel_responsible_failure;high_severity_issue;high_review_risk;recoverable_before_checkout;manager_review_required,,"[{""comp_code"": ""future_stay_credit"", ""comp_label"": ""future-stay credit"", ""guest_facing_value"": 465, ""internal_cost_expected"": 279, ""internal_cost_high"": 395, ""internal_cost_low"": 140, ""policy_score"": 449.43}, {""comp_code"": ""rooftop_f_and_b_credit"", ""comp_label"": ""Calabra or Palma dining credit"", ""guest_facing_value"": 220, ""internal_cost_expected"": 88, ""internal_cost_high"": 132, ""internal_cost_low"": 55, ""policy_score"": 243.35}]","{""fit_score"": 0.78, ""leakage_penalty"": 292.44, ""operational_penalty"": 0.0, ""perceived_value"": 450.0, ""policy_score"": 137.27}","Internal cost is a policy range, not observed property margin. | Guest relationship value and recovery value are synthetic scenario inputs. | Public context cannot substitute for live occupancy, inventory, or approved hotel policy.","Recommend $450 partial room refund for an event/suite guest with a severity 5 housekeeping miss reported before checkout. Estimated internal cost is $450-$450, not an observed property margin. Rationale: high guest relationship value, hotel responsible failure, high severity issue, high review risk. Recommendation stability is 96%. The closest alternative was $465 future-stay credit; the recommended gesture scored better on recovery fit, estimated cost, and operational constraints."
rec_00077,case_00077,TKT000077,PMS000604,loyalty_guest,business_traveler,3160,12820,1.0,0.95,severity_inferred;no_review_or_survey,valet_or_parking_delay,process,2,0.62,true,0.365,Santa Monica Proper Hotel,true,true,true,true,true,0.88,observed_public_property_context,0.56,0.18,sample_seed_review_taxonomy_prior,0.22,0.065,0.211,false,0.32,sample_seed_local_demand_context,0.257,false,685,650,1.054,94,0.981,0.92,sample_seed_public_rate_shape,0.2,false,spa_wellness_credit,385,212,parking_fee_waiver,parking or destination-fee waiver,85,15,7,30,-300,3,45.14,0.035,0.337,0.388,431,false,1.0,moderate,smp-public-context-v1.0.0,high_guest_relationship_value;recoverable_before_checkout;high_perceived_value_lower_estimated_cost,,"[{""comp_code"": ""rooftop_f_and_b_credit"", ""comp_label"": ""Calabra or Palma dining credit"", ""guest_facing_value"": 150, ""internal_cost_expected"": 60, ""internal_cost_high"": 90, ""internal_cost_low"": 38, ""policy_score"": 82.72}, {""comp_code"": ""lobby_lounge_credit"", ""comp_label"": ""Palma lounge credit"", ""guest_facing_value"": 100, ""internal_cost_expected"": 38, ""internal_cost_high"": 55, ""internal_cost_low"": 25, ""policy_score"": 55.69}]","{""fit_score"": 0.932, ""leakage_penalty"": 6.0, ""operational_penalty"": 0.0, ""perceived_value"": 97.75, ""policy_score"": 128.44}","Internal cost is a policy range, not observed property margin. | Guest relationship value and recovery value are synthetic scenario inputs. | Public context cannot substitute for live occupancy, inventory, or approved hotel policy.","Recommend $85 parking or destination-fee waiver for a loyalty guest with a severity 2 valet or parking delay reported before checkout. Estimated internal cost is $7-$30, not an observed property margin. Rationale: high guest relationship value, recoverable before checkout, high perceived value lower estimated cost. Recommendation stability is 100%. The closest alternative was $150 Calabra or Palma dining credit; the recommended gesture scored better on recovery fit, estimated cost, and operational constraints."
rec_00078,case_00078,TKT000078,PMS000748,new_guest,business_traveler,2730,4250,1.0,0.95,severity_inferred;no_review_or_survey;no_comp_record,valet_or_parking_delay,process,2,0.62,true,0.48,Santa Monica Proper Hotel,true,true,true,true,true,0.88,observed_public_property_context,0.56,0.18,sample_seed_review_taxonomy_prior,0.22,0.126,0.216,false,0.32,sample_seed_local_demand_context,0.059,false,635,560,1.134,59,0.918,0.92,sample_seed_public_rate_shape,0,false,,0,0,parking_fee_waiver,parking or destination-fee waiver,75,14,6,26,75,2,41.68,0.057,0.337,0.373,244,false,1.0,moderate,smp-public-context-v1.0.0,recoverable_before_checkout;high_perceived_value_lower_estimated_cost,,"[{""comp_code"": ""rooftop_f_and_b_credit"", ""comp_label"": ""Calabra or Palma dining credit"", ""guest_facing_value"": 135, ""internal_cost_expected"": 54, ""internal_cost_high"": 81, ""internal_cost_low"": 34, ""policy_score"": 81.37}, {""comp_code"": ""lobby_lounge_credit"", ""comp_label"": ""Palma lounge credit"", ""guest_facing_value"": 90, ""internal_cost_expected"": 34, ""internal_cost_high"": 50, ""internal_cost_low"": 22, ""policy_score"": 54.41}]","{""fit_score"": 0.932, ""leakage_penalty"": 3.5, ""operational_penalty"": 0.0, ""perceived_value"": 86.25, ""policy_score"": 118.68}","Internal cost is a policy range, not observed property margin. | Guest relationship value and recovery value are synthetic scenario inputs. | Public context cannot substitute for live occupancy, inventory, or approved hotel policy.","Recommend $75 parking or destination-fee waiver for a new guest with a severity 2 valet or parking delay reported before checkout. Estimated internal cost is $6-$26, not an observed property margin. Rationale: recoverable before checkout, high perceived value lower estimated cost. Recommendation stability is 100%. The closest alternative was $135 Calabra or Palma dining credit; the recommended gesture scored better on recovery fit, estimated cost, and operational constraints."
rec_00079,case_00079,TKT000079,PMS000275,vip_guest,coastal_weekend,3900,27050,1.0,0.95,no_review_or_survey,rooftop_pool_access_issue,process,2,0.64,true,0.622,Santa Monica Proper Hotel,true,true,true,true,true,0.88,observed_public_property_context,0.6,0.28,sample_seed_review_taxonomy_prior,0.48,0.134,0.462,false,0.32,sample_seed_local_demand_context,0.474,false,740,695,1.065,136,1.075,0.92,sample_seed_public_rate_shape,0.2,false,parking_fee_waiver,85,15,rooftop_f_and_b_credit,Calabra or Palma dining credit,150,60,38,90,65,3,49.27,0.078,0.375,0.428,774,false,1.0,high,smp-public-context-v1.0.0,high_guest_relationship_value;recoverable_before_checkout;high_perceived_value_lower_estimated_cost,,"[{""comp_code"": ""lobby_lounge_credit"", ""comp_label"": ""Palma lounge credit"", ""guest_facing_value"": 100, ""internal_cost_expected"": 38, ""internal_cost_high"": 55, ""internal_cost_low"": 25, ""policy_score"": 57.44}, {""comp_code"": ""spa_wellness_credit"", ""comp_label"": ""Surya Spa or Recovery Suite credit"", ""guest_facing_value"": 275, ""internal_cost_expected"": 151, ""internal_cost_high"": 206, ""internal_cost_low"": 82, ""policy_score"": 54.36}]","{""fit_score"": 1.026, ""leakage_penalty"": 24.0, ""operational_penalty"": 0.0, ""perceived_value"": 187.5, ""policy_score"": 177.81}","Internal cost is a policy range, not observed property margin. | Guest relationship value and recovery value are synthetic scenario inputs. | Public context cannot substitute for live occupancy, inventory, or approved hotel policy.","Recommend $150 Calabra or Palma dining credit for a vip guest with a severity 2 rooftop pool access issue reported before checkout. Estimated internal cost is $38-$90, not an observed property margin. Rationale: high guest relationship value, recoverable before checkout, high perceived value lower estimated cost. Recommendation stability is 100%. The closest alternative was $100 Palma lounge credit; the recommended gesture scored better on recovery fit, estimated cost, and operational constraints."
rec_00080,case_00080,TKT000080,PMS001246,returning_guest,design_leisure,2700,8340,1.0,0.95,no_review_or_survey,maintenance_issue,outcome,3,0.78,true,0.481,Santa Monica Proper Hotel,true,true,true,true,true,0.88,observed_public_property_context,0.69,0.28,sample_seed_review_taxonomy_prior,0.22,0.139,0.208,false,0.32,sample_seed_local_demand_context,0.079,false,640,630,1.016,62,0.897,0.92,sample_seed_public_rate_shape,0,true,amenity_gesture,0,0,spa_wellness_credit,Surya Spa or Recovery Suite credit,275,151,82,206,275,3,57.1,0.366,0.504,0.534,413,false,1.0,high,smp-public-context-v1.0.0,hotel_responsible_failure;recoverable_before_checkout;high_perceived_value_lower_estimated_cost,,"[{""comp_code"": ""room_upgrade"", ""comp_label"": ""room upgrade"", ""guest_facing_value"": 300, ""internal_cost_expected"": 75, ""internal_cost_high"": 195, ""internal_cost_low"": 24, ""policy_score"": 121.09}, {""comp_code"": ""rooftop_f_and_b_credit"", ""comp_label"": ""Calabra or Palma dining credit"", ""guest_facing_value"": 150, ""internal_cost_expected"": 60, ""internal_cost_high"": 90, ""internal_cost_low"": 38, ""policy_score"": 99.25}]","{""fit_score"": 0.521, ""leakage_penalty"": 37.75, ""operational_penalty"": 0.0, ""perceived_value"": 371.25, ""policy_score"": 173.18}","Internal cost is a policy range, not observed property margin. | Guest relationship value and recovery value are synthetic scenario inputs. | Public context cannot substitute for live occupancy, inventory, or approved hotel policy.","Recommend $275 Surya Spa or Recovery Suite credit for a returning guest with a severity 3 maintenance issue reported before checkout. Estimated internal cost is $82-$206, not an observed property margin. Rationale: hotel responsible failure, recoverable before checkout, high perceived value lower estimated cost. Recommendation stability is 100%. The closest alternative was $300 room upgrade; the recommended gesture scored better on recovery fit, estimated cost, and operational constraints."
rec_00081,case_00081,TKT000081,PMS000806,new_guest,business_traveler,1120,2030,1.0,0.95,no_review_or_survey,room_readiness_delay,outcome,3,0.88,true,0.567,Santa Monica Proper Hotel,true,true,true,true,true,0.88,observed_public_property_context,0.74,0.28,sample_seed_review_taxonomy_prior,0.48,0.611,0.524,false,0.32,sample_seed_local_demand_context,0.573,false,765,745,1.027,158,1.107,0.92,sample_seed_public_rate_shape,0.2,false,manager_note,0,0,room_upgrade,room upgrade,360,90,29,234,360,4,59.89,0.6,0.518,0.554,150,false,0.815,high,smp-public-context-v1.0.0,hotel_responsible_failure;recoverable_before_checkout;high_perceived_value_lower_estimated_cost;property_fit_changed_recovery,"Property fit changed the recommendation: without this signal, the model would prefer late checkout at $100.","[{""comp_code"": ""late_checkout"", ""comp_label"": ""late checkout"", ""guest_facing_value"": 100, ""internal_cost_expected"": 20, ""internal_cost_high"": 45, ""internal_cost_low"": 8, ""policy_score"": 195.75}, {""comp_code"": ""rooftop_f_and_b_credit"", ""comp_label"": ""Calabra or Palma dining credit"", ""guest_facing_value"": 180, ""internal_cost_expected"": 72, ""internal_cost_high"": 108, ""internal_cost_low"": 45, ""policy_score"": 186.75}]","{""fit_score"": 0.514, ""leakage_penalty"": 36.0, ""operational_penalty"": 34.79, ""perceived_value"": 504.0, ""policy_score"": 207.4}","Internal cost is a policy range, not observed property margin. | Guest relationship value and recovery value are synthetic scenario inputs. | Public context cannot substitute for live occupancy, inventory, or approved hotel policy.","Recommend $360 room upgrade for a new guest with a severity 3 room readiness delay reported before checkout. Estimated internal cost is $29-$234, not an observed property margin. Rationale: hotel responsible failure, recoverable before checkout, high perceived value lower estimated cost, property fit changed recovery. Recommendation stability is 82%. The closest alternative was $100 late checkout; the recommended gesture scored better on recovery fit, estimated cost, and operational constraints."
rec_00082,case_00082,TKT000082,PMS000046,returning_guest,wellness_getaway,2680,4824,1.0,0.95,ltv_imputed,maintenance_issue,outcome,4,0.83,true,0.323,Santa Monica Proper Hotel,true,true,true,true,true,0.88,observed_public_property_context,0.69,0.28,sample_seed_review_taxonomy_prior,0.22,0.152,0.259,false,0.32,sample_seed_local_demand_context,0.257,false,685,670,1.022,94,0.973,0.92,sample_seed_public_rate_shape,0,false,late_checkout,0,0,spa_wellness_credit,Surya Spa or Recovery Suite credit,330,182,99,248,330,4,65.59,0.464,0.569,0.608,392,false,1.0,moderate,smp-public-context-v1.0.0,hotel_responsible_failure;high_severity_issue;recoverable_before_checkout;high_perceived_value_lower_estimated_cost,,"[{""comp_code"": ""room_upgrade"", ""comp_label"": ""room upgrade"", ""guest_facing_value"": 360, ""internal_cost_expected"": 90, ""internal_cost_high"": 234, ""internal_cost_low"": 29, ""policy_score"": 167.95}, {""comp_code"": ""future_stay_credit"", ""comp_label"": ""future-stay credit"", ""guest_facing_value"": 235, ""internal_cost_expected"": 141, ""internal_cost_high"": 200, ""internal_cost_low"": 70, ""policy_score"": 140.03}]","{""fit_score"": 0.521, ""leakage_penalty"": 45.5, ""operational_penalty"": 0.0, ""perceived_value"": 445.5, ""policy_score"": 218.65}","Internal cost is a policy range, not observed property margin. | Guest relationship value and recovery value are synthetic scenario inputs. | Public context cannot substitute for live occupancy, inventory, or approved hotel policy.","Recommend $330 Surya Spa or Recovery Suite credit for a returning guest with a severity 4 maintenance issue reported before checkout. Estimated internal cost is $99-$248, not an observed property margin. Rationale: hotel responsible failure, high severity issue, recoverable before checkout, high perceived value lower estimated cost. Recommendation stability is 100%. The closest alternative was $360 room upgrade; the recommended gesture scored better on recovery fit, estimated cost, and operational constraints."
rec_00083,case_00083,TKT000083,PMS000734,new_guest,wellness_getaway,4130,5140,1.0,0.95,no_review_or_survey,noise_disruption,process,2,0.48,true,0.63,Santa Monica Proper Hotel,true,true,true,true,true,0.88,observed_public_property_context,0.62,0.28,sample_seed_review_taxonomy_prior,0.22,0.491,0.288,false,0.32,sample_seed_local_demand_context,0.0,false,590,605,0.975,47,0.86,0.92,sample_seed_public_rate_shape,0.2,false,rooftop_f_and_b_credit,140,56,late_checkout,late checkout,75,15,6,34,-65,2,41.72,0.043,0.381,0.397,351,false,0.667,moderate,smp-public-context-v1.0.0,recoverable_before_checkout;high_perceived_value_lower_estimated_cost,,"[{""comp_code"": ""rooftop_f_and_b_credit"", ""comp_label"": ""Calabra or Palma dining credit"", ""guest_facing_value"": 135, ""internal_cost_expected"": 54, ""internal_cost_high"": 81, ""internal_cost_low"": 34, ""policy_score"": 73.3}, {""comp_code"": ""lobby_lounge_credit"", ""comp_label"": ""Palma lounge credit"", ""guest_facing_value"": 90, ""internal_cost_expected"": 34, ""internal_cost_high"": 50, ""internal_cost_low"": 22, ""policy_score"": 49.32}]","{""fit_score"": 0.849, ""leakage_penalty"": 6.0, ""operational_penalty"": 11.34, ""perceived_value"": 108.75, ""policy_score"": 141.35}","Internal cost is a policy range, not observed property margin. | Guest relationship value and recovery value are synthetic scenario inputs. | Public context cannot substitute for live occupancy, inventory, or approved hotel policy.","Recommend $75 late checkout for a new guest with a severity 2 noise disruption reported before checkout. Estimated internal cost is $6-$34, not an observed property margin. Rationale: recoverable before checkout, high perceived value lower estimated cost. Recommendation stability is 67%. The closest alternative was $135 Calabra or Palma dining credit; the recommended gesture scored better on recovery fit, estimated cost, and operational constraints."
rec_00084,case_00084,TKT000084,PMS000254,new_guest,design_leisure,2640,4752,1.0,0.95,ltv_imputed;no_comp_record,housekeeping_miss,outcome,4,0.95,true,0.725,Santa Monica Proper Hotel,true,true,true,true,true,0.88,observed_public_property_context,0.72,0.28,sample_seed_review_taxonomy_prior,0.7,0.052,0.522,false,0.32,sample_seed_local_demand_context,0.613,false,775,785,0.987,166,1.117,0.92,sample_seed_public_rate_shape,0,false,,0,0,future_stay_credit,future-stay credit,230,138,69,196,230,4,66.23,0.354,0.458,0.55,390,false,0.926,moderate,smp-public-context-v1.0.0,hotel_responsible_failure;high_severity_issue;recoverable_before_checkout,,"[{""comp_code"": ""rooftop_f_and_b_credit"", ""comp_label"": ""Calabra or Palma dining credit"", ""guest_facing_value"": 180, ""internal_cost_expected"": 72, ""internal_cost_high"": 108, ""internal_cost_low"": 45, ""policy_score"": 124.44}, {""comp_code"": ""spa_wellness_credit"", ""comp_label"": ""Surya Spa or Recovery Suite credit"", ""guest_facing_value"": 330, ""internal_cost_expected"": 182, ""internal_cost_high"": 248, ""internal_cost_low"": 99, ""policy_score"": 104.61}]","{""fit_score"": 0.56, ""leakage_penalty"": 34.5, ""operational_penalty"": 0.0, ""perceived_value"": 276.0, ""policy_score"": 137.67}","Internal cost is a policy range, not observed property margin. | Guest relationship value and recovery value are synthetic scenario inputs. | Public context cannot substitute for live occupancy, inventory, or approved hotel policy.","Recommend $230 future-stay credit for a new guest with a severity 4 housekeeping miss reported before checkout. Estimated internal cost is $69-$196, not an observed property margin. Rationale: hotel responsible failure, high severity issue, recoverable before checkout. Recommendation stability is 93%. The closest alternative was $180 Calabra or Palma dining credit; the recommended gesture scored better on recovery fit, estimated cost, and operational constraints."
rec_00085,case_00085,TKT000085,PMS001437,returning_guest,wellness_getaway,3710,10430,1.0,0.95,severity_inferred,noise_disruption,process,2,0.48,true,0.801,Santa Monica Proper Hotel,true,true,true,true,true,0.88,observed_public_property_context,0.62,0.28,sample_seed_review_taxonomy_prior,0.7,0.054,0.568,false,0.32,sample_seed_local_demand_context,0.711,false,800,795,1.006,189,1.16,0.92,sample_seed_public_rate_shape,0.2,false,lobby_lounge_credit,0,0,spa_wellness_credit,Surya Spa or Recovery Suite credit,275,151,82,206,275,3,47.59,0.331,0.414,0.442,456,false,0.963,moderate,smp-public-context-v1.0.0,recoverable_before_checkout;high_perceived_value_lower_estimated_cost,,"[{""comp_code"": ""rooftop_f_and_b_credit"", ""comp_label"": ""Calabra or Palma dining credit"", ""guest_facing_value"": 150, ""internal_cost_expected"": 60, ""internal_cost_high"": 90, ""internal_cost_low"": 38, ""policy_score"": 84.27}, {""comp_code"": ""late_checkout"", ""comp_label"": ""late checkout"", ""guest_facing_value"": 85, ""internal_cost_expected"": 17, ""internal_cost_high"": 38, ""internal_cost_low"": 7, ""policy_score"": 82.46}]","{""fit_score"": 0.718, ""leakage_penalty"": 60.4, ""operational_penalty"": 0.0, ""perceived_value"": 371.25, ""policy_score"": 211.95}","Internal cost is a policy range, not observed property margin. | Guest relationship value and recovery value are synthetic scenario inputs. | Public context cannot substitute for live occupancy, inventory, or approved hotel policy.","Recommend $275 Surya Spa or Recovery Suite credit for a returning guest with a severity 2 noise disruption reported before checkout. Estimated internal cost is $82-$206, not an observed property margin. Rationale: recoverable before checkout, high perceived value lower estimated cost. Recommendation stability is 96%. The closest alternative was $150 Calabra or Palma dining credit; the recommended gesture scored better on recovery fit, estimated cost, and operational constraints."
rec_00086,case_00086,TKT000086,PMS001297,vip_guest,design_leisure,2060,12300,0.78,0.95,severity_inferred;no_review_or_survey,room_assignment_expectation_gap,outcome,3,0.74,false,0.704,Santa Monica Proper Hotel,true,true,true,true,true,0.88,observed_public_property_context,0.68,0.28,sample_seed_review_taxonomy_prior,0.48,0.136,0.401,false,0.32,sample_seed_local_demand_context,0.652,false,785,725,1.083,175,1.155,0.92,sample_seed_public_rate_shape,0.4,false,rooftop_f_and_b_credit,190,76,room_upgrade,room upgrade,360,90,29,234,170,4,60.81,0.195,0.501,0.549,462,false,1.0,moderate,smp-public-context-v1.0.0,high_guest_relationship_value;hotel_responsible_failure;high_perceived_value_lower_estimated_cost,,"[{""comp_code"": ""future_stay_credit"", ""comp_label"": ""future-stay credit"", ""guest_facing_value"": 360, ""internal_cost_expected"": 216, ""internal_cost_high"": 306, ""internal_cost_low"": 108, ""policy_score"": 245.14}, {""comp_code"": ""rooftop_f_and_b_credit"", ""comp_label"": ""Calabra or Palma dining credit"", ""guest_facing_value"": 180, ""internal_cost_expected"": 72, ""internal_cost_high"": 108, ""internal_cost_low"": 45, ""policy_score"": 98.74}]","{""fit_score"": 0.963, ""leakage_penalty"": 49.5, ""operational_penalty"": 38.81, ""perceived_value"": 504.0, ""policy_score"": 436.1}","Internal cost is a policy range, not observed property margin. | Guest relationship value and recovery value are synthetic scenario inputs. | Public context cannot substitute for live occupancy, inventory, or approved hotel policy.","Recommend $360 room upgrade for a vip guest with a severity 3 room assignment expectation gap reported after checkout. Estimated internal cost is $29-$234, not an observed property margin. Rationale: high guest relationship value, hotel responsible failure, high perceived value lower estimated cost. Recommendation stability is 100%. The closest alternative was $360 future-stay credit; the recommended gesture scored better on recovery fit, estimated cost, and operational constraints."
rec_00087,case_00087,TKT000087,PMS000823,vip_guest,business_traveler,4050,26590,0.78,0.95,severity_inferred;no_review_or_survey;no_comp_record,valet_or_parking_delay,process,2,0.62,true,0.578,Santa Monica Proper Hotel,true,true,true,true,true,0.88,observed_public_property_context,0.56,0.18,sample_seed_review_taxonomy_prior,0.22,0.416,0.312,false,0.32,sample_seed_local_demand_context,0.494,false,745,720,1.035,141,1.076,0.92,sample_seed_public_rate_shape,0,true,,0,0,parking_fee_waiver,parking or destination-fee waiver,85,15,7,30,85,3,48.04,0.02,0.337,0.402,758,false,1.0,moderate,smp-public-context-v1.0.0,high_guest_relationship_value;recoverable_before_checkout;high_perceived_value_lower_estimated_cost,,"[{""comp_code"": ""rooftop_f_and_b_credit"", ""comp_label"": ""Calabra or Palma dining credit"", ""guest_facing_value"": 150, ""internal_cost_expected"": 60, ""internal_cost_high"": 90, ""internal_cost_low"": 38, ""policy_score"": 93.55}, {""comp_code"": ""spa_wellness_credit"", ""comp_label"": ""Surya Spa or Recovery Suite credit"", ""guest_facing_value"": 275, ""internal_cost_expected"": 151, ""internal_cost_high"": 206, ""internal_cost_low"": 82, ""policy_score"": 76.18}]","{""fit_score"": 0.932, ""leakage_penalty"": 3.75, ""operational_penalty"": 0.0, ""perceived_value"": 97.75, ""policy_score"": 132.34}","Internal cost is a policy range, not observed property margin. | Guest relationship value and recovery value are synthetic scenario inputs. | Public context cannot substitute for live occupancy, inventory, or approved hotel policy.","Recommend $85 parking or destination-fee waiver for a vip guest with a severity 2 valet or parking delay reported before checkout. Estimated internal cost is $7-$30, not an observed property margin. Rationale: high guest relationship value, recoverable before checkout, high perceived value lower estimated cost. Recommendation stability is 100%. The closest alternative was $150 Calabra or Palma dining credit; the recommended gesture scored better on recovery fit, estimated cost, and operational constraints."
rec_00088,case_00088,TKT000088,PMS000508,new_guest,design_leisure,3990,6650,1.0,0.95,no_review_or_survey;no_comp_record,room_assignment_expectation_gap,outcome,3,0.74,true,0.55,Santa Monica Proper Hotel,true,true,true,true,true,0.88,observed_public_property_context,0.68,0.28,sample_seed_review_taxonomy_prior,0.48,0.062,0.419,false,0.32,sample_seed_local_demand_context,0.514,false,750,750,1.0,145,1.076,0.92,sample_seed_public_rate_shape,0,true,,0,0,room_upgrade,room upgrade,300,75,24,195,300,3,56.22,0.153,0.501,0.529,490,false,1.0,high,smp-public-context-v1.0.0,hotel_responsible_failure;recoverable_before_checkout;high_perceived_value_lower_estimated_cost,,"[{""comp_code"": ""rooftop_f_and_b_credit"", ""comp_label"": ""Calabra or Palma dining credit"", ""guest_facing_value"": 150, ""internal_cost_expected"": 60, ""internal_cost_high"": 90, ""internal_cost_low"": 38, ""policy_score"": 98.7}, {""comp_code"": ""spa_wellness_credit"", ""comp_label"": ""Surya Spa or Recovery Suite credit"", ""guest_facing_value"": 275, ""internal_cost_expected"": 151, ""internal_cost_high"": 206, ""internal_cost_low"": 82, ""policy_score"": 81.68}]","{""fit_score"": 0.963, ""leakage_penalty"": 18.75, ""operational_penalty"": 32.18, ""perceived_value"": 420.0, ""policy_score"": 374.47}","Internal cost is a policy range, not observed property margin. | Guest relationship value and recovery value are synthetic scenario inputs. | Public context cannot substitute for live occupancy, inventory, or approved hotel policy.","Recommend $300 room upgrade for a new guest with a severity 3 room assignment expectation gap reported before checkout. Estimated internal cost is $24-$195, not an observed property margin. Rationale: hotel responsible failure, recoverable before checkout, high perceived value lower estimated cost. Recommendation stability is 100%. The closest alternative was $150 Calabra or Palma dining credit; the recommended gesture scored better on recovery fit, estimated cost, and operational constraints."
rec_00089,case_00089,TKT000089,PMS000638,new_guest,business_traveler,3600,6050,1.0,0.95,no_comp_record,housekeeping_miss,outcome,4,0.95,true,0.507,Santa Monica Proper Hotel,true,true,true,true,true,0.88,observed_public_property_context,0.72,0.28,sample_seed_review_taxonomy_prior,0.22,0.064,0.271,false,0.32,sample_seed_local_demand_context,0.356,false,710,665,1.068,112,1.026,0.92,sample_seed_public_rate_shape,0,false,,0,0,future_stay_credit,future-stay credit,250,150,75,212,250,4,67.59,0.282,0.57,0.618,532,false,0.963,high,smp-public-context-v1.0.0,hotel_responsible_failure;high_severity_issue;recoverable_before_checkout,,"[{""comp_code"": ""rooftop_f_and_b_credit"", ""comp_label"": ""Calabra or Palma dining credit"", ""guest_facing_value"": 180, ""internal_cost_expected"": 72, ""internal_cost_high"": 108, ""internal_cost_low"": 45, ""policy_score"": 125.46}, {""comp_code"": ""spa_wellness_credit"", ""comp_label"": ""Surya Spa or Recovery Suite credit"", ""guest_facing_value"": 330, ""internal_cost_expected"": 182, ""internal_cost_high"": 248, ""internal_cost_low"": 99, ""policy_score"": 105.71}]","{""fit_score"": 0.56, ""leakage_penalty"": 37.5, ""operational_penalty"": 0.0, ""perceived_value"": 300.0, ""policy_score"": 151.07}","Internal cost is a policy range, not observed property margin. | Guest relationship value and recovery value are synthetic scenario inputs. | Public context cannot substitute for live occupancy, inventory, or approved hotel policy.","Recommend $250 future-stay credit for a new guest with a severity 4 housekeeping miss reported before checkout. Estimated internal cost is $75-$212, not an observed property margin. Rationale: hotel responsible failure, high severity issue, recoverable before checkout. Recommendation stability is 96%. The closest alternative was $180 Calabra or Palma dining credit; the recommended gesture scored better on recovery fit, estimated cost, and operational constraints."
rec_00090,case_00090,TKT000090,PMS000316,loyalty_guest,business_traveler,1840,11540,1.0,0.95,severity_inferred;no_review_or_survey,f_and_b_service_lapse,process,2,0.7,false,0.944,Santa Monica Proper Hotel,true,true,true,true,true,0.88,observed_public_property_context,0.6,0.28,sample_seed_review_taxonomy_prior,0.7,0.141,0.607,false,0.32,sample_seed_local_demand_context,1.0,true,945,915,1.033,284,1.288,0.92,sample_seed_public_rate_shape,0.2,false,partial_room_refund,300,300,rooftop_f_and_b_credit,Calabra or Palma dining credit,150,60,38,90,-150,3,52.63,0.163,0.375,0.443,368,false,1.0,moderate,smp-public-context-v1.0.0,high_guest_relationship_value;hotel_responsible_failure;high_perceived_value_lower_estimated_cost,,"[{""comp_code"": ""lobby_lounge_credit"", ""comp_label"": ""Palma lounge credit"", ""guest_facing_value"": 100, ""internal_cost_expected"": 38, ""internal_cost_high"": 55, ""internal_cost_low"": 25, ""policy_score"": 147.03}, {""comp_code"": ""spa_wellness_credit"", ""comp_label"": ""Surya Spa or Recovery Suite credit"", ""guest_facing_value"": 275, ""internal_cost_expected"": 151, ""internal_cost_high"": 206, ""internal_cost_low"": 82, ""policy_score"": 144.78}]","{""fit_score"": 1.05, ""leakage_penalty"": 24.0, ""operational_penalty"": 0.0, ""perceived_value"": 187.5, ""policy_score"": 274.62}","Internal cost is a policy range, not observed property margin. | Guest relationship value and recovery value are synthetic scenario inputs. | Public context cannot substitute for live occupancy, inventory, or approved hotel policy.","Recommend $150 Calabra or Palma dining credit for a loyalty guest with a severity 2 F&B service lapse reported after checkout. Estimated internal cost is $38-$90, not an observed property margin. Rationale: high guest relationship value, hotel responsible failure, high perceived value lower estimated cost. Recommendation stability is 100%. The closest alternative was $100 Palma lounge credit; the recommended gesture scored better on recovery fit, estimated cost, and operational constraints."
rec_00091,case_00091,TKT000091,PMS001319,returning_guest,wellness_getaway,870,2670,0.78,0.95,no_review_or_survey,room_assignment_expectation_gap,outcome,3,0.74,true,0.895,Santa Monica Proper Hotel,true,true,true,true,true,0.88,observed_public_property_context,0.68,0.28,sample_seed_review_taxonomy_prior,0.7,0.063,0.561,false,0.32,sample_seed_local_demand_context,0.87,true,840,850,0.988,228,1.225,0.92,sample_seed_public_rate_shape,0.2,false,late_checkout,110,22,rooftop_f_and_b_credit,Calabra or Palma dining credit,150,60,38,90,40,3,54.54,0.472,0.501,0.521,127,false,1.0,moderate,smp-public-context-v1.0.0,hotel_responsible_failure;recoverable_before_checkout;high_perceived_value_lower_estimated_cost;public_rate_pressure_changed_recovery,"Public rate pressure changed the recommendation: without this signal, the model would prefer room upgrade at $300.","[{""comp_code"": ""lobby_lounge_credit"", ""comp_label"": ""Palma lounge credit"", ""guest_facing_value"": 100, ""internal_cost_expected"": 38, ""internal_cost_high"": 55, ""internal_cost_low"": 25, ""policy_score"": 136.37}, {""comp_code"": ""spa_wellness_credit"", ""comp_label"": ""Surya Spa or Recovery Suite credit"", ""guest_facing_value"": 275, ""internal_cost_expected"": 151, ""internal_cost_high"": 206, ""internal_cost_low"": 82, ""policy_score"": 134.6}]","{""fit_score"": 0.537, ""leakage_penalty"": 24.0, ""operational_penalty"": 0.0, ""perceived_value"": 187.5, ""policy_score"": 165.34}","Internal cost is a policy range, not observed property margin. | Guest relationship value and recovery value are synthetic scenario inputs. | Public context cannot substitute for live occupancy, inventory, or approved hotel policy.","Recommend $150 Calabra or Palma dining credit for a returning guest with a severity 3 room assignment expectation gap reported before checkout. Estimated internal cost is $38-$90, not an observed property margin. Rationale: hotel responsible failure, recoverable before checkout, high perceived value lower estimated cost, public rate pressure changed recovery. Recommendation stability is 100%. The closest alternative was $100 Palma lounge credit; the recommended gesture scored better on recovery fit, estimated cost, and operational constraints."
rec_00092,case_00092,TKT000092,PMS000581,loyalty_guest,design_leisure,4690,23030,1.0,0.95,no_review_or_survey,rooftop_pool_access_issue,process,1,0.64,true,0.736,Santa Monica Proper Hotel,true,true,true,true,true,0.88,observed_public_property_context,0.6,0.28,sample_seed_review_taxonomy_prior,0.22,0.121,0.288,false,0.32,sample_seed_local_demand_context,0.593,false,770,705,1.092,162,1.132,0.92,sample_seed_public_rate_shape,0.2,true,room_upgrade,300,75,rooftop_f_and_b_credit,Calabra or Palma dining credit,135,54,34,81,-165,2,40.15,0.086,0.272,0.33,625,false,1.0,high,smp-public-context-v1.0.0,high_guest_relationship_value;recoverable_before_checkout;high_perceived_value_lower_estimated_cost,,"[{""comp_code"": ""lobby_lounge_credit"", ""comp_label"": ""Palma lounge credit"", ""guest_facing_value"": 90, ""internal_cost_expected"": 34, ""internal_cost_high"": 50, ""internal_cost_low"": 22, ""policy_score"": 48.72}, {""comp_code"": ""amenity_gesture"", ""comp_label"": ""in-room amenity gesture"", ""guest_facing_value"": 50, ""internal_cost_expected"": 22, ""internal_cost_high"": 32, ""internal_cost_low"": 12, ""policy_score"": 36.13}]","{""fit_score"": 1.026, ""leakage_penalty"": 21.6, ""operational_penalty"": 0.0, ""perceived_value"": 168.75, ""policy_score"": 150.94}","Internal cost is a policy range, not observed property margin. | Guest relationship value and recovery value are synthetic scenario inputs. | Public context cannot substitute for live occupancy, inventory, or approved hotel policy.","Recommend $135 Calabra or Palma dining credit for a loyalty guest with a severity 1 rooftop pool access issue reported before checkout. Estimated internal cost is $34-$81, not an observed property margin. Rationale: high guest relationship value, recoverable before checkout, high perceived value lower estimated cost. Recommendation stability is 100%. The closest alternative was $90 Palma lounge credit; the recommended gesture scored better on recovery fit, estimated cost, and operational constraints."
rec_00093,case_00093,TKT000093,PMS001493,new_guest,design_leisure,2070,2670,1.0,0.95,no_review_or_survey,room_readiness_delay,outcome,3,0.88,true,0.782,Santa Monica Proper Hotel,true,true,true,true,true,0.88,observed_public_property_context,0.74,0.28,sample_seed_review_taxonomy_prior,0.7,0.176,0.625,false,0.32,sample_seed_local_demand_context,0.889,true,845,810,1.043,233,1.244,0.92,sample_seed_public_rate_shape,0,false,rooftop_f_and_b_credit,115,46,rooftop_f_and_b_credit,Calabra or Palma dining credit,150,60,38,90,35,3,57.38,0.246,0.518,0.543,244,false,1.0,high,smp-public-context-v1.0.0,hotel_responsible_failure;recoverable_before_checkout;high_perceived_value_lower_estimated_cost,,"[{""comp_code"": ""lobby_lounge_credit"", ""comp_label"": ""Palma lounge credit"", ""guest_facing_value"": 100, ""internal_cost_expected"": 38, ""internal_cost_high"": 55, ""internal_cost_low"": 25, ""policy_score"": 178.1}, {""comp_code"": ""spa_wellness_credit"", ""comp_label"": ""Surya Spa or Recovery Suite credit"", ""guest_facing_value"": 275, ""internal_cost_expected"": 151, ""internal_cost_high"": 206, ""internal_cost_low"": 82, ""policy_score"": 160.83}]","{""fit_score"": 0.859, ""leakage_penalty"": 15.0, ""operational_penalty"": 0.0, ""perceived_value"": 187.5, ""policy_score"": 241.77}","Internal cost is a policy range, not observed property margin. | Guest relationship value and recovery value are synthetic scenario inputs. | Public context cannot substitute for live occupancy, inventory, or approved hotel policy.","Recommend $150 Calabra or Palma dining credit for a new guest with a severity 3 room readiness delay reported before checkout. Estimated internal cost is $38-$90, not an observed property margin. Rationale: hotel responsible failure, recoverable before checkout, high perceived value lower estimated cost. Recommendation stability is 100%. The closest alternative was $100 Palma lounge credit; the recommended gesture scored better on recovery fit, estimated cost, and operational constraints."
rec_00094,case_00094,TKT000094,PMS000965,returning_guest,design_leisure,610,2460,0.58,0.95,low_reservation_match_confidence;no_review_or_survey,f_and_b_service_lapse,process,3,0.7,false,0.99,Santa Monica Proper Hotel,true,true,true,true,true,0.88,observed_public_property_context,0.6,0.28,sample_seed_review_taxonomy_prior,0.7,0.033,0.545,false,0.32,sample_seed_local_demand_context,1.0,true,895,885,1.011,268,1.283,0.92,sample_seed_public_rate_shape,0.12,false,manager_note,0,0,rooftop_f_and_b_credit,Calabra or Palma dining credit,150,60,38,90,150,3,54.75,0.594,0.479,0.51,101,true,1.0,low,smp-public-context-v1.0.0,hotel_responsible_failure;high_perceived_value_lower_estimated_cost;manager_review_required,,"[{""comp_code"": ""spa_wellness_credit"", ""comp_label"": ""Surya Spa or Recovery Suite credit"", ""guest_facing_value"": 275, ""internal_cost_expected"": 151, ""internal_cost_high"": 206, ""internal_cost_low"": 82, ""policy_score"": 155.26}, {""comp_code"": ""lobby_lounge_credit"", ""comp_label"": ""Palma lounge credit"", ""guest_facing_value"": 100, ""internal_cost_expected"": 38, ""internal_cost_high"": 55, ""internal_cost_low"": 25, ""policy_score"": 150.2}]","{""fit_score"": 1.05, ""leakage_penalty"": 20.4, ""operational_penalty"": 0.0, ""perceived_value"": 187.5, ""policy_score"": 280.83}","Internal cost is a policy range, not observed property margin. | Guest relationship value and recovery value are synthetic scenario inputs. | Public context cannot substitute for live occupancy, inventory, or approved hotel policy.","Recommend $150 Calabra or Palma dining credit for a returning guest with a severity 3 F&B service lapse reported after checkout. Estimated internal cost is $38-$90, not an observed property margin. Rationale: hotel responsible failure, high perceived value lower estimated cost, manager review required. Recommendation stability is 100%. The closest alternative was $275 Surya Spa or Recovery Suite credit; the recommended gesture scored better on recovery fit, estimated cost, and operational constraints."
rec_00095,case_00095,TKT000095,PMS000595,loyalty_guest,local_staycation,2640,10540,1.0,0.95,no_review_or_survey;no_comp_record,billing_or_fee_dispute,process,4,0.6,true,0.846,Santa Monica Proper Hotel,true,true,true,true,true,0.88,observed_public_property_context,0.58,0.28,sample_seed_review_taxonomy_prior,0.22,0.171,0.231,false,0.32,sample_seed_local_demand_context,0.415,false,725,775,0.935,124,1.034,0.92,sample_seed_public_rate_shape,0,false,,0,0,future_stay_credit,future-stay credit,310,186,93,264,310,4,63.1,0.373,0.577,0.601,499,false,0.963,high,smp-public-context-v1.0.0,high_guest_relationship_value;high_severity_issue;recoverable_before_checkout,,"[{""comp_code"": ""parking_fee_waiver"", ""comp_label"": ""parking or destination-fee waiver"", ""guest_facing_value"": 100, ""internal_cost_expected"": 18, ""internal_cost_high"": 35, ""internal_cost_low"": 8, ""policy_score"": 126.49}, {""comp_code"": ""rooftop_f_and_b_credit"", ""comp_label"": ""Calabra or Palma dining credit"", ""guest_facing_value"": 180, ""internal_cost_expected"": 72, ""internal_cost_high"": 108, ""internal_cost_low"": 45, ""policy_score"": 122.07}]","{""fit_score"": 0.56, ""leakage_penalty"": 46.5, ""operational_penalty"": 0.0, ""perceived_value"": 372.0, ""policy_score"": 181.48}","Internal cost is a policy range, not observed property margin. | Guest relationship value and recovery value are synthetic scenario inputs. | Public context cannot substitute for live occupancy, inventory, or approved hotel policy.","Recommend $310 future-stay credit for a loyalty guest with a severity 4 billing or fee dispute reported before checkout. Estimated internal cost is $93-$264, not an observed property margin. Rationale: high guest relationship value, high severity issue, recoverable before checkout. Recommendation stability is 96%. The closest alternative was $100 parking or destination-fee waiver; the recommended gesture scored better on recovery fit, estimated cost, and operational constraints."
rec_00096,case_00096,TKT000096,PMS000659,new_guest,wellness_getaway,3500,5830,0.58,0.95,low_reservation_match_confidence;no_review_or_survey;no_comp_record,maintenance_issue,outcome,2,0.78,true,0.841,Santa Monica Proper Hotel,true,true,true,true,true,0.88,observed_public_property_context,0.69,0.28,sample_seed_review_taxonomy_prior,0.48,0.608,0.49,false,0.32,sample_seed_local_demand_context,0.0,false,620,645,0.961,50,0.86,0.92,sample_seed_public_rate_shape,0.12,false,,0,0,spa_wellness_credit,Surya Spa or Recovery Suite credit,275,151,82,206,275,3,50.74,0.389,0.401,0.449,388,true,0.963,low,smp-public-context-v1.0.0,hotel_responsible_failure;recoverable_before_checkout;high_perceived_value_lower_estimated_cost;manager_review_required,,"[{""comp_code"": ""rooftop_f_and_b_credit"", ""comp_label"": ""Calabra or Palma dining credit"", ""guest_facing_value"": 150, ""internal_cost_expected"": 60, ""internal_cost_high"": 90, ""internal_cost_low"": 38, ""policy_score"": 89.85}, {""comp_code"": ""lobby_lounge_credit"", ""comp_label"": ""Palma lounge credit"", ""guest_facing_value"": 100, ""internal_cost_expected"": 38, ""internal_cost_high"": 55, ""internal_cost_low"": 25, ""policy_score"": 60.34}]","{""fit_score"": 0.521, ""leakage_penalty"": 51.34, ""operational_penalty"": 0.0, ""perceived_value"": 371.25, ""policy_score"": 151.89}","Internal cost is a policy range, not observed property margin. | Guest relationship value and recovery value are synthetic scenario inputs. | Public context cannot substitute for live occupancy, inventory, or approved hotel policy.","Recommend $275 Surya Spa or Recovery Suite credit for a new guest with a severity 2 maintenance issue reported before checkout. Estimated internal cost is $82-$206, not an observed property margin. Rationale: hotel responsible failure, recoverable before checkout, high perceived value lower estimated cost, manager review required. Recommendation stability is 96%. The closest alternative was $150 Calabra or Palma dining credit; the recommended gesture scored better on recovery fit, estimated cost, and operational constraints."
rec_00097,case_00097,TKT000097,PMS000831,new_guest,local_staycation,1340,1630,1.0,0.95,no_review_or_survey;no_comp_record,f_and_b_service_lapse,process,3,0.7,true,0.729,Santa Monica Proper Hotel,true,true,true,true,true,0.88,observed_public_property_context,0.6,0.28,sample_seed_review_taxonomy_prior,0.48,0.039,0.433,false,0.32,sample_seed_local_demand_context,0.652,false,785,710,1.106,175,1.16,0.92,sample_seed_public_rate_shape,0,false,,0,0,rooftop_f_and_b_credit,Calabra or Palma dining credit,150,60,38,90,150,3,51.7,0.429,0.479,0.496,140,false,1.0,high,smp-public-context-v1.0.0,hotel_responsible_failure;recoverable_before_checkout;high_perceived_value_lower_estimated_cost,,"[{""comp_code"": ""spa_wellness_credit"", ""comp_label"": ""Surya Spa or Recovery Suite credit"", ""guest_facing_value"": 275, ""internal_cost_expected"": 151, ""internal_cost_high"": 206, ""internal_cost_low"": 82, ""policy_score"": 78.64}, {""comp_code"": ""lobby_lounge_credit"", ""comp_label"": ""Palma lounge credit"", ""guest_facing_value"": 100, ""internal_cost_expected"": 38, ""internal_cost_high"": 55, ""internal_cost_low"": 25, ""policy_score"": 64.17}]","{""fit_score"": 1.05, ""leakage_penalty"": 15.0, ""operational_penalty"": 0.0, ""perceived_value"": 187.5, ""policy_score"": 194.31}","Internal cost is a policy range, not observed property margin. | Guest relationship value and recovery value are synthetic scenario inputs. | Public context cannot substitute for live occupancy, inventory, or approved hotel policy.","Recommend $150 Calabra or Palma dining credit for a new guest with a severity 3 F&B service lapse reported before checkout. Estimated internal cost is $38-$90, not an observed property margin. Rationale: hotel responsible failure, recoverable before checkout, high perceived value lower estimated cost. Recommendation stability is 100%. The closest alternative was $275 Surya Spa or Recovery Suite credit; the recommended gesture scored better on recovery fit, estimated cost, and operational constraints."
rec_00098,case_00098,TKT000098,PMS001097,new_guest,business_traveler,700,1190,1.0,0.95,no_review_or_survey,rooftop_pool_access_issue,process,3,0.64,true,0.817,Santa Monica Proper Hotel,true,true,true,true,true,0.88,observed_public_property_context,0.6,0.28,sample_seed_review_taxonomy_prior,0.22,0.402,0.291,false,0.32,sample_seed_local_demand_context,0.632,false,780,705,1.106,171,1.152,0.92,sample_seed_public_rate_shape,0,false,parking_fee_waiver,0,0,rooftop_f_and_b_credit,Calabra or Palma dining credit,150,60,38,90,150,3,50.55,0.769,0.479,0.491,78,false,1.0,high,smp-public-context-v1.0.0,recoverable_before_checkout;high_perceived_value_lower_estimated_cost,,"[{""comp_code"": ""spa_wellness_credit"", ""comp_label"": ""Surya Spa or Recovery Suite credit"", ""guest_facing_value"": 275, ""internal_cost_expected"": 151, ""internal_cost_high"": 206, ""internal_cost_low"": 82, ""policy_score"": 77.87}, {""comp_code"": ""lobby_lounge_credit"", ""comp_label"": ""Palma lounge credit"", ""guest_facing_value"": 100, ""internal_cost_expected"": 38, ""internal_cost_high"": 55, ""internal_cost_low"": 25, ""policy_score"": 63.68}]","{""fit_score"": 1.026, ""leakage_penalty"": 15.0, ""operational_penalty"": 0.0, ""perceived_value"": 187.5, ""policy_score"": 188.35}","Internal cost is a policy range, not observed property margin. | Guest relationship value and recovery value are synthetic scenario inputs. | Public context cannot substitute for live occupancy, inventory, or approved hotel policy.","Recommend $150 Calabra or Palma dining credit for a new guest with a severity 3 rooftop pool access issue reported before checkout. Estimated internal cost is $38-$90, not an observed property margin. Rationale: recoverable before checkout, high perceived value lower estimated cost. Recommendation stability is 100%. The closest alternative was $275 Surya Spa or Recovery Suite credit; the recommended gesture scored better on recovery fit, estimated cost, and operational constraints."
rec_00099,case_00099,TKT000099,PMS000631,event_or_suite_guest,wellness_getaway,4080,25030,1.0,0.95,no_review_or_survey;no_comp_record,room_readiness_delay,outcome,3,0.88,true,0.387,Santa Monica Proper Hotel,true,true,true,true,true,0.88,observed_public_property_context,0.74,0.28,sample_seed_review_taxonomy_prior,0.48,0.113,0.433,false,0.32,sample_seed_local_demand_context,0.613,false,775,750,1.033,166,1.126,0.92,sample_seed_public_rate_shape,0,false,,0,0,future_stay_credit,future-stay credit,355,213,106,302,355,4,64.46,0.216,0.518,0.575,985,false,0.926,high,smp-public-context-v1.0.0,high_guest_relationship_value;hotel_responsible_failure;recoverable_before_checkout,,"[{""comp_code"": ""room_upgrade"", ""comp_label"": ""room upgrade"", ""guest_facing_value"": 360, ""internal_cost_expected"": 90, ""internal_cost_high"": 234, ""internal_cost_low"": 29, ""policy_score"": 238.02}, {""comp_code"": ""late_checkout"", ""comp_label"": ""late checkout"", ""guest_facing_value"": 100, ""internal_cost_expected"": 20, ""internal_cost_high"": 45, ""internal_cost_low"": 8, ""policy_score"": 205.79}]","{""fit_score"": 0.7, ""leakage_penalty"": 53.25, ""operational_penalty"": 0.0, ""perceived_value"": 426.0, ""policy_score"": 275.63}","Internal cost is a policy range, not observed property margin. | Guest relationship value and recovery value are synthetic scenario inputs. | Public context cannot substitute for live occupancy, inventory, or approved hotel policy.","Recommend $355 future-stay credit for an event/suite guest with a severity 3 room readiness delay reported before checkout. Estimated internal cost is $106-$302, not an observed property margin. Rationale: high guest relationship value, hotel responsible failure, recoverable before checkout. Recommendation stability is 93%. The closest alternative was $360 room upgrade; the recommended gesture scored better on recovery fit, estimated cost, and operational constraints."
rec_00100,case_00100,TKT000100,PMS000408,new_guest,coastal_weekend,1560,3410,1.0,0.95,no_review_or_survey,billing_or_fee_dispute,process,4,0.6,false,0.676,Santa Monica Proper Hotel,true,true,true,true,true,0.88,observed_public_property_context,0.58,0.28,sample_seed_review_taxonomy_prior,0.48,0.132,0.434,false,0.32,sample_seed_local_demand_context,0.731,true,805,795,1.013,194,1.17,0.92,sample_seed_public_rate_shape,0.2,false,room_upgrade,285,71,rooftop_f_and_b_credit,Calabra or Palma dining credit,180,72,45,108,-105,4,61.69,0.316,0.577,0.595,228,false,1.0,moderate,smp-public-context-v1.0.0,high_severity_issue;high_perceived_value_lower_estimated_cost;public_rate_pressure_changed_recovery;property_fit_changed_recovery,"Public rate pressure changed the recommendation: without this signal, the model would prefer parking or destination-fee waiver at $100. | Property fit changed the recommendation: without this signal, the model would prefer Palma lounge credit at $120.","[{""comp_code"": ""lobby_lounge_credit"", ""comp_label"": ""Palma lounge credit"", ""guest_facing_value"": 120, ""internal_cost_expected"": 46, ""internal_cost_high"": 66, ""internal_cost_low"": 30, ""policy_score"": 169.27}, {""comp_code"": ""spa_wellness_credit"", ""comp_label"": ""Surya Spa or Recovery Suite credit"", ""guest_facing_value"": 330, ""internal_cost_expected"": 182, ""internal_cost_high"": 248, ""internal_cost_low"": 99, ""policy_score"": 138.09}]","{""fit_score"": 0.537, ""leakage_penalty"": 28.8, ""operational_penalty"": 0.0, ""perceived_value"": 225.0, ""policy_score"": 174.65}","Internal cost is a policy range, not observed property margin. | Guest relationship value and recovery value are synthetic scenario inputs. | Public context cannot substitute for live occupancy, inventory, or approved hotel policy.","Recommend $180 Calabra or Palma dining credit for a new guest with a severity 4 billing or fee dispute reported after checkout. Estimated internal cost is $45-$108, not an observed property margin. Rationale: high severity issue, high perceived value lower estimated cost, public rate pressure changed recovery, property fit changed recovery. Recommendation stability is 100%. The closest alternative was $120 Palma lounge credit; the recommended gesture scored better on recovery fit, estimated cost, and operational constraints."
rec_00101,case_00101,TKT000101,PMS000037,new_guest,wellness_getaway,3000,4710,1.0,0.95,no_review_or_survey,housekeeping_miss,outcome,3,0.9,false,0.325,Santa Monica Proper Hotel,true,true,true,true,true,0.88,observed_public_property_context,0.72,0.28,sample_seed_review_taxonomy_prior,0.48,0.087,0.445,false,0.32,sample_seed_local_demand_context,0.534,false,755,765,0.987,149,1.084,0.92,sample_seed_public_rate_shape,0.2,false,manager_note,0,0,future_stay_credit,future-stay credit,260,156,78,221,260,4,60.58,0.399,0.513,0.555,391,false,0.889,high,smp-public-context-v1.0.0,hotel_responsible_failure,,"[{""comp_code"": ""rooftop_f_and_b_credit"", ""comp_label"": ""Calabra or Palma dining credit"", ""guest_facing_value"": 180, ""internal_cost_expected"": 72, ""internal_cost_high"": 108, ""internal_cost_low"": 45, ""policy_score"": 109.37}, {""comp_code"": ""lobby_lounge_credit"", ""comp_label"": ""Palma lounge credit"", ""guest_facing_value"": 120, ""internal_cost_expected"": 46, ""internal_cost_high"": 66, ""internal_cost_low"": 30, ""policy_score"": 73.67}]","{""fit_score"": 0.56, ""leakage_penalty"": 62.4, ""operational_penalty"": 0.0, ""perceived_value"": 312.0, ""policy_score"": 126.06}","Internal cost is a policy range, not observed property margin. | Guest relationship value and recovery value are synthetic scenario inputs. | Public context cannot substitute for live occupancy, inventory, or approved hotel policy.","Recommend $260 future-stay credit for a new guest with a severity 3 housekeeping miss reported after checkout. Estimated internal cost is $78-$221, not an observed property margin. Rationale: hotel responsible failure. Recommendation stability is 89%. The closest alternative was $180 Calabra or Palma dining credit; the recommended gesture scored better on recovery fit, estimated cost, and operational constraints."
rec_00102,case_00102,TKT000102,PMS001208,new_guest,event_or_wedding,1290,2710,1.0,0.95,no_review_or_survey,room_readiness_delay,outcome,5,0.93,true,0.461,Santa Monica Proper Hotel,true,true,true,true,true,0.88,observed_public_property_context,0.74,0.28,sample_seed_review_taxonomy_prior,0.22,0.108,0.224,false,0.32,sample_seed_local_demand_context,0.0,false,605,540,1.12,48,0.89,0.92,sample_seed_public_rate_shape,0.2,false,partial_room_refund,435,435,room_upgrade,room upgrade,360,90,29,234,-75,4,75.4,0.396,0.726,0.739,227,false,1.0,high,smp-public-context-v1.0.0,hotel_responsible_failure;high_severity_issue;high_review_risk;recoverable_before_checkout;high_perceived_value_lower_estimated_cost,,"[{""comp_code"": ""late_checkout"", ""comp_label"": ""late checkout"", ""guest_facing_value"": 100, ""internal_cost_expected"": 20, ""internal_cost_high"": 45, ""internal_cost_low"": 8, ""policy_score"": 211.93}, {""comp_code"": ""rooftop_f_and_b_credit"", ""comp_label"": ""Calabra or Palma dining credit"", ""guest_facing_value"": 180, ""internal_cost_expected"": 72, ""internal_cost_high"": 108, ""internal_cost_low"": 45, ""policy_score"": 205.49}]","{""fit_score"": 0.514, ""leakage_penalty"": 36.0, ""operational_penalty"": 25.36, ""perceived_value"": 504.0, ""policy_score"": 241.94}","Internal cost is a policy range, not observed property margin. | Guest relationship value and recovery value are synthetic scenario inputs. | Public context cannot substitute for live occupancy, inventory, or approved hotel policy.","Recommend $360 room upgrade for a new guest with a severity 5 room readiness delay reported before checkout. Estimated internal cost is $29-$234, not an observed property margin. Rationale: hotel responsible failure, high severity issue, high review risk, recoverable before checkout. Recommendation stability is 100%. The closest alternative was $100 late checkout; the recommended gesture scored better on recovery fit, estimated cost, and operational constraints."
rec_00103,case_00103,TKT000103,PMS001070,new_guest,design_leisure,960,1530,1.0,0.95,no_review_or_survey,maintenance_issue,outcome,4,0.83,false,0.622,Santa Monica Proper Hotel,true,true,true,true,true,0.88,observed_public_property_context,0.69,0.28,sample_seed_review_taxonomy_prior,0.22,0.1,0.211,false,0.32,sample_seed_local_demand_context,0.375,false,715,700,1.021,116,1.023,0.92,sample_seed_public_rate_shape,0.2,false,spa_wellness_credit,230,127,spa_wellness_credit,Surya Spa or Recovery Suite credit,330,182,99,248,100,4,69.63,1,0.608,0.648,144,false,1.0,high,smp-public-context-v1.0.0,hotel_responsible_failure;high_severity_issue;high_perceived_value_lower_estimated_cost,,"[{""comp_code"": ""room_upgrade"", ""comp_label"": ""room upgrade"", ""guest_facing_value"": 360, ""internal_cost_expected"": 90, ""internal_cost_high"": 234, ""internal_cost_low"": 29, ""policy_score"": 144.13}, {""comp_code"": ""rooftop_f_and_b_credit"", ""comp_label"": ""Calabra or Palma dining credit"", ""guest_facing_value"": 180, ""internal_cost_expected"": 72, ""internal_cost_high"": 108, ""internal_cost_low"": 45, ""policy_score"": 116.2}]","{""fit_score"": 0.521, ""leakage_penalty"": 72.8, ""operational_penalty"": 0.0, ""perceived_value"": 445.5, ""policy_score"": 197.22}","Internal cost is a policy range, not observed property margin. | Guest relationship value and recovery value are synthetic scenario inputs. | Public context cannot substitute for live occupancy, inventory, or approved hotel policy.","Recommend $330 Surya Spa or Recovery Suite credit for a new guest with a severity 4 maintenance issue reported after checkout. Estimated internal cost is $99-$248, not an observed property margin. Rationale: hotel responsible failure, high severity issue, high perceived value lower estimated cost. Recommendation stability is 100%. The closest alternative was $360 room upgrade; the recommended gesture scored better on recovery fit, estimated cost, and operational constraints."
rec_00104,case_00104,TKT000104,PMS000439,new_guest,business_traveler,1560,3140,1.0,0.95,,billing_or_fee_dispute,process,3,0.55,true,0.685,Santa Monica Proper Hotel,true,true,true,true,true,0.88,observed_public_property_context,0.58,0.28,sample_seed_review_taxonomy_prior,0.22,0.079,0.25,false,0.32,sample_seed_local_demand_context,0.277,false,690,745,0.926,97,0.976,0.92,sample_seed_public_rate_shape,0.2,false,parking_fee_waiver,100,18,parking_fee_waiver,parking or destination-fee waiver,85,15,7,30,-15,3,50.05,0.083,0.498,0.499,180,false,1.0,high,smp-public-context-v1.0.0,recoverable_before_checkout;high_perceived_value_lower_estimated_cost,,"[{""comp_code"": ""rooftop_f_and_b_credit"", ""comp_label"": ""Calabra or Palma dining credit"", ""guest_facing_value"": 150, ""internal_cost_expected"": 60, ""internal_cost_high"": 90, ""internal_cost_low"": 38, ""policy_score"": 85.81}, {""comp_code"": ""lobby_lounge_credit"", ""comp_label"": ""Palma lounge credit"", ""guest_facing_value"": 100, ""internal_cost_expected"": 38, ""internal_cost_high"": 55, ""internal_cost_low"": 25, ""policy_score"": 81.56}]","{""fit_score"": 0.683, ""leakage_penalty"": 6.0, ""operational_penalty"": 0.0, ""perceived_value"": 97.75, ""policy_score"": 106.64}","Internal cost is a policy range, not observed property margin. | Guest relationship value and recovery value are synthetic scenario inputs. | Public context cannot substitute for live occupancy, inventory, or approved hotel policy.","Recommend $85 parking or destination-fee waiver for a new guest with a severity 3 billing or fee dispute reported before checkout. Estimated internal cost is $7-$30, not an observed property margin. Rationale: recoverable before checkout, high perceived value lower estimated cost. Recommendation stability is 100%. The closest alternative was $150 Calabra or Palma dining credit; the recommended gesture scored better on recovery fit, estimated cost, and operational constraints."
rec_00105,case_00105,TKT000105,PMS000452,new_guest,coastal_weekend,1420,2650,1.0,0.95,severity_inferred,f_and_b_service_lapse,process,2,0.7,true,0.464,Santa Monica Proper Hotel,true,true,true,true,true,0.88,observed_public_property_context,0.6,0.28,sample_seed_review_taxonomy_prior,0.22,0.163,0.23,false,0.32,sample_seed_local_demand_context,0.119,false,650,590,1.102,69,0.935,0.92,sample_seed_public_rate_shape,0.2,false,rooftop_f_and_b_credit,185,74,rooftop_f_and_b_credit,Calabra or Palma dining credit,150,60,38,90,-35,3,45.98,0.408,0.432,0.445,147,false,1.0,moderate,smp-public-context-v1.0.0,hotel_responsible_failure;recoverable_before_checkout;high_perceived_value_lower_estimated_cost,,"[{""comp_code"": ""lobby_lounge_credit"", ""comp_label"": ""Palma lounge credit"", ""guest_facing_value"": 100, ""internal_cost_expected"": 38, ""internal_cost_high"": 55, ""internal_cost_low"": 25, ""policy_score"": 56.05}, {""comp_code"": ""spa_wellness_credit"", ""comp_label"": ""Surya Spa or Recovery Suite credit"", ""guest_facing_value"": 275, ""internal_cost_expected"": 151, ""internal_cost_high"": 206, ""internal_cost_low"": 82, ""policy_score"": 52.15}]","{""fit_score"": 1.05, ""leakage_penalty"": 24.0, ""operational_penalty"": 0.0, ""perceived_value"": 187.5, ""policy_score"": 178.27}","Internal cost is a policy range, not observed property margin. | Guest relationship value and recovery value are synthetic scenario inputs. | Public context cannot substitute for live occupancy, inventory, or approved hotel policy.","Recommend $150 Calabra or Palma dining credit for a new guest with a severity 2 F&B service lapse reported before checkout. Estimated internal cost is $38-$90, not an observed property margin. Rationale: hotel responsible failure, recoverable before checkout, high perceived value lower estimated cost. Recommendation stability is 100%. The closest alternative was $100 Palma lounge credit; the recommended gesture scored better on recovery fit, estimated cost, and operational constraints."
rec_00106,case_00106,TKT000106,PMS000006,loyalty_guest,business_traveler,840,3550,1.0,0.95,no_review_or_survey,room_readiness_delay,outcome,2,0.88,true,0.976,Santa Monica Proper Hotel,true,true,true,true,true,0.88,observed_public_property_context,0.74,0.28,sample_seed_review_taxonomy_prior,0.7,0.149,0.629,false,0.32,sample_seed_local_demand_context,1.0,true,1010,965,1.047,303,1.292,0.92,sample_seed_public_rate_shape,0,false,amenity_gesture,0,0,rooftop_f_and_b_credit,Calabra or Palma dining credit,150,60,38,90,150,3,50.16,0.462,0.415,0.454,130,false,1.0,high,smp-public-context-v1.0.0,high_guest_relationship_value;hotel_responsible_failure;recoverable_before_checkout;high_perceived_value_lower_estimated_cost,,"[{""comp_code"": ""lobby_lounge_credit"", ""comp_label"": ""Palma lounge credit"", ""guest_facing_value"": 100, ""internal_cost_expected"": 38, ""internal_cost_high"": 55, ""internal_cost_low"": 25, ""policy_score"": 183.41}, {""comp_code"": ""spa_wellness_credit"", ""comp_label"": ""Surya Spa or Recovery Suite credit"", ""guest_facing_value"": 275, ""internal_cost_expected"": 151, ""internal_cost_high"": 206, ""internal_cost_low"": 82, ""policy_score"": 165.77}]","{""fit_score"": 0.859, ""leakage_penalty"": 15.0, ""operational_penalty"": 0.0, ""perceived_value"": 187.5, ""policy_score"": 244.29}","Internal cost is a policy range, not observed property margin. | Guest relationship value and recovery value are synthetic scenario inputs. | Public context cannot substitute for live occupancy, inventory, or approved hotel policy.","Recommend $150 Calabra or Palma dining credit for a loyalty guest with a severity 2 room readiness delay reported before checkout. Estimated internal cost is $38-$90, not an observed property margin. Rationale: high guest relationship value, hotel responsible failure, recoverable before checkout, high perceived value lower estimated cost. Recommendation stability is 100%. The closest alternative was $100 Palma lounge credit; the recommended gesture scored better on recovery fit, estimated cost, and operational constraints."
rec_00107,case_00107,TKT000107,PMS001451,returning_guest,business_traveler,4200,16070,1.0,0.95,,noise_disruption,process,3,0.48,true,0.7,Santa Monica Proper Hotel,true,true,true,true,true,0.88,observed_public_property_context,0.62,0.28,sample_seed_review_taxonomy_prior,0.22,0.052,0.267,false,0.32,sample_seed_local_demand_context,0.04,false,630,640,0.984,56,0.877,0.92,sample_seed_public_rate_shape,0.2,false,late_checkout,0,0,spa_wellness_credit,Surya Spa or Recovery Suite credit,275,151,82,206,275,3,54.41,0.225,0.558,0.552,672,false,1.0,high,smp-public-context-v1.0.0,recoverable_before_checkout;high_perceived_value_lower_estimated_cost,,"[{""comp_code"": ""late_checkout"", ""comp_label"": ""late checkout"", ""guest_facing_value"": 85, ""internal_cost_expected"": 17, ""internal_cost_high"": 38, ""internal_cost_low"": 7, ""policy_score"": 159.41}, {""comp_code"": ""rooftop_f_and_b_credit"", ""comp_label"": ""Calabra or Palma dining credit"", ""guest_facing_value"": 150, ""internal_cost_expected"": 60, ""internal_cost_high"": 90, ""internal_cost_low"": 38, ""policy_score"": 88.56}]","{""fit_score"": 0.718, ""leakage_penalty"": 60.4, ""operational_penalty"": 0.0, ""perceived_value"": 371.25, ""policy_score"": 223.31}","Internal cost is a policy range, not observed property margin. | Guest relationship value and recovery value are synthetic scenario inputs. | Public context cannot substitute for live occupancy, inventory, or approved hotel policy.","Recommend $275 Surya Spa or Recovery Suite credit for a returning guest with a severity 3 noise disruption reported before checkout. Estimated internal cost is $82-$206, not an observed property margin. Rationale: recoverable before checkout, high perceived value lower estimated cost. Recommendation stability is 100%. The closest alternative was $85 late checkout; the recommended gesture scored better on recovery fit, estimated cost, and operational constraints."
rec_00108,case_00108,TKT000108,PMS000067,new_guest,local_staycation,2920,6410,1.0,0.95,severity_inferred;no_review_or_survey;no_comp_record,room_assignment_expectation_gap,outcome,3,0.74,true,0.681,Santa Monica Proper Hotel,true,true,true,true,true,0.88,observed_public_property_context,0.68,0.28,sample_seed_review_taxonomy_prior,0.22,0.08,0.221,false,0.32,sample_seed_local_demand_context,0.85,true,835,810,1.031,223,1.225,0.92,sample_seed_public_rate_shape,0,true,,0,0,rooftop_f_and_b_credit,Calabra or Palma dining credit,180,72,45,108,180,4,59.02,0.176,0.501,0.541,408,false,1.0,moderate,smp-public-context-v1.0.0,hotel_responsible_failure;recoverable_before_checkout;high_perceived_value_lower_estimated_cost;public_rate_pressure_changed_recovery,"Public rate pressure changed the recommendation: without this signal, the model would prefer room upgrade at $360.","[{""comp_code"": ""spa_wellness_credit"", ""comp_label"": ""Surya Spa or Recovery Suite credit"", ""guest_facing_value"": 330, ""internal_cost_expected"": 182, ""internal_cost_high"": 248, ""internal_cost_low"": 99, ""policy_score"": 173.73}, {""comp_code"": ""lobby_lounge_credit"", ""comp_label"": ""Palma lounge credit"", ""guest_facing_value"": 120, ""internal_cost_expected"": 46, ""internal_cost_high"": 66, ""internal_cost_low"": 30, ""policy_score"": 154.71}]","{""fit_score"": 0.537, ""leakage_penalty"": 18.0, ""operational_penalty"": 0.0, ""perceived_value"": 225.0, ""policy_score"": 193.93}","Internal cost is a policy range, not observed property margin. | Guest relationship value and recovery value are synthetic scenario inputs. | Public context cannot substitute for live occupancy, inventory, or approved hotel policy.","Recommend $180 Calabra or Palma dining credit for a new guest with a severity 3 room assignment expectation gap reported before checkout. Estimated internal cost is $45-$108, not an observed property margin. Rationale: hotel responsible failure, recoverable before checkout, high perceived value lower estimated cost, public rate pressure changed recovery. Recommendation stability is 100%. The closest alternative was $330 Surya Spa or Recovery Suite credit; the recommended gesture scored better on recovery fit, estimated cost, and operational constraints."
rec_00109,case_00109,TKT000109,PMS001148,returning_guest,family_beach_trip,3700,10170,1.0,0.95,no_comp_record,f_and_b_service_lapse,process,1,0.7,true,0.481,Santa Monica Proper Hotel,true,true,true,true,true,0.88,observed_public_property_context,0.6,0.28,sample_seed_review_taxonomy_prior,0.22,0.126,0.229,false,0.32,sample_seed_local_demand_context,0.178,false,665,635,1.047,79,0.946,0.92,sample_seed_public_rate_shape,0,false,,0,0,rooftop_f_and_b_credit,Calabra or Palma dining credit,135,54,34,81,135,2,36.04,0.158,0.248,0.299,342,false,1.0,high,smp-public-context-v1.0.0,hotel_responsible_failure;recoverable_before_checkout;high_perceived_value_lower_estimated_cost,,"[{""comp_code"": ""lobby_lounge_credit"", ""comp_label"": ""Palma lounge credit"", ""guest_facing_value"": 90, ""internal_cost_expected"": 34, ""internal_cost_high"": 50, ""internal_cost_low"": 22, ""policy_score"": 52.25}, {""comp_code"": ""late_checkout"", ""comp_label"": ""late checkout"", ""guest_facing_value"": 75, ""internal_cost_expected"": 15, ""internal_cost_high"": 34, ""internal_cost_low"": 6, ""policy_score"": 39.67}]","{""fit_score"": 1.05, ""leakage_penalty"": 13.5, ""operational_penalty"": 0.0, ""perceived_value"": 168.75, ""policy_score"": 158.31}","Internal cost is a policy range, not observed property margin. | Guest relationship value and recovery value are synthetic scenario inputs. | Public context cannot substitute for live occupancy, inventory, or approved hotel policy.","Recommend $135 Calabra or Palma dining credit for a returning guest with a severity 1 F&B service lapse reported before checkout. Estimated internal cost is $34-$81, not an observed property margin. Rationale: hotel responsible failure, recoverable before checkout, high perceived value lower estimated cost. Recommendation stability is 100%. The closest alternative was $90 Palma lounge credit; the recommended gesture scored better on recovery fit, estimated cost, and operational constraints."
rec_00110,case_00110,TKT000110,PMS000409,vip_guest,coastal_weekend,2820,17260,1.0,0.95,no_review_or_survey,room_assignment_expectation_gap,outcome,3,0.74,true,0.578,Santa Monica Proper Hotel,true,true,true,true,true,0.88,observed_public_property_context,0.68,0.28,sample_seed_review_taxonomy_prior,0.22,0.416,0.312,false,0.32,sample_seed_local_demand_context,0.494,false,745,720,1.035,141,1.076,0.92,sample_seed_public_rate_shape,0.2,false,amenity_gesture,55,25,room_upgrade,room upgrade,360,90,29,234,305,4,59.77,0.143,0.501,0.545,631,false,1.0,high,smp-public-context-v1.0.0,high_guest_relationship_value;hotel_responsible_failure;recoverable_before_checkout;high_perceived_value_lower_estimated_cost,,"[{""comp_code"": ""future_stay_credit"", ""comp_label"": ""future-stay credit"", ""guest_facing_value"": 330, ""internal_cost_expected"": 198, ""internal_cost_high"": 280, ""internal_cost_low"": 99, ""policy_score"": 252.4}, {""comp_code"": ""rooftop_f_and_b_credit"", ""comp_label"": ""Calabra or Palma dining credit"", ""guest_facing_value"": 180, ""internal_cost_expected"": 72, ""internal_cost_high"": 108, ""internal_cost_low"": 45, ""policy_score"": 108.76}]","{""fit_score"": 0.963, ""leakage_penalty"": 36.0, ""operational_penalty"": 31.79, ""perceived_value"": 504.0, ""policy_score"": 453.46}","Internal cost is a policy range, not observed property margin. | Guest relationship value and recovery value are synthetic scenario inputs. | Public context cannot substitute for live occupancy, inventory, or approved hotel policy.","Recommend $360 room upgrade for a vip guest with a severity 3 room assignment expectation gap reported before checkout. Estimated internal cost is $29-$234, not an observed property margin. Rationale: high guest relationship value, hotel responsible failure, recoverable before checkout, high perceived value lower estimated cost. Recommendation stability is 100%. The closest alternative was $330 future-stay credit; the recommended gesture scored better on recovery fit, estimated cost, and operational constraints."
rec_00111,case_00111,TKT000111,PMS001532,new_guest,business_traveler,3450,5070,0.78,0.95,,room_readiness_delay,outcome,2,0.88,true,0.71,Santa Monica Proper Hotel,true,true,true,true,true,0.88,observed_public_property_context,0.74,0.28,sample_seed_review_taxonomy_prior,0.22,0.036,0.204,false,0.32,sample_seed_local_demand_context,0.81,true,825,815,1.012,213,1.203,0.92,sample_seed_public_rate_shape,0.2,true,late_checkout,100,20,rooftop_f_and_b_credit,Calabra or Palma dining credit,150,60,38,90,50,3,48.83,0.169,0.455,0.47,356,false,1.0,moderate,smp-public-context-v1.0.0,hotel_responsible_failure;recoverable_before_checkout;high_perceived_value_lower_estimated_cost;public_rate_pressure_changed_recovery,"Public rate pressure changed the recommendation: without this signal, the model would prefer late checkout at $85.","[{""comp_code"": ""lobby_lounge_credit"", ""comp_label"": ""Palma lounge credit"", ""guest_facing_value"": 100, ""internal_cost_expected"": 38, ""internal_cost_high"": 55, ""internal_cost_low"": 25, ""policy_score"": 160.14}, {""comp_code"": ""spa_wellness_credit"", ""comp_label"": ""Surya Spa or Recovery Suite credit"", ""guest_facing_value"": 275, ""internal_cost_expected"": 151, ""internal_cost_high"": 206, ""internal_cost_low"": 82, ""policy_score"": 125.47}]","{""fit_score"": 0.859, ""leakage_penalty"": 24.0, ""operational_penalty"": 0.0, ""perceived_value"": 187.5, ""policy_score"": 217.2}","Internal cost is a policy range, not observed property margin. | Guest relationship value and recovery value are synthetic scenario inputs. | Public context cannot substitute for live occupancy, inventory, or approved hotel policy.","Recommend $150 Calabra or Palma dining credit for a new guest with a severity 2 room readiness delay reported before checkout. Estimated internal cost is $38-$90, not an observed property margin. Rationale: hotel responsible failure, recoverable before checkout, high perceived value lower estimated cost, public rate pressure changed recovery. Recommendation stability is 100%. The closest alternative was $100 Palma lounge credit; the recommended gesture scored better on recovery fit, estimated cost, and operational constraints."
rec_00112,case_00112,TKT000112,PMS000720,returning_guest,wellness_getaway,2160,8840,1.0,0.95,,room_assignment_expectation_gap,outcome,3,0.74,true,0.627,Santa Monica Proper Hotel,true,true,true,true,true,0.88,observed_public_property_context,0.68,0.28,sample_seed_review_taxonomy_prior,0.48,0.148,0.412,false,0.32,sample_seed_local_demand_context,0.534,false,755,710,1.063,149,1.1,0.92,sample_seed_public_rate_shape,0.2,false,late_checkout,65,13,room_upgrade,room upgrade,300,75,24,195,235,3,56.3,0.203,0.526,0.543,369,false,1.0,high,smp-public-context-v1.0.0,hotel_responsible_failure;recoverable_before_checkout;high_perceived_value_lower_estimated_cost,,"[{""comp_code"": ""rooftop_f_and_b_credit"", ""comp_label"": ""Calabra or Palma dining credit"", ""guest_facing_value"": 150, ""internal_cost_expected"": 60, ""internal_cost_high"": 90, ""internal_cost_low"": 38, ""policy_score"": 89.75}, {""comp_code"": ""lobby_lounge_credit"", ""comp_label"": ""Palma lounge credit"", ""guest_facing_value"": 100, ""internal_cost_expected"": 38, ""internal_cost_high"": 55, ""internal_cost_low"": 25, ""policy_score"": 60.42}]","{""fit_score"": 0.963, ""leakage_penalty"": 30.0, ""operational_penalty"": 35.53, ""perceived_value"": 420.0, ""policy_score"": 360.07}","Internal cost is a policy range, not observed property margin. | Guest relationship value and recovery value are synthetic scenario inputs. | Public context cannot substitute for live occupancy, inventory, or approved hotel policy.","Recommend $300 room upgrade for a returning guest with a severity 3 room assignment expectation gap reported before checkout. Estimated internal cost is $24-$195, not an observed property margin. Rationale: hotel responsible failure, recoverable before checkout, high perceived value lower estimated cost. Recommendation stability is 100%. The closest alternative was $150 Calabra or Palma dining credit; the recommended gesture scored better on recovery fit, estimated cost, and operational constraints."
rec_00113,case_00113,TKT000113,PMS000858,new_guest,local_staycation,4200,8590,1.0,0.95,no_review_or_survey;no_comp_record,billing_or_fee_dispute,process,4,0.6,false,0.611,Santa Monica Proper Hotel,true,true,true,true,true,0.88,observed_public_property_context,0.58,0.28,sample_seed_review_taxonomy_prior,0.48,0.044,0.401,false,0.32,sample_seed_local_demand_context,0.257,false,685,725,0.945,94,0.968,0.92,sample_seed_public_rate_shape,0,false,,0,0,parking_fee_waiver,parking or destination-fee waiver,100,18,8,35,100,4,63.78,0.029,0.577,0.604,620,false,0.889,high,smp-public-context-v1.0.0,high_severity_issue;high_perceived_value_lower_estimated_cost,,"[{""comp_code"": ""future_stay_credit"", ""comp_label"": ""future-stay credit"", ""guest_facing_value"": 210, ""internal_cost_expected"": 126, ""internal_cost_high"": 178, ""internal_cost_low"": 63, ""policy_score"": 123.54}, {""comp_code"": ""rooftop_f_and_b_credit"", ""comp_label"": ""Calabra or Palma dining credit"", ""guest_facing_value"": 180, ""internal_cost_expected"": 72, ""internal_cost_high"": 108, ""internal_cost_low"": 45, ""policy_score"": 122.59}]","{""fit_score"": 0.683, ""leakage_penalty"": 4.5, ""operational_penalty"": 0.0, ""perceived_value"": 115.0, ""policy_score"": 126.82}","Internal cost is a policy range, not observed property margin. | Guest relationship value and recovery value are synthetic scenario inputs. | Public context cannot substitute for live occupancy, inventory, or approved hotel policy.","Recommend $100 parking or destination-fee waiver for a new guest with a severity 4 billing or fee dispute reported after checkout. Estimated internal cost is $8-$35, not an observed property margin. Rationale: high severity issue, high perceived value lower estimated cost. Recommendation stability is 89%. The closest alternative was $210 future-stay credit; the recommended gesture scored better on recovery fit, estimated cost, and operational constraints."
rec_00114,case_00114,TKT000114,PMS000670,new_guest,coastal_weekend,1540,1730,1.0,0.95,no_review_or_survey,room_assignment_expectation_gap,outcome,4,0.79,true,0.869,Santa Monica Proper Hotel,true,true,true,true,true,0.88,observed_public_property_context,0.68,0.28,sample_seed_review_taxonomy_prior,0.22,0.097,0.247,false,0.32,sample_seed_local_demand_context,0.553,false,760,710,1.07,153,1.11,0.92,sample_seed_public_rate_shape,0,true,lobby_lounge_credit,140,53,room_upgrade,room upgrade,360,90,29,234,220,4,63.66,0.462,0.605,0.619,195,false,1.0,high,smp-public-context-v1.0.0,hotel_responsible_failure;high_severity_issue;recoverable_before_checkout;high_perceived_value_lower_estimated_cost,,"[{""comp_code"": ""future_stay_credit"", ""comp_label"": ""future-stay credit"", ""guest_facing_value"": 270, ""internal_cost_expected"": 162, ""internal_cost_high"": 230, ""internal_cost_low"": 81, ""policy_score"": 158.7}, {""comp_code"": ""rooftop_f_and_b_credit"", ""comp_label"": ""Calabra or Palma dining credit"", ""guest_facing_value"": 180, ""internal_cost_expected"": 72, ""internal_cost_high"": 108, ""internal_cost_low"": 45, ""policy_score"": 122.49}]","{""fit_score"": 0.963, ""leakage_penalty"": 22.5, ""operational_penalty"": 143.38, ""perceived_value"": 504.0, ""policy_score"": 367.17}","Internal cost is a policy range, not observed property margin. | Guest relationship value and recovery value are synthetic scenario inputs. | Public context cannot substitute for live occupancy, inventory, or approved hotel policy.","Recommend $360 room upgrade for a new guest with a severity 4 room assignment expectation gap reported before checkout. Estimated internal cost is $29-$234, not an observed property margin. Rationale: hotel responsible failure, high severity issue, recoverable before checkout, high perceived value lower estimated cost. Recommendation stability is 100%. The closest alternative was $270 future-stay credit; the recommended gesture scored better on recovery fit, estimated cost, and operational constraints."
rec_00115,case_00115,TKT000115,PMS000002,loyalty_guest,business_traveler,1420,2556,1.0,0.95,ltv_imputed;no_review_or_survey,room_assignment_expectation_gap,outcome,3,0.74,true,0.507,Santa Monica Proper Hotel,true,true,true,true,true,0.88,observed_public_property_context,0.68,0.28,sample_seed_review_taxonomy_prior,0.22,0.064,0.271,false,0.32,sample_seed_local_demand_context,0.356,false,710,665,1.068,112,1.026,0.92,sample_seed_public_rate_shape,0.2,true,amenity_gesture,65,29,room_upgrade,room upgrade,300,75,24,195,235,3,56.12,0.421,0.501,0.528,178,false,1.0,moderate,smp-public-context-v1.0.0,high_guest_relationship_value;hotel_responsible_failure;recoverable_before_checkout;high_perceived_value_lower_estimated_cost,,"[{""comp_code"": ""rooftop_f_and_b_credit"", ""comp_label"": ""Calabra or Palma dining credit"", ""guest_facing_value"": 150, ""internal_cost_expected"": 60, ""internal_cost_high"": 90, ""internal_cost_low"": 38, ""policy_score"": 89.64}, {""comp_code"": ""lobby_lounge_credit"", ""comp_label"": ""Palma lounge credit"", ""guest_facing_value"": 100, ""internal_cost_expected"": 38, ""internal_cost_high"": 55, ""internal_cost_low"": 25, ""policy_score"": 60.34}]","{""fit_score"": 0.963, ""leakage_penalty"": 30.0, ""operational_penalty"": 27.89, ""perceived_value"": 420.0, ""policy_score"": 367.26}","Internal cost is a policy range, not observed property margin. | Guest relationship value and recovery value are synthetic scenario inputs. | Public context cannot substitute for live occupancy, inventory, or approved hotel policy.","Recommend $300 room upgrade for a loyalty guest with a severity 3 room assignment expectation gap reported before checkout. Estimated internal cost is $24-$195, not an observed property margin. Rationale: high guest relationship value, hotel responsible failure, recoverable before checkout, high perceived value lower estimated cost. Recommendation stability is 100%. The closest alternative was $150 Calabra or Palma dining credit; the recommended gesture scored better on recovery fit, estimated cost, and operational constraints."
rec_00116,case_00116,TKT000116,PMS001322,loyalty_guest,wellness_getaway,3450,21150,1.0,0.95,severity_inferred;no_review_or_survey,noise_disruption,process,2,0.48,false,0.928,Santa Monica Proper Hotel,true,true,true,true,true,0.88,observed_public_property_context,0.62,0.28,sample_seed_review_taxonomy_prior,0.7,0.153,0.602,false,0.32,sample_seed_local_demand_context,1.0,true,935,870,1.075,280,1.299,0.92,sample_seed_public_rate_shape,0,true,partial_room_refund,0,0,spa_wellness_credit,Surya Spa or Recovery Suite credit,275,151,82,206,275,3,47.73,0.245,0.381,0.424,617,false,0.963,moderate,smp-public-context-v1.0.0,high_guest_relationship_value;high_perceived_value_lower_estimated_cost,,"[{""comp_code"": ""rooftop_f_and_b_credit"", ""comp_label"": ""Calabra or Palma dining credit"", ""guest_facing_value"": 150, ""internal_cost_expected"": 60, ""internal_cost_high"": 90, ""internal_cost_low"": 38, ""policy_score"": 181.51}, {""comp_code"": ""lobby_lounge_credit"", ""comp_label"": ""Palma lounge credit"", ""guest_facing_value"": 100, ""internal_cost_expected"": 38, ""internal_cost_high"": 55, ""internal_cost_low"": 25, ""policy_score"": 150.65}]","{""fit_score"": 0.718, ""leakage_penalty"": 37.75, ""operational_penalty"": 0.0, ""perceived_value"": 371.25, ""policy_score"": 322.99}","Internal cost is a policy range, not observed property margin. | Guest relationship value and recovery value are synthetic scenario inputs. | Public context cannot substitute for live occupancy, inventory, or approved hotel policy.","Recommend $275 Surya Spa or Recovery Suite credit for a loyalty guest with a severity 2 noise disruption reported after checkout. Estimated internal cost is $82-$206, not an observed property margin. Rationale: high guest relationship value, high perceived value lower estimated cost. Recommendation stability is 96%. The closest alternative was $150 Calabra or Palma dining credit; the recommended gesture scored better on recovery fit, estimated cost, and operational constraints."
rec_00117,case_00117,TKT000117,PMS000493,returning_guest,wellness_getaway,2790,8180,1.0,0.95,no_review_or_survey;no_comp_record,f_and_b_service_lapse,process,3,0.7,true,0.701,Santa Monica Proper Hotel,true,true,true,true,true,0.88,observed_public_property_context,0.6,0.28,sample_seed_review_taxonomy_prior,0.22,0.173,0.241,false,0.32,sample_seed_local_demand_context,0.692,false,795,800,0.994,185,1.151,0.92,sample_seed_public_rate_shape,0,false,,0,0,rooftop_f_and_b_credit,Calabra or Palma dining credit,150,60,38,90,150,3,54.78,0.15,0.479,0.51,401,false,1.0,high,smp-public-context-v1.0.0,hotel_responsible_failure;recoverable_before_checkout;high_perceived_value_lower_estimated_cost,,"[{""comp_code"": ""spa_wellness_credit"", ""comp_label"": ""Surya Spa or Recovery Suite credit"", ""guest_facing_value"": 275, ""internal_cost_expected"": 151, ""internal_cost_high"": 206, ""internal_cost_low"": 82, ""policy_score"": 80.71}, {""comp_code"": ""lobby_lounge_credit"", ""comp_label"": ""Palma lounge credit"", ""guest_facing_value"": 100, ""internal_cost_expected"": 38, ""internal_cost_high"": 55, ""internal_cost_low"": 25, ""policy_score"": 65.48}]","{""fit_score"": 1.05, ""leakage_penalty"": 15.0, ""operational_penalty"": 0.0, ""perceived_value"": 187.5, ""policy_score"": 198.1}","Internal cost is a policy range, not observed property margin. | Guest relationship value and recovery value are synthetic scenario inputs. | Public context cannot substitute for live occupancy, inventory, or approved hotel policy.","Recommend $150 Calabra or Palma dining credit for a returning guest with a severity 3 F&B service lapse reported before checkout. Estimated internal cost is $38-$90, not an observed property margin. Rationale: hotel responsible failure, recoverable before checkout, high perceived value lower estimated cost. Recommendation stability is 100%. The closest alternative was $275 Surya Spa or Recovery Suite credit; the recommended gesture scored better on recovery fit, estimated cost, and operational constraints."
rec_00118,case_00118,TKT000118,PMS001325,new_guest,coastal_weekend,4020,7380,0.78,0.95,no_comp_record,room_assignment_expectation_gap,outcome,4,0.79,true,0.666,Santa Monica Proper Hotel,true,true,true,true,true,0.88,observed_public_property_context,0.68,0.28,sample_seed_review_taxonomy_prior,0.48,0.074,0.37,false,0.32,sample_seed_local_demand_context,0.158,false,660,705,0.936,76,0.926,0.92,sample_seed_public_rate_shape,0,false,,0,0,room_upgrade,room upgrade,360,90,29,234,360,4,64.73,0.154,0.526,0.581,584,false,1.0,high,smp-public-context-v1.0.0,hotel_responsible_failure;high_severity_issue;recoverable_before_checkout;high_perceived_value_lower_estimated_cost,,"[{""comp_code"": ""future_stay_credit"", ""comp_label"": ""future-stay credit"", ""guest_facing_value"": 235, ""internal_cost_expected"": 141, ""internal_cost_high"": 200, ""internal_cost_low"": 70, ""policy_score"": 139.18}, {""comp_code"": ""rooftop_f_and_b_credit"", ""comp_label"": ""Calabra or Palma dining credit"", ""guest_facing_value"": 180, ""internal_cost_expected"": 72, ""internal_cost_high"": 108, ""internal_cost_low"": 45, ""policy_score"": 123.3}]","{""fit_score"": 0.963, ""leakage_penalty"": 22.5, ""operational_penalty"": 36.63, ""perceived_value"": 504.0, ""policy_score"": 477.17}","Internal cost is a policy range, not observed property margin. | Guest relationship value and recovery value are synthetic scenario inputs. | Public context cannot substitute for live occupancy, inventory, or approved hotel policy.","Recommend $360 room upgrade for a new guest with a severity 4 room assignment expectation gap reported before checkout. Estimated internal cost is $29-$234, not an observed property margin. Rationale: hotel responsible failure, high severity issue, recoverable before checkout, high perceived value lower estimated cost. Recommendation stability is 100%. The closest alternative was $235 future-stay credit; the recommended gesture scored better on recovery fit, estimated cost, and operational constraints."
rec_00119,case_00119,TKT000119,PMS000974,vip_guest,design_leisure,3640,20510,1.0,0.95,no_comp_record,maintenance_issue,outcome,4,0.83,false,0.639,Santa Monica Proper Hotel,true,true,true,true,true,0.88,observed_public_property_context,0.69,0.28,sample_seed_review_taxonomy_prior,0.48,0.132,0.443,false,0.32,sample_seed_local_demand_context,0.514,false,750,745,1.007,145,1.078,0.92,sample_seed_public_rate_shape,0,false,,0,0,future_stay_credit,future-stay credit,320,192,96,272,320,4,74.33,0.199,0.529,0.625,966,false,1.0,high,smp-public-context-v1.0.0,high_guest_relationship_value;hotel_responsible_failure;high_severity_issue,,"[{""comp_code"": ""spa_wellness_credit"", ""comp_label"": ""Surya Spa or Recovery Suite credit"", ""guest_facing_value"": 330, ""internal_cost_expected"": 182, ""internal_cost_high"": 248, ""internal_cost_low"": 99, ""policy_score"": 231.34}, {""comp_code"": ""room_upgrade"", ""comp_label"": ""room upgrade"", ""guest_facing_value"": 360, ""internal_cost_expected"": 90, ""internal_cost_high"": 234, ""internal_cost_low"": 29, ""policy_score"": 160.78}]","{""fit_score"": 0.78, ""leakage_penalty"": 48.0, ""operational_penalty"": 0.0, ""perceived_value"": 384.0, ""policy_score"": 300.81}","Internal cost is a policy range, not observed property margin. | Guest relationship value and recovery value are synthetic scenario inputs. | Public context cannot substitute for live occupancy, inventory, or approved hotel policy.","Recommend $320 future-stay credit for a vip guest with a severity 4 maintenance issue reported after checkout. Estimated internal cost is $96-$272, not an observed property margin. Rationale: high guest relationship value, hotel responsible failure, high severity issue. Recommendation stability is 100%. The closest alternative was $330 Surya Spa or Recovery Suite credit; the recommended gesture scored better on recovery fit, estimated cost, and operational constraints."
rec_00120,case_00120,TKT000120,PMS000162,returning_guest,family_beach_trip,6230,23220,1.0,0.95,severity_inferred;no_review_or_survey;no_comp_record,billing_or_fee_dispute,process,2,0.55,false,0.464,Santa Monica Proper Hotel,true,true,true,true,true,0.88,observed_public_property_context,0.58,0.28,sample_seed_review_taxonomy_prior,0.22,0.159,0.228,false,0.32,sample_seed_local_demand_context,0.613,false,775,775,1.0,166,1.117,0.92,sample_seed_public_rate_shape,0,false,,0,0,parking_fee_waiver,parking or destination-fee waiver,85,15,7,30,85,3,48.62,0.017,0.37,0.422,880,false,0.963,moderate,smp-public-context-v1.0.0,high_perceived_value_lower_estimated_cost,,"[{""comp_code"": ""rooftop_f_and_b_credit"", ""comp_label"": ""Calabra or Palma dining credit"", ""guest_facing_value"": 150, ""internal_cost_expected"": 60, ""internal_cost_high"": 90, ""internal_cost_low"": 38, ""policy_score"": 93.91}, {""comp_code"": ""lobby_lounge_credit"", ""comp_label"": ""Palma lounge credit"", ""guest_facing_value"": 100, ""internal_cost_expected"": 38, ""internal_cost_high"": 55, ""internal_cost_low"": 25, ""policy_score"": 86.44}]","{""fit_score"": 0.683, ""leakage_penalty"": 3.75, ""operational_penalty"": 0.0, ""perceived_value"": 97.75, ""policy_score"": 108.29}","Internal cost is a policy range, not observed property margin. | Guest relationship value and recovery value are synthetic scenario inputs. | Public context cannot substitute for live occupancy, inventory, or approved hotel policy.","Recommend $85 parking or destination-fee waiver for a returning guest with a severity 2 billing or fee dispute reported after checkout. Estimated internal cost is $7-$30, not an observed property margin. Rationale: high perceived value lower estimated cost. Recommendation stability is 96%. The closest alternative was $150 Calabra or Palma dining credit; the recommended gesture scored better on recovery fit, estimated cost, and operational constraints."
rec_00121,case_00121,TKT000121,PMS000986,new_guest,business_traveler,2040,3672,1.0,0.95,ltv_imputed,room_assignment_expectation_gap,outcome,3,0.74,true,0.911,Santa Monica Proper Hotel,true,true,true,true,true,0.88,observed_public_property_context,0.68,0.28,sample_seed_review_taxonomy_prior,0.7,0.039,0.568,false,0.32,sample_seed_local_demand_context,1.0,true,965,925,1.043,290,1.291,0.92,sample_seed_public_rate_shape,0.2,false,late_checkout,80,16,rooftop_f_and_b_credit,Calabra or Palma dining credit,150,60,38,90,70,3,53.28,0.248,0.39,0.454,242,false,1.0,moderate,smp-public-context-v1.0.0,hotel_responsible_failure;recoverable_before_checkout;high_perceived_value_lower_estimated_cost;public_rate_pressure_changed_recovery,"Public rate pressure changed the recommendation: without this signal, the model would prefer room upgrade at $300.","[{""comp_code"": ""lobby_lounge_credit"", ""comp_label"": ""Palma lounge credit"", ""guest_facing_value"": 100, ""internal_cost_expected"": 38, ""internal_cost_high"": 55, ""internal_cost_low"": 25, ""policy_score"": 147.3}, {""comp_code"": ""spa_wellness_credit"", ""comp_label"": ""Surya Spa or Recovery Suite credit"", ""guest_facing_value"": 275, ""internal_cost_expected"": 151, ""internal_cost_high"": 206, ""internal_cost_low"": 82, ""policy_score"": 145.22}]","{""fit_score"": 0.537, ""leakage_penalty"": 24.0, ""operational_penalty"": 0.0, ""perceived_value"": 187.5, ""policy_score"": 176.01}","Internal cost is a policy range, not observed property margin. | Guest relationship value and recovery value are synthetic scenario inputs. | Public context cannot substitute for live occupancy, inventory, or approved hotel policy.","Recommend $150 Calabra or Palma dining credit for a new guest with a severity 3 room assignment expectation gap reported before checkout. Estimated internal cost is $38-$90, not an observed property margin. Rationale: hotel responsible failure, recoverable before checkout, high perceived value lower estimated cost, public rate pressure changed recovery. Recommendation stability is 100%. The closest alternative was $100 Palma lounge credit; the recommended gesture scored better on recovery fit, estimated cost, and operational constraints."
rec_00122,case_00122,TKT000122,PMS000523,returning_guest,coastal_weekend,750,2070,1.0,0.95,no_review_or_survey,maintenance_issue,outcome,5,0.83,true,0.783,Santa Monica Proper Hotel,true,true,true,true,true,0.88,observed_public_property_context,0.69,0.28,sample_seed_review_taxonomy_prior,0.22,0.071,0.229,false,0.32,sample_seed_local_demand_context,0.296,false,695,690,1.007,101,0.986,0.92,sample_seed_public_rate_shape,0,false,rooftop_f_and_b_credit,130,52,spa_wellness_credit,Surya Spa or Recovery Suite credit,330,182,99,248,200,4,74.1,1,0.712,0.725,143,false,1.0,high,smp-public-context-v1.0.0,hotel_responsible_failure;high_severity_issue;high_review_risk;recoverable_before_checkout;high_perceived_value_lower_estimated_cost,,"[{""comp_code"": ""future_stay_credit"", ""comp_label"": ""future-stay credit"", ""guest_facing_value"": 260, ""internal_cost_expected"": 156, ""internal_cost_high"": 221, ""internal_cost_low"": 78, ""policy_score"": 164.22}, {""comp_code"": ""rooftop_f_and_b_credit"", ""comp_label"": ""Calabra or Palma dining credit"", ""guest_facing_value"": 180, ""internal_cost_expected"": 72, ""internal_cost_high"": 108, ""internal_cost_low"": 45, ""policy_score"": 130.38}]","{""fit_score"": 0.521, ""leakage_penalty"": 45.5, ""operational_penalty"": 0.0, ""perceived_value"": 445.5, ""policy_score"": 231.01}","Internal cost is a policy range, not observed property margin. | Guest relationship value and recovery value are synthetic scenario inputs. | Public context cannot substitute for live occupancy, inventory, or approved hotel policy.","Recommend $330 Surya Spa or Recovery Suite credit for a returning guest with a severity 5 maintenance issue reported before checkout. Estimated internal cost is $99-$248, not an observed property margin. Rationale: hotel responsible failure, high severity issue, high review risk, recoverable before checkout. Recommendation stability is 100%. The closest alternative was $260 future-stay credit; the recommended gesture scored better on recovery fit, estimated cost, and operational constraints."
rec_00123,case_00123,TKT000123,PMS001465,new_guest,local_staycation,4260,7668,1.0,0.95,ltv_imputed,room_readiness_delay,outcome,5,0.93,true,0.478,Santa Monica Proper Hotel,true,true,true,true,true,0.88,observed_public_property_context,0.74,0.28,sample_seed_review_taxonomy_prior,0.48,0.054,0.443,false,0.32,sample_seed_local_demand_context,0.593,false,770,700,1.1,162,1.134,0.92,sample_seed_public_rate_shape,0,false,future_stay_credit,350,210,room_upgrade,room upgrade,360,90,29,234,10,4,75.55,0.125,0.655,0.7,718,false,1.0,moderate,smp-public-context-v1.0.0,hotel_responsible_failure;high_severity_issue;recoverable_before_checkout;high_perceived_value_lower_estimated_cost,,"[{""comp_code"": ""rooftop_f_and_b_credit"", ""comp_label"": ""Calabra or Palma dining credit"", ""guest_facing_value"": 180, ""internal_cost_expected"": 72, ""internal_cost_high"": 108, ""internal_cost_low"": 45, ""policy_score"": 216.47}, {""comp_code"": ""late_checkout"", ""comp_label"": ""late checkout"", ""guest_facing_value"": 100, ""internal_cost_expected"": 20, ""internal_cost_high"": 45, ""internal_cost_low"": 8, ""policy_score"": 213.75}]","{""fit_score"": 0.514, ""leakage_penalty"": 22.5, ""operational_penalty"": 29.35, ""perceived_value"": 504.0, ""policy_score"": 251.68}","Internal cost is a policy range, not observed property margin. | Guest relationship value and recovery value are synthetic scenario inputs. | Public context cannot substitute for live occupancy, inventory, or approved hotel policy.","Recommend $360 room upgrade for a new guest with a severity 5 room readiness delay reported before checkout. Estimated internal cost is $29-$234, not an observed property margin. Rationale: hotel responsible failure, high severity issue, recoverable before checkout, high perceived value lower estimated cost. Recommendation stability is 100%. The closest alternative was $180 Calabra or Palma dining credit; the recommended gesture scored better on recovery fit, estimated cost, and operational constraints."
rec_00124,case_00124,TKT000124,PMS001448,loyalty_guest,wellness_getaway,680,3710,1.0,0.95,severity_inferred;no_comp_record,maintenance_issue,outcome,3,0.78,false,0.696,Santa Monica Proper Hotel,true,true,true,true,true,0.88,observed_public_property_context,0.69,0.28,sample_seed_review_taxonomy_prior,0.48,0.531,0.491,false,0.32,sample_seed_local_demand_context,0.217,false,675,625,1.08,86,0.971,0.92,sample_seed_public_rate_shape,0,false,,0,0,spa_wellness_credit,Surya Spa or Recovery Suite credit,330,182,99,248,330,4,58.76,1,0.457,0.516,140,false,1.0,moderate,smp-public-context-v1.0.0,high_guest_relationship_value;hotel_responsible_failure;high_perceived_value_lower_estimated_cost,,"[{""comp_code"": ""future_stay_credit"", ""comp_label"": ""future-stay credit"", ""guest_facing_value"": 240, ""internal_cost_expected"": 144, ""internal_cost_high"": 204, ""internal_cost_low"": 72, ""policy_score"": 136.13}, {""comp_code"": ""rooftop_f_and_b_credit"", ""comp_label"": ""Calabra or Palma dining credit"", ""guest_facing_value"": 180, ""internal_cost_expected"": 72, ""internal_cost_high"": 108, ""internal_cost_low"": 45, ""policy_score"": 118.79}]","{""fit_score"": 0.521, ""leakage_penalty"": 45.5, ""operational_penalty"": 0.0, ""perceived_value"": 445.5, ""policy_score"": 208.74}","Internal cost is a policy range, not observed property margin. | Guest relationship value and recovery value are synthetic scenario inputs. | Public context cannot substitute for live occupancy, inventory, or approved hotel policy.","Recommend $330 Surya Spa or Recovery Suite credit for a loyalty guest with a severity 3 maintenance issue reported after checkout. Estimated internal cost is $99-$248, not an observed property margin. Rationale: high guest relationship value, hotel responsible failure, high perceived value lower estimated cost. Recommendation stability is 100%. The closest alternative was $240 future-stay credit; the recommended gesture scored better on recovery fit, estimated cost, and operational constraints."
rec_00125,case_00125,TKT000125,PMS001292,new_guest,event_or_wedding,2360,3600,1.0,0.95,,f_and_b_service_lapse,process,4,0.75,true,0.99,Santa Monica Proper Hotel,true,true,true,true,true,0.88,observed_public_property_context,0.6,0.28,sample_seed_review_taxonomy_prior,0.7,0.327,0.629,false,0.32,sample_seed_local_demand_context,1.0,true,895,890,1.006,268,1.282,0.92,sample_seed_public_rate_shape,0.2,true,room_upgrade,275,69,rooftop_f_and_b_credit,Calabra or Palma dining credit,180,72,45,108,-95,4,59.14,0.242,0.456,0.517,298,false,1.0,high,smp-public-context-v1.0.0,hotel_responsible_failure;high_severity_issue;recoverable_before_checkout;high_perceived_value_lower_estimated_cost,,"[{""comp_code"": ""lobby_lounge_credit"", ""comp_label"": ""Palma lounge credit"", ""guest_facing_value"": 120, ""internal_cost_expected"": 46, ""internal_cost_high"": 66, ""internal_cost_low"": 30, ""policy_score"": 161.1}, {""comp_code"": ""spa_wellness_credit"", ""comp_label"": ""Surya Spa or Recovery Suite credit"", ""guest_facing_value"": 330, ""internal_cost_expected"": 182, ""internal_cost_high"": 248, ""internal_cost_low"": 99, ""policy_score"": 159.75}]","{""fit_score"": 1.05, ""leakage_penalty"": 28.8, ""operational_penalty"": 0.0, ""perceived_value"": 225.0, ""policy_score"": 319.96}","Internal cost is a policy range, not observed property margin. | Guest relationship value and recovery value are synthetic scenario inputs. | Public context cannot substitute for live occupancy, inventory, or approved hotel policy.","Recommend $180 Calabra or Palma dining credit for a new guest with a severity 4 F&B service lapse reported before checkout. Estimated internal cost is $45-$108, not an observed property margin. Rationale: hotel responsible failure, high severity issue, recoverable before checkout, high perceived value lower estimated cost. Recommendation stability is 100%. The closest alternative was $120 Palma lounge credit; the recommended gesture scored better on recovery fit, estimated cost, and operational constraints."
rec_00126,case_00126,TKT000126,PMS000418,new_guest,business_traveler,5040,6920,0.78,0.95,no_review_or_survey,noise_disruption,process,3,0.48,true,0.597,Santa Monica Proper Hotel,true,true,true,true,true,0.88,observed_public_property_context,0.62,0.28,sample_seed_review_taxonomy_prior,0.22,0.06,0.231,false,0.32,sample_seed_local_demand_context,0.751,true,810,660,1.227,199,1.232,0.92,sample_seed_public_rate_shape,0.2,true,rooftop_f_and_b_credit,175,70,spa_wellness_credit,Surya Spa or Recovery Suite credit,275,151,82,206,100,3,50.92,0.283,0.485,0.496,534,false,0.963,high,smp-public-context-v1.0.0,recoverable_before_checkout;high_perceived_value_lower_estimated_cost,,"[{""comp_code"": ""rooftop_f_and_b_credit"", ""comp_label"": ""Calabra or Palma dining credit"", ""guest_facing_value"": 150, ""internal_cost_expected"": 60, ""internal_cost_high"": 90, ""internal_cost_low"": 38, ""policy_score"": 152.57}, {""comp_code"": ""lobby_lounge_credit"", ""comp_label"": ""Palma lounge credit"", ""guest_facing_value"": 100, ""internal_cost_expected"": 38, ""internal_cost_high"": 55, ""internal_cost_low"": 25, ""policy_score"": 124.35}]","{""fit_score"": 0.718, ""leakage_penalty"": 60.4, ""operational_penalty"": 0.0, ""perceived_value"": 371.25, ""policy_score"": 283.7}","Internal cost is a policy range, not observed property margin. | Guest relationship value and recovery value are synthetic scenario inputs. | Public context cannot substitute for live occupancy, inventory, or approved hotel policy.","Recommend $275 Surya Spa or Recovery Suite credit for a new guest with a severity 3 noise disruption reported before checkout. Estimated internal cost is $82-$206, not an observed property margin. Rationale: recoverable before checkout, high perceived value lower estimated cost. Recommendation stability is 96%. The closest alternative was $150 Calabra or Palma dining credit; the recommended gesture scored better on recovery fit, estimated cost, and operational constraints."
rec_00127,case_00127,TKT000127,PMS001145,new_guest,family_beach_trip,1340,2180,1.0,0.95,no_review_or_survey;no_comp_record,room_assignment_expectation_gap,outcome,3,0.74,true,0.483,Santa Monica Proper Hotel,true,true,true,true,true,0.88,observed_public_property_context,0.68,0.28,sample_seed_review_taxonomy_prior,0.22,0.163,0.245,false,0.32,sample_seed_local_demand_context,0.059,false,635,570,1.114,59,0.913,0.92,sample_seed_public_rate_shape,0,false,,0,0,room_upgrade,room upgrade,300,75,24,195,300,3,53.83,0.481,0.501,0.518,156,false,1.0,high,smp-public-context-v1.0.0,hotel_responsible_failure;recoverable_before_checkout;high_perceived_value_lower_estimated_cost,,"[{""comp_code"": ""rooftop_f_and_b_credit"", ""comp_label"": ""Calabra or Palma dining credit"", ""guest_facing_value"": 150, ""internal_cost_expected"": 60, ""internal_cost_high"": 90, ""internal_cost_low"": 38, ""policy_score"": 97.19}, {""comp_code"": ""spa_wellness_credit"", ""comp_label"": ""Surya Spa or Recovery Suite credit"", ""guest_facing_value"": 275, ""internal_cost_expected"": 151, ""internal_cost_high"": 206, ""internal_cost_low"": 82, ""policy_score"": 80.08}]","{""fit_score"": 0.963, ""leakage_penalty"": 18.75, ""operational_penalty"": 26.56, ""perceived_value"": 420.0, ""policy_score"": 374.04}","Internal cost is a policy range, not observed property margin. | Guest relationship value and recovery value are synthetic scenario inputs. | Public context cannot substitute for live occupancy, inventory, or approved hotel policy.","Recommend $300 room upgrade for a new guest with a severity 3 room assignment expectation gap reported before checkout. Estimated internal cost is $24-$195, not an observed property margin. Rationale: hotel responsible failure, recoverable before checkout, high perceived value lower estimated cost. Recommendation stability is 100%. The closest alternative was $150 Calabra or Palma dining credit; the recommended gesture scored better on recovery fit, estimated cost, and operational constraints."
rec_00128,case_00128,TKT000128,PMS000457,new_guest,coastal_weekend,1800,2730,1.0,0.95,no_review_or_survey,housekeeping_miss,outcome,3,0.9,true,0.53,Santa Monica Proper Hotel,true,true,true,true,true,0.88,observed_public_property_context,0.72,0.28,sample_seed_review_taxonomy_prior,0.48,0.077,0.366,false,0.32,sample_seed_local_demand_context,0.514,false,750,730,1.027,145,1.083,0.92,sample_seed_public_rate_shape,0.2,false,late_checkout,75,15,rooftop_f_and_b_credit,Calabra or Palma dining credit,150,60,38,90,75,3,57.24,0.273,0.513,0.54,220,false,1.0,high,smp-public-context-v1.0.0,hotel_responsible_failure;recoverable_before_checkout;high_perceived_value_lower_estimated_cost,,"[{""comp_code"": ""lobby_lounge_credit"", ""comp_label"": ""Palma lounge credit"", ""guest_facing_value"": 100, ""internal_cost_expected"": 38, ""internal_cost_high"": 55, ""internal_cost_low"": 25, ""policy_score"": 60.82}, {""comp_code"": ""spa_wellness_credit"", ""comp_label"": ""Surya Spa or Recovery Suite credit"", ""guest_facing_value"": 275, ""internal_cost_expected"": 151, ""internal_cost_high"": 206, ""internal_cost_low"": 82, ""policy_score"": 59.72}]","{""fit_score"": 0.537, ""leakage_penalty"": 24.0, ""operational_penalty"": 0.0, ""perceived_value"": 187.5, ""policy_score"": 90.34}","Internal cost is a policy range, not observed property margin. | Guest relationship value and recovery value are synthetic scenario inputs. | Public context cannot substitute for live occupancy, inventory, or approved hotel policy.","Recommend $150 Calabra or Palma dining credit for a new guest with a severity 3 housekeeping miss reported before checkout. Estimated internal cost is $38-$90, not an observed property margin. Rationale: hotel responsible failure, recoverable before checkout, high perceived value lower estimated cost. Recommendation stability is 100%. The closest alternative was $100 Palma lounge credit; the recommended gesture scored better on recovery fit, estimated cost, and operational constraints."
rec_00129,case_00129,TKT000129,PMS000872,new_guest,design_leisure,1200,2160,1.0,0.95,ltv_imputed,spa_wellness_service_issue,process,3,0.74,false,0.609,Santa Monica Proper Hotel,true,true,true,true,true,0.88,observed_public_property_context,0.64,0.28,sample_seed_review_taxonomy_prior,0.48,0.113,0.41,false,0.32,sample_seed_local_demand_context,0.791,true,820,760,1.079,208,1.212,0.92,sample_seed_public_rate_shape,0,true,lobby_lounge_credit,115,44,spa_wellness_credit,Surya Spa or Recovery Suite credit,275,151,82,206,160,3,53.57,1,0.443,0.485,143,false,1.0,moderate,smp-public-context-v1.0.0,hotel_responsible_failure;high_perceived_value_lower_estimated_cost,,"[{""comp_code"": ""rooftop_f_and_b_credit"", ""comp_label"": ""Calabra or Palma dining credit"", ""guest_facing_value"": 150, ""internal_cost_expected"": 60, ""internal_cost_high"": 90, ""internal_cost_low"": 38, ""policy_score"": 166.76}, {""comp_code"": ""lobby_lounge_credit"", ""comp_label"": ""Palma lounge credit"", ""guest_facing_value"": 100, ""internal_cost_expected"": 38, ""internal_cost_high"": 55, ""internal_cost_low"": 25, ""policy_score"": 134.7}]","{""fit_score"": 1.043, ""leakage_penalty"": 37.75, ""operational_penalty"": 0.0, ""perceived_value"": 371.25, ""policy_score"": 438.9}","Internal cost is a policy range, not observed property margin. | Guest relationship value and recovery value are synthetic scenario inputs. | Public context cannot substitute for live occupancy, inventory, or approved hotel policy.","Recommend $275 Surya Spa or Recovery Suite credit for a new guest with a severity 3 spa/wellness service issue reported after checkout. Estimated internal cost is $82-$206, not an observed property margin. Rationale: hotel responsible failure, high perceived value lower estimated cost. Recommendation stability is 100%. The closest alternative was $150 Calabra or Palma dining credit; the recommended gesture scored better on recovery fit, estimated cost, and operational constraints."
rec_00130,case_00130,TKT000130,PMS000078,vip_guest,wellness_getaway,3280,22850,1.0,0.95,,f_and_b_service_lapse,process,3,0.7,true,0.728,Santa Monica Proper Hotel,true,true,true,true,true,0.88,observed_public_property_context,0.6,0.28,sample_seed_review_taxonomy_prior,0.22,0.081,0.206,false,0.32,sample_seed_local_demand_context,0.0,false,600,625,0.96,48,0.86,0.92,sample_seed_public_rate_shape,0.2,false,rooftop_f_and_b_credit,190,76,rooftop_f_and_b_credit,Calabra or Palma dining credit,180,72,45,108,-10,4,60.15,0.09,0.528,0.561,797,false,1.0,high,smp-public-context-v1.0.0,high_guest_relationship_value;hotel_responsible_failure;recoverable_before_checkout;high_perceived_value_lower_estimated_cost;property_fit_changed_recovery,"Property fit changed the recommendation: without this signal, the model would prefer future-stay credit at $285.","[{""comp_code"": ""future_stay_credit"", ""comp_label"": ""future-stay credit"", ""guest_facing_value"": 285, ""internal_cost_expected"": 171, ""internal_cost_high"": 242, ""internal_cost_low"": 86, ""policy_score"": 218.62}, {""comp_code"": ""lobby_lounge_credit"", ""comp_label"": ""Palma lounge credit"", ""guest_facing_value"": 120, ""internal_cost_expected"": 46, ""internal_cost_high"": 66, ""internal_cost_low"": 30, ""policy_score"": 73.45}]","{""fit_score"": 1.05, ""leakage_penalty"": 28.8, ""operational_penalty"": 0.0, ""perceived_value"": 225.0, ""policy_score"": 233.29}","Internal cost is a policy range, not observed property margin. | Guest relationship value and recovery value are synthetic scenario inputs. | Public context cannot substitute for live occupancy, inventory, or approved hotel policy.","Recommend $180 Calabra or Palma dining credit for a vip guest with a severity 3 F&B service lapse reported before checkout. Estimated internal cost is $45-$108, not an observed property margin. Rationale: high guest relationship value, hotel responsible failure, recoverable before checkout, high perceived value lower estimated cost. Recommendation stability is 100%. The closest alternative was $285 future-stay credit; the recommended gesture scored better on recovery fit, estimated cost, and operational constraints."
rec_00131,case_00131,TKT000131,PMS000247,new_guest,wellness_getaway,2200,3900,1.0,0.95,no_review_or_survey;no_comp_record,room_readiness_delay,outcome,3,0.88,true,0.695,Santa Monica Proper Hotel,true,true,true,true,true,0.88,observed_public_property_context,0.74,0.28,sample_seed_review_taxonomy_prior,0.48,0.061,0.429,false,0.32,sample_seed_local_demand_context,1.0,true,895,875,1.023,268,1.286,0.92,sample_seed_public_rate_shape,0,true,,0,0,rooftop_f_and_b_credit,Calabra or Palma dining credit,150,60,38,90,150,3,57.61,0.214,0.518,0.544,281,false,1.0,moderate,smp-public-context-v1.0.0,hotel_responsible_failure;recoverable_before_checkout;high_perceived_value_lower_estimated_cost;public_rate_pressure_changed_recovery,"Public rate pressure changed the recommendation: without this signal, the model would prefer late checkout at $85.","[{""comp_code"": ""lobby_lounge_credit"", ""comp_label"": ""Palma lounge credit"", ""guest_facing_value"": 100, ""internal_cost_expected"": 38, ""internal_cost_high"": 55, ""internal_cost_low"": 25, ""policy_score"": 188.03}, {""comp_code"": ""spa_wellness_credit"", ""comp_label"": ""Surya Spa or Recovery Suite credit"", ""guest_facing_value"": 275, ""internal_cost_expected"": 151, ""internal_cost_high"": 206, ""internal_cost_low"": 82, ""policy_score"": 170.78}]","{""fit_score"": 0.859, ""leakage_penalty"": 15.0, ""operational_penalty"": 0.0, ""perceived_value"": 187.5, ""policy_score"": 251.79}","Internal cost is a policy range, not observed property margin. | Guest relationship value and recovery value are synthetic scenario inputs. | Public context cannot substitute for live occupancy, inventory, or approved hotel policy.","Recommend $150 Calabra or Palma dining credit for a new guest with a severity 3 room readiness delay reported before checkout. Estimated internal cost is $38-$90, not an observed property margin. Rationale: hotel responsible failure, recoverable before checkout, high perceived value lower estimated cost, public rate pressure changed recovery. Recommendation stability is 100%. The closest alternative was $100 Palma lounge credit; the recommended gesture scored better on recovery fit, estimated cost, and operational constraints."
rec_00132,case_00132,TKT000132,PMS000385,returning_guest,coastal_weekend,4130,8590,0.78,0.95,severity_inferred;no_comp_record,valet_or_parking_delay,process,2,0.62,true,0.68,Santa Monica Proper Hotel,true,true,true,true,true,0.88,observed_public_property_context,0.56,0.18,sample_seed_review_taxonomy_prior,0.48,0.086,0.389,false,0.32,sample_seed_local_demand_context,0.415,false,725,695,1.043,124,1.045,0.92,sample_seed_public_rate_shape,0,false,,0,0,parking_fee_waiver,parking or destination-fee waiver,85,15,7,30,85,3,48.23,0.032,0.374,0.423,464,false,1.0,moderate,smp-public-context-v1.0.0,recoverable_before_checkout;high_perceived_value_lower_estimated_cost,,"[{""comp_code"": ""rooftop_f_and_b_credit"", ""comp_label"": ""Calabra or Palma dining credit"", ""guest_facing_value"": 150, ""internal_cost_expected"": 60, ""internal_cost_high"": 90, ""internal_cost_low"": 38, ""policy_score"": 93.67}, {""comp_code"": ""spa_wellness_credit"", ""comp_label"": ""Surya Spa or Recovery Suite credit"", ""guest_facing_value"": 275, ""internal_cost_expected"": 151, ""internal_cost_high"": 206, ""internal_cost_low"": 82, ""policy_score"": 76.31}]","{""fit_score"": 0.932, ""leakage_penalty"": 3.75, ""operational_penalty"": 0.0, ""perceived_value"": 97.75, ""policy_score"": 132.45}","Internal cost is a policy range, not observed property margin. | Guest relationship value and recovery value are synthetic scenario inputs. | Public context cannot substitute for live occupancy, inventory, or approved hotel policy.","Recommend $85 parking or destination-fee waiver for a returning guest with a severity 2 valet or parking delay reported before checkout. Estimated internal cost is $7-$30, not an observed property margin. Rationale: recoverable before checkout, high perceived value lower estimated cost. Recommendation stability is 100%. The closest alternative was $150 Calabra or Palma dining credit; the recommended gesture scored better on recovery fit, estimated cost, and operational constraints."
rec_00133,case_00133,TKT000133,PMS001454,new_guest,design_leisure,2600,4800,1.0,0.95,no_review_or_survey;no_comp_record,room_assignment_expectation_gap,outcome,4,0.79,true,0.948,Santa Monica Proper Hotel,true,true,true,true,true,0.88,observed_public_property_context,0.68,0.28,sample_seed_review_taxonomy_prior,0.48,0.124,0.461,false,0.32,sample_seed_local_demand_context,1.0,true,880,860,1.023,264,1.286,0.92,sample_seed_public_rate_shape,0,true,,0,0,rooftop_f_and_b_credit,Calabra or Palma dining credit,180,72,45,108,180,4,64.6,0.191,0.605,0.623,377,false,1.0,moderate,smp-public-context-v1.0.0,hotel_responsible_failure;high_severity_issue;recoverable_before_checkout;high_perceived_value_lower_estimated_cost;public_rate_pressure_changed_recovery,"Public rate pressure changed the recommendation: without this signal, the model would prefer room upgrade at $360.","[{""comp_code"": ""spa_wellness_credit"", ""comp_label"": ""Surya Spa or Recovery Suite credit"", ""guest_facing_value"": 330, ""internal_cost_expected"": 182, ""internal_cost_high"": 248, ""internal_cost_low"": 99, ""policy_score"": 191.46}, {""comp_code"": ""lobby_lounge_credit"", ""comp_label"": ""Palma lounge credit"", ""guest_facing_value"": 120, ""internal_cost_expected"": 46, ""internal_cost_high"": 66, ""internal_cost_low"": 30, ""policy_score"": 170.78}]","{""fit_score"": 0.537, ""leakage_penalty"": 18.0, ""operational_penalty"": 0.0, ""perceived_value"": 225.0, ""policy_score"": 211.36}","Internal cost is a policy range, not observed property margin. | Guest relationship value and recovery value are synthetic scenario inputs. | Public context cannot substitute for live occupancy, inventory, or approved hotel policy.","Recommend $180 Calabra or Palma dining credit for a new guest with a severity 4 room assignment expectation gap reported before checkout. Estimated internal cost is $45-$108, not an observed property margin. Rationale: hotel responsible failure, high severity issue, recoverable before checkout, high perceived value lower estimated cost. Recommendation stability is 100%. The closest alternative was $330 Surya Spa or Recovery Suite credit; the recommended gesture scored better on recovery fit, estimated cost, and operational constraints."
rec_00134,case_00134,TKT000134,PMS000242,loyalty_guest,event_or_wedding,1520,7460,1.0,0.95,no_review_or_survey,rooftop_pool_access_issue,process,3,0.64,false,0.658,Santa Monica Proper Hotel,true,true,true,true,true,0.88,observed_public_property_context,0.6,0.28,sample_seed_review_taxonomy_prior,0.7,0.278,0.64,false,0.32,sample_seed_local_demand_context,1.0,true,925,875,1.057,278,1.294,0.92,sample_seed_public_rate_shape,0.2,false,amenity_gesture,65,29,rooftop_f_and_b_credit,Calabra or Palma dining credit,150,60,38,90,85,3,56.22,0.211,0.479,0.516,284,false,1.0,high,smp-public-context-v1.0.0,high_guest_relationship_value;high_perceived_value_lower_estimated_cost,,"[{""comp_code"": ""lobby_lounge_credit"", ""comp_label"": ""Palma lounge credit"", ""guest_facing_value"": 100, ""internal_cost_expected"": 38, ""internal_cost_high"": 55, ""internal_cost_low"": 25, ""policy_score"": 148.55}, {""comp_code"": ""spa_wellness_credit"", ""comp_label"": ""Surya Spa or Recovery Suite credit"", ""guest_facing_value"": 275, ""internal_cost_expected"": 151, ""internal_cost_high"": 206, ""internal_cost_low"": 82, ""policy_score"": 147.19}]","{""fit_score"": 1.026, ""leakage_penalty"": 24.0, ""operational_penalty"": 0.0, ""perceived_value"": 187.5, ""policy_score"": 274.33}","Internal cost is a policy range, not observed property margin. | Guest relationship value and recovery value are synthetic scenario inputs. | Public context cannot substitute for live occupancy, inventory, or approved hotel policy.","Recommend $150 Calabra or Palma dining credit for a loyalty guest with a severity 3 rooftop pool access issue reported after checkout. Estimated internal cost is $38-$90, not an observed property margin. Rationale: high guest relationship value, high perceived value lower estimated cost. Recommendation stability is 100%. The closest alternative was $100 Palma lounge credit; the recommended gesture scored better on recovery fit, estimated cost, and operational constraints."
rec_00135,case_00135,TKT000135,PMS001332,new_guest,event_or_wedding,2670,3780,1.0,0.95,no_comp_record,valet_or_parking_delay,process,4,0.67,true,0.32,Santa Monica Proper Hotel,true,true,true,true,true,0.88,observed_public_property_context,0.56,0.18,sample_seed_review_taxonomy_prior,0.48,0.086,0.425,false,0.32,sample_seed_local_demand_context,0.731,true,805,770,1.045,194,1.178,0.92,sample_seed_public_rate_shape,0,false,,0,0,rooftop_f_and_b_credit,Calabra or Palma dining credit,180,72,45,108,180,4,60.34,0.213,0.565,0.582,338,false,0.889,moderate,smp-public-context-v1.0.0,high_severity_issue;recoverable_before_checkout;high_perceived_value_lower_estimated_cost;public_rate_pressure_changed_recovery;property_fit_changed_recovery,"Public rate pressure changed the recommendation: without this signal, the model would prefer future-stay credit at $310. | Property fit changed the recommendation: without this signal, the model would prefer future-stay credit at $310.","[{""comp_code"": ""future_stay_credit"", ""comp_label"": ""future-stay credit"", ""guest_facing_value"": 310, ""internal_cost_expected"": 186, ""internal_cost_high"": 264, ""internal_cost_low"": 93, ""policy_score"": 177.89}, {""comp_code"": ""spa_wellness_credit"", ""comp_label"": ""Surya Spa or Recovery Suite credit"", ""guest_facing_value"": 330, ""internal_cost_expected"": 182, ""internal_cost_high"": 248, ""internal_cost_low"": 99, ""policy_score"": 164.31}]","{""fit_score"": 0.537, ""leakage_penalty"": 18.0, ""operational_penalty"": 0.0, ""perceived_value"": 225.0, ""policy_score"": 184.43}","Internal cost is a policy range, not observed property margin. | Guest relationship value and recovery value are synthetic scenario inputs. | Public context cannot substitute for live occupancy, inventory, or approved hotel policy.","Recommend $180 Calabra or Palma dining credit for a new guest with a severity 4 valet or parking delay reported before checkout. Estimated internal cost is $45-$108, not an observed property margin. Rationale: high severity issue, recoverable before checkout, high perceived value lower estimated cost, public rate pressure changed recovery. Recommendation stability is 89%. The closest alternative was $310 future-stay credit; the recommended gesture scored better on recovery fit, estimated cost, and operational constraints."
rec_00136,case_00136,TKT000136,PMS000341,loyalty_guest,design_leisure,1340,2412,1.0,0.95,ltv_imputed;no_comp_record,rooftop_pool_access_issue,process,1,0.64,true,0.481,Santa Monica Proper Hotel,true,true,true,true,true,0.88,observed_public_property_context,0.6,0.28,sample_seed_review_taxonomy_prior,0.22,0.126,0.229,false,0.32,sample_seed_local_demand_context,0.178,false,665,635,1.047,79,0.946,0.92,sample_seed_public_rate_shape,0,false,,0,0,rooftop_f_and_b_credit,Calabra or Palma dining credit,135,54,34,81,135,2,34.66,0.519,0.264,0.301,104,false,1.0,moderate,smp-public-context-v1.0.0,high_guest_relationship_value;recoverable_before_checkout;high_perceived_value_lower_estimated_cost,,"[{""comp_code"": ""lobby_lounge_credit"", ""comp_label"": ""Palma lounge credit"", ""guest_facing_value"": 90, ""internal_cost_expected"": 34, ""internal_cost_high"": 50, ""internal_cost_low"": 22, ""policy_score"": 51.73}, {""comp_code"": ""late_checkout"", ""comp_label"": ""late checkout"", ""guest_facing_value"": 75, ""internal_cost_expected"": 15, ""internal_cost_high"": 34, ""internal_cost_low"": 6, ""policy_score"": 39.19}]","{""fit_score"": 1.026, ""leakage_penalty"": 13.5, ""operational_penalty"": 0.0, ""perceived_value"": 168.75, ""policy_score"": 153.09}","Internal cost is a policy range, not observed property margin. | Guest relationship value and recovery value are synthetic scenario inputs. | Public context cannot substitute for live occupancy, inventory, or approved hotel policy.","Recommend $135 Calabra or Palma dining credit for a loyalty guest with a severity 1 rooftop pool access issue reported before checkout. Estimated internal cost is $34-$81, not an observed property margin. Rationale: high guest relationship value, recoverable before checkout, high perceived value lower estimated cost. Recommendation stability is 100%. The closest alternative was $90 Palma lounge credit; the recommended gesture scored better on recovery fit, estimated cost, and operational constraints."
rec_00137,case_00137,TKT000137,PMS000175,vip_guest,coastal_weekend,650,1170,0.58,0.95,low_reservation_match_confidence;severity_inferred;ltv_imputed;no_review_or_survey,room_assignment_expectation_gap,outcome,3,0.74,true,0.573,Santa Monica Proper Hotel,true,true,true,true,true,0.88,observed_public_property_context,0.68,0.28,sample_seed_review_taxonomy_prior,0.22,0.155,0.273,false,0.32,sample_seed_local_demand_context,0.02,false,625,630,0.992,53,0.868,0.92,sample_seed_public_rate_shape,0.12,false,rooftop_f_and_b_credit,160,64,room_upgrade,room upgrade,300,75,24,195,140,3,56.45,0.915,0.501,0.53,82,true,1.0,low,smp-public-context-v1.0.0,high_guest_relationship_value;hotel_responsible_failure;recoverable_before_checkout;high_perceived_value_lower_estimated_cost;manager_review_required,,"[{""comp_code"": ""rooftop_f_and_b_credit"", ""comp_label"": ""Calabra or Palma dining credit"", ""guest_facing_value"": 150, ""internal_cost_expected"": 60, ""internal_cost_high"": 90, ""internal_cost_low"": 38, ""policy_score"": 93.44}, {""comp_code"": ""spa_wellness_credit"", ""comp_label"": ""Surya Spa or Recovery Suite credit"", ""guest_facing_value"": 275, ""internal_cost_expected"": 151, ""internal_cost_high"": 206, ""internal_cost_low"": 82, ""policy_score"": 68.25}]","{""fit_score"": 0.963, ""leakage_penalty"": 25.5, ""operational_penalty"": 31.51, ""perceived_value"": 420.0, ""policy_score"": 368.96}","Internal cost is a policy range, not observed property margin. | Guest relationship value and recovery value are synthetic scenario inputs. | Public context cannot substitute for live occupancy, inventory, or approved hotel policy.","Recommend $300 room upgrade for a vip guest with a severity 3 room assignment expectation gap reported before checkout. Estimated internal cost is $24-$195, not an observed property margin. Rationale: high guest relationship value, hotel responsible failure, recoverable before checkout, high perceived value lower estimated cost. Recommendation stability is 100%. The closest alternative was $150 Calabra or Palma dining credit; the recommended gesture scored better on recovery fit, estimated cost, and operational constraints."
rec_00138,case_00138,TKT000138,PMS000867,loyalty_guest,design_leisure,2010,8720,0.78,0.95,no_review_or_survey;no_comp_record,spa_wellness_service_issue,process,4,0.79,true,0.684,Santa Monica Proper Hotel,true,true,true,true,true,0.88,observed_public_property_context,0.64,0.28,sample_seed_review_taxonomy_prior,0.22,0.055,0.184,false,0.32,sample_seed_local_demand_context,0.336,false,705,670,1.052,109,1.014,0.92,sample_seed_public_rate_shape,0.2,false,,0,0,spa_wellness_credit,Surya Spa or Recovery Suite credit,330,182,99,248,330,4,66.67,0.435,0.594,0.627,418,false,1.0,high,smp-public-context-v1.0.0,high_guest_relationship_value;hotel_responsible_failure;high_severity_issue;recoverable_before_checkout;high_perceived_value_lower_estimated_cost,,"[{""comp_code"": ""future_stay_credit"", ""comp_label"": ""future-stay credit"", ""guest_facing_value"": 235, ""internal_cost_expected"": 141, ""internal_cost_high"": 200, ""internal_cost_low"": 70, ""policy_score"": 119.95}, {""comp_code"": ""rooftop_f_and_b_credit"", ""comp_label"": ""Calabra or Palma dining credit"", ""guest_facing_value"": 180, ""internal_cost_expected"": 72, ""internal_cost_high"": 108, ""internal_cost_low"": 45, ""policy_score"": 113.97}]","{""fit_score"": 1.043, ""leakage_penalty"": 72.8, ""operational_penalty"": 0.0, ""perceived_value"": 445.5, ""policy_score"": 452.25}","Internal cost is a policy range, not observed property margin. | Guest relationship value and recovery value are synthetic scenario inputs. | Public context cannot substitute for live occupancy, inventory, or approved hotel policy.","Recommend $330 Surya Spa or Recovery Suite credit for a loyalty guest with a severity 4 spa/wellness service issue reported before checkout. Estimated internal cost is $99-$248, not an observed property margin. Rationale: high guest relationship value, hotel responsible failure, high severity issue, recoverable before checkout. Recommendation stability is 100%. The closest alternative was $235 future-stay credit; the recommended gesture scored better on recovery fit, estimated cost, and operational constraints."
rec_00139,case_00139,TKT000139,PMS000011,returning_guest,event_or_wedding,750,2400,1.0,0.95,,room_readiness_delay,outcome,3,0.88,true,0.797,Santa Monica Proper Hotel,true,true,true,true,true,0.88,observed_public_property_context,0.74,0.28,sample_seed_review_taxonomy_prior,0.7,0.283,0.641,false,0.32,sample_seed_local_demand_context,0.711,false,800,720,1.111,189,1.187,0.92,sample_seed_public_rate_shape,0.2,false,lobby_lounge_credit,110,42,rooftop_f_and_b_credit,Calabra or Palma dining credit,150,60,38,90,40,3,55.52,0.531,0.423,0.482,113,false,0.963,high,smp-public-context-v1.0.0,hotel_responsible_failure;recoverable_before_checkout;high_perceived_value_lower_estimated_cost;operational_pressure_changed_recovery,"Operational availability changed the recommendation: without this signal, the model would prefer late checkout at $85.","[{""comp_code"": ""late_checkout"", ""comp_label"": ""late checkout"", ""guest_facing_value"": 85, ""internal_cost_expected"": 17, ""internal_cost_high"": 38, ""internal_cost_low"": 7, ""policy_score"": 97.97}, {""comp_code"": ""lobby_lounge_credit"", ""comp_label"": ""Palma lounge credit"", ""guest_facing_value"": 100, ""internal_cost_expected"": 38, ""internal_cost_high"": 55, ""internal_cost_low"": 25, ""policy_score"": 92.87}]","{""fit_score"": 0.859, ""leakage_penalty"": 24.0, ""operational_penalty"": 0.0, ""perceived_value"": 187.5, ""policy_score"": 152.52}","Internal cost is a policy range, not observed property margin. | Guest relationship value and recovery value are synthetic scenario inputs. | Public context cannot substitute for live occupancy, inventory, or approved hotel policy.","Recommend $150 Calabra or Palma dining credit for a returning guest with a severity 3 room readiness delay reported before checkout. Estimated internal cost is $38-$90, not an observed property margin. Rationale: hotel responsible failure, recoverable before checkout, high perceived value lower estimated cost, operational pressure changed recovery. Recommendation stability is 96%. The closest alternative was $85 late checkout; the recommended gesture scored better on recovery fit, estimated cost, and operational constraints."
rec_00140,case_00140,TKT000140,PMS001168,vip_guest,coastal_weekend,890,6510,1.0,0.95,no_review_or_survey;no_comp_record,f_and_b_service_lapse,process,3,0.7,true,0.948,Santa Monica Proper Hotel,true,true,true,true,true,0.88,observed_public_property_context,0.6,0.28,sample_seed_review_taxonomy_prior,0.48,0.124,0.461,false,0.32,sample_seed_local_demand_context,1.0,true,880,860,1.023,264,1.286,0.92,sample_seed_public_rate_shape,0,false,,0,0,rooftop_f_and_b_credit,Calabra or Palma dining credit,150,60,38,90,150,3,55.54,0.291,0.479,0.513,206,false,1.0,high,smp-public-context-v1.0.0,high_guest_relationship_value;hotel_responsible_failure;recoverable_before_checkout;high_perceived_value_lower_estimated_cost,,"[{""comp_code"": ""spa_wellness_credit"", ""comp_label"": ""Surya Spa or Recovery Suite credit"", ""guest_facing_value"": 275, ""internal_cost_expected"": 151, ""internal_cost_high"": 206, ""internal_cost_low"": 82, ""policy_score"": 169.38}, {""comp_code"": ""lobby_lounge_credit"", ""comp_label"": ""Palma lounge credit"", ""guest_facing_value"": 100, ""internal_cost_expected"": 38, ""internal_cost_high"": 55, ""internal_cost_low"": 25, ""policy_score"": 153.96}]","{""fit_score"": 1.05, ""leakage_penalty"": 15.0, ""operational_penalty"": 0.0, ""perceived_value"": 187.5, ""policy_score"": 287.2}","Internal cost is a policy range, not observed property margin. | Guest relationship value and recovery value are synthetic scenario inputs. | Public context cannot substitute for live occupancy, inventory, or approved hotel policy.","Recommend $150 Calabra or Palma dining credit for a vip guest with a severity 3 F&B service lapse reported before checkout. Estimated internal cost is $38-$90, not an observed property margin. Rationale: high guest relationship value, hotel responsible failure, recoverable before checkout, high perceived value lower estimated cost. Recommendation stability is 100%. The closest alternative was $275 Surya Spa or Recovery Suite credit; the recommended gesture scored better on recovery fit, estimated cost, and operational constraints."
rec_00141,case_00141,TKT000141,PMS000236,loyalty_guest,coastal_weekend,1280,5190,1.0,0.95,no_review_or_survey,rooftop_pool_access_issue,process,3,0.64,true,0.737,Santa Monica Proper Hotel,true,true,true,true,true,0.88,observed_public_property_context,0.6,0.28,sample_seed_review_taxonomy_prior,0.22,0.644,0.389,false,0.32,sample_seed_local_demand_context,0.296,false,695,765,0.908,101,0.985,0.92,sample_seed_public_rate_shape,0.2,false,late_checkout,105,21,rooftop_f_and_b_credit,Calabra or Palma dining credit,150,60,38,90,45,3,53.37,0.291,0.479,0.504,206,false,1.0,high,smp-public-context-v1.0.0,high_guest_relationship_value;recoverable_before_checkout;high_perceived_value_lower_estimated_cost,,"[{""comp_code"": ""lobby_lounge_credit"", ""comp_label"": ""Palma lounge credit"", ""guest_facing_value"": 100, ""internal_cost_expected"": 38, ""internal_cost_high"": 55, ""internal_cost_low"": 25, ""policy_score"": 59.18}, {""comp_code"": ""spa_wellness_credit"", ""comp_label"": ""Surya Spa or Recovery Suite credit"", ""guest_facing_value"": 275, ""internal_cost_expected"": 151, ""internal_cost_high"": 206, ""internal_cost_low"": 82, ""policy_score"": 57.12}]","{""fit_score"": 1.026, ""leakage_penalty"": 24.0, ""operational_penalty"": 0.0, ""perceived_value"": 187.5, ""policy_score"": 182.74}","Internal cost is a policy range, not observed property margin. | Guest relationship value and recovery value are synthetic scenario inputs. | Public context cannot substitute for live occupancy, inventory, or approved hotel policy.","Recommend $150 Calabra or Palma dining credit for a loyalty guest with a severity 3 rooftop pool access issue reported before checkout. Estimated internal cost is $38-$90, not an observed property margin. Rationale: high guest relationship value, recoverable before checkout, high perceived value lower estimated cost. Recommendation stability is 100%. The closest alternative was $100 Palma lounge credit; the recommended gesture scored better on recovery fit, estimated cost, and operational constraints."
rec_00142,case_00142,TKT000142,PMS000214,new_guest,business_traveler,1400,2980,1.0,0.95,,noise_disruption,process,4,0.53,true,0.987,Santa Monica Proper Hotel,true,true,true,true,true,0.88,observed_public_property_context,0.62,0.28,sample_seed_review_taxonomy_prior,0.48,0.072,0.374,false,0.32,sample_seed_local_demand_context,1.0,true,885,870,1.017,266,1.284,0.92,sample_seed_public_rate_shape,0.2,false,lobby_lounge_credit,75,28,spa_wellness_credit,Surya Spa or Recovery Suite credit,275,151,82,206,200,3,56.22,0.816,0.566,0.564,185,false,1.0,high,smp-public-context-v1.0.0,high_severity_issue;recoverable_before_checkout;high_perceived_value_lower_estimated_cost,,"[{""comp_code"": ""rooftop_f_and_b_credit"", ""comp_label"": ""Calabra or Palma dining credit"", ""guest_facing_value"": 150, ""internal_cost_expected"": 60, ""internal_cost_high"": 90, ""internal_cost_low"": 38, ""policy_score"": 177.86}, {""comp_code"": ""lobby_lounge_credit"", ""comp_label"": ""Palma lounge credit"", ""guest_facing_value"": 100, ""internal_cost_expected"": 38, ""internal_cost_high"": 55, ""internal_cost_low"": 25, ""policy_score"": 148.55}]","{""fit_score"": 0.718, ""leakage_penalty"": 60.4, ""operational_penalty"": 0.0, ""perceived_value"": 371.25, ""policy_score"": 314.49}","Internal cost is a policy range, not observed property margin. | Guest relationship value and recovery value are synthetic scenario inputs. | Public context cannot substitute for live occupancy, inventory, or approved hotel policy.","Recommend $275 Surya Spa or Recovery Suite credit for a new guest with a severity 4 noise disruption reported before checkout. Estimated internal cost is $82-$206, not an observed property margin. Rationale: high severity issue, recoverable before checkout, high perceived value lower estimated cost. Recommendation stability is 100%. The closest alternative was $150 Calabra or Palma dining credit; the recommended gesture scored better on recovery fit, estimated cost, and operational constraints."
rec_00143,case_00143,TKT000143,PMS000378,loyalty_guest,local_staycation,1240,5360,1.0,0.95,no_review_or_survey;no_comp_record,valet_or_parking_delay,process,2,0.62,true,0.568,Santa Monica Proper Hotel,true,true,true,true,true,0.88,observed_public_property_context,0.56,0.18,sample_seed_review_taxonomy_prior,0.22,0.033,0.178,false,0.32,sample_seed_local_demand_context,0.079,false,640,665,0.962,62,0.893,0.92,sample_seed_public_rate_shape,0,false,,0,0,parking_fee_waiver,parking or destination-fee waiver,85,15,7,30,85,3,43.57,0.089,0.337,0.381,168,false,1.0,high,smp-public-context-v1.0.0,high_guest_relationship_value;recoverable_before_checkout;high_perceived_value_lower_estimated_cost,,"[{""comp_code"": ""rooftop_f_and_b_credit"", ""comp_label"": ""Calabra or Palma dining credit"", ""guest_facing_value"": 150, ""internal_cost_expected"": 60, ""internal_cost_high"": 90, ""internal_cost_low"": 38, ""policy_score"": 90.74}, {""comp_code"": ""spa_wellness_credit"", ""comp_label"": ""Surya Spa or Recovery Suite credit"", ""guest_facing_value"": 275, ""internal_cost_expected"": 151, ""internal_cost_high"": 206, ""internal_cost_low"": 82, ""policy_score"": 73.18}]","{""fit_score"": 0.932, ""leakage_penalty"": 3.75, ""operational_penalty"": 0.0, ""perceived_value"": 97.75, ""policy_score"": 129.8}","Internal cost is a policy range, not observed property margin. | Guest relationship value and recovery value are synthetic scenario inputs. | Public context cannot substitute for live occupancy, inventory, or approved hotel policy.","Recommend $85 parking or destination-fee waiver for a loyalty guest with a severity 2 valet or parking delay reported before checkout. Estimated internal cost is $7-$30, not an observed property margin. Rationale: high guest relationship value, recoverable before checkout, high perceived value lower estimated cost. Recommendation stability is 100%. The closest alternative was $150 Calabra or Palma dining credit; the recommended gesture scored better on recovery fit, estimated cost, and operational constraints."
rec_00144,case_00144,TKT000144,PMS000144,new_guest,local_staycation,620,1180,1.0,0.95,no_comp_record,housekeeping_miss,outcome,4,0.95,true,0.79,Santa Monica Proper Hotel,true,true,true,true,true,0.88,observed_public_property_context,0.72,0.28,sample_seed_review_taxonomy_prior,0.22,0.442,0.36,false,0.32,sample_seed_local_demand_context,0.613,false,775,770,1.006,166,1.119,0.92,sample_seed_public_rate_shape,0,false,,0,0,future_stay_credit,future-stay credit,215,129,64,183,215,4,64.57,1,0.562,0.6,91,false,0.889,high,smp-public-context-v1.0.0,hotel_responsible_failure;high_severity_issue;recoverable_before_checkout,,"[{""comp_code"": ""rooftop_f_and_b_credit"", ""comp_label"": ""Calabra or Palma dining credit"", ""guest_facing_value"": 180, ""internal_cost_expected"": 72, ""internal_cost_high"": 108, ""internal_cost_low"": 45, ""policy_score"": 123.18}, {""comp_code"": ""spa_wellness_credit"", ""comp_label"": ""Surya Spa or Recovery Suite credit"", ""guest_facing_value"": 330, ""internal_cost_expected"": 182, ""internal_cost_high"": 248, ""internal_cost_low"": 99, ""policy_score"": 103.27}]","{""fit_score"": 0.56, ""leakage_penalty"": 32.25, ""operational_penalty"": 0.0, ""perceived_value"": 258.0, ""policy_score"": 127.19}","Internal cost is a policy range, not observed property margin. | Guest relationship value and recovery value are synthetic scenario inputs. | Public context cannot substitute for live occupancy, inventory, or approved hotel policy.","Recommend $215 future-stay credit for a new guest with a severity 4 housekeeping miss reported before checkout. Estimated internal cost is $64-$183, not an observed property margin. Rationale: hotel responsible failure, high severity issue, recoverable before checkout. Recommendation stability is 89%. The closest alternative was $180 Calabra or Palma dining credit; the recommended gesture scored better on recovery fit, estimated cost, and operational constraints."
rec_00145,case_00145,TKT000145,PMS001028,new_guest,business_traveler,790,930,1.0,0.95,no_review_or_survey,housekeeping_miss,outcome,4,0.95,true,0.503,Santa Monica Proper Hotel,true,true,true,true,true,0.88,observed_public_property_context,0.72,0.28,sample_seed_review_taxonomy_prior,0.48,0.085,0.462,false,0.32,sample_seed_local_demand_context,1.0,true,900,910,0.989,270,1.28,0.92,sample_seed_public_rate_shape,0.2,false,spa_wellness_credit,395,217,rooftop_f_and_b_credit,Calabra or Palma dining credit,180,72,45,108,-215,4,66.2,0.686,0.616,0.637,105,false,1.0,moderate,smp-public-context-v1.0.0,hotel_responsible_failure;high_severity_issue;recoverable_before_checkout;high_perceived_value_lower_estimated_cost;public_rate_pressure_changed_recovery,"Public rate pressure changed the recommendation: without this signal, the model would prefer future-stay credit at $275.","[{""comp_code"": ""spa_wellness_credit"", ""comp_label"": ""Surya Spa or Recovery Suite credit"", ""guest_facing_value"": 330, ""internal_cost_expected"": 182, ""internal_cost_high"": 248, ""internal_cost_low"": 99, ""policy_score"": 165.45}, {""comp_code"": ""lobby_lounge_credit"", ""comp_label"": ""Palma lounge credit"", ""guest_facing_value"": 120, ""internal_cost_expected"": 46, ""internal_cost_high"": 66, ""internal_cost_low"": 30, ""policy_score"": 164.69}]","{""fit_score"": 0.537, ""leakage_penalty"": 28.8, ""operational_penalty"": 0.0, ""perceived_value"": 225.0, ""policy_score"": 201.77}","Internal cost is a policy range, not observed property margin. | Guest relationship value and recovery value are synthetic scenario inputs. | Public context cannot substitute for live occupancy, inventory, or approved hotel policy.","Recommend $180 Calabra or Palma dining credit for a new guest with a severity 4 housekeeping miss reported before checkout. Estimated internal cost is $45-$108, not an observed property margin. Rationale: hotel responsible failure, high severity issue, recoverable before checkout, high perceived value lower estimated cost. Recommendation stability is 100%. The closest alternative was $330 Surya Spa or Recovery Suite credit; the recommended gesture scored better on recovery fit, estimated cost, and operational constraints."
rec_00146,case_00146,TKT000146,PMS000024,new_guest,business_traveler,1440,3070,1.0,0.95,,maintenance_issue,outcome,4,0.83,true,0.807,Santa Monica Proper Hotel,true,true,true,true,true,0.88,observed_public_property_context,0.69,0.28,sample_seed_review_taxonomy_prior,0.22,0.507,0.32,false,0.32,sample_seed_local_demand_context,0.158,false,660,635,1.039,76,0.936,0.92,sample_seed_public_rate_shape,0.2,false,room_upgrade,300,75,spa_wellness_credit,Surya Spa or Recovery Suite credit,330,182,99,248,30,4,63.28,0.85,0.497,0.558,214,false,1.0,high,smp-public-context-v1.0.0,hotel_responsible_failure;high_severity_issue;recoverable_before_checkout;high_perceived_value_lower_estimated_cost,,"[{""comp_code"": ""rooftop_f_and_b_credit"", ""comp_label"": ""Calabra or Palma dining credit"", ""guest_facing_value"": 180, ""internal_cost_expected"": 72, ""internal_cost_high"": 108, ""internal_cost_low"": 45, ""policy_score"": 111.41}, {""comp_code"": ""future_stay_credit"", ""comp_label"": ""future-stay credit"", ""guest_facing_value"": 170, ""internal_cost_expected"": 102, ""internal_cost_high"": 144, ""internal_cost_low"": 51, ""policy_score"": 84.35}]","{""fit_score"": 0.521, ""leakage_penalty"": 72.8, ""operational_penalty"": 0.0, ""perceived_value"": 445.5, ""policy_score"": 188.0}","Internal cost is a policy range, not observed property margin. | Guest relationship value and recovery value are synthetic scenario inputs. | Public context cannot substitute for live occupancy, inventory, or approved hotel policy.","Recommend $330 Surya Spa or Recovery Suite credit for a new guest with a severity 4 maintenance issue reported before checkout. Estimated internal cost is $99-$248, not an observed property margin. Rationale: hotel responsible failure, high severity issue, recoverable before checkout, high perceived value lower estimated cost. Recommendation stability is 100%. The closest alternative was $180 Calabra or Palma dining credit; the recommended gesture scored better on recovery fit, estimated cost, and operational constraints."
rec_00147,case_00147,TKT000147,PMS000778,new_guest,local_staycation,1780,2720,1.0,0.95,,housekeeping_miss,outcome,4,0.95,true,0.923,Santa Monica Proper Hotel,true,true,true,true,true,0.88,observed_public_property_context,0.72,0.28,sample_seed_review_taxonomy_prior,0.7,0.095,0.553,false,0.32,sample_seed_local_demand_context,1.0,true,900,930,0.968,270,1.28,0.92,sample_seed_public_rate_shape,0,false,room_upgrade,265,66,rooftop_f_and_b_credit,Calabra or Palma dining credit,180,72,45,108,-85,4,66.32,0.286,0.546,0.599,252,false,1.0,moderate,smp-public-context-v1.0.0,hotel_responsible_failure;high_severity_issue;recoverable_before_checkout;high_perceived_value_lower_estimated_cost;public_rate_pressure_changed_recovery;property_fit_changed_recovery,"Public rate pressure changed the recommendation: without this signal, the model would prefer future-stay credit at $310. | Property fit changed the recommendation: without this signal, the model would prefer future-stay credit at $310.","[{""comp_code"": ""spa_wellness_credit"", ""comp_label"": ""Surya Spa or Recovery Suite credit"", ""guest_facing_value"": 330, ""internal_cost_expected"": 182, ""internal_cost_high"": 248, ""internal_cost_low"": 99, ""policy_score"": 192.84}, {""comp_code"": ""future_stay_credit"", ""comp_label"": ""future-stay credit"", ""guest_facing_value"": 310, ""internal_cost_expected"": 186, ""internal_cost_high"": 264, ""internal_cost_low"": 93, ""policy_score"": 185.67}]","{""fit_score"": 0.537, ""leakage_penalty"": 18.0, ""operational_penalty"": 0.0, ""perceived_value"": 225.0, ""policy_score"": 212.66}","Internal cost is a policy range, not observed property margin. | Guest relationship value and recovery value are synthetic scenario inputs. | Public context cannot substitute for live occupancy, inventory, or approved hotel policy.","Recommend $180 Calabra or Palma dining credit for a new guest with a severity 4 housekeeping miss reported before checkout. Estimated internal cost is $45-$108, not an observed property margin. Rationale: hotel responsible failure, high severity issue, recoverable before checkout, high perceived value lower estimated cost. Recommendation stability is 100%. The closest alternative was $330 Surya Spa or Recovery Suite credit; the recommended gesture scored better on recovery fit, estimated cost, and operational constraints."
rec_00148,case_00148,TKT000148,PMS000533,new_guest,design_leisure,1300,2610,1.0,0.95,no_comp_record,f_and_b_service_lapse,process,3,0.7,true,0.473,Santa Monica Proper Hotel,true,true,true,true,true,0.88,observed_public_property_context,0.6,0.28,sample_seed_review_taxonomy_prior,0.22,0.036,0.192,false,0.32,sample_seed_local_demand_context,0.158,false,660,680,0.971,76,0.926,0.92,sample_seed_public_rate_shape,0,true,,0,0,rooftop_f_and_b_credit,Calabra or Palma dining credit,150,60,38,90,150,3,52.42,0.382,0.432,0.473,157,false,1.0,high,smp-public-context-v1.0.0,hotel_responsible_failure;recoverable_before_checkout;high_perceived_value_lower_estimated_cost,,"[{""comp_code"": ""spa_wellness_credit"", ""comp_label"": ""Surya Spa or Recovery Suite credit"", ""guest_facing_value"": 275, ""internal_cost_expected"": 151, ""internal_cost_high"": 206, ""internal_cost_low"": 82, ""policy_score"": 79.13}, {""comp_code"": ""lobby_lounge_credit"", ""comp_label"": ""Palma lounge credit"", ""guest_facing_value"": 100, ""internal_cost_expected"": 38, ""internal_cost_high"": 55, ""internal_cost_low"": 25, ""policy_score"": 64.48}]","{""fit_score"": 1.05, ""leakage_penalty"": 15.0, ""operational_penalty"": 0.0, ""perceived_value"": 187.5, ""policy_score"": 195.2}","Internal cost is a policy range, not observed property margin. | Guest relationship value and recovery value are synthetic scenario inputs. | Public context cannot substitute for live occupancy, inventory, or approved hotel policy.","Recommend $150 Calabra or Palma dining credit for a new guest with a severity 3 F&B service lapse reported before checkout. Estimated internal cost is $38-$90, not an observed property margin. Rationale: hotel responsible failure, recoverable before checkout, high perceived value lower estimated cost. Recommendation stability is 100%. The closest alternative was $275 Surya Spa or Recovery Suite credit; the recommended gesture scored better on recovery fit, estimated cost, and operational constraints."
rec_00149,case_00149,TKT000149,PMS001466,new_guest,business_traveler,960,1570,1.0,0.95,no_review_or_survey,spa_wellness_service_issue,process,3,0.74,true,0.32,Santa Monica Proper Hotel,true,true,true,true,true,0.88,observed_public_property_context,0.64,0.28,sample_seed_review_taxonomy_prior,0.22,0.144,0.287,false,0.32,sample_seed_local_demand_context,0.158,false,660,695,0.95,76,0.926,0.92,sample_seed_public_rate_shape,0.2,true,amenity_gesture,70,32,spa_wellness_credit,Surya Spa or Recovery Suite credit,275,151,82,206,205,3,53.07,1,0.49,0.508,111,false,1.0,high,smp-public-context-v1.0.0,hotel_responsible_failure;recoverable_before_checkout;high_perceived_value_lower_estimated_cost,,"[{""comp_code"": ""rooftop_f_and_b_credit"", ""comp_label"": ""Calabra or Palma dining credit"", ""guest_facing_value"": 150, ""internal_cost_expected"": 60, ""internal_cost_high"": 90, ""internal_cost_low"": 38, ""policy_score"": 87.72}, {""comp_code"": ""lobby_lounge_credit"", ""comp_label"": ""Palma lounge credit"", ""guest_facing_value"": 100, ""internal_cost_expected"": 38, ""internal_cost_high"": 55, ""internal_cost_low"": 25, ""policy_score"": 59.05}]","{""fit_score"": 1.043, ""leakage_penalty"": 60.4, ""operational_penalty"": 0.0, ""perceived_value"": 371.25, ""policy_score"": 345.31}","Internal cost is a policy range, not observed property margin. | Guest relationship value and recovery value are synthetic scenario inputs. | Public context cannot substitute for live occupancy, inventory, or approved hotel policy.","Recommend $275 Surya Spa or Recovery Suite credit for a new guest with a severity 3 spa/wellness service issue reported before checkout. Estimated internal cost is $82-$206, not an observed property margin. Rationale: hotel responsible failure, recoverable before checkout, high perceived value lower estimated cost. Recommendation stability is 100%. The closest alternative was $150 Calabra or Palma dining credit; the recommended gesture scored better on recovery fit, estimated cost, and operational constraints."
rec_00150,case_00150,TKT000150,PMS001156,new_guest,coastal_weekend,1860,2720,1.0,0.95,no_review_or_survey;no_comp_record,noise_disruption,process,1,0.48,true,0.717,Santa Monica Proper Hotel,true,true,true,true,true,0.88,observed_public_property_context,0.62,0.28,sample_seed_review_taxonomy_prior,0.22,0.149,0.292,false,0.32,sample_seed_local_demand_context,0.178,false,665,645,1.031,79,0.942,0.92,sample_seed_public_rate_shape,0,true,,0,0,late_checkout,late checkout,75,15,6,34,75,2,31.12,0.123,0.277,0.292,122,false,0.926,high,smp-public-context-v1.0.0,recoverable_before_checkout;high_perceived_value_lower_estimated_cost,,"[{""comp_code"": ""rooftop_f_and_b_credit"", ""comp_label"": ""Calabra or Palma dining credit"", ""guest_facing_value"": 135, ""internal_cost_expected"": 54, ""internal_cost_high"": 81, ""internal_cost_low"": 34, ""policy_score"": 75.39}, {""comp_code"": ""lobby_lounge_credit"", ""comp_label"": ""Palma lounge credit"", ""guest_facing_value"": 90, ""internal_cost_expected"": 34, ""internal_cost_high"": 50, ""internal_cost_low"": 22, ""policy_score"": 50.38}]","{""fit_score"": 0.849, ""leakage_penalty"": 3.75, ""operational_penalty"": 12.91, ""perceived_value"": 108.75, ""policy_score"": 135.92}","Internal cost is a policy range, not observed property margin. | Guest relationship value and recovery value are synthetic scenario inputs. | Public context cannot substitute for live occupancy, inventory, or approved hotel policy.","Recommend $75 late checkout for a new guest with a severity 1 noise disruption reported before checkout. Estimated internal cost is $6-$34, not an observed property margin. Rationale: recoverable before checkout, high perceived value lower estimated cost. Recommendation stability is 93%. The closest alternative was $135 Calabra or Palma dining credit; the recommended gesture scored better on recovery fit, estimated cost, and operational constraints."
rec_00151,case_00151,TKT000151,PMS000345,new_guest,design_leisure,3500,6040,1.0,0.95,no_review_or_survey;no_comp_record,housekeeping_miss,outcome,3,0.9,true,0.453,Santa Monica Proper Hotel,true,true,true,true,true,0.88,observed_public_property_context,0.72,0.28,sample_seed_review_taxonomy_prior,0.22,0.074,0.238,false,0.32,sample_seed_local_demand_context,0.711,false,800,730,1.096,189,1.183,0.92,sample_seed_public_rate_shape,0,false,,0,0,future_stay_credit,future-stay credit,245,147,74,208,245,4,58.95,0.323,0.513,0.547,455,false,0.815,high,smp-public-context-v1.0.0,hotel_responsible_failure;recoverable_before_checkout,,"[{""comp_code"": ""rooftop_f_and_b_credit"", ""comp_label"": ""Calabra or Palma dining credit"", ""guest_facing_value"": 180, ""internal_cost_expected"": 72, ""internal_cost_high"": 108, ""internal_cost_low"": 45, ""policy_score"": 118.94}, {""comp_code"": ""spa_wellness_credit"", ""comp_label"": ""Surya Spa or Recovery Suite credit"", ""guest_facing_value"": 330, ""internal_cost_expected"": 182, ""internal_cost_high"": 248, ""internal_cost_low"": 99, ""policy_score"": 98.74}]","{""fit_score"": 0.56, ""leakage_penalty"": 36.75, ""operational_penalty"": 0.0, ""perceived_value"": 294.0, ""policy_score"": 139.16}","Internal cost is a policy range, not observed property margin. | Guest relationship value and recovery value are synthetic scenario inputs. | Public context cannot substitute for live occupancy, inventory, or approved hotel policy.","Recommend $245 future-stay credit for a new guest with a severity 3 housekeeping miss reported before checkout. Estimated internal cost is $74-$208, not an observed property margin. Rationale: hotel responsible failure, recoverable before checkout. Recommendation stability is 82%. The closest alternative was $180 Calabra or Palma dining credit; the recommended gesture scored better on recovery fit, estimated cost, and operational constraints."
rec_00152,case_00152,TKT000152,PMS001377,new_guest,design_leisure,3360,6610,1.0,0.95,severity_inferred,maintenance_issue,outcome,3,0.78,true,0.68,Santa Monica Proper Hotel,true,true,true,true,true,0.88,observed_public_property_context,0.69,0.28,sample_seed_review_taxonomy_prior,0.48,0.086,0.389,false,0.32,sample_seed_local_demand_context,0.415,false,725,695,1.043,124,1.045,0.92,sample_seed_public_rate_shape,0.2,false,rooftop_f_and_b_credit,180,72,spa_wellness_credit,Surya Spa or Recovery Suite credit,275,151,82,206,95,3,56.81,0.346,0.497,0.529,437,false,1.0,moderate,smp-public-context-v1.0.0,hotel_responsible_failure;recoverable_before_checkout;high_perceived_value_lower_estimated_cost,,"[{""comp_code"": ""room_upgrade"", ""comp_label"": ""room upgrade"", ""guest_facing_value"": 300, ""internal_cost_expected"": 75, ""internal_cost_high"": 195, ""internal_cost_low"": 24, ""policy_score"": 98.5}, {""comp_code"": ""rooftop_f_and_b_credit"", ""comp_label"": ""Calabra or Palma dining credit"", ""guest_facing_value"": 150, ""internal_cost_expected"": 60, ""internal_cost_high"": 90, ""internal_cost_low"": 38, ""policy_score"": 90.07}]","{""fit_score"": 0.521, ""leakage_penalty"": 60.4, ""operational_penalty"": 0.0, ""perceived_value"": 371.25, ""policy_score"": 150.17}","Internal cost is a policy range, not observed property margin. | Guest relationship value and recovery value are synthetic scenario inputs. | Public context cannot substitute for live occupancy, inventory, or approved hotel policy.","Recommend $275 Surya Spa or Recovery Suite credit for a new guest with a severity 3 maintenance issue reported before checkout. Estimated internal cost is $82-$206, not an observed property margin. Rationale: hotel responsible failure, recoverable before checkout, high perceived value lower estimated cost. Recommendation stability is 100%. The closest alternative was $300 room upgrade; the recommended gesture scored better on recovery fit, estimated cost, and operational constraints."
rec_00153,case_00153,TKT000153,PMS000077,returning_guest,family_beach_trip,4900,15610,1.0,0.95,no_review_or_survey;no_comp_record,housekeeping_miss,outcome,2,0.9,true,0.737,Santa Monica Proper Hotel,true,true,true,true,true,0.88,observed_public_property_context,0.72,0.28,sample_seed_review_taxonomy_prior,0.22,0.12,0.292,false,0.32,sample_seed_local_demand_context,0.0,false,585,535,1.093,47,0.883,0.92,sample_seed_public_rate_shape,0,false,,0,0,rooftop_f_and_b_credit,Calabra or Palma dining credit,150,60,38,90,150,3,52.73,0.086,0.409,0.462,701,false,0.963,high,smp-public-context-v1.0.0,hotel_responsible_failure;recoverable_before_checkout;high_perceived_value_lower_estimated_cost,,"[{""comp_code"": ""spa_wellness_credit"", ""comp_label"": ""Surya Spa or Recovery Suite credit"", ""guest_facing_value"": 275, ""internal_cost_expected"": 151, ""internal_cost_high"": 206, ""internal_cost_low"": 82, ""policy_score"": 79.34}, {""comp_code"": ""lobby_lounge_credit"", ""comp_label"": ""Palma lounge credit"", ""guest_facing_value"": 100, ""internal_cost_expected"": 38, ""internal_cost_high"": 55, ""internal_cost_low"": 25, ""policy_score"": 64.61}]","{""fit_score"": 0.537, ""leakage_penalty"": 15.0, ""operational_penalty"": 0.0, ""perceived_value"": 187.5, ""policy_score"": 96.5}","Internal cost is a policy range, not observed property margin. | Guest relationship value and recovery value are synthetic scenario inputs. | Public context cannot substitute for live occupancy, inventory, or approved hotel policy.","Recommend $150 Calabra or Palma dining credit for a returning guest with a severity 2 housekeeping miss reported before checkout. Estimated internal cost is $38-$90, not an observed property margin. Rationale: hotel responsible failure, recoverable before checkout, high perceived value lower estimated cost. Recommendation stability is 96%. The closest alternative was $275 Surya Spa or Recovery Suite credit; the recommended gesture scored better on recovery fit, estimated cost, and operational constraints."
rec_00154,case_00154,TKT000154,PMS000198,returning_guest,coastal_weekend,550,2190,1.0,0.95,no_review_or_survey;no_comp_record,room_assignment_expectation_gap,outcome,2,0.74,true,0.567,Santa Monica Proper Hotel,true,true,true,true,true,0.88,observed_public_property_context,0.68,0.28,sample_seed_review_taxonomy_prior,0.82,0.178,0.669,false,0.32,sample_seed_local_demand_context,0.81,true,825,855,0.965,213,1.2,0.92,sample_seed_public_rate_shape,0,false,,0,0,rooftop_f_and_b_credit,Calabra or Palma dining credit,150,60,38,90,150,3,48.67,0.75,0.398,0.438,80,false,1.0,moderate,smp-public-context-v1.0.0,hotel_responsible_failure;recoverable_before_checkout;high_perceived_value_lower_estimated_cost;public_rate_pressure_changed_recovery,"Public rate pressure changed the recommendation: without this signal, the model would prefer room upgrade at $300.","[{""comp_code"": ""spa_wellness_credit"", ""comp_label"": ""Surya Spa or Recovery Suite credit"", ""guest_facing_value"": 275, ""internal_cost_expected"": 151, ""internal_cost_high"": 206, ""internal_cost_low"": 82, ""policy_score"": 148.02}, {""comp_code"": ""lobby_lounge_credit"", ""comp_label"": ""Palma lounge credit"", ""guest_facing_value"": 100, ""internal_cost_expected"": 38, ""internal_cost_high"": 55, ""internal_cost_low"": 25, ""policy_score"": 134.3}]","{""fit_score"": 0.537, ""leakage_penalty"": 15.0, ""operational_penalty"": 0.0, ""perceived_value"": 187.5, ""policy_score"": 165.36}","Internal cost is a policy range, not observed property margin. | Guest relationship value and recovery value are synthetic scenario inputs. | Public context cannot substitute for live occupancy, inventory, or approved hotel policy.","Recommend $150 Calabra or Palma dining credit for a returning guest with a severity 2 room assignment expectation gap reported before checkout. Estimated internal cost is $38-$90, not an observed property margin. Rationale: hotel responsible failure, recoverable before checkout, high perceived value lower estimated cost, public rate pressure changed recovery. Recommendation stability is 100%. The closest alternative was $275 Surya Spa or Recovery Suite credit; the recommended gesture scored better on recovery fit, estimated cost, and operational constraints."
rec_00155,case_00155,TKT000155,PMS000377,vip_guest,family_beach_trip,2280,19280,1.0,0.95,,spa_wellness_service_issue,process,5,0.79,true,0.575,Santa Monica Proper Hotel,true,true,true,true,true,0.88,observed_public_property_context,0.64,0.28,sample_seed_review_taxonomy_prior,0.22,0.386,0.264,false,0.32,sample_seed_local_demand_context,0.632,false,780,745,1.047,171,1.137,0.92,sample_seed_public_rate_shape,0.2,true,spa_wellness_credit,395,217,spa_wellness_credit,Surya Spa or Recovery Suite credit,330,182,99,248,-65,4,73.66,0.238,0.491,0.602,766,false,1.0,high,smp-public-context-v1.0.0,high_guest_relationship_value;hotel_responsible_failure;high_severity_issue;recoverable_before_checkout;high_perceived_value_lower_estimated_cost,,"[{""comp_code"": ""future_stay_credit"", ""comp_label"": ""future-stay credit"", ""guest_facing_value"": 265, ""internal_cost_expected"": 159, ""internal_cost_high"": 225, ""internal_cost_low"": 80, ""policy_score"": 224.22}, {""comp_code"": ""rooftop_f_and_b_credit"", ""comp_label"": ""Calabra or Palma dining credit"", ""guest_facing_value"": 180, ""internal_cost_expected"": 72, ""internal_cost_high"": 108, ""internal_cost_low"": 45, ""policy_score"": 119.25}]","{""fit_score"": 1.043, ""leakage_penalty"": 72.8, ""operational_penalty"": 0.0, ""perceived_value"": 445.5, ""policy_score"": 472.54}","Internal cost is a policy range, not observed property margin. | Guest relationship value and recovery value are synthetic scenario inputs. | Public context cannot substitute for live occupancy, inventory, or approved hotel policy.","Recommend $330 Surya Spa or Recovery Suite credit for a vip guest with a severity 5 spa/wellness service issue reported before checkout. Estimated internal cost is $99-$248, not an observed property margin. Rationale: high guest relationship value, hotel responsible failure, high severity issue, recoverable before checkout. Recommendation stability is 100%. The closest alternative was $265 future-stay credit; the recommended gesture scored better on recovery fit, estimated cost, and operational constraints."
rec_00156,case_00156,TKT000156,PMS000454,new_guest,design_leisure,2700,3380,1.0,0.95,,valet_or_parking_delay,process,3,0.62,true,0.631,Santa Monica Proper Hotel,true,true,true,true,true,0.88,observed_public_property_context,0.56,0.18,sample_seed_review_taxonomy_prior,0.48,0.074,0.434,false,0.32,sample_seed_local_demand_context,0.277,false,690,710,0.972,97,0.976,0.92,sample_seed_public_rate_shape,0,false,parking_fee_waiver,95,17,parking_fee_waiver,parking or destination-fee waiver,85,15,7,30,-10,3,53.21,0.051,0.42,0.47,293,false,0.963,high,smp-public-context-v1.0.0,recoverable_before_checkout;high_perceived_value_lower_estimated_cost,,"[{""comp_code"": ""rooftop_f_and_b_credit"", ""comp_label"": ""Calabra or Palma dining credit"", ""guest_facing_value"": 150, ""internal_cost_expected"": 60, ""internal_cost_high"": 90, ""internal_cost_low"": 38, ""policy_score"": 96.8}, {""comp_code"": ""spa_wellness_credit"", ""comp_label"": ""Surya Spa or Recovery Suite credit"", ""guest_facing_value"": 275, ""internal_cost_expected"": 151, ""internal_cost_high"": 206, ""internal_cost_low"": 82, ""policy_score"": 79.66}]","{""fit_score"": 0.932, ""leakage_penalty"": 3.75, ""operational_penalty"": 0.0, ""perceived_value"": 97.75, ""policy_score"": 135.29}","Internal cost is a policy range, not observed property margin. | Guest relationship value and recovery value are synthetic scenario inputs. | Public context cannot substitute for live occupancy, inventory, or approved hotel policy.","Recommend $85 parking or destination-fee waiver for a new guest with a severity 3 valet or parking delay reported before checkout. Estimated internal cost is $7-$30, not an observed property margin. Rationale: recoverable before checkout, high perceived value lower estimated cost. Recommendation stability is 96%. The closest alternative was $150 Calabra or Palma dining credit; the recommended gesture scored better on recovery fit, estimated cost, and operational constraints."
rec_00157,case_00157,TKT000157,PMS000990,new_guest,wellness_getaway,1770,2630,1.0,0.95,no_review_or_survey,room_assignment_expectation_gap,outcome,2,0.74,true,0.649,Santa Monica Proper Hotel,true,true,true,true,true,0.88,observed_public_property_context,0.68,0.28,sample_seed_review_taxonomy_prior,0.22,0.066,0.251,false,0.32,sample_seed_local_demand_context,0.119,false,650,635,1.024,69,0.916,0.92,sample_seed_public_rate_shape,0.2,false,rooftop_f_and_b_credit,175,70,room_upgrade,room upgrade,300,75,24,195,125,3,45.27,0.441,0.398,0.423,170,false,0.963,high,smp-public-context-v1.0.0,hotel_responsible_failure;recoverable_before_checkout;high_perceived_value_lower_estimated_cost,,"[{""comp_code"": ""rooftop_f_and_b_credit"", ""comp_label"": ""Calabra or Palma dining credit"", ""guest_facing_value"": 150, ""internal_cost_expected"": 60, ""internal_cost_high"": 90, ""internal_cost_low"": 38, ""policy_score"": 82.81}, {""comp_code"": ""lobby_lounge_credit"", ""comp_label"": ""Palma lounge credit"", ""guest_facing_value"": 100, ""internal_cost_expected"": 38, ""internal_cost_high"": 55, ""internal_cost_low"": 25, ""policy_score"": 55.74}]","{""fit_score"": 0.963, ""leakage_penalty"": 30.0, ""operational_penalty"": 35.7, ""perceived_value"": 420.0, ""policy_score"": 332.01}","Internal cost is a policy range, not observed property margin. | Guest relationship value and recovery value are synthetic scenario inputs. | Public context cannot substitute for live occupancy, inventory, or approved hotel policy.","Recommend $300 room upgrade for a new guest with a severity 2 room assignment expectation gap reported before checkout. Estimated internal cost is $24-$195, not an observed property margin. Rationale: hotel responsible failure, recoverable before checkout, high perceived value lower estimated cost. Recommendation stability is 96%. The closest alternative was $150 Calabra or Palma dining credit; the recommended gesture scored better on recovery fit, estimated cost, and operational constraints."
rec_00158,case_00158,TKT000158,PMS001273,returning_guest,wellness_getaway,2070,4480,1.0,0.95,no_review_or_survey,f_and_b_service_lapse,process,4,0.75,false,0.627,Santa Monica Proper Hotel,true,true,true,true,true,0.88,observed_public_property_context,0.6,0.28,sample_seed_review_taxonomy_prior,0.48,0.148,0.412,false,0.32,sample_seed_local_demand_context,0.534,false,755,710,1.063,149,1.1,0.92,sample_seed_public_rate_shape,0.2,false,lobby_lounge_credit,135,51,rooftop_f_and_b_credit,Calabra or Palma dining credit,180,72,45,108,45,4,65.76,0.224,0.583,0.617,321,false,1.0,high,smp-public-context-v1.0.0,hotel_responsible_failure;high_severity_issue;high_perceived_value_lower_estimated_cost,,"[{""comp_code"": ""future_stay_credit"", ""comp_label"": ""future-stay credit"", ""guest_facing_value"": 240, ""internal_cost_expected"": 144, ""internal_cost_high"": 204, ""internal_cost_low"": 72, ""policy_score"": 121.58}, {""comp_code"": ""spa_wellness_credit"", ""comp_label"": ""Surya Spa or Recovery Suite credit"", ""guest_facing_value"": 330, ""internal_cost_expected"": 182, ""internal_cost_high"": 248, ""internal_cost_low"": 99, ""policy_score"": 76.93}]","{""fit_score"": 1.05, ""leakage_penalty"": 28.8, ""operational_penalty"": 0.0, ""perceived_value"": 225.0, ""policy_score"": 241.58}","Internal cost is a policy range, not observed property margin. | Guest relationship value and recovery value are synthetic scenario inputs. | Public context cannot substitute for live occupancy, inventory, or approved hotel policy.","Recommend $180 Calabra or Palma dining credit for a returning guest with a severity 4 F&B service lapse reported after checkout. Estimated internal cost is $45-$108, not an observed property margin. Rationale: hotel responsible failure, high severity issue, high perceived value lower estimated cost. Recommendation stability is 100%. The closest alternative was $240 future-stay credit; the recommended gesture scored better on recovery fit, estimated cost, and operational constraints."
rec_00159,case_00159,TKT000159,PMS000007,loyalty_guest,design_leisure,820,1476,1.0,0.95,ltv_imputed;no_review_or_survey;no_comp_record,room_assignment_expectation_gap,outcome,2,0.74,true,0.444,Santa Monica Proper Hotel,true,true,true,true,true,0.88,observed_public_property_context,0.68,0.28,sample_seed_review_taxonomy_prior,0.22,0.146,0.286,false,0.32,sample_seed_local_demand_context,0.04,false,630,650,0.969,56,0.877,0.92,sample_seed_public_rate_shape,0,true,,0,0,room_upgrade,room upgrade,300,75,24,195,300,3,48.43,0.843,0.398,0.437,89,false,0.963,moderate,smp-public-context-v1.0.0,high_guest_relationship_value;hotel_responsible_failure;recoverable_before_checkout;high_perceived_value_lower_estimated_cost,,"[{""comp_code"": ""rooftop_f_and_b_credit"", ""comp_label"": ""Calabra or Palma dining credit"", ""guest_facing_value"": 150, ""internal_cost_expected"": 60, ""internal_cost_high"": 90, ""internal_cost_low"": 38, ""policy_score"": 93.8}, {""comp_code"": ""spa_wellness_credit"", ""comp_label"": ""Surya Spa or Recovery Suite credit"", ""guest_facing_value"": 275, ""internal_cost_expected"": 151, ""internal_cost_high"": 206, ""internal_cost_low"": 82, ""policy_score"": 76.45}]","{""fit_score"": 0.963, ""leakage_penalty"": 18.75, ""operational_penalty"": 25.06, ""perceived_value"": 420.0, ""policy_score"": 361.89}","Internal cost is a policy range, not observed property margin. | Guest relationship value and recovery value are synthetic scenario inputs. | Public context cannot substitute for live occupancy, inventory, or approved hotel policy.","Recommend $300 room upgrade for a loyalty guest with a severity 2 room assignment expectation gap reported before checkout. Estimated internal cost is $24-$195, not an observed property margin. Rationale: high guest relationship value, hotel responsible failure, recoverable before checkout, high perceived value lower estimated cost. Recommendation stability is 96%. The closest alternative was $150 Calabra or Palma dining credit; the recommended gesture scored better on recovery fit, estimated cost, and operational constraints."
rec_00160,case_00160,TKT000160,PMS000808,new_guest,event_or_wedding,1100,1980,1.0,0.95,ltv_imputed;no_review_or_survey,rooftop_pool_access_issue,process,2,0.64,true,0.99,Santa Monica Proper Hotel,true,true,true,true,true,0.88,observed_public_property_context,0.6,0.28,sample_seed_review_taxonomy_prior,0.22,0.179,0.27,false,0.32,sample_seed_local_demand_context,0.553,false,760,735,1.034,153,1.101,0.92,sample_seed_public_rate_shape,0.2,false,parking_fee_waiver,85,15,rooftop_f_and_b_credit,Calabra or Palma dining credit,135,54,34,81,50,2,41.82,0.524,0.375,0.394,103,false,1.0,moderate,smp-public-context-v1.0.0,recoverable_before_checkout;high_perceived_value_lower_estimated_cost,,"[{""comp_code"": ""lobby_lounge_credit"", ""comp_label"": ""Palma lounge credit"", ""guest_facing_value"": 90, ""internal_cost_expected"": 34, ""internal_cost_high"": 50, ""internal_cost_low"": 22, ""policy_score"": 49.36}, {""comp_code"": ""amenity_gesture"", ""comp_label"": ""in-room amenity gesture"", ""guest_facing_value"": 50, ""internal_cost_expected"": 22, ""internal_cost_high"": 32, ""internal_cost_low"": 12, ""policy_score"": 36.62}]","{""fit_score"": 1.026, ""leakage_penalty"": 21.6, ""operational_penalty"": 0.0, ""perceived_value"": 168.75, ""policy_score"": 152.74}","Internal cost is a policy range, not observed property margin. | Guest relationship value and recovery value are synthetic scenario inputs. | Public context cannot substitute for live occupancy, inventory, or approved hotel policy.","Recommend $135 Calabra or Palma dining credit for a new guest with a severity 2 rooftop pool access issue reported before checkout. Estimated internal cost is $34-$81, not an observed property margin. Rationale: recoverable before checkout, high perceived value lower estimated cost. Recommendation stability is 100%. The closest alternative was $90 Palma lounge credit; the recommended gesture scored better on recovery fit, estimated cost, and operational constraints."
rec_00161,case_00161,TKT000161,PMS001259,new_guest,business_traveler,560,1130,1.0,0.95,,room_assignment_expectation_gap,outcome,4,0.79,true,0.32,Santa Monica Proper Hotel,true,true,true,true,true,0.88,observed_public_property_context,0.68,0.28,sample_seed_review_taxonomy_prior,0.82,0.086,0.647,false,0.32,sample_seed_local_demand_context,0.553,true,760,820,0.927,153,1.092,0.92,sample_seed_public_rate_shape,0.2,false,spa_wellness_credit,0,0,room_upgrade,room upgrade,360,90,29,234,360,4,63.57,1,0.606,0.619,82,false,0.926,high,smp-public-context-v1.0.0,hotel_responsible_failure;high_severity_issue;recoverable_before_checkout;high_perceived_value_lower_estimated_cost,,"[{""comp_code"": ""rooftop_f_and_b_credit"", ""comp_label"": ""Calabra or Palma dining credit"", ""guest_facing_value"": 180, ""internal_cost_expected"": 72, ""internal_cost_high"": 108, ""internal_cost_low"": 45, ""policy_score"": 160.38}, {""comp_code"": ""lobby_lounge_credit"", ""comp_label"": ""Palma lounge credit"", ""guest_facing_value"": 120, ""internal_cost_expected"": 46, ""internal_cost_high"": 66, ""internal_cost_low"": 30, ""policy_score"": 123.94}]","{""fit_score"": 0.963, ""leakage_penalty"": 36.0, ""operational_penalty"": 261.44, ""perceived_value"": 504.0, ""policy_score"": 235.34}","Internal cost is a policy range, not observed property margin. | Guest relationship value and recovery value are synthetic scenario inputs. | Public context cannot substitute for live occupancy, inventory, or approved hotel policy.","Recommend $360 room upgrade for a new guest with a severity 4 room assignment expectation gap reported before checkout. Estimated internal cost is $29-$234, not an observed property margin. Rationale: hotel responsible failure, high severity issue, recoverable before checkout, high perceived value lower estimated cost. Recommendation stability is 93%. The closest alternative was $180 Calabra or Palma dining credit; the recommended gesture scored better on recovery fit, estimated cost, and operational constraints."
rec_00162,case_00162,TKT000162,PMS000775,new_guest,coastal_weekend,900,1510,1.0,0.95,severity_inferred;no_review_or_survey,housekeeping_miss,outcome,3,0.9,true,0.98,Santa Monica Proper Hotel,true,true,true,true,true,0.88,observed_public_property_context,0.72,0.28,sample_seed_review_taxonomy_prior,0.22,0.058,0.259,false,0.32,sample_seed_local_demand_context,0.198,false,670,690,0.971,83,0.943,0.92,sample_seed_public_rate_shape,0,false,amenity_gesture,75,34,rooftop_f_and_b_credit,Calabra or Palma dining credit,150,60,38,90,75,3,56.59,0.541,0.513,0.537,111,false,1.0,moderate,smp-public-context-v1.0.0,hotel_responsible_failure;recoverable_before_checkout;high_perceived_value_lower_estimated_cost,,"[{""comp_code"": ""spa_wellness_credit"", ""comp_label"": ""Surya Spa or Recovery Suite credit"", ""guest_facing_value"": 275, ""internal_cost_expected"": 151, ""internal_cost_high"": 206, ""internal_cost_low"": 82, ""policy_score"": 81.93}, {""comp_code"": ""lobby_lounge_credit"", ""comp_label"": ""Palma lounge credit"", ""guest_facing_value"": 100, ""internal_cost_expected"": 38, ""internal_cost_high"": 55, ""internal_cost_low"": 25, ""policy_score"": 66.24}]","{""fit_score"": 0.537, ""leakage_penalty"": 15.0, ""operational_penalty"": 0.0, ""perceived_value"": 187.5, ""policy_score"": 98.93}","Internal cost is a policy range, not observed property margin. | Guest relationship value and recovery value are synthetic scenario inputs. | Public context cannot substitute for live occupancy, inventory, or approved hotel policy.","Recommend $150 Calabra or Palma dining credit for a new guest with a severity 3 housekeeping miss reported before checkout. Estimated internal cost is $38-$90, not an observed property margin. Rationale: hotel responsible failure, recoverable before checkout, high perceived value lower estimated cost. Recommendation stability is 100%. The closest alternative was $275 Surya Spa or Recovery Suite credit; the recommended gesture scored better on recovery fit, estimated cost, and operational constraints."
rec_00163,case_00163,TKT000163,PMS001021,new_guest,coastal_weekend,2100,3220,0.78,0.95,no_review_or_survey;no_comp_record,housekeeping_miss,outcome,4,0.95,true,0.384,Santa Monica Proper Hotel,true,true,true,true,true,0.88,observed_public_property_context,0.72,0.28,sample_seed_review_taxonomy_prior,0.22,0.105,0.217,false,0.32,sample_seed_local_demand_context,0.0,false,580,560,1.036,46,0.869,0.92,sample_seed_public_rate_shape,0,false,,0,0,future_stay_credit,future-stay credit,245,147,74,208,245,4,67.58,0.485,0.616,0.643,303,false,0.926,high,smp-public-context-v1.0.0,hotel_responsible_failure;high_severity_issue;recoverable_before_checkout,,"[{""comp_code"": ""rooftop_f_and_b_credit"", ""comp_label"": ""Calabra or Palma dining credit"", ""guest_facing_value"": 180, ""internal_cost_expected"": 72, ""internal_cost_high"": 108, ""internal_cost_low"": 45, ""policy_score"": 125.46}, {""comp_code"": ""spa_wellness_credit"", ""comp_label"": ""Surya Spa or Recovery Suite credit"", ""guest_facing_value"": 330, ""internal_cost_expected"": 182, ""internal_cost_high"": 248, ""internal_cost_low"": 99, ""policy_score"": 105.7}]","{""fit_score"": 0.56, ""leakage_penalty"": 36.75, ""operational_penalty"": 0.0, ""perceived_value"": 294.0, ""policy_score"": 148.04}","Internal cost is a policy range, not observed property margin. | Guest relationship value and recovery value are synthetic scenario inputs. | Public context cannot substitute for live occupancy, inventory, or approved hotel policy.","Recommend $245 future-stay credit for a new guest with a severity 4 housekeeping miss reported before checkout. Estimated internal cost is $74-$208, not an observed property margin. Rationale: hotel responsible failure, high severity issue, recoverable before checkout. Recommendation stability is 93%. The closest alternative was $180 Calabra or Palma dining credit; the recommended gesture scored better on recovery fit, estimated cost, and operational constraints."
rec_00164,case_00164,TKT000164,PMS000989,new_guest,business_traveler,1740,2770,0.78,0.95,no_review_or_survey,valet_or_parking_delay,process,3,0.62,true,0.456,Santa Monica Proper Hotel,true,true,true,true,true,0.88,observed_public_property_context,0.56,0.18,sample_seed_review_taxonomy_prior,0.48,0.024,0.404,false,0.32,sample_seed_local_demand_context,0.534,false,755,730,1.034,149,1.093,0.92,sample_seed_public_rate_shape,0,false,parking_fee_waiver,90,16,parking_fee_waiver,parking or destination-fee waiver,85,15,7,30,-5,3,50.03,0.08,0.455,0.475,188,false,1.0,high,smp-public-context-v1.0.0,recoverable_before_checkout;high_perceived_value_lower_estimated_cost,,"[{""comp_code"": ""rooftop_f_and_b_credit"", ""comp_label"": ""Calabra or Palma dining credit"", ""guest_facing_value"": 150, ""internal_cost_expected"": 60, ""internal_cost_high"": 90, ""internal_cost_low"": 38, ""policy_score"": 94.8}, {""comp_code"": ""spa_wellness_credit"", ""comp_label"": ""Surya Spa or Recovery Suite credit"", ""guest_facing_value"": 275, ""internal_cost_expected"": 151, ""internal_cost_high"": 206, ""internal_cost_low"": 82, ""policy_score"": 77.52}]","{""fit_score"": 0.932, ""leakage_penalty"": 3.75, ""operational_penalty"": 0.0, ""perceived_value"": 97.75, ""policy_score"": 133.48}","Internal cost is a policy range, not observed property margin. | Guest relationship value and recovery value are synthetic scenario inputs. | Public context cannot substitute for live occupancy, inventory, or approved hotel policy.","Recommend $85 parking or destination-fee waiver for a new guest with a severity 3 valet or parking delay reported before checkout. Estimated internal cost is $7-$30, not an observed property margin. Rationale: recoverable before checkout, high perceived value lower estimated cost. Recommendation stability is 100%. The closest alternative was $150 Calabra or Palma dining credit; the recommended gesture scored better on recovery fit, estimated cost, and operational constraints."
rec_00165,case_00165,TKT000165,PMS000979,new_guest,coastal_weekend,1800,3350,0.78,0.95,no_review_or_survey;no_comp_record,maintenance_issue,outcome,3,0.78,true,0.62,Santa Monica Proper Hotel,true,true,true,true,true,0.88,observed_public_property_context,0.69,0.28,sample_seed_review_taxonomy_prior,0.22,0.066,0.236,false,0.32,sample_seed_local_demand_context,0.336,false,705,670,1.052,109,1.014,0.92,sample_seed_public_rate_shape,0,false,,0,0,spa_wellness_credit,Surya Spa or Recovery Suite credit,275,151,82,206,275,3,55.67,0.668,0.504,0.528,226,false,1.0,high,smp-public-context-v1.0.0,hotel_responsible_failure;recoverable_before_checkout;high_perceived_value_lower_estimated_cost,,"[{""comp_code"": ""room_upgrade"", ""comp_label"": ""room upgrade"", ""guest_facing_value"": 300, ""internal_cost_expected"": 75, ""internal_cost_high"": 195, ""internal_cost_low"": 24, ""policy_score"": 112.04}, {""comp_code"": ""rooftop_f_and_b_credit"", ""comp_label"": ""Calabra or Palma dining credit"", ""guest_facing_value"": 150, ""internal_cost_expected"": 60, ""internal_cost_high"": 90, ""internal_cost_low"": 38, ""policy_score"": 98.35}]","{""fit_score"": 0.521, ""leakage_penalty"": 37.75, ""operational_penalty"": 0.0, ""perceived_value"": 371.25, ""policy_score"": 171.45}","Internal cost is a policy range, not observed property margin. | Guest relationship value and recovery value are synthetic scenario inputs. | Public context cannot substitute for live occupancy, inventory, or approved hotel policy.","Recommend $275 Surya Spa or Recovery Suite credit for a new guest with a severity 3 maintenance issue reported before checkout. Estimated internal cost is $82-$206, not an observed property margin. Rationale: hotel responsible failure, recoverable before checkout, high perceived value lower estimated cost. Recommendation stability is 100%. The closest alternative was $300 room upgrade; the recommended gesture scored better on recovery fit, estimated cost, and operational constraints."
rec_00166,case_00166,TKT000166,PMS000845,new_guest,local_staycation,1400,2070,1.0,0.95,no_review_or_survey;no_comp_record,room_assignment_expectation_gap,outcome,4,0.79,true,0.98,Santa Monica Proper Hotel,true,true,true,true,true,0.88,observed_public_property_context,0.68,0.28,sample_seed_review_taxonomy_prior,0.22,0.058,0.259,false,0.32,sample_seed_local_demand_context,0.198,false,670,690,0.971,83,0.943,0.92,sample_seed_public_rate_shape,0,false,,0,0,room_upgrade,room upgrade,360,90,29,234,360,4,66.16,0.459,0.605,0.63,196,false,1.0,high,smp-public-context-v1.0.0,hotel_responsible_failure;high_severity_issue;recoverable_before_checkout;high_perceived_value_lower_estimated_cost,,"[{""comp_code"": ""future_stay_credit"", ""comp_label"": ""future-stay credit"", ""guest_facing_value"": 245, ""internal_cost_expected"": 147, ""internal_cost_high"": 208, ""internal_cost_low"": 74, ""policy_score"": 146.58}, {""comp_code"": ""rooftop_f_and_b_credit"", ""comp_label"": ""Calabra or Palma dining credit"", ""guest_facing_value"": 180, ""internal_cost_expected"": 72, ""internal_cost_high"": 108, ""internal_cost_low"": 45, ""policy_score"": 124.38}]","{""fit_score"": 0.963, ""leakage_penalty"": 22.5, ""operational_penalty"": 161.7, ""perceived_value"": 504.0, ""policy_score"": 356.44}","Internal cost is a policy range, not observed property margin. | Guest relationship value and recovery value are synthetic scenario inputs. | Public context cannot substitute for live occupancy, inventory, or approved hotel policy.","Recommend $360 room upgrade for a new guest with a severity 4 room assignment expectation gap reported before checkout. Estimated internal cost is $29-$234, not an observed property margin. Rationale: hotel responsible failure, high severity issue, recoverable before checkout, high perceived value lower estimated cost. Recommendation stability is 100%. The closest alternative was $245 future-stay credit; the recommended gesture scored better on recovery fit, estimated cost, and operational constraints."
rec_00167,case_00167,TKT000167,PMS000637,new_guest,design_leisure,3200,5760,1.0,0.95,ltv_imputed,spa_wellness_service_issue,process,5,0.79,true,0.5,Santa Monica Proper Hotel,true,true,true,true,true,0.88,observed_public_property_context,0.64,0.28,sample_seed_review_taxonomy_prior,0.48,0.038,0.384,false,0.32,sample_seed_local_demand_context,0.692,false,795,770,1.032,185,1.159,0.92,sample_seed_public_rate_shape,0.2,false,partial_room_refund,270,270,spa_wellness_credit,Surya Spa or Recovery Suite credit,330,182,99,248,60,4,71.02,0.359,0.547,0.62,507,false,1.0,moderate,smp-public-context-v1.0.0,hotel_responsible_failure;high_severity_issue;recoverable_before_checkout;high_perceived_value_lower_estimated_cost,,"[{""comp_code"": ""future_stay_credit"", ""comp_label"": ""future-stay credit"", ""guest_facing_value"": 280, ""internal_cost_expected"": 168, ""internal_cost_high"": 238, ""internal_cost_low"": 84, ""policy_score"": 148.03}, {""comp_code"": ""rooftop_f_and_b_credit"", ""comp_label"": ""Calabra or Palma dining credit"", ""guest_facing_value"": 180, ""internal_cost_expected"": 72, ""internal_cost_high"": 108, ""internal_cost_low"": 45, ""policy_score"": 117.25}]","{""fit_score"": 1.043, ""leakage_penalty"": 72.8, ""operational_penalty"": 0.0, ""perceived_value"": 445.5, ""policy_score"": 464.88}","Internal cost is a policy range, not observed property margin. | Guest relationship value and recovery value are synthetic scenario inputs. | Public context cannot substitute for live occupancy, inventory, or approved hotel policy.","Recommend $330 Surya Spa or Recovery Suite credit for a new guest with a severity 5 spa/wellness service issue reported before checkout. Estimated internal cost is $99-$248, not an observed property margin. Rationale: hotel responsible failure, high severity issue, recoverable before checkout, high perceived value lower estimated cost. Recommendation stability is 100%. The closest alternative was $280 future-stay credit; the recommended gesture scored better on recovery fit, estimated cost, and operational constraints."
rec_00168,case_00168,TKT000168,PMS000698,loyalty_guest,coastal_weekend,6300,36520,0.58,0.95,low_reservation_match_confidence;severity_inferred;no_review_or_survey;no_comp_record,room_assignment_expectation_gap,outcome,3,0.74,true,0.404,Santa Monica Proper Hotel,true,true,true,true,true,0.88,observed_public_property_context,0.68,0.28,sample_seed_review_taxonomy_prior,0.22,0.561,0.376,false,0.32,sample_seed_local_demand_context,0.138,false,655,630,1.04,72,0.928,0.92,sample_seed_public_rate_shape,0.12,false,,0,0,room_upgrade,room upgrade,360,90,29,234,360,4,60.36,0.065,0.501,0.547,1380,true,1.0,low,smp-public-context-v1.0.0,high_guest_relationship_value;hotel_responsible_failure;recoverable_before_checkout;high_perceived_value_lower_estimated_cost;manager_review_required,,"[{""comp_code"": ""future_stay_credit"", ""comp_label"": ""future-stay credit"", ""guest_facing_value"": 370, ""internal_cost_expected"": 222, ""internal_cost_high"": 314, ""internal_cost_low"": 111, ""policy_score"": 192.37}, {""comp_code"": ""rooftop_f_and_b_credit"", ""comp_label"": ""Calabra or Palma dining credit"", ""guest_facing_value"": 180, ""internal_cost_expected"": 72, ""internal_cost_high"": 108, ""internal_cost_low"": 45, ""policy_score"": 113.52}]","{""fit_score"": 0.963, ""leakage_penalty"": 30.6, ""operational_penalty"": 24.84, ""perceived_value"": 504.0, ""policy_score"": 467.6}","Internal cost is a policy range, not observed property margin. | Guest relationship value and recovery value are synthetic scenario inputs. | Public context cannot substitute for live occupancy, inventory, or approved hotel policy.","Recommend $360 room upgrade for a loyalty guest with a severity 3 room assignment expectation gap reported before checkout. Estimated internal cost is $29-$234, not an observed property margin. Rationale: high guest relationship value, hotel responsible failure, recoverable before checkout, high perceived value lower estimated cost. Recommendation stability is 100%. The closest alternative was $370 future-stay credit; the recommended gesture scored better on recovery fit, estimated cost, and operational constraints."
rec_00169,case_00169,TKT000169,PMS000522,new_guest,business_traveler,980,1400,1.0,0.95,no_review_or_survey,housekeeping_miss,outcome,4,0.95,true,0.807,Santa Monica Proper Hotel,true,true,true,true,true,0.88,observed_public_property_context,0.72,0.28,sample_seed_review_taxonomy_prior,0.22,0.507,0.32,false,0.32,sample_seed_local_demand_context,0.158,false,660,635,1.039,76,0.936,0.92,sample_seed_public_rate_shape,0,false,late_checkout,110,22,rooftop_f_and_b_credit,Calabra or Palma dining credit,180,72,45,108,70,4,66.36,0.526,0.616,0.637,137,false,1.0,high,smp-public-context-v1.0.0,hotel_responsible_failure;high_severity_issue;recoverable_before_checkout;high_perceived_value_lower_estimated_cost;property_fit_changed_recovery,"Property fit changed the recommendation: without this signal, the model would prefer future-stay credit at $170.","[{""comp_code"": ""spa_wellness_credit"", ""comp_label"": ""Surya Spa or Recovery Suite credit"", ""guest_facing_value"": 330, ""internal_cost_expected"": 182, ""internal_cost_high"": 248, ""internal_cost_low"": 99, ""policy_score"": 104.72}, {""comp_code"": ""future_stay_credit"", ""comp_label"": ""future-stay credit"", ""guest_facing_value"": 170, ""internal_cost_expected"": 102, ""internal_cost_high"": 144, ""internal_cost_low"": 51, ""policy_score"": 101.85}]","{""fit_score"": 0.537, ""leakage_penalty"": 18.0, ""operational_penalty"": 0.0, ""perceived_value"": 225.0, ""policy_score"": 124.53}","Internal cost is a policy range, not observed property margin. | Guest relationship value and recovery value are synthetic scenario inputs. | Public context cannot substitute for live occupancy, inventory, or approved hotel policy.","Recommend $180 Calabra or Palma dining credit for a new guest with a severity 4 housekeeping miss reported before checkout. Estimated internal cost is $45-$108, not an observed property margin. Rationale: hotel responsible failure, high severity issue, recoverable before checkout, high perceived value lower estimated cost. Recommendation stability is 100%. The closest alternative was $330 Surya Spa or Recovery Suite credit; the recommended gesture scored better on recovery fit, estimated cost, and operational constraints."
rec_00170,case_00170,TKT000170,PMS001304,returning_guest,family_beach_trip,2070,4790,1.0,0.95,,room_readiness_delay,outcome,3,0.88,false,0.585,Santa Monica Proper Hotel,true,true,true,true,true,0.88,observed_public_property_context,0.74,0.28,sample_seed_review_taxonomy_prior,0.22,0.168,0.287,false,0.32,sample_seed_local_demand_context,0.692,false,795,790,1.006,185,1.152,0.92,sample_seed_public_rate_shape,0.2,true,amenity_gesture,50,22,room_upgrade,room upgrade,360,90,29,234,310,4,58.97,0.306,0.479,0.529,294,false,0.778,moderate,smp-public-context-v1.0.0,hotel_responsible_failure;high_perceived_value_lower_estimated_cost;property_fit_changed_recovery,"Property fit changed the recommendation: without this signal, the model would prefer late checkout at $100.","[{""comp_code"": ""late_checkout"", ""comp_label"": ""late checkout"", ""guest_facing_value"": 100, ""internal_cost_expected"": 20, ""internal_cost_high"": 45, ""internal_cost_low"": 8, ""policy_score"": 195.83}, {""comp_code"": ""rooftop_f_and_b_credit"", ""comp_label"": ""Calabra or Palma dining credit"", ""guest_facing_value"": 180, ""internal_cost_expected"": 72, ""internal_cost_high"": 108, ""internal_cost_low"": 45, ""policy_score"": 185.64}]","{""fit_score"": 0.514, ""leakage_penalty"": 36.0, ""operational_penalty"": 32.17, ""perceived_value"": 504.0, ""policy_score"": 208.53}","Internal cost is a policy range, not observed property margin. | Guest relationship value and recovery value are synthetic scenario inputs. | Public context cannot substitute for live occupancy, inventory, or approved hotel policy.","Recommend $360 room upgrade for a returning guest with a severity 3 room readiness delay reported after checkout. Estimated internal cost is $29-$234, not an observed property margin. Rationale: hotel responsible failure, high perceived value lower estimated cost, property fit changed recovery. Recommendation stability is 78%. The closest alternative was $100 late checkout; the recommended gesture scored better on recovery fit, estimated cost, and operational constraints."
rec_00171,case_00171,TKT000171,,new_guest,local_staycation,0,1820,0.0,0.95,unmatched_reservation;no_review_or_survey,room_readiness_delay,outcome,4,0.93,true,0.597,Santa Monica Proper Hotel,true,true,true,true,true,0.88,observed_public_property_context,0.74,0.28,sample_seed_review_taxonomy_prior,0.22,0.06,0.231,false,0.32,sample_seed_local_demand_context,0.751,true,810,660,1.227,199,1.232,0.92,sample_seed_public_rate_shape,0.12,false,late_checkout,80,16,rooftop_f_and_b_credit,Calabra or Palma dining credit,180,72,45,108,100,4,65.7,1,0.622,0.638,42,true,1.0,low,smp-public-context-v1.0.0,hotel_responsible_failure;high_severity_issue;recoverable_before_checkout;high_perceived_value_lower_estimated_cost;manager_review_required;public_rate_pressure_changed_recovery,"Public rate pressure changed the recommendation: without this signal, the model would prefer room upgrade at $360.","[{""comp_code"": ""lobby_lounge_credit"", ""comp_label"": ""Palma lounge credit"", ""guest_facing_value"": 120, ""internal_cost_expected"": 46, ""internal_cost_high"": 66, ""internal_cost_low"": 30, ""policy_score"": 186.97}, {""comp_code"": ""spa_wellness_credit"", ""comp_label"": ""Surya Spa or Recovery Suite credit"", ""guest_facing_value"": 330, ""internal_cost_expected"": 182, ""internal_cost_high"": 248, ""internal_cost_low"": 99, ""policy_score"": 154.01}]","{""fit_score"": 0.859, ""leakage_penalty"": 24.48, ""operational_penalty"": 0.0, ""perceived_value"": 225.0, ""policy_score"": 264.3}","Internal cost is a policy range, not observed property margin. | Guest relationship value and recovery value are synthetic scenario inputs. | Public context cannot substitute for live occupancy, inventory, or approved hotel policy.","Recommend $180 Calabra or Palma dining credit for a new guest with a severity 4 room readiness delay reported before checkout. Estimated internal cost is $45-$108, not an observed property margin. Rationale: hotel responsible failure, high severity issue, recoverable before checkout, high perceived value lower estimated cost. Recommendation stability is 100%. The closest alternative was $120 Palma lounge credit; the recommended gesture scored better on recovery fit, estimated cost, and operational constraints."
rec_00172,case_00172,TKT000172,PMS001323,loyalty_guest,business_traveler,2340,9880,1.0,0.95,,noise_disruption,process,1,0.48,false,0.464,Santa Monica Proper Hotel,true,true,true,true,true,0.88,observed_public_property_context,0.62,0.28,sample_seed_review_taxonomy_prior,0.22,0.159,0.228,false,0.32,sample_seed_local_demand_context,0.613,false,775,775,1.0,166,1.117,0.92,sample_seed_public_rate_shape,0,false,amenity_gesture,50,22,late_checkout,late checkout,75,15,6,34,25,2,37.86,0.055,0.278,0.323,273,false,0.963,high,smp-public-context-v1.0.0,high_guest_relationship_value;high_perceived_value_lower_estimated_cost,,"[{""comp_code"": ""rooftop_f_and_b_credit"", ""comp_label"": ""Calabra or Palma dining credit"", ""guest_facing_value"": 135, ""internal_cost_expected"": 54, ""internal_cost_high"": 81, ""internal_cost_low"": 34, ""policy_score"": 79.21}, {""comp_code"": ""lobby_lounge_credit"", ""comp_label"": ""Palma lounge credit"", ""guest_facing_value"": 90, ""internal_cost_expected"": 34, ""internal_cost_high"": 50, ""internal_cost_low"": 22, ""policy_score"": 52.95}]","{""fit_score"": 0.849, ""leakage_penalty"": 3.75, ""operational_penalty"": 8.35, ""perceived_value"": 108.75, ""policy_score"": 144.36}","Internal cost is a policy range, not observed property margin. | Guest relationship value and recovery value are synthetic scenario inputs. | Public context cannot substitute for live occupancy, inventory, or approved hotel policy.","Recommend $75 late checkout for a loyalty guest with a severity 1 noise disruption reported after checkout. Estimated internal cost is $6-$34, not an observed property margin. Rationale: high guest relationship value, high perceived value lower estimated cost. Recommendation stability is 96%. The closest alternative was $135 Calabra or Palma dining credit; the recommended gesture scored better on recovery fit, estimated cost, and operational constraints."
rec_00173,case_00173,TKT000173,PMS000863,loyalty_guest,local_staycation,2340,8440,1.0,0.95,,valet_or_parking_delay,process,4,0.67,true,0.32,Santa Monica Proper Hotel,true,true,true,true,true,0.88,observed_public_property_context,0.56,0.18,sample_seed_review_taxonomy_prior,0.22,0.052,0.245,false,0.32,sample_seed_local_demand_context,0.059,false,635,680,0.934,59,0.885,0.92,sample_seed_public_rate_shape,0,false,partial_room_refund,355,355,future_stay_credit,future-stay credit,275,165,82,234,-80,4,65.73,0.375,0.493,0.567,440,false,0.889,high,smp-public-context-v1.0.0,high_guest_relationship_value;high_severity_issue;recoverable_before_checkout,,"[{""comp_code"": ""parking_fee_waiver"", ""comp_label"": ""parking or destination-fee waiver"", ""guest_facing_value"": 100, ""internal_cost_expected"": 18, ""internal_cost_high"": 35, ""internal_cost_low"": 8, ""policy_score"": 159.52}, {""comp_code"": ""rooftop_f_and_b_credit"", ""comp_label"": ""Calabra or Palma dining credit"", ""guest_facing_value"": 180, ""internal_cost_expected"": 72, ""internal_cost_high"": 108, ""internal_cost_low"": 45, ""policy_score"": 124.06}]","{""fit_score"": 0.56, ""leakage_penalty"": 41.25, ""operational_penalty"": 0.0, ""perceived_value"": 330.0, ""policy_score"": 164.03}","Internal cost is a policy range, not observed property margin. | Guest relationship value and recovery value are synthetic scenario inputs. | Public context cannot substitute for live occupancy, inventory, or approved hotel policy.","Recommend $275 future-stay credit for a loyalty guest with a severity 4 valet or parking delay reported before checkout. Estimated internal cost is $82-$234, not an observed property margin. Rationale: high guest relationship value, high severity issue, recoverable before checkout. Recommendation stability is 89%. The closest alternative was $100 parking or destination-fee waiver; the recommended gesture scored better on recovery fit, estimated cost, and operational constraints."
rec_00174,case_00174,TKT000174,PMS000195,new_guest,coastal_weekend,2560,3070,1.0,0.95,no_review_or_survey,maintenance_issue,outcome,4,0.83,false,0.562,Santa Monica Proper Hotel,true,true,true,true,true,0.88,observed_public_property_context,0.69,0.28,sample_seed_review_taxonomy_prior,0.48,0.082,0.45,false,0.32,sample_seed_local_demand_context,1.0,true,900,865,1.04,270,1.29,0.92,sample_seed_public_rate_shape,0.2,false,late_checkout,95,19,spa_wellness_credit,Surya Spa or Recovery Suite credit,330,182,99,248,235,4,67.3,0.523,0.608,0.637,348,false,1.0,high,smp-public-context-v1.0.0,hotel_responsible_failure;high_severity_issue;high_perceived_value_lower_estimated_cost,,"[{""comp_code"": ""rooftop_f_and_b_credit"", ""comp_label"": ""Calabra or Palma dining credit"", ""guest_facing_value"": 180, ""internal_cost_expected"": 72, ""internal_cost_high"": 108, ""internal_cost_low"": 45, ""policy_score"": 202.6}, {""comp_code"": ""lobby_lounge_credit"", ""comp_label"": ""Palma lounge credit"", ""guest_facing_value"": 120, ""internal_cost_expected"": 46, ""internal_cost_high"": 66, ""internal_cost_low"": 30, ""policy_score"": 165.25}]","{""fit_score"": 0.521, ""leakage_penalty"": 72.8, ""operational_penalty"": 0.0, ""perceived_value"": 445.5, ""policy_score"": 282.0}","Internal cost is a policy range, not observed property margin. | Guest relationship value and recovery value are synthetic scenario inputs. | Public context cannot substitute for live occupancy, inventory, or approved hotel policy.","Recommend $330 Surya Spa or Recovery Suite credit for a new guest with a severity 4 maintenance issue reported after checkout. Estimated internal cost is $99-$248, not an observed property margin. Rationale: hotel responsible failure, high severity issue, high perceived value lower estimated cost. Recommendation stability is 100%. The closest alternative was $180 Calabra or Palma dining credit; the recommended gesture scored better on recovery fit, estimated cost, and operational constraints."
rec_00175,case_00175,TKT000175,PMS000117,new_guest,event_or_wedding,3720,5660,1.0,0.95,no_review_or_survey,noise_disruption,process,4,0.53,true,0.32,Santa Monica Proper Hotel,true,true,true,true,true,0.88,observed_public_property_context,0.62,0.28,sample_seed_review_taxonomy_prior,0.82,0.086,0.647,false,0.32,sample_seed_local_demand_context,0.553,true,760,820,0.927,153,1.092,0.92,sample_seed_public_rate_shape,0.2,false,late_checkout,75,15,spa_wellness_credit,Surya Spa or Recovery Suite credit,330,182,99,248,255,4,59.78,0.384,0.588,0.592,474,false,1.0,high,smp-public-context-v1.0.0,high_severity_issue;recoverable_before_checkout;high_perceived_value_lower_estimated_cost,,"[{""comp_code"": ""rooftop_f_and_b_credit"", ""comp_label"": ""Calabra or Palma dining credit"", ""guest_facing_value"": 180, ""internal_cost_expected"": 72, ""internal_cost_high"": 108, ""internal_cost_low"": 45, ""policy_score"": 157.52}, {""comp_code"": ""late_checkout"", ""comp_label"": ""late checkout"", ""guest_facing_value"": 100, ""internal_cost_expected"": 20, ""internal_cost_high"": 45, ""internal_cost_low"": 8, ""policy_score"": 142.51}]","{""fit_score"": 0.718, ""leakage_penalty"": 72.8, ""operational_penalty"": 0.0, ""perceived_value"": 445.5, ""policy_score"": 325.86}","Internal cost is a policy range, not observed property margin. | Guest relationship value and recovery value are synthetic scenario inputs. | Public context cannot substitute for live occupancy, inventory, or approved hotel policy.","Recommend $330 Surya Spa or Recovery Suite credit for a new guest with a severity 4 noise disruption reported before checkout. Estimated internal cost is $99-$248, not an observed property margin. Rationale: high severity issue, recoverable before checkout, high perceived value lower estimated cost. Recommendation stability is 100%. The closest alternative was $180 Calabra or Palma dining credit; the recommended gesture scored better on recovery fit, estimated cost, and operational constraints."
rec_00176,case_00176,TKT000176,PMS000253,returning_guest,coastal_weekend,7070,26270,1.0,0.95,,maintenance_issue,outcome,5,0.83,true,0.978,Santa Monica Proper Hotel,true,true,true,true,true,0.88,observed_public_property_context,0.69,0.28,sample_seed_review_taxonomy_prior,0.92,0.109,0.769,true,0.32,sample_seed_local_demand_context,1.0,true,910,945,0.963,273,1.28,0.92,sample_seed_public_rate_shape,0.2,false,partial_room_refund,0,0,spa_wellness_credit,Surya Spa or Recovery Suite credit,400,220,120,300,400,5,78.13,0.137,0.673,0.722,1602,true,1.0,high,smp-public-context-v1.0.0,hotel_responsible_failure;high_severity_issue;recoverable_before_checkout;high_perceived_value_lower_estimated_cost;manager_review_required,,"[{""comp_code"": ""rooftop_f_and_b_credit"", ""comp_label"": ""Calabra or Palma dining credit"", ""guest_facing_value"": 220, ""internal_cost_expected"": 88, ""internal_cost_high"": 132, ""internal_cost_low"": 55, ""policy_score"": 257.74}, {""comp_code"": ""future_stay_credit"", ""comp_label"": ""future-stay credit"", ""guest_facing_value"": 355, ""internal_cost_expected"": 213, ""internal_cost_high"": 302, ""internal_cost_low"": 106, ""policy_score"": 198.28}]","{""fit_score"": 0.521, ""leakage_penalty"": 88.0, ""operational_penalty"": 0.0, ""perceived_value"": 540.0, ""policy_score"": 362.49}","Internal cost is a policy range, not observed property margin. | Guest relationship value and recovery value are synthetic scenario inputs. | Public context cannot substitute for live occupancy, inventory, or approved hotel policy.","Recommend $400 Surya Spa or Recovery Suite credit for a returning guest with a severity 5 maintenance issue reported before checkout. Estimated internal cost is $120-$300, not an observed property margin. Rationale: hotel responsible failure, high severity issue, recoverable before checkout, high perceived value lower estimated cost. Recommendation stability is 100%. The closest alternative was $220 Calabra or Palma dining credit; the recommended gesture scored better on recovery fit, estimated cost, and operational constraints."
rec_00177,case_00177,TKT000177,PMS001117,new_guest,coastal_weekend,650,1360,1.0,0.95,no_review_or_survey,room_assignment_expectation_gap,outcome,3,0.74,false,0.347,Santa Monica Proper Hotel,true,true,true,true,true,0.88,observed_public_property_context,0.68,0.28,sample_seed_review_taxonomy_prior,0.78,0.164,0.607,false,0.32,sample_seed_local_demand_context,0.553,false,760,785,0.968,153,1.092,0.92,sample_seed_public_rate_shape,0.2,false,amenity_gesture,75,34,room_upgrade,room upgrade,300,75,24,195,225,3,55.6,0.893,0.501,0.526,84,false,1.0,high,smp-public-context-v1.0.0,hotel_responsible_failure;high_perceived_value_lower_estimated_cost,,"[{""comp_code"": ""rooftop_f_and_b_credit"", ""comp_label"": ""Calabra or Palma dining credit"", ""guest_facing_value"": 150, ""internal_cost_expected"": 60, ""internal_cost_high"": 90, ""internal_cost_low"": 38, ""policy_score"": 89.31}, {""comp_code"": ""lobby_lounge_credit"", ""comp_label"": ""Palma lounge credit"", ""guest_facing_value"": 100, ""internal_cost_expected"": 38, ""internal_cost_high"": 55, ""internal_cost_low"": 25, ""policy_score"": 60.12}]","{""fit_score"": 0.963, ""leakage_penalty"": 30.0, ""operational_penalty"": 26.33, ""perceived_value"": 420.0, ""policy_score"": 367.5}","Internal cost is a policy range, not observed property margin. | Guest relationship value and recovery value are synthetic scenario inputs. | Public context cannot substitute for live occupancy, inventory, or approved hotel policy.","Recommend $300 room upgrade for a new guest with a severity 3 room assignment expectation gap reported after checkout. Estimated internal cost is $24-$195, not an observed property margin. Rationale: hotel responsible failure, high perceived value lower estimated cost. Recommendation stability is 100%. The closest alternative was $150 Calabra or Palma dining credit; the recommended gesture scored better on recovery fit, estimated cost, and operational constraints."
rec_00178,case_00178,TKT000178,PMS001501,new_guest,wellness_getaway,2220,3670,0.78,0.95,no_review_or_survey;no_comp_record,rooftop_pool_access_issue,process,3,0.64,true,0.404,Santa Monica Proper Hotel,true,true,true,true,true,0.88,observed_public_property_context,0.6,0.28,sample_seed_review_taxonomy_prior,0.22,0.561,0.376,false,0.32,sample_seed_local_demand_context,0.138,false,655,630,1.04,72,0.928,0.92,sample_seed_public_rate_shape,0,false,,0,0,rooftop_f_and_b_credit,Calabra or Palma dining credit,150,60,38,90,150,3,51.88,0.239,0.479,0.497,251,false,1.0,high,smp-public-context-v1.0.0,recoverable_before_checkout;high_perceived_value_lower_estimated_cost,,"[{""comp_code"": ""spa_wellness_credit"", ""comp_label"": ""Surya Spa or Recovery Suite credit"", ""guest_facing_value"": 275, ""internal_cost_expected"": 151, ""internal_cost_high"": 206, ""internal_cost_low"": 82, ""policy_score"": 78.76}, {""comp_code"": ""lobby_lounge_credit"", ""comp_label"": ""Palma lounge credit"", ""guest_facing_value"": 100, ""internal_cost_expected"": 38, ""internal_cost_high"": 55, ""internal_cost_low"": 25, ""policy_score"": 64.25}]","{""fit_score"": 1.026, ""leakage_penalty"": 15.0, ""operational_penalty"": 0.0, ""perceived_value"": 187.5, ""policy_score"": 189.95}","Internal cost is a policy range, not observed property margin. | Guest relationship value and recovery value are synthetic scenario inputs. | Public context cannot substitute for live occupancy, inventory, or approved hotel policy.","Recommend $150 Calabra or Palma dining credit for a new guest with a severity 3 rooftop pool access issue reported before checkout. Estimated internal cost is $38-$90, not an observed property margin. Rationale: recoverable before checkout, high perceived value lower estimated cost. Recommendation stability is 100%. The closest alternative was $275 Surya Spa or Recovery Suite credit; the recommended gesture scored better on recovery fit, estimated cost, and operational constraints."
rec_00179,case_00179,TKT000179,PMS000579,new_guest,business_traveler,1640,1840,1.0,0.95,no_review_or_survey;no_comp_record,room_readiness_delay,outcome,1,0.88,true,0.864,Santa Monica Proper Hotel,true,true,true,true,true,0.88,observed_public_property_context,0.74,0.28,sample_seed_review_taxonomy_prior,0.22,0.083,0.27,false,0.32,sample_seed_local_demand_context,0.593,false,770,725,1.062,162,1.125,0.92,sample_seed_public_rate_shape,0,false,,0,0,rooftop_f_and_b_credit,Calabra or Palma dining credit,135,54,34,81,135,2,39.14,0.422,0.311,0.347,128,false,0.963,high,smp-public-context-v1.0.0,hotel_responsible_failure;recoverable_before_checkout;high_perceived_value_lower_estimated_cost;operational_pressure_changed_recovery,"Operational availability changed the recommendation: without this signal, the model would prefer late checkout at $75.","[{""comp_code"": ""lobby_lounge_credit"", ""comp_label"": ""Palma lounge credit"", ""guest_facing_value"": 90, ""internal_cost_expected"": 34, ""internal_cost_high"": 50, ""internal_cost_low"": 22, ""policy_score"": 80.06}, {""comp_code"": ""amenity_gesture"", ""comp_label"": ""in-room amenity gesture"", ""guest_facing_value"": 50, ""internal_cost_expected"": 22, ""internal_cost_high"": 32, ""internal_cost_low"": 12, ""policy_score"": 39.13}]","{""fit_score"": 0.859, ""leakage_penalty"": 13.5, ""operational_penalty"": 0.0, ""perceived_value"": 168.75, ""policy_score"": 131.31}","Internal cost is a policy range, not observed property margin. | Guest relationship value and recovery value are synthetic scenario inputs. | Public context cannot substitute for live occupancy, inventory, or approved hotel policy.","Recommend $135 Calabra or Palma dining credit for a new guest with a severity 1 room readiness delay reported before checkout. Estimated internal cost is $34-$81, not an observed property margin. Rationale: hotel responsible failure, recoverable before checkout, high perceived value lower estimated cost, operational pressure changed recovery. Recommendation stability is 96%. The closest alternative was $90 Palma lounge credit; the recommended gesture scored better on recovery fit, estimated cost, and operational constraints."
rec_00180,case_00180,TKT000180,PMS000269,event_or_suite_guest,local_staycation,4640,35430,1.0,0.95,severity_inferred,room_readiness_delay,outcome,3,0.88,true,0.704,Santa Monica Proper Hotel,true,true,true,true,true,0.88,observed_public_property_context,0.74,0.28,sample_seed_review_taxonomy_prior,0.7,0.408,0.63,false,0.32,sample_seed_local_demand_context,1.0,true,890,810,1.099,267,1.305,0.92,sample_seed_public_rate_shape,0.2,false,rooftop_f_and_b_credit,170,68,rooftop_f_and_b_credit,Calabra or Palma dining credit,180,72,45,108,10,4,62.64,0.058,0.431,0.519,1242,false,0.852,moderate,smp-public-context-v1.0.0,high_guest_relationship_value;hotel_responsible_failure;recoverable_before_checkout;high_perceived_value_lower_estimated_cost;public_rate_pressure_changed_recovery;property_fit_changed_recovery,"Public rate pressure changed the recommendation: without this signal, the model would prefer future-stay credit at $405. | Property fit changed the recommendation: without this signal, the model would prefer future-stay credit at $405.","[{""comp_code"": ""future_stay_credit"", ""comp_label"": ""future-stay credit"", ""guest_facing_value"": 405, ""internal_cost_expected"": 243, ""internal_cost_high"": 344, ""internal_cost_low"": 122, ""policy_score"": 274.13}, {""comp_code"": ""lobby_lounge_credit"", ""comp_label"": ""Palma lounge credit"", ""guest_facing_value"": 120, ""internal_cost_expected"": 46, ""internal_cost_high"": 66, ""internal_cost_low"": 30, ""policy_score"": 203.89}]","{""fit_score"": 0.859, ""leakage_penalty"": 28.8, ""operational_penalty"": 0.0, ""perceived_value"": 225.0, ""policy_score"": 278.23}","Internal cost is a policy range, not observed property margin. | Guest relationship value and recovery value are synthetic scenario inputs. | Public context cannot substitute for live occupancy, inventory, or approved hotel policy.","Recommend $180 Calabra or Palma dining credit for an event/suite guest with a severity 3 room readiness delay reported before checkout. Estimated internal cost is $45-$108, not an observed property margin. Rationale: high guest relationship value, hotel responsible failure, recoverable before checkout, high perceived value lower estimated cost. Recommendation stability is 85%. The closest alternative was $405 future-stay credit; the recommended gesture scored better on recovery fit, estimated cost, and operational constraints."
rec_00181,case_00181,TKT000181,PMS001435,new_guest,local_staycation,1920,2240,1.0,0.95,no_review_or_survey;no_comp_record,room_assignment_expectation_gap,outcome,2,0.74,true,0.473,Santa Monica Proper Hotel,true,true,true,true,true,0.88,observed_public_property_context,0.68,0.28,sample_seed_review_taxonomy_prior,0.22,0.036,0.192,false,0.32,sample_seed_local_demand_context,0.158,false,660,680,0.971,76,0.926,0.92,sample_seed_public_rate_shape,0,true,,0,0,room_upgrade,room upgrade,300,75,24,195,300,3,45.31,0.429,0.398,0.423,175,false,0.963,high,smp-public-context-v1.0.0,hotel_responsible_failure;recoverable_before_checkout;high_perceived_value_lower_estimated_cost,,"[{""comp_code"": ""rooftop_f_and_b_credit"", ""comp_label"": ""Calabra or Palma dining credit"", ""guest_facing_value"": 150, ""internal_cost_expected"": 60, ""internal_cost_high"": 90, ""internal_cost_low"": 38, ""policy_score"": 91.83}, {""comp_code"": ""spa_wellness_credit"", ""comp_label"": ""Surya Spa or Recovery Suite credit"", ""guest_facing_value"": 275, ""internal_cost_expected"": 151, ""internal_cost_high"": 206, ""internal_cost_low"": 82, ""policy_score"": 74.35}]","{""fit_score"": 0.963, ""leakage_penalty"": 18.75, ""operational_penalty"": 26.01, ""perceived_value"": 420.0, ""policy_score"": 353.04}","Internal cost is a policy range, not observed property margin. | Guest relationship value and recovery value are synthetic scenario inputs. | Public context cannot substitute for live occupancy, inventory, or approved hotel policy.","Recommend $300 room upgrade for a new guest with a severity 2 room assignment expectation gap reported before checkout. Estimated internal cost is $24-$195, not an observed property margin. Rationale: hotel responsible failure, recoverable before checkout, high perceived value lower estimated cost. Recommendation stability is 96%. The closest alternative was $150 Calabra or Palma dining credit; the recommended gesture scored better on recovery fit, estimated cost, and operational constraints."
rec_00182,case_00182,TKT000182,PMS000979,new_guest,coastal_weekend,1800,3350,1.0,0.95,no_review_or_survey;no_comp_record,f_and_b_service_lapse,process,3,0.7,false,0.62,Santa Monica Proper Hotel,true,true,true,true,true,0.88,observed_public_property_context,0.6,0.28,sample_seed_review_taxonomy_prior,0.22,0.066,0.236,false,0.32,sample_seed_local_demand_context,0.336,false,705,670,1.052,109,1.014,0.92,sample_seed_public_rate_shape,0,false,,0,0,rooftop_f_and_b_credit,Calabra or Palma dining credit,150,60,38,90,150,3,55.18,0.268,0.479,0.512,224,false,1.0,high,smp-public-context-v1.0.0,hotel_responsible_failure;high_perceived_value_lower_estimated_cost,,"[{""comp_code"": ""spa_wellness_credit"", ""comp_label"": ""Surya Spa or Recovery Suite credit"", ""guest_facing_value"": 275, ""internal_cost_expected"": 151, ""internal_cost_high"": 206, ""internal_cost_low"": 82, ""policy_score"": 80.98}, {""comp_code"": ""lobby_lounge_credit"", ""comp_label"": ""Palma lounge credit"", ""guest_facing_value"": 100, ""internal_cost_expected"": 38, ""internal_cost_high"": 55, ""internal_cost_low"": 25, ""policy_score"": 65.65}]","{""fit_score"": 1.05, ""leakage_penalty"": 15.0, ""operational_penalty"": 0.0, ""perceived_value"": 187.5, ""policy_score"": 198.6}","Internal cost is a policy range, not observed property margin. | Guest relationship value and recovery value are synthetic scenario inputs. | Public context cannot substitute for live occupancy, inventory, or approved hotel policy.","Recommend $150 Calabra or Palma dining credit for a new guest with a severity 3 F&B service lapse reported after checkout. Estimated internal cost is $38-$90, not an observed property margin. Rationale: hotel responsible failure, high perceived value lower estimated cost. Recommendation stability is 100%. The closest alternative was $275 Surya Spa or Recovery Suite credit; the recommended gesture scored better on recovery fit, estimated cost, and operational constraints."
rec_00183,case_00183,TKT000183,PMS001408,loyalty_guest,coastal_weekend,3760,16410,1.0,0.95,no_review_or_survey,room_readiness_delay,outcome,4,0.93,false,0.659,Santa Monica Proper Hotel,true,true,true,true,true,0.88,observed_public_property_context,0.74,0.28,sample_seed_review_taxonomy_prior,0.22,0.107,0.247,false,0.32,sample_seed_local_demand_context,0.0,false,575,555,1.036,46,0.869,0.92,sample_seed_public_rate_shape,0,false,spa_wellness_credit,345,190,future_stay_credit,future-stay credit,330,198,99,280,-15,4,74.39,0.226,0.622,0.677,875,false,0.852,high,smp-public-context-v1.0.0,high_guest_relationship_value;hotel_responsible_failure;high_severity_issue,,"[{""comp_code"": ""room_upgrade"", ""comp_label"": ""room upgrade"", ""guest_facing_value"": 360, ""internal_cost_expected"": 90, ""internal_cost_high"": 234, ""internal_cost_low"": 29, ""policy_score"": 242.92}, {""comp_code"": ""rooftop_f_and_b_credit"", ""comp_label"": ""Calabra or Palma dining credit"", ""guest_facing_value"": 180, ""internal_cost_expected"": 72, ""internal_cost_high"": 108, ""internal_cost_low"": 45, ""policy_score"": 215.07}]","{""fit_score"": 0.7, ""leakage_penalty"": 49.5, ""operational_penalty"": 0.0, ""perceived_value"": 396.0, ""policy_score"": 273.42}","Internal cost is a policy range, not observed property margin. | Guest relationship value and recovery value are synthetic scenario inputs. | Public context cannot substitute for live occupancy, inventory, or approved hotel policy.","Recommend $330 future-stay credit for a loyalty guest with a severity 4 room readiness delay reported after checkout. Estimated internal cost is $99-$280, not an observed property margin. Rationale: high guest relationship value, hotel responsible failure, high severity issue. Recommendation stability is 85%. The closest alternative was $360 room upgrade; the recommended gesture scored better on recovery fit, estimated cost, and operational constraints."
rec_00184,case_00184,TKT000184,PMS000565,new_guest,wellness_getaway,3750,7630,1.0,0.95,no_review_or_survey,housekeeping_miss,outcome,2,0.9,true,0.669,Santa Monica Proper Hotel,true,true,true,true,true,0.88,observed_public_property_context,0.72,0.28,sample_seed_review_taxonomy_prior,0.48,0.114,0.407,false,0.32,sample_seed_local_demand_context,0.237,false,680,620,1.097,90,0.984,0.92,sample_seed_public_rate_shape,0.2,false,amenity_gesture,65,29,rooftop_f_and_b_credit,Calabra or Palma dining credit,150,60,38,90,85,3,50.04,0.138,0.409,0.45,434,false,0.963,high,smp-public-context-v1.0.0,hotel_responsible_failure;recoverable_before_checkout;high_perceived_value_lower_estimated_cost,,"[{""comp_code"": ""lobby_lounge_credit"", ""comp_label"": ""Palma lounge credit"", ""guest_facing_value"": 100, ""internal_cost_expected"": 38, ""internal_cost_high"": 55, ""internal_cost_low"": 25, ""policy_score"": 57.77}, {""comp_code"": ""spa_wellness_credit"", ""comp_label"": ""Surya Spa or Recovery Suite credit"", ""guest_facing_value"": 275, ""internal_cost_expected"": 151, ""internal_cost_high"": 206, ""internal_cost_low"": 82, ""policy_score"": 54.88}]","{""fit_score"": 0.537, ""leakage_penalty"": 24.0, ""operational_penalty"": 0.0, ""perceived_value"": 187.5, ""policy_score"": 85.81}","Internal cost is a policy range, not observed property margin. | Guest relationship value and recovery value are synthetic scenario inputs. | Public context cannot substitute for live occupancy, inventory, or approved hotel policy.","Recommend $150 Calabra or Palma dining credit for a new guest with a severity 2 housekeeping miss reported before checkout. Estimated internal cost is $38-$90, not an observed property margin. Rationale: hotel responsible failure, recoverable before checkout, high perceived value lower estimated cost. Recommendation stability is 96%. The closest alternative was $100 Palma lounge credit; the recommended gesture scored better on recovery fit, estimated cost, and operational constraints."
rec_00185,case_00185,TKT000185,PMS001517,vip_guest,coastal_weekend,2920,18400,1.0,0.95,,rooftop_pool_access_issue,process,4,0.69,true,0.347,Santa Monica Proper Hotel,true,true,true,true,true,0.88,observed_public_property_context,0.6,0.28,sample_seed_review_taxonomy_prior,0.48,0.041,0.369,false,0.32,sample_seed_local_demand_context,0.277,false,690,720,0.958,97,0.976,0.92,sample_seed_public_rate_shape,0.2,false,spa_wellness_credit,385,212,rooftop_f_and_b_credit,Calabra or Palma dining credit,180,72,45,108,-205,4,65.28,0.099,0.472,0.553,725,false,1.0,high,smp-public-context-v1.0.0,high_guest_relationship_value;high_severity_issue;recoverable_before_checkout;high_perceived_value_lower_estimated_cost;property_fit_changed_recovery,"Property fit changed the recommendation: without this signal, the model would prefer future-stay credit at $255.","[{""comp_code"": ""future_stay_credit"", ""comp_label"": ""future-stay credit"", ""guest_facing_value"": 255, ""internal_cost_expected"": 153, ""internal_cost_high"": 217, ""internal_cost_low"": 76, ""policy_score"": 203.26}, {""comp_code"": ""spa_wellness_credit"", ""comp_label"": ""Surya Spa or Recovery Suite credit"", ""guest_facing_value"": 330, ""internal_cost_expected"": 182, ""internal_cost_high"": 248, ""internal_cost_low"": 99, ""policy_score"": 76.54}]","{""fit_score"": 1.026, ""leakage_penalty"": 28.8, ""operational_penalty"": 0.0, ""perceived_value"": 225.0, ""policy_score"": 234.92}","Internal cost is a policy range, not observed property margin. | Guest relationship value and recovery value are synthetic scenario inputs. | Public context cannot substitute for live occupancy, inventory, or approved hotel policy.","Recommend $180 Calabra or Palma dining credit for a vip guest with a severity 4 rooftop pool access issue reported before checkout. Estimated internal cost is $45-$108, not an observed property margin. Rationale: high guest relationship value, high severity issue, recoverable before checkout, high perceived value lower estimated cost. Recommendation stability is 100%. The closest alternative was $255 future-stay credit; the recommended gesture scored better on recovery fit, estimated cost, and operational constraints."
rec_00186,case_00186,TKT000186,PMS000926,returning_guest,design_leisure,5950,12660,1.0,0.95,,noise_disruption,process,4,0.53,true,0.688,Santa Monica Proper Hotel,true,true,true,true,true,0.88,observed_public_property_context,0.62,0.28,sample_seed_review_taxonomy_prior,0.22,0.038,0.199,false,0.32,sample_seed_local_demand_context,1.0,true,890,790,1.127,267,1.312,0.92,sample_seed_public_rate_shape,0,false,lobby_lounge_credit,90,34,spa_wellness_credit,Surya Spa or Recovery Suite credit,330,182,99,248,240,4,63.55,0.205,0.534,0.58,887,false,1.0,high,smp-public-context-v1.0.0,high_severity_issue;recoverable_before_checkout;high_perceived_value_lower_estimated_cost,,"[{""comp_code"": ""rooftop_f_and_b_credit"", ""comp_label"": ""Calabra or Palma dining credit"", ""guest_facing_value"": 180, ""internal_cost_expected"": 72, ""internal_cost_high"": 108, ""internal_cost_low"": 45, ""policy_score"": 210.57}, {""comp_code"": ""future_stay_credit"", ""comp_label"": ""future-stay credit"", ""guest_facing_value"": 300, ""internal_cost_expected"": 180, ""internal_cost_high"": 255, ""internal_cost_low"": 90, ""policy_score"": 176.19}]","{""fit_score"": 0.718, ""leakage_penalty"": 45.5, ""operational_penalty"": 0.0, ""perceived_value"": 445.5, ""policy_score"": 400.11}","Internal cost is a policy range, not observed property margin. | Guest relationship value and recovery value are synthetic scenario inputs. | Public context cannot substitute for live occupancy, inventory, or approved hotel policy.","Recommend $330 Surya Spa or Recovery Suite credit for a returning guest with a severity 4 noise disruption reported before checkout. Estimated internal cost is $99-$248, not an observed property margin. Rationale: high severity issue, recoverable before checkout, high perceived value lower estimated cost. Recommendation stability is 100%. The closest alternative was $180 Calabra or Palma dining credit; the recommended gesture scored better on recovery fit, estimated cost, and operational constraints."
rec_00187,case_00187,TKT000187,PMS000498,new_guest,wellness_getaway,2240,4032,1.0,0.95,ltv_imputed,spa_wellness_service_issue,process,3,0.74,true,0.796,Santa Monica Proper Hotel,true,true,true,true,true,0.88,observed_public_property_context,0.64,0.28,sample_seed_review_taxonomy_prior,0.48,0.09,0.399,false,0.32,sample_seed_local_demand_context,0.02,false,625,705,0.887,53,0.868,0.92,sample_seed_public_rate_shape,0.2,false,amenity_gesture,60,27,spa_wellness_credit,Surya Spa or Recovery Suite credit,275,151,82,206,215,3,53.66,0.563,0.395,0.459,268,false,1.0,moderate,smp-public-context-v1.0.0,hotel_responsible_failure;recoverable_before_checkout;high_perceived_value_lower_estimated_cost,,"[{""comp_code"": ""rooftop_f_and_b_credit"", ""comp_label"": ""Calabra or Palma dining credit"", ""guest_facing_value"": 150, ""internal_cost_expected"": 60, ""internal_cost_high"": 90, ""internal_cost_low"": 38, ""policy_score"": 88.09}, {""comp_code"": ""lobby_lounge_credit"", ""comp_label"": ""Palma lounge credit"", ""guest_facing_value"": 100, ""internal_cost_expected"": 38, ""internal_cost_high"": 55, ""internal_cost_low"": 25, ""policy_score"": 59.3}]","{""fit_score"": 1.043, ""leakage_penalty"": 60.4, ""operational_penalty"": 0.0, ""perceived_value"": 371.25, ""policy_score"": 346.74}","Internal cost is a policy range, not observed property margin. | Guest relationship value and recovery value are synthetic scenario inputs. | Public context cannot substitute for live occupancy, inventory, or approved hotel policy.","Recommend $275 Surya Spa or Recovery Suite credit for a new guest with a severity 3 spa/wellness service issue reported before checkout. Estimated internal cost is $82-$206, not an observed property margin. Rationale: hotel responsible failure, recoverable before checkout, high perceived value lower estimated cost. Recommendation stability is 100%. The closest alternative was $150 Calabra or Palma dining credit; the recommended gesture scored better on recovery fit, estimated cost, and operational constraints."
rec_00188,case_00188,TKT000188,PMS000210,returning_guest,local_staycation,1800,7000,1.0,0.95,no_review_or_survey,maintenance_issue,outcome,3,0.78,true,0.453,Santa Monica Proper Hotel,true,true,true,true,true,0.88,observed_public_property_context,0.69,0.28,sample_seed_review_taxonomy_prior,0.22,0.158,0.227,false,0.32,sample_seed_local_demand_context,0.356,false,710,720,0.986,112,1.009,0.92,sample_seed_public_rate_shape,0.2,false,rooftop_f_and_b_credit,140,56,spa_wellness_credit,Surya Spa or Recovery Suite credit,275,151,82,206,135,3,56.44,0.502,0.504,0.531,301,false,1.0,high,smp-public-context-v1.0.0,hotel_responsible_failure;recoverable_before_checkout;high_perceived_value_lower_estimated_cost,,"[{""comp_code"": ""room_upgrade"", ""comp_label"": ""room upgrade"", ""guest_facing_value"": 300, ""internal_cost_expected"": 75, ""internal_cost_high"": 195, ""internal_cost_low"": 24, ""policy_score"": 110.73}, {""comp_code"": ""rooftop_f_and_b_credit"", ""comp_label"": ""Calabra or Palma dining credit"", ""guest_facing_value"": 150, ""internal_cost_expected"": 60, ""internal_cost_high"": 90, ""internal_cost_low"": 38, ""policy_score"": 89.84}]","{""fit_score"": 0.521, ""leakage_penalty"": 60.4, ""operational_penalty"": 0.0, ""perceived_value"": 371.25, ""policy_score"": 149.73}","Internal cost is a policy range, not observed property margin. | Guest relationship value and recovery value are synthetic scenario inputs. | Public context cannot substitute for live occupancy, inventory, or approved hotel policy.","Recommend $275 Surya Spa or Recovery Suite credit for a returning guest with a severity 3 maintenance issue reported before checkout. Estimated internal cost is $82-$206, not an observed property margin. Rationale: hotel responsible failure, recoverable before checkout, high perceived value lower estimated cost. Recommendation stability is 100%. The closest alternative was $300 room upgrade; the recommended gesture scored better on recovery fit, estimated cost, and operational constraints."
rec_00189,case_00189,TKT000189,PMS000800,new_guest,event_or_wedding,1650,3030,1.0,0.95,no_review_or_survey,noise_disruption,process,2,0.48,true,0.98,Santa Monica Proper Hotel,true,true,true,true,true,0.88,observed_public_property_context,0.62,0.28,sample_seed_review_taxonomy_prior,0.22,0.058,0.259,false,0.32,sample_seed_local_demand_context,0.198,false,670,690,0.971,83,0.943,0.92,sample_seed_public_rate_shape,0.2,false,amenity_gesture,70,32,rooftop_f_and_b_credit,Calabra or Palma dining credit,135,54,34,81,65,2,40.1,0.365,0.381,0.39,148,false,0.926,high,smp-public-context-v1.0.0,recoverable_before_checkout;high_perceived_value_lower_estimated_cost;operational_pressure_changed_recovery,"Operational availability changed the recommendation: without this signal, the model would prefer late checkout at $75.","[{""comp_code"": ""lobby_lounge_credit"", ""comp_label"": ""Palma lounge credit"", ""guest_facing_value"": 90, ""internal_cost_expected"": 34, ""internal_cost_high"": 50, ""internal_cost_low"": 22, ""policy_score"": 48.7}, {""comp_code"": ""amenity_gesture"", ""comp_label"": ""in-room amenity gesture"", ""guest_facing_value"": 50, ""internal_cost_expected"": 22, ""internal_cost_high"": 32, ""internal_cost_low"": 12, ""policy_score"": 41.25}]","{""fit_score"": 0.537, ""leakage_penalty"": 21.6, ""operational_penalty"": 0.0, ""perceived_value"": 168.75, ""policy_score"": 72.38}","Internal cost is a policy range, not observed property margin. | Guest relationship value and recovery value are synthetic scenario inputs. | Public context cannot substitute for live occupancy, inventory, or approved hotel policy.","Recommend $135 Calabra or Palma dining credit for a new guest with a severity 2 noise disruption reported before checkout. Estimated internal cost is $34-$81, not an observed property margin. Rationale: recoverable before checkout, high perceived value lower estimated cost, operational pressure changed recovery. Recommendation stability is 93%. The closest alternative was $90 Palma lounge credit; the recommended gesture scored better on recovery fit, estimated cost, and operational constraints."
rec_00190,case_00190,TKT000190,PMS001453,loyalty_guest,coastal_weekend,660,2850,1.0,0.95,no_review_or_survey,f_and_b_service_lapse,process,1,0.7,false,0.347,Santa Monica Proper Hotel,true,true,true,true,true,0.88,observed_public_property_context,0.6,0.28,sample_seed_review_taxonomy_prior,0.48,0.041,0.369,false,0.32,sample_seed_local_demand_context,0.277,false,690,720,0.958,97,0.976,0.92,sample_seed_public_rate_shape,0.2,false,amenity_gesture,0,0,rooftop_f_and_b_credit,Calabra or Palma dining credit,135,54,34,81,135,2,38.41,0.684,0.272,0.322,79,false,1.0,high,smp-public-context-v1.0.0,high_guest_relationship_value;hotel_responsible_failure;high_perceived_value_lower_estimated_cost,,"[{""comp_code"": ""lobby_lounge_credit"", ""comp_label"": ""Palma lounge credit"", ""guest_facing_value"": 90, ""internal_cost_expected"": 34, ""internal_cost_high"": 50, ""internal_cost_low"": 22, ""policy_score"": 48.06}, {""comp_code"": ""late_checkout"", ""comp_label"": ""late checkout"", ""guest_facing_value"": 75, ""internal_cost_expected"": 15, ""internal_cost_high"": 34, ""internal_cost_low"": 6, ""policy_score"": 39.67}]","{""fit_score"": 1.05, ""leakage_penalty"": 21.6, ""operational_penalty"": 0.0, ""perceived_value"": 168.75, ""policy_score"": 152.84}","Internal cost is a policy range, not observed property margin. | Guest relationship value and recovery value are synthetic scenario inputs. | Public context cannot substitute for live occupancy, inventory, or approved hotel policy.","Recommend $135 Calabra or Palma dining credit for a loyalty guest with a severity 1 F&B service lapse reported after checkout. Estimated internal cost is $34-$81, not an observed property margin. Rationale: high guest relationship value, hotel responsible failure, high perceived value lower estimated cost. Recommendation stability is 100%. The closest alternative was $90 Palma lounge credit; the recommended gesture scored better on recovery fit, estimated cost, and operational constraints."
rec_00191,case_00191,TKT000191,PMS000576,returning_guest,local_staycation,1620,5200,1.0,0.95,no_review_or_survey,f_and_b_service_lapse,process,2,0.7,false,0.486,Santa Monica Proper Hotel,true,true,true,true,true,0.88,observed_public_property_context,0.6,0.28,sample_seed_review_taxonomy_prior,0.22,0.084,0.22,false,0.32,sample_seed_local_demand_context,0.0,false,580,645,0.899,46,0.86,0.92,sample_seed_public_rate_shape,0,false,rooftop_f_and_b_credit,200,80,rooftop_f_and_b_credit,Calabra or Palma dining credit,150,60,38,90,-50,3,46.77,0.291,0.375,0.417,206,false,1.0,high,smp-public-context-v1.0.0,hotel_responsible_failure;high_perceived_value_lower_estimated_cost,,"[{""comp_code"": ""spa_wellness_credit"", ""comp_label"": ""Surya Spa or Recovery Suite credit"", ""guest_facing_value"": 275, ""internal_cost_expected"": 151, ""internal_cost_high"": 206, ""internal_cost_low"": 82, ""policy_score"": 75.33}, {""comp_code"": ""lobby_lounge_credit"", ""comp_label"": ""Palma lounge credit"", ""guest_facing_value"": 100, ""internal_cost_expected"": 38, ""internal_cost_high"": 55, ""internal_cost_low"": 25, ""policy_score"": 62.08}]","{""fit_score"": 1.05, ""leakage_penalty"": 15.0, ""operational_penalty"": 0.0, ""perceived_value"": 187.5, ""policy_score"": 188.24}","Internal cost is a policy range, not observed property margin. | Guest relationship value and recovery value are synthetic scenario inputs. | Public context cannot substitute for live occupancy, inventory, or approved hotel policy.","Recommend $150 Calabra or Palma dining credit for a returning guest with a severity 2 F&B service lapse reported after checkout. Estimated internal cost is $38-$90, not an observed property margin. Rationale: hotel responsible failure, high perceived value lower estimated cost. Recommendation stability is 100%. The closest alternative was $275 Surya Spa or Recovery Suite credit; the recommended gesture scored better on recovery fit, estimated cost, and operational constraints."
rec_00192,case_00192,TKT000192,PMS000740,new_guest,business_traveler,1360,2910,1.0,0.95,no_review_or_survey,room_readiness_delay,outcome,4,0.93,false,0.73,Santa Monica Proper Hotel,true,true,true,true,true,0.88,observed_public_property_context,0.74,0.28,sample_seed_review_taxonomy_prior,0.22,0.099,0.199,false,0.32,sample_seed_local_demand_context,0.613,false,775,745,1.04,166,1.127,0.92,sample_seed_public_rate_shape,0.2,false,rooftop_f_and_b_credit,170,68,late_checkout,late checkout,100,20,8,45,-70,4,69.03,0.09,0.622,0.653,221,false,0.815,high,smp-public-context-v1.0.0,hotel_responsible_failure;high_severity_issue;high_perceived_value_lower_estimated_cost;operational_pressure_changed_recovery,"Operational availability changed the recommendation: without this signal, the model would prefer room upgrade at $360.","[{""comp_code"": ""rooftop_f_and_b_credit"", ""comp_label"": ""Calabra or Palma dining credit"", ""guest_facing_value"": 180, ""internal_cost_expected"": 72, ""internal_cost_high"": 108, ""internal_cost_low"": 45, ""policy_score"": 197.79}, {""comp_code"": ""future_stay_credit"", ""comp_label"": ""future-stay credit"", ""guest_facing_value"": 240, ""internal_cost_expected"": 144, ""internal_cost_high"": 204, ""internal_cost_low"": 72, ""policy_score"": 170.5}]","{""fit_score"": 0.932, ""leakage_penalty"": 8.0, ""operational_penalty"": 13.14, ""perceived_value"": 145.0, ""policy_score"": 201.71}","Internal cost is a policy range, not observed property margin. | Guest relationship value and recovery value are synthetic scenario inputs. | Public context cannot substitute for live occupancy, inventory, or approved hotel policy.","Recommend $100 late checkout for a new guest with a severity 4 room readiness delay reported after checkout. Estimated internal cost is $8-$45, not an observed property margin. Rationale: hotel responsible failure, high severity issue, high perceived value lower estimated cost, operational pressure changed recovery. Recommendation stability is 82%. The closest alternative was $180 Calabra or Palma dining credit; the recommended gesture scored better on recovery fit, estimated cost, and operational constraints."
rec_00193,case_00193,TKT000193,PMS001317,returning_guest,wellness_getaway,2040,3672,1.0,0.95,ltv_imputed;no_comp_record,housekeeping_miss,outcome,3,0.9,true,0.585,Santa Monica Proper Hotel,true,true,true,true,true,0.88,observed_public_property_context,0.72,0.28,sample_seed_review_taxonomy_prior,0.22,0.099,0.213,false,0.32,sample_seed_local_demand_context,0.0,false,595,640,0.93,48,0.86,0.92,sample_seed_public_rate_shape,0,false,,0,0,future_stay_credit,future-stay credit,240,144,72,204,240,4,58.73,0.539,0.466,0.521,267,false,0.778,moderate,smp-public-context-v1.0.0,hotel_responsible_failure;recoverable_before_checkout,,"[{""comp_code"": ""rooftop_f_and_b_credit"", ""comp_label"": ""Calabra or Palma dining credit"", ""guest_facing_value"": 180, ""internal_cost_expected"": 72, ""internal_cost_high"": 108, ""internal_cost_low"": 45, ""policy_score"": 118.77}, {""comp_code"": ""spa_wellness_credit"", ""comp_label"": ""Surya Spa or Recovery Suite credit"", ""guest_facing_value"": 330, ""internal_cost_expected"": 182, ""internal_cost_high"": 248, ""internal_cost_low"": 99, ""policy_score"": 98.56}]","{""fit_score"": 0.56, ""leakage_penalty"": 36.0, ""operational_penalty"": 0.0, ""perceived_value"": 288.0, ""policy_score"": 136.1}","Internal cost is a policy range, not observed property margin. | Guest relationship value and recovery value are synthetic scenario inputs. | Public context cannot substitute for live occupancy, inventory, or approved hotel policy.","Recommend $240 future-stay credit for a returning guest with a severity 3 housekeeping miss reported before checkout. Estimated internal cost is $72-$204, not an observed property margin. Rationale: hotel responsible failure, recoverable before checkout. Recommendation stability is 78%. The closest alternative was $180 Calabra or Palma dining credit; the recommended gesture scored better on recovery fit, estimated cost, and operational constraints."
rec_00194,case_00194,TKT000194,PMS000411,returning_guest,design_leisure,5390,10870,1.0,0.95,no_review_or_survey,billing_or_fee_dispute,process,2,0.55,false,0.32,Santa Monica Proper Hotel,true,true,true,true,true,0.88,observed_public_property_context,0.58,0.28,sample_seed_review_taxonomy_prior,0.82,0.086,0.647,false,0.32,sample_seed_local_demand_context,0.553,true,760,820,0.927,153,1.092,0.92,sample_seed_public_rate_shape,0.2,false,rooftop_f_and_b_credit,210,84,rooftop_f_and_b_credit,Calabra or Palma dining credit,150,60,38,90,-60,3,47.1,0.103,0.37,0.415,585,false,1.0,high,smp-public-context-v1.0.0,high_perceived_value_lower_estimated_cost;property_fit_changed_recovery,"Property fit changed the recommendation: without this signal, the model would prefer Palma lounge credit at $100.","[{""comp_code"": ""lobby_lounge_credit"", ""comp_label"": ""Palma lounge credit"", ""guest_facing_value"": 100, ""internal_cost_expected"": 38, ""internal_cost_high"": 55, ""internal_cost_low"": 25, ""policy_score"": 128.62}, {""comp_code"": ""parking_fee_waiver"", ""comp_label"": ""parking or destination-fee waiver"", ""guest_facing_value"": 85, ""internal_cost_expected"": 15, ""internal_cost_high"": 30, ""internal_cost_low"": 7, ""policy_score"": 105.41}]","{""fit_score"": 0.537, ""leakage_penalty"": 24.0, ""operational_penalty"": 0.0, ""perceived_value"": 187.5, ""policy_score"": 132.71}","Internal cost is a policy range, not observed property margin. | Guest relationship value and recovery value are synthetic scenario inputs. | Public context cannot substitute for live occupancy, inventory, or approved hotel policy.","Recommend $150 Calabra or Palma dining credit for a returning guest with a severity 2 billing or fee dispute reported after checkout. Estimated internal cost is $38-$90, not an observed property margin. Rationale: high perceived value lower estimated cost, property fit changed recovery. Recommendation stability is 100%. The closest alternative was $100 Palma lounge credit; the recommended gesture scored better on recovery fit, estimated cost, and operational constraints."
rec_00195,case_00195,TKT000195,PMS001500,vip_guest,design_leisure,5300,41620,1.0,0.95,no_review_or_survey;no_comp_record,f_and_b_service_lapse,process,2,0.7,true,0.99,Santa Monica Proper Hotel,true,true,true,true,true,0.88,observed_public_property_context,0.6,0.28,sample_seed_review_taxonomy_prior,0.7,0.067,0.594,false,0.32,sample_seed_local_demand_context,0.988,true,870,820,1.061,259,1.29,0.92,sample_seed_public_rate_shape,0,false,,0,0,rooftop_f_and_b_credit,Calabra or Palma dining credit,150,60,38,90,150,3,51.3,0.051,0.375,0.437,1182,false,1.0,high,smp-public-context-v1.0.0,high_guest_relationship_value;hotel_responsible_failure;recoverable_before_checkout;high_perceived_value_lower_estimated_cost,,"[{""comp_code"": ""spa_wellness_credit"", ""comp_label"": ""Surya Spa or Recovery Suite credit"", ""guest_facing_value"": 275, ""internal_cost_expected"": 151, ""internal_cost_high"": 206, ""internal_cost_low"": 82, ""policy_score"": 165.48}, {""comp_code"": ""lobby_lounge_credit"", ""comp_label"": ""Palma lounge credit"", ""guest_facing_value"": 100, ""internal_cost_expected"": 38, ""internal_cost_high"": 55, ""internal_cost_low"": 25, ""policy_score"": 151.1}]","{""fit_score"": 1.05, ""leakage_penalty"": 15.0, ""operational_penalty"": 0.0, ""perceived_value"": 187.5, ""policy_score"": 280.92}","Internal cost is a policy range, not observed property margin. | Guest relationship value and recovery value are synthetic scenario inputs. | Public context cannot substitute for live occupancy, inventory, or approved hotel policy.","Recommend $150 Calabra or Palma dining credit for a vip guest with a severity 2 F&B service lapse reported before checkout. Estimated internal cost is $38-$90, not an observed property margin. Rationale: high guest relationship value, hotel responsible failure, recoverable before checkout, high perceived value lower estimated cost. Recommendation stability is 100%. The closest alternative was $275 Surya Spa or Recovery Suite credit; the recommended gesture scored better on recovery fit, estimated cost, and operational constraints."
rec_00196,case_00196,TKT000196,PMS001077,returning_guest,design_leisure,1780,6290,1.0,0.95,,spa_wellness_service_issue,process,2,0.74,true,0.504,Santa Monica Proper Hotel,true,true,true,true,true,0.88,observed_public_property_context,0.64,0.28,sample_seed_review_taxonomy_prior,0.48,0.145,0.423,false,0.32,sample_seed_local_demand_context,0.711,false,800,800,1.0,189,1.159,0.92,sample_seed_public_rate_shape,0.2,false,lobby_lounge_credit,95,36,spa_wellness_credit,Surya Spa or Recovery Suite credit,275,151,82,206,180,3,47.14,0.634,0.467,0.469,238,false,0.963,high,smp-public-context-v1.0.0,hotel_responsible_failure;recoverable_before_checkout;high_perceived_value_lower_estimated_cost,,"[{""comp_code"": ""rooftop_f_and_b_credit"", ""comp_label"": ""Calabra or Palma dining credit"", ""guest_facing_value"": 150, ""internal_cost_expected"": 60, ""internal_cost_high"": 90, ""internal_cost_low"": 38, ""policy_score"": 83.98}, {""comp_code"": ""lobby_lounge_credit"", ""comp_label"": ""Palma lounge credit"", ""guest_facing_value"": 100, ""internal_cost_expected"": 38, ""internal_cost_high"": 55, ""internal_cost_low"": 25, ""policy_score"": 56.54}]","{""fit_score"": 1.043, ""leakage_penalty"": 60.4, ""operational_penalty"": 0.0, ""perceived_value"": 371.25, ""policy_score"": 330.96}","Internal cost is a policy range, not observed property margin. | Guest relationship value and recovery value are synthetic scenario inputs. | Public context cannot substitute for live occupancy, inventory, or approved hotel policy.","Recommend $275 Surya Spa or Recovery Suite credit for a returning guest with a severity 2 spa/wellness service issue reported before checkout. Estimated internal cost is $82-$206, not an observed property margin. Rationale: hotel responsible failure, recoverable before checkout, high perceived value lower estimated cost. Recommendation stability is 96%. The closest alternative was $150 Calabra or Palma dining credit; the recommended gesture scored better on recovery fit, estimated cost, and operational constraints."
rec_00197,case_00197,TKT000197,PMS001536,new_guest,business_traveler,2440,5360,1.0,0.95,no_review_or_survey;no_comp_record,spa_wellness_service_issue,process,5,0.79,false,0.782,Santa Monica Proper Hotel,true,true,true,true,true,0.88,observed_public_property_context,0.64,0.28,sample_seed_review_taxonomy_prior,0.7,0.176,0.625,false,0.32,sample_seed_local_demand_context,0.889,true,845,810,1.043,233,1.244,0.92,sample_seed_public_rate_shape,0,false,,0,0,spa_wellness_credit,Surya Spa or Recovery Suite credit,400,220,120,300,400,5,78.71,0.484,0.698,0.738,455,true,1.0,high,smp-public-context-v1.0.0,hotel_responsible_failure;high_severity_issue;high_perceived_value_lower_estimated_cost;manager_review_required,,"[{""comp_code"": ""rooftop_f_and_b_credit"", ""comp_label"": ""Calabra or Palma dining credit"", ""guest_facing_value"": 220, ""internal_cost_expected"": 88, ""internal_cost_high"": 132, ""internal_cost_low"": 55, ""policy_score"": 240.25}, {""comp_code"": ""future_stay_credit"", ""comp_label"": ""future-stay credit"", ""guest_facing_value"": 215, ""internal_cost_expected"": 129, ""internal_cost_high"": 183, ""internal_cost_low"": 64, ""policy_score"": 139.96}]","{""fit_score"": 1.043, ""leakage_penalty"": 55.0, ""operational_penalty"": 0.0, ""perceived_value"": 540.0, ""policy_score"": 700.81}","Internal cost is a policy range, not observed property margin. | Guest relationship value and recovery value are synthetic scenario inputs. | Public context cannot substitute for live occupancy, inventory, or approved hotel policy.","Recommend $400 Surya Spa or Recovery Suite credit for a new guest with a severity 5 spa/wellness service issue reported after checkout. Estimated internal cost is $120-$300, not an observed property margin. Rationale: hotel responsible failure, high severity issue, high perceived value lower estimated cost, manager review required. Recommendation stability is 100%. The closest alternative was $220 Calabra or Palma dining credit; the recommended gesture scored better on recovery fit, estimated cost, and operational constraints."
rec_00198,case_00198,TKT000198,PMS001207,new_guest,business_traveler,2190,2680,1.0,0.95,no_review_or_survey,billing_or_fee_dispute,process,5,0.6,true,0.658,Santa Monica Proper Hotel,true,true,true,true,true,0.88,observed_public_property_context,0.58,0.28,sample_seed_review_taxonomy_prior,0.7,0.278,0.64,false,0.32,sample_seed_local_demand_context,1.0,true,925,875,1.057,278,1.294,0.92,sample_seed_public_rate_shape,0,false,spa_wellness_credit,345,190,rooftop_f_and_b_credit,Calabra or Palma dining credit,180,72,45,108,-165,4,68.57,0.236,0.681,0.683,305,false,1.0,moderate,smp-public-context-v1.0.0,high_severity_issue;recoverable_before_checkout;high_perceived_value_lower_estimated_cost;public_rate_pressure_changed_recovery;property_fit_changed_recovery,"Public rate pressure changed the recommendation: without this signal, the model would prefer future-stay credit at $255. | Property fit changed the recommendation: without this signal, the model would prefer Palma lounge credit at $120.","[{""comp_code"": ""lobby_lounge_credit"", ""comp_label"": ""Palma lounge credit"", ""guest_facing_value"": 120, ""internal_cost_expected"": 46, ""internal_cost_high"": 66, ""internal_cost_low"": 30, ""policy_score"": 204.6}, {""comp_code"": ""spa_wellness_credit"", ""comp_label"": ""Surya Spa or Recovery Suite credit"", ""guest_facing_value"": 330, ""internal_cost_expected"": 182, ""internal_cost_high"": 248, ""internal_cost_low"": 99, ""policy_score"": 194.66}]","{""fit_score"": 0.537, ""leakage_penalty"": 18.0, ""operational_penalty"": 0.0, ""perceived_value"": 225.0, ""policy_score"": 214.36}","Internal cost is a policy range, not observed property margin. | Guest relationship value and recovery value are synthetic scenario inputs. | Public context cannot substitute for live occupancy, inventory, or approved hotel policy.","Recommend $180 Calabra or Palma dining credit for a new guest with a severity 5 billing or fee dispute reported before checkout. Estimated internal cost is $45-$108, not an observed property margin. Rationale: high severity issue, recoverable before checkout, high perceived value lower estimated cost, public rate pressure changed recovery. Recommendation stability is 100%. The closest alternative was $120 Palma lounge credit; the recommended gesture scored better on recovery fit, estimated cost, and operational constraints."
rec_00199,case_00199,TKT000199,PMS000337,new_guest,coastal_weekend,2750,5620,1.0,0.95,no_review_or_survey,room_readiness_delay,outcome,3,0.88,false,0.65,Santa Monica Proper Hotel,true,true,true,true,true,0.88,observed_public_property_context,0.74,0.28,sample_seed_review_taxonomy_prior,0.48,0.115,0.454,false,0.32,sample_seed_local_demand_context,0.751,true,810,760,1.066,199,1.192,0.92,sample_seed_public_rate_shape,0.2,false,late_checkout,115,23,rooftop_f_and_b_credit,Calabra or Palma dining credit,180,72,45,108,65,4,60.17,0.188,0.518,0.556,383,false,1.0,moderate,smp-public-context-v1.0.0,hotel_responsible_failure;high_perceived_value_lower_estimated_cost;public_rate_pressure_changed_recovery,"Public rate pressure changed the recommendation: without this signal, the model would prefer room upgrade at $360.","[{""comp_code"": ""lobby_lounge_credit"", ""comp_label"": ""Palma lounge credit"", ""guest_facing_value"": 120, ""internal_cost_expected"": 46, ""internal_cost_high"": 66, ""internal_cost_low"": 30, ""policy_score"": 180.1}, {""comp_code"": ""spa_wellness_credit"", ""comp_label"": ""Surya Spa or Recovery Suite credit"", ""guest_facing_value"": 330, ""internal_cost_expected"": 182, ""internal_cost_high"": 248, ""internal_cost_low"": 99, ""policy_score"": 138.63}]","{""fit_score"": 0.859, ""leakage_penalty"": 28.8, ""operational_penalty"": 0.0, ""perceived_value"": 225.0, ""policy_score"": 253.29}","Internal cost is a policy range, not observed property margin. | Guest relationship value and recovery value are synthetic scenario inputs. | Public context cannot substitute for live occupancy, inventory, or approved hotel policy.","Recommend $180 Calabra or Palma dining credit for a new guest with a severity 3 room readiness delay reported after checkout. Estimated internal cost is $45-$108, not an observed property margin. Rationale: hotel responsible failure, high perceived value lower estimated cost, public rate pressure changed recovery. Recommendation stability is 100%. The closest alternative was $120 Palma lounge credit; the recommended gesture scored better on recovery fit, estimated cost, and operational constraints."
rec_00200,case_00200,TKT000200,PMS001570,returning_guest,business_traveler,4260,7668,1.0,0.95,ltv_imputed;no_comp_record,spa_wellness_service_issue,process,3,0.74,true,0.652,Santa Monica Proper Hotel,true,true,true,true,true,0.88,observed_public_property_context,0.64,0.28,sample_seed_review_taxonomy_prior,0.48,0.029,0.384,false,0.32,sample_seed_local_demand_context,0.632,false,780,765,1.02,171,1.131,0.92,sample_seed_public_rate_shape,0,false,,0,0,spa_wellness_credit,Surya Spa or Recovery Suite credit,330,182,99,248,330,4,58.55,0.327,0.531,0.556,556,false,1.0,moderate,smp-public-context-v1.0.0,hotel_responsible_failure;recoverable_before_checkout;high_perceived_value_lower_estimated_cost,,"[{""comp_code"": ""future_stay_credit"", ""comp_label"": ""future-stay credit"", ""guest_facing_value"": 250, ""internal_cost_expected"": 150, ""internal_cost_high"": 212, ""internal_cost_low"": 75, ""policy_score"": 141.58}, {""comp_code"": ""rooftop_f_and_b_credit"", ""comp_label"": ""Calabra or Palma dining credit"", ""guest_facing_value"": 180, ""internal_cost_expected"": 72, ""internal_cost_high"": 108, ""internal_cost_low"": 45, ""policy_score"": 118.64}]","{""fit_score"": 1.043, ""leakage_penalty"": 45.5, ""operational_penalty"": 0.0, ""perceived_value"": 445.5, ""policy_score"": 455.98}","Internal cost is a policy range, not observed property margin. | Guest relationship value and recovery value are synthetic scenario inputs. | Public context cannot substitute for live occupancy, inventory, or approved hotel policy.","Recommend $330 Surya Spa or Recovery Suite credit for a returning guest with a severity 3 spa/wellness service issue reported before checkout. Estimated internal cost is $99-$248, not an observed property margin. Rationale: hotel responsible failure, recoverable before checkout, high perceived value lower estimated cost. Recommendation stability is 100%. The closest alternative was $250 future-stay credit; the recommended gesture scored better on recovery fit, estimated cost, and operational constraints."
rec_00201,case_00201,TKT000201,PMS000036,new_guest,coastal_weekend,4480,5950,1.0,0.95,no_review_or_survey,room_readiness_delay,outcome,2,0.88,true,0.463,Santa Monica Proper Hotel,true,true,true,true,true,0.88,observed_public_property_context,0.74,0.28,sample_seed_review_taxonomy_prior,0.22,0.042,0.204,false,0.32,sample_seed_local_demand_context,0.277,false,690,605,1.14,97,1.011,0.92,sample_seed_public_rate_shape,0.2,false,lobby_lounge_credit,135,51,late_checkout,late checkout,85,17,7,38,-50,3,51.31,0.036,0.415,0.459,475,false,0.926,high,smp-public-context-v1.0.0,hotel_responsible_failure;recoverable_before_checkout;high_perceived_value_lower_estimated_cost,,"[{""comp_code"": ""room_upgrade"", ""comp_label"": ""room upgrade"", ""guest_facing_value"": 300, ""internal_cost_expected"": 75, ""internal_cost_high"": 195, ""internal_cost_low"": 24, ""policy_score"": 164.79}, {""comp_code"": ""rooftop_f_and_b_credit"", ""comp_label"": ""Calabra or Palma dining credit"", ""guest_facing_value"": 150, ""internal_cost_expected"": 60, ""internal_cost_high"": 90, ""internal_cost_low"": 38, ""policy_score"": 148.28}]","{""fit_score"": 0.932, ""leakage_penalty"": 6.8, ""operational_penalty"": 8.33, ""perceived_value"": 123.25, ""policy_score"": 172.07}","Internal cost is a policy range, not observed property margin. | Guest relationship value and recovery value are synthetic scenario inputs. | Public context cannot substitute for live occupancy, inventory, or approved hotel policy.","Recommend $85 late checkout for a new guest with a severity 2 room readiness delay reported before checkout. Estimated internal cost is $7-$38, not an observed property margin. Rationale: hotel responsible failure, recoverable before checkout, high perceived value lower estimated cost. Recommendation stability is 93%. The closest alternative was $300 room upgrade; the recommended gesture scored better on recovery fit, estimated cost, and operational constraints."
rec_00202,case_00202,TKT000202,PMS001102,returning_guest,design_leisure,3850,15170,1.0,0.95,severity_inferred,maintenance_issue,outcome,3,0.78,false,0.325,Santa Monica Proper Hotel,true,true,true,true,true,0.88,observed_public_property_context,0.69,0.28,sample_seed_review_taxonomy_prior,0.48,0.087,0.445,false,0.32,sample_seed_local_demand_context,0.534,false,755,765,0.987,149,1.084,0.92,sample_seed_public_rate_shape,0.2,false,spa_wellness_credit,395,217,spa_wellness_credit,Surya Spa or Recovery Suite credit,330,182,99,248,-65,4,62.99,0.252,0.465,0.539,722,false,1.0,moderate,smp-public-context-v1.0.0,hotel_responsible_failure;high_perceived_value_lower_estimated_cost,,"[{""comp_code"": ""room_upgrade"", ""comp_label"": ""room upgrade"", ""guest_facing_value"": 360, ""internal_cost_expected"": 90, ""internal_cost_high"": 234, ""internal_cost_low"": 29, ""policy_score"": 148.02}, {""comp_code"": ""rooftop_f_and_b_credit"", ""comp_label"": ""Calabra or Palma dining credit"", ""guest_facing_value"": 180, ""internal_cost_expected"": 72, ""internal_cost_high"": 108, ""internal_cost_low"": 45, ""policy_score"": 111.19}]","{""fit_score"": 0.521, ""leakage_penalty"": 72.8, ""operational_penalty"": 0.0, ""perceived_value"": 445.5, ""policy_score"": 187.58}","Internal cost is a policy range, not observed property margin. | Guest relationship value and recovery value are synthetic scenario inputs. | Public context cannot substitute for live occupancy, inventory, or approved hotel policy.","Recommend $330 Surya Spa or Recovery Suite credit for a returning guest with a severity 3 maintenance issue reported after checkout. Estimated internal cost is $99-$248, not an observed property margin. Rationale: hotel responsible failure, high perceived value lower estimated cost. Recommendation stability is 100%. The closest alternative was $360 room upgrade; the recommended gesture scored better on recovery fit, estimated cost, and operational constraints."
rec_00203,case_00203,TKT000203,PMS000591,returning_guest,wellness_getaway,5110,13950,1.0,0.95,no_review_or_survey,billing_or_fee_dispute,process,1,0.55,true,0.79,Santa Monica Proper Hotel,true,true,true,true,true,0.88,observed_public_property_context,0.58,0.28,sample_seed_review_taxonomy_prior,0.22,0.442,0.36,false,0.32,sample_seed_local_demand_context,0.613,false,775,770,1.006,166,1.119,0.92,sample_seed_public_rate_shape,0,false,manager_note,0,0,parking_fee_waiver,parking or destination-fee waiver,75,14,6,26,75,2,36.12,0.03,0.266,0.309,472,false,1.0,high,smp-public-context-v1.0.0,recoverable_before_checkout;high_perceived_value_lower_estimated_cost,,"[{""comp_code"": ""rooftop_f_and_b_credit"", ""comp_label"": ""Calabra or Palma dining credit"", ""guest_facing_value"": 135, ""internal_cost_expected"": 54, ""internal_cost_high"": 81, ""internal_cost_low"": 34, ""policy_score"": 78.22}, {""comp_code"": ""lobby_lounge_credit"", ""comp_label"": ""Palma lounge credit"", ""guest_facing_value"": 90, ""internal_cost_expected"": 34, ""internal_cost_high"": 50, ""internal_cost_low"": 22, ""policy_score"": 71.85}]","{""fit_score"": 0.683, ""leakage_penalty"": 3.5, ""operational_penalty"": 0.0, ""perceived_value"": 86.25, ""policy_score"": 96.05}","Internal cost is a policy range, not observed property margin. | Guest relationship value and recovery value are synthetic scenario inputs. | Public context cannot substitute for live occupancy, inventory, or approved hotel policy.","Recommend $75 parking or destination-fee waiver for a returning guest with a severity 1 billing or fee dispute reported before checkout. Estimated internal cost is $6-$26, not an observed property margin. Rationale: recoverable before checkout, high perceived value lower estimated cost. Recommendation stability is 100%. The closest alternative was $135 Calabra or Palma dining credit; the recommended gesture scored better on recovery fit, estimated cost, and operational constraints."
rec_00204,case_00204,TKT000204,PMS001414,new_guest,design_leisure,1280,2620,1.0,0.95,no_review_or_survey,valet_or_parking_delay,process,1,0.62,false,0.541,Santa Monica Proper Hotel,true,true,true,true,true,0.88,observed_public_property_context,0.56,0.18,sample_seed_review_taxonomy_prior,0.78,0.13,0.652,false,0.32,sample_seed_local_demand_context,0.949,true,860,815,1.055,248,1.272,0.92,sample_seed_public_rate_shape,0.2,false,parking_fee_waiver,110,20,rooftop_f_and_b_credit,Calabra or Palma dining credit,135,54,34,81,25,2,34.6,0.524,0.219,0.276,103,false,1.0,moderate,smp-public-context-v1.0.0,high_perceived_value_lower_estimated_cost;public_rate_pressure_changed_recovery,"Public rate pressure changed the recommendation: without this signal, the model would prefer parking or destination-fee waiver at $75.","[{""comp_code"": ""lobby_lounge_credit"", ""comp_label"": ""Palma lounge credit"", ""guest_facing_value"": 90, ""internal_cost_expected"": 34, ""internal_cost_high"": 50, ""internal_cost_low"": 22, ""policy_score"": 130.27}, {""comp_code"": ""amenity_gesture"", ""comp_label"": ""in-room amenity gesture"", ""guest_facing_value"": 50, ""internal_cost_expected"": 22, ""internal_cost_high"": 32, ""internal_cost_low"": 12, ""policy_score"": 118.16}]","{""fit_score"": 0.537, ""leakage_penalty"": 21.6, ""operational_penalty"": 0.0, ""perceived_value"": 168.75, ""policy_score"": 152.93}","Internal cost is a policy range, not observed property margin. | Guest relationship value and recovery value are synthetic scenario inputs. | Public context cannot substitute for live occupancy, inventory, or approved hotel policy.","Recommend $135 Calabra or Palma dining credit for a new guest with a severity 1 valet or parking delay reported after checkout. Estimated internal cost is $34-$81, not an observed property margin. Rationale: high perceived value lower estimated cost, public rate pressure changed recovery. Recommendation stability is 100%. The closest alternative was $90 Palma lounge credit; the recommended gesture scored better on recovery fit, estimated cost, and operational constraints."
rec_00205,case_00205,TKT000205,PMS000785,new_guest,event_or_wedding,1980,2490,1.0,0.95,no_review_or_survey;no_comp_record,billing_or_fee_dispute,process,1,0.55,true,0.944,Santa Monica Proper Hotel,true,true,true,true,true,0.88,observed_public_property_context,0.58,0.28,sample_seed_review_taxonomy_prior,0.7,0.141,0.607,false,0.32,sample_seed_local_demand_context,1.0,true,945,915,1.033,284,1.288,0.92,sample_seed_public_rate_shape,0,true,,0,0,rooftop_f_and_b_credit,Calabra or Palma dining credit,135,54,34,81,135,2,31.89,0.419,0.266,0.29,129,false,1.0,moderate,smp-public-context-v1.0.0,recoverable_before_checkout;high_perceived_value_lower_estimated_cost;public_rate_pressure_changed_recovery;property_fit_changed_recovery,"Public rate pressure changed the recommendation: without this signal, the model would prefer parking or destination-fee waiver at $75. | Property fit changed the recommendation: without this signal, the model would prefer Palma lounge credit at $90.","[{""comp_code"": ""lobby_lounge_credit"", ""comp_label"": ""Palma lounge credit"", ""guest_facing_value"": 90, ""internal_cost_expected"": 34, ""internal_cost_high"": 50, ""internal_cost_low"": 22, ""policy_score"": 157.84}, {""comp_code"": ""amenity_gesture"", ""comp_label"": ""in-room amenity gesture"", ""guest_facing_value"": 50, ""internal_cost_expected"": 22, ""internal_cost_high"": 32, ""internal_cost_low"": 12, ""policy_score"": 125.15}]","{""fit_score"": 0.537, ""leakage_penalty"": 13.5, ""operational_penalty"": 0.0, ""perceived_value"": 168.75, ""policy_score"": 163.99}","Internal cost is a policy range, not observed property margin. | Guest relationship value and recovery value are synthetic scenario inputs. | Public context cannot substitute for live occupancy, inventory, or approved hotel policy.","Recommend $135 Calabra or Palma dining credit for a new guest with a severity 1 billing or fee dispute reported before checkout. Estimated internal cost is $34-$81, not an observed property margin. Rationale: recoverable before checkout, high perceived value lower estimated cost, public rate pressure changed recovery, property fit changed recovery. Recommendation stability is 100%. The closest alternative was $90 Palma lounge credit; the recommended gesture scored better on recovery fit, estimated cost, and operational constraints."
rec_00206,case_00206,TKT000206,PMS000627,loyalty_guest,design_leisure,1180,4150,1.0,0.95,severity_inferred;no_review_or_survey,room_assignment_expectation_gap,outcome,3,0.74,false,0.658,Santa Monica Proper Hotel,true,true,true,true,true,0.88,observed_public_property_context,0.68,0.28,sample_seed_review_taxonomy_prior,0.7,0.278,0.64,false,0.32,sample_seed_local_demand_context,1.0,true,925,875,1.057,278,1.294,0.92,sample_seed_public_rate_shape,0,false,manager_note,0,0,rooftop_f_and_b_credit,Calabra or Palma dining credit,180,72,45,108,180,4,60.75,0.355,0.501,0.549,203,false,1.0,moderate,smp-public-context-v1.0.0,high_guest_relationship_value;hotel_responsible_failure;high_perceived_value_lower_estimated_cost;public_rate_pressure_changed_recovery,"Public rate pressure changed the recommendation: without this signal, the model would prefer room upgrade at $360.","[{""comp_code"": ""spa_wellness_credit"", ""comp_label"": ""Surya Spa or Recovery Suite credit"", ""guest_facing_value"": 330, ""internal_cost_expected"": 182, ""internal_cost_high"": 248, ""internal_cost_low"": 99, ""policy_score"": 188.35}, {""comp_code"": ""lobby_lounge_credit"", ""comp_label"": ""Palma lounge credit"", ""guest_facing_value"": 120, ""internal_cost_expected"": 46, ""internal_cost_high"": 66, ""internal_cost_low"": 30, ""policy_score"": 168.82}]","{""fit_score"": 0.537, ""leakage_penalty"": 18.0, ""operational_penalty"": 0.0, ""perceived_value"": 225.0, ""policy_score"": 208.46}","Internal cost is a policy range, not observed property margin. | Guest relationship value and recovery value are synthetic scenario inputs. | Public context cannot substitute for live occupancy, inventory, or approved hotel policy.","Recommend $180 Calabra or Palma dining credit for a loyalty guest with a severity 3 room assignment expectation gap reported after checkout. Estimated internal cost is $45-$108, not an observed property margin. Rationale: high guest relationship value, hotel responsible failure, high perceived value lower estimated cost, public rate pressure changed recovery. Recommendation stability is 100%. The closest alternative was $330 Surya Spa or Recovery Suite credit; the recommended gesture scored better on recovery fit, estimated cost, and operational constraints."
rec_00207,case_00207,TKT000207,PMS000193,loyalty_guest,design_leisure,1440,6920,1.0,0.95,no_review_or_survey,valet_or_parking_delay,process,1,0.62,true,0.926,Santa Monica Proper Hotel,true,true,true,true,true,0.88,observed_public_property_context,0.56,0.18,sample_seed_review_taxonomy_prior,0.7,0.117,0.604,false,0.32,sample_seed_local_demand_context,0.751,true,810,805,1.006,199,1.177,0.92,sample_seed_public_rate_shape,0.2,false,amenity_gesture,55,25,rooftop_f_and_b_credit,Calabra or Palma dining credit,135,54,34,81,80,2,34.4,0.331,0.219,0.275,163,false,1.0,moderate,smp-public-context-v1.0.0,high_guest_relationship_value;recoverable_before_checkout;high_perceived_value_lower_estimated_cost;public_rate_pressure_changed_recovery,"Public rate pressure changed the recommendation: without this signal, the model would prefer parking or destination-fee waiver at $75.","[{""comp_code"": ""parking_fee_waiver"", ""comp_label"": ""parking or destination-fee waiver"", ""guest_facing_value"": 75, ""internal_cost_expected"": 14, ""internal_cost_high"": 26, ""internal_cost_low"": 6, ""policy_score"": 112.93}, {""comp_code"": ""lobby_lounge_credit"", ""comp_label"": ""Palma lounge credit"", ""guest_facing_value"": 90, ""internal_cost_expected"": 34, ""internal_cost_high"": 50, ""internal_cost_low"": 22, ""policy_score"": 112.74}]","{""fit_score"": 0.537, ""leakage_penalty"": 21.6, ""operational_penalty"": 0.0, ""perceived_value"": 168.75, ""policy_score"": 135.36}","Internal cost is a policy range, not observed property margin. | Guest relationship value and recovery value are synthetic scenario inputs. | Public context cannot substitute for live occupancy, inventory, or approved hotel policy.","Recommend $135 Calabra or Palma dining credit for a loyalty guest with a severity 1 valet or parking delay reported before checkout. Estimated internal cost is $34-$81, not an observed property margin. Rationale: high guest relationship value, recoverable before checkout, high perceived value lower estimated cost, public rate pressure changed recovery. Recommendation stability is 100%. The closest alternative was $75 parking or destination-fee waiver; the recommended gesture scored better on recovery fit, estimated cost, and operational constraints."
rec_00208,case_00208,TKT000208,PMS000353,new_guest,wellness_getaway,700,1470,1.0,0.95,severity_inferred,noise_disruption,process,2,0.48,true,0.859,Santa Monica Proper Hotel,true,true,true,true,true,0.88,observed_public_property_context,0.62,0.28,sample_seed_review_taxonomy_prior,0.7,0.118,0.571,false,0.32,sample_seed_local_demand_context,1.0,true,960,890,1.079,288,1.3,0.92,sample_seed_public_rate_shape,0.2,true,partial_room_refund,390,390,spa_wellness_credit,Surya Spa or Recovery Suite credit,275,151,82,206,-115,3,43.79,1,0.51,0.478,72,false,0.926,moderate,smp-public-context-v1.0.0,recoverable_before_checkout;high_perceived_value_lower_estimated_cost,,"[{""comp_code"": ""rooftop_f_and_b_credit"", ""comp_label"": ""Calabra or Palma dining credit"", ""guest_facing_value"": 150, ""internal_cost_expected"": 60, ""internal_cost_high"": 90, ""internal_cost_low"": 38, ""policy_score"": 170.03}, {""comp_code"": ""lobby_lounge_credit"", ""comp_label"": ""Palma lounge credit"", ""guest_facing_value"": 100, ""internal_cost_expected"": 38, ""internal_cost_high"": 55, ""internal_cost_low"": 25, ""policy_score"": 143.28}]","{""fit_score"": 0.718, ""leakage_penalty"": 60.4, ""operational_penalty"": 0.0, ""perceived_value"": 371.25, ""policy_score"": 293.77}","Internal cost is a policy range, not observed property margin. | Guest relationship value and recovery value are synthetic scenario inputs. | Public context cannot substitute for live occupancy, inventory, or approved hotel policy.","Recommend $275 Surya Spa or Recovery Suite credit for a new guest with a severity 2 noise disruption reported before checkout. Estimated internal cost is $82-$206, not an observed property margin. Rationale: recoverable before checkout, high perceived value lower estimated cost. Recommendation stability is 93%. The closest alternative was $150 Calabra or Palma dining credit; the recommended gesture scored better on recovery fit, estimated cost, and operational constraints."
rec_00209,case_00209,TKT000209,PMS000478,loyalty_guest,design_leisure,2600,12460,0.78,0.95,,room_readiness_delay,outcome,2,0.88,false,0.32,Santa Monica Proper Hotel,true,true,true,true,true,0.88,observed_public_property_context,0.74,0.28,sample_seed_review_taxonomy_prior,0.22,0.044,0.219,false,0.32,sample_seed_local_demand_context,0.099,false,645,630,1.024,66,0.908,0.92,sample_seed_public_rate_shape,0.2,false,amenity_gesture,0,0,room_upgrade,room upgrade,300,75,24,195,300,3,55.91,0.158,0.447,0.497,476,true,0.556,low,smp-public-context-v1.0.0,high_guest_relationship_value;hotel_responsible_failure;high_perceived_value_lower_estimated_cost;manager_review_required;property_fit_changed_recovery,"Property fit changed the recommendation: without this signal, the model would prefer late checkout at $85.","[{""comp_code"": ""late_checkout"", ""comp_label"": ""late checkout"", ""guest_facing_value"": 85, ""internal_cost_expected"": 17, ""internal_cost_high"": 38, ""internal_cost_low"": 7, ""policy_score"": 177.72}, {""comp_code"": ""rooftop_f_and_b_credit"", ""comp_label"": ""Calabra or Palma dining credit"", ""guest_facing_value"": 150, ""internal_cost_expected"": 60, ""internal_cost_high"": 90, ""internal_cost_low"": 38, ""policy_score"": 152.92}]","{""fit_score"": 0.514, ""leakage_penalty"": 30.0, ""operational_penalty"": 18.29, ""perceived_value"": 420.0, ""policy_score"": 178.17}","Internal cost is a policy range, not observed property margin. | Guest relationship value and recovery value are synthetic scenario inputs. | Public context cannot substitute for live occupancy, inventory, or approved hotel policy.","Recommend $300 room upgrade for a loyalty guest with a severity 2 room readiness delay reported after checkout. Estimated internal cost is $24-$195, not an observed property margin. Rationale: high guest relationship value, hotel responsible failure, high perceived value lower estimated cost, manager review required. Recommendation stability is 56%. The closest alternative was $85 late checkout; the recommended gesture scored better on recovery fit, estimated cost, and operational constraints."
rec_00210,case_00210,TKT000210,PMS000359,new_guest,design_leisure,4410,5480,1.0,0.95,no_comp_record,f_and_b_service_lapse,process,1,0.7,false,0.746,Santa Monica Proper Hotel,true,true,true,true,true,0.88,observed_public_property_context,0.6,0.28,sample_seed_review_taxonomy_prior,0.48,0.091,0.373,false,0.32,sample_seed_local_demand_context,0.296,false,695,670,1.037,101,0.994,0.92,sample_seed_public_rate_shape,0,false,,0,0,rooftop_f_and_b_credit,Calabra or Palma dining credit,135,54,34,81,135,2,38.36,0.157,0.256,0.313,344,false,1.0,high,smp-public-context-v1.0.0,hotel_responsible_failure;high_perceived_value_lower_estimated_cost,,"[{""comp_code"": ""lobby_lounge_credit"", ""comp_label"": ""Palma lounge credit"", ""guest_facing_value"": 90, ""internal_cost_expected"": 34, ""internal_cost_high"": 50, ""internal_cost_low"": 22, ""policy_score"": 53.14}, {""comp_code"": ""amenity_gesture"", ""comp_label"": ""in-room amenity gesture"", ""guest_facing_value"": 50, ""internal_cost_expected"": 22, ""internal_cost_high"": 32, ""internal_cost_low"": 12, ""policy_score"": 38.9}]","{""fit_score"": 1.05, ""leakage_penalty"": 13.5, ""operational_penalty"": 0.0, ""perceived_value"": 168.75, ""policy_score"": 160.88}","Internal cost is a policy range, not observed property margin. | Guest relationship value and recovery value are synthetic scenario inputs. | Public context cannot substitute for live occupancy, inventory, or approved hotel policy.","Recommend $135 Calabra or Palma dining credit for a new guest with a severity 1 F&B service lapse reported after checkout. Estimated internal cost is $34-$81, not an observed property margin. Rationale: hotel responsible failure, high perceived value lower estimated cost. Recommendation stability is 100%. The closest alternative was $90 Palma lounge credit; the recommended gesture scored better on recovery fit, estimated cost, and operational constraints."
rec_00211,case_00211,TKT000211,PMS000548,returning_guest,local_staycation,1020,3530,1.0,0.95,no_comp_record,room_assignment_expectation_gap,outcome,3,0.74,false,0.39,Santa Monica Proper Hotel,true,true,true,true,true,0.88,observed_public_property_context,0.68,0.28,sample_seed_review_taxonomy_prior,0.22,0.047,0.272,false,0.32,sample_seed_local_demand_context,0.257,false,685,670,1.022,94,0.973,0.92,sample_seed_public_rate_shape,0,true,,0,0,room_upgrade,room upgrade,300,75,24,195,300,3,56.73,0.46,0.486,0.523,163,false,1.0,high,smp-public-context-v1.0.0,hotel_responsible_failure;high_perceived_value_lower_estimated_cost,,"[{""comp_code"": ""rooftop_f_and_b_credit"", ""comp_label"": ""Calabra or Palma dining credit"", ""guest_facing_value"": 150, ""internal_cost_expected"": 60, ""internal_cost_high"": 90, ""internal_cost_low"": 38, ""policy_score"": 99.02}, {""comp_code"": ""spa_wellness_credit"", ""comp_label"": ""Surya Spa or Recovery Suite credit"", ""guest_facing_value"": 275, ""internal_cost_expected"": 151, ""internal_cost_high"": 206, ""internal_cost_low"": 82, ""policy_score"": 82.02}]","{""fit_score"": 0.963, ""leakage_penalty"": 18.75, ""operational_penalty"": 22.38, ""perceived_value"": 420.0, ""policy_score"": 385.56}","Internal cost is a policy range, not observed property margin. | Guest relationship value and recovery value are synthetic scenario inputs. | Public context cannot substitute for live occupancy, inventory, or approved hotel policy.","Recommend $300 room upgrade for a returning guest with a severity 3 room assignment expectation gap reported after checkout. Estimated internal cost is $24-$195, not an observed property margin. Rationale: hotel responsible failure, high perceived value lower estimated cost. Recommendation stability is 100%. The closest alternative was $150 Calabra or Palma dining credit; the recommended gesture scored better on recovery fit, estimated cost, and operational constraints."
rec_00212,case_00212,TKT000212,PMS000980,new_guest,business_traveler,1950,3850,1.0,0.95,no_comp_record,billing_or_fee_dispute,process,2,0.55,true,0.469,Santa Monica Proper Hotel,true,true,true,true,true,0.88,observed_public_property_context,0.58,0.28,sample_seed_review_taxonomy_prior,0.48,0.101,0.427,false,0.32,sample_seed_local_demand_context,0.652,false,785,785,1.0,175,1.134,0.92,sample_seed_public_rate_shape,0,false,,0,0,parking_fee_waiver,parking or destination-fee waiver,75,14,6,26,75,2,40.47,0.077,0.386,0.394,181,false,1.0,high,smp-public-context-v1.0.0,recoverable_before_checkout;high_perceived_value_lower_estimated_cost,,"[{""comp_code"": ""rooftop_f_and_b_credit"", ""comp_label"": ""Calabra or Palma dining credit"", ""guest_facing_value"": 135, ""internal_cost_expected"": 54, ""internal_cost_high"": 81, ""internal_cost_low"": 34, ""policy_score"": 80.69}, {""comp_code"": ""lobby_lounge_credit"", ""comp_label"": ""Palma lounge credit"", ""guest_facing_value"": 90, ""internal_cost_expected"": 34, ""internal_cost_high"": 50, ""internal_cost_low"": 22, ""policy_score"": 74.08}]","{""fit_score"": 0.683, ""leakage_penalty"": 3.5, ""operational_penalty"": 0.0, ""perceived_value"": 86.25, ""policy_score"": 97.66}","Internal cost is a policy range, not observed property margin. | Guest relationship value and recovery value are synthetic scenario inputs. | Public context cannot substitute for live occupancy, inventory, or approved hotel policy.","Recommend $75 parking or destination-fee waiver for a new guest with a severity 2 billing or fee dispute reported before checkout. Estimated internal cost is $6-$26, not an observed property margin. Rationale: recoverable before checkout, high perceived value lower estimated cost. Recommendation stability is 100%. The closest alternative was $135 Calabra or Palma dining credit; the recommended gesture scored better on recovery fit, estimated cost, and operational constraints."
rec_00213,case_00213,TKT000213,PMS001427,new_guest,design_leisure,2720,4640,1.0,0.95,no_review_or_survey;no_comp_record,room_assignment_expectation_gap,outcome,3,0.74,true,0.65,Santa Monica Proper Hotel,true,true,true,true,true,0.88,observed_public_property_context,0.68,0.28,sample_seed_review_taxonomy_prior,0.48,0.115,0.454,false,0.32,sample_seed_local_demand_context,0.751,true,810,760,1.066,199,1.192,0.92,sample_seed_public_rate_shape,0,false,,0,0,rooftop_f_and_b_credit,Calabra or Palma dining credit,150,60,38,90,150,3,54.7,0.183,0.501,0.522,327,false,1.0,moderate,smp-public-context-v1.0.0,hotel_responsible_failure;recoverable_before_checkout;high_perceived_value_lower_estimated_cost;public_rate_pressure_changed_recovery,"Public rate pressure changed the recommendation: without this signal, the model would prefer room upgrade at $300.","[{""comp_code"": ""spa_wellness_credit"", ""comp_label"": ""Surya Spa or Recovery Suite credit"", ""guest_facing_value"": 275, ""internal_cost_expected"": 151, ""internal_cost_high"": 206, ""internal_cost_low"": 82, ""policy_score"": 146.87}, {""comp_code"": ""lobby_lounge_credit"", ""comp_label"": ""Palma lounge credit"", ""guest_facing_value"": 100, ""internal_cost_expected"": 38, ""internal_cost_high"": 55, ""internal_cost_low"": 25, ""policy_score"": 131.65}]","{""fit_score"": 0.537, ""leakage_penalty"": 15.0, ""operational_penalty"": 0.0, ""perceived_value"": 187.5, ""policy_score"": 163.95}","Internal cost is a policy range, not observed property margin. | Guest relationship value and recovery value are synthetic scenario inputs. | Public context cannot substitute for live occupancy, inventory, or approved hotel policy.","Recommend $150 Calabra or Palma dining credit for a new guest with a severity 3 room assignment expectation gap reported before checkout. Estimated internal cost is $38-$90, not an observed property margin. Rationale: hotel responsible failure, recoverable before checkout, high perceived value lower estimated cost, public rate pressure changed recovery. Recommendation stability is 100%. The closest alternative was $275 Surya Spa or Recovery Suite credit; the recommended gesture scored better on recovery fit, estimated cost, and operational constraints."
rec_00214,case_00214,TKT000214,PMS000450,new_guest,event_or_wedding,790,1390,1.0,0.95,no_review_or_survey,room_readiness_delay,outcome,5,0.93,true,0.912,Santa Monica Proper Hotel,true,true,true,true,true,0.88,observed_public_property_context,0.74,0.28,sample_seed_review_taxonomy_prior,0.22,0.445,0.313,false,0.32,sample_seed_local_demand_context,0.771,true,815,785,1.038,203,1.193,0.92,sample_seed_public_rate_shape,0.2,true,rooftop_f_and_b_credit,180,72,rooftop_f_and_b_credit,Calabra or Palma dining credit,180,72,45,108,0,4,74.96,0.55,0.726,0.737,131,false,0.815,high,smp-public-context-v1.0.0,hotel_responsible_failure;high_severity_issue;high_review_risk;recoverable_before_checkout;high_perceived_value_lower_estimated_cost,,"[{""comp_code"": ""future_stay_credit"", ""comp_label"": ""future-stay credit"", ""guest_facing_value"": 275, ""internal_cost_expected"": 165, ""internal_cost_high"": 234, ""internal_cost_low"": 82, ""policy_score"": 203.92}, {""comp_code"": ""lobby_lounge_credit"", ""comp_label"": ""Palma lounge credit"", ""guest_facing_value"": 120, ""internal_cost_expected"": 46, ""internal_cost_high"": 66, ""internal_cost_low"": 30, ""policy_score"": 192.86}]","{""fit_score"": 0.859, ""leakage_penalty"": 28.8, ""operational_penalty"": 0.0, ""perceived_value"": 225.0, ""policy_score"": 272.93}","Internal cost is a policy range, not observed property margin. | Guest relationship value and recovery value are synthetic scenario inputs. | Public context cannot substitute for live occupancy, inventory, or approved hotel policy.","Recommend $180 Calabra or Palma dining credit for a new guest with a severity 5 room readiness delay reported before checkout. Estimated internal cost is $45-$108, not an observed property margin. Rationale: hotel responsible failure, high severity issue, high review risk, recoverable before checkout. Recommendation stability is 82%. The closest alternative was $275 future-stay credit; the recommended gesture scored better on recovery fit, estimated cost, and operational constraints."
rec_00215,case_00215,TKT000215,PMS000702,loyalty_guest,coastal_weekend,680,2710,1.0,0.95,no_review_or_survey,housekeeping_miss,outcome,4,0.95,false,0.479,Santa Monica Proper Hotel,true,true,true,true,true,0.88,observed_public_property_context,0.72,0.28,sample_seed_review_taxonomy_prior,0.78,0.65,0.706,true,0.32,sample_seed_local_demand_context,0.988,true,870,870,1.0,259,1.275,0.92,sample_seed_public_rate_shape,0.2,true,late_checkout,65,13,rooftop_f_and_b_credit,Calabra or Palma dining credit,180,72,45,108,115,4,73.67,0.48,0.616,0.67,150,false,1.0,high,smp-public-context-v1.0.0,high_guest_relationship_value;hotel_responsible_failure;high_severity_issue;high_perceived_value_lower_estimated_cost,,"[{""comp_code"": ""spa_wellness_credit"", ""comp_label"": ""Surya Spa or Recovery Suite credit"", ""guest_facing_value"": 330, ""internal_cost_expected"": 182, ""internal_cost_high"": 248, ""internal_cost_low"": 99, ""policy_score"": 190.09}, {""comp_code"": ""lobby_lounge_credit"", ""comp_label"": ""Palma lounge credit"", ""guest_facing_value"": 120, ""internal_cost_expected"": 46, ""internal_cost_high"": 66, ""internal_cost_low"": 30, ""policy_score"": 187.12}]","{""fit_score"": 0.537, ""leakage_penalty"": 28.8, ""operational_penalty"": 0.0, ""perceived_value"": 225.0, ""policy_score"": 226.04}","Internal cost is a policy range, not observed property margin. | Guest relationship value and recovery value are synthetic scenario inputs. | Public context cannot substitute for live occupancy, inventory, or approved hotel policy.","Recommend $180 Calabra or Palma dining credit for a loyalty guest with a severity 4 housekeeping miss reported after checkout. Estimated internal cost is $45-$108, not an observed property margin. Rationale: high guest relationship value, hotel responsible failure, high severity issue, high perceived value lower estimated cost. Recommendation stability is 100%. The closest alternative was $330 Surya Spa or Recovery Suite credit; the recommended gesture scored better on recovery fit, estimated cost, and operational constraints."
rec_00216,case_00216,TKT000216,PMS001481,new_guest,business_traveler,3600,6480,1.0,0.95,ltv_imputed,room_readiness_delay,outcome,5,0.93,true,0.933,Santa Monica Proper Hotel,true,true,true,true,true,0.88,observed_public_property_context,0.74,0.28,sample_seed_review_taxonomy_prior,0.7,0.17,0.537,false,0.32,sample_seed_local_demand_context,0.889,true,845,865,0.977,233,1.234,0.92,sample_seed_public_rate_shape,0.2,false,partial_room_refund,505,505,partial_room_refund,partial room refund,245,245,245,245,-260,5,77.72,0.393,0.751,0.763,624,true,0.852,moderate,smp-public-context-v1.0.0,hotel_responsible_failure;high_severity_issue;high_review_risk;recoverable_before_checkout;manager_review_required;operational_pressure_changed_recovery,"Operational availability changed the recommendation: without this signal, the model would prefer Calabra or Palma dining credit at $220.","[{""comp_code"": ""rooftop_f_and_b_credit"", ""comp_label"": ""Calabra or Palma dining credit"", ""guest_facing_value"": 220, ""internal_cost_expected"": 88, ""internal_cost_high"": 132, ""internal_cost_low"": 55, ""policy_score"": 331.22}, {""comp_code"": ""future_stay_credit"", ""comp_label"": ""future-stay credit"", ""guest_facing_value"": 250, ""internal_cost_expected"": 150, ""internal_cost_high"": 212, ""internal_cost_low"": 75, ""policy_score"": 189.01}]","{""fit_score"": 0.82, ""leakage_penalty"": 196.16, ""operational_penalty"": 0.0, ""perceived_value"": 245.0, ""policy_score"": 42.06}","Internal cost is a policy range, not observed property margin. | Guest relationship value and recovery value are synthetic scenario inputs. | Public context cannot substitute for live occupancy, inventory, or approved hotel policy.","Recommend $245 partial room refund for a new guest with a severity 5 room readiness delay reported before checkout. Estimated internal cost is $245-$245, not an observed property margin. Rationale: hotel responsible failure, high severity issue, high review risk, recoverable before checkout. Recommendation stability is 85%. The closest alternative was $220 Calabra or Palma dining credit; the recommended gesture scored better on recovery fit, estimated cost, and operational constraints."
rec_00217,case_00217,TKT000217,PMS000953,loyalty_guest,event_or_wedding,3220,13990,1.0,0.95,no_review_or_survey;no_comp_record,maintenance_issue,outcome,2,0.78,true,0.771,Santa Monica Proper Hotel,true,true,true,true,true,0.88,observed_public_property_context,0.69,0.28,sample_seed_review_taxonomy_prior,0.22,0.57,0.38,false,0.32,sample_seed_local_demand_context,0.0,false,605,710,0.852,48,0.86,0.92,sample_seed_public_rate_shape,0,false,,0,0,spa_wellness_credit,Surya Spa or Recovery Suite credit,275,151,82,206,275,3,50.33,0.298,0.401,0.447,506,false,0.963,high,smp-public-context-v1.0.0,high_guest_relationship_value;hotel_responsible_failure;recoverable_before_checkout;high_perceived_value_lower_estimated_cost,,"[{""comp_code"": ""rooftop_f_and_b_credit"", ""comp_label"": ""Calabra or Palma dining credit"", ""guest_facing_value"": 150, ""internal_cost_expected"": 60, ""internal_cost_high"": 90, ""internal_cost_low"": 38, ""policy_score"": 94.99}, {""comp_code"": ""lobby_lounge_credit"", ""comp_label"": ""Palma lounge credit"", ""guest_facing_value"": 100, ""internal_cost_expected"": 38, ""internal_cost_high"": 55, ""internal_cost_low"": 25, ""policy_score"": 63.59}]","{""fit_score"": 0.521, ""leakage_penalty"": 37.75, ""operational_penalty"": 0.0, ""perceived_value"": 371.25, ""policy_score"": 164.99}","Internal cost is a policy range, not observed property margin. | Guest relationship value and recovery value are synthetic scenario inputs. | Public context cannot substitute for live occupancy, inventory, or approved hotel policy.","Recommend $275 Surya Spa or Recovery Suite credit for a loyalty guest with a severity 2 maintenance issue reported before checkout. Estimated internal cost is $82-$206, not an observed property margin. Rationale: high guest relationship value, hotel responsible failure, recoverable before checkout, high perceived value lower estimated cost. Recommendation stability is 96%. The closest alternative was $150 Calabra or Palma dining credit; the recommended gesture scored better on recovery fit, estimated cost, and operational constraints."
rec_00218,case_00218,TKT000218,PMS000228,new_guest,design_leisure,3540,7280,1.0,0.95,no_review_or_survey;no_comp_record,spa_wellness_service_issue,process,3,0.74,true,0.724,Santa Monica Proper Hotel,true,true,true,true,true,0.88,observed_public_property_context,0.64,0.28,sample_seed_review_taxonomy_prior,0.22,0.06,0.264,false,0.32,sample_seed_local_demand_context,0.099,false,645,650,0.992,66,0.902,0.92,sample_seed_public_rate_shape,0,false,,0,0,spa_wellness_credit,Surya Spa or Recovery Suite credit,275,151,82,206,275,3,55.37,0.332,0.49,0.519,455,false,1.0,high,smp-public-context-v1.0.0,hotel_responsible_failure;recoverable_before_checkout;high_perceived_value_lower_estimated_cost,,"[{""comp_code"": ""rooftop_f_and_b_credit"", ""comp_label"": ""Calabra or Palma dining credit"", ""guest_facing_value"": 150, ""internal_cost_expected"": 60, ""internal_cost_high"": 90, ""internal_cost_low"": 38, ""policy_score"": 98.16}, {""comp_code"": ""lobby_lounge_credit"", ""comp_label"": ""Palma lounge credit"", ""guest_facing_value"": 100, ""internal_cost_expected"": 38, ""internal_cost_high"": 55, ""internal_cost_low"": 25, ""policy_score"": 65.73}]","{""fit_score"": 1.043, ""leakage_penalty"": 37.75, ""operational_penalty"": 0.0, ""perceived_value"": 371.25, ""policy_score"": 373.52}","Internal cost is a policy range, not observed property margin. | Guest relationship value and recovery value are synthetic scenario inputs. | Public context cannot substitute for live occupancy, inventory, or approved hotel policy.","Recommend $275 Surya Spa or Recovery Suite credit for a new guest with a severity 3 spa/wellness service issue reported before checkout. Estimated internal cost is $82-$206, not an observed property margin. Rationale: hotel responsible failure, recoverable before checkout, high perceived value lower estimated cost. Recommendation stability is 100%. The closest alternative was $150 Calabra or Palma dining credit; the recommended gesture scored better on recovery fit, estimated cost, and operational constraints."
rec_00219,case_00219,TKT000219,PMS000580,new_guest,wellness_getaway,1180,2160,1.0,0.95,no_comp_record,valet_or_parking_delay,process,3,0.62,true,0.609,Santa Monica Proper Hotel,true,true,true,true,true,0.88,observed_public_property_context,0.56,0.18,sample_seed_review_taxonomy_prior,0.22,0.135,0.254,false,0.32,sample_seed_local_demand_context,0.0,false,620,655,0.947,50,0.86,0.92,sample_seed_public_rate_shape,0,false,,0,0,parking_fee_waiver,parking or destination-fee waiver,85,15,7,30,85,3,48.06,0.118,0.383,0.427,127,false,1.0,high,smp-public-context-v1.0.0,recoverable_before_checkout;high_perceived_value_lower_estimated_cost,,"[{""comp_code"": ""rooftop_f_and_b_credit"", ""comp_label"": ""Calabra or Palma dining credit"", ""guest_facing_value"": 150, ""internal_cost_expected"": 60, ""internal_cost_high"": 90, ""internal_cost_low"": 38, ""policy_score"": 93.56}, {""comp_code"": ""spa_wellness_credit"", ""comp_label"": ""Surya Spa or Recovery Suite credit"", ""guest_facing_value"": 275, ""internal_cost_expected"": 151, ""internal_cost_high"": 206, ""internal_cost_low"": 82, ""policy_score"": 76.2}]","{""fit_score"": 0.932, ""leakage_penalty"": 3.75, ""operational_penalty"": 0.0, ""perceived_value"": 97.75, ""policy_score"": 132.36}","Internal cost is a policy range, not observed property margin. | Guest relationship value and recovery value are synthetic scenario inputs. | Public context cannot substitute for live occupancy, inventory, or approved hotel policy.","Recommend $85 parking or destination-fee waiver for a new guest with a severity 3 valet or parking delay reported before checkout. Estimated internal cost is $7-$30, not an observed property margin. Rationale: recoverable before checkout, high perceived value lower estimated cost. Recommendation stability is 100%. The closest alternative was $150 Calabra or Palma dining credit; the recommended gesture scored better on recovery fit, estimated cost, and operational constraints."
rec_00220,case_00220,TKT000220,PMS000657,new_guest,business_traveler,3950,5330,1.0,0.95,severity_inferred;no_comp_record,room_readiness_delay,outcome,3,0.88,true,0.774,Santa Monica Proper Hotel,true,true,true,true,true,0.88,observed_public_property_context,0.74,0.28,sample_seed_review_taxonomy_prior,0.22,0.142,0.205,false,0.32,sample_seed_local_demand_context,0.455,false,735,710,1.035,132,1.06,0.92,sample_seed_public_rate_shape,0,false,,0,0,future_stay_credit,future-stay credit,275,165,82,234,275,4,58.4,0.345,0.487,0.531,478,true,0.593,low,smp-public-context-v1.0.0,hotel_responsible_failure;recoverable_before_checkout;manager_review_required;operational_pressure_changed_recovery,"Operational availability changed the recommendation: without this signal, the model would prefer room upgrade at $360.","[{""comp_code"": ""rooftop_f_and_b_credit"", ""comp_label"": ""Calabra or Palma dining credit"", ""guest_facing_value"": 180, ""internal_cost_expected"": 72, ""internal_cost_high"": 108, ""internal_cost_low"": 45, ""policy_score"": 195.75}, {""comp_code"": ""late_checkout"", ""comp_label"": ""late checkout"", ""guest_facing_value"": 100, ""internal_cost_expected"": 20, ""internal_cost_high"": 45, ""internal_cost_low"": 8, ""policy_score"": 194.94}]","{""fit_score"": 0.7, ""leakage_penalty"": 41.25, ""operational_penalty"": 0.0, ""perceived_value"": 330.0, ""policy_score"": 204.76}","Internal cost is a policy range, not observed property margin. | Guest relationship value and recovery value are synthetic scenario inputs. | Public context cannot substitute for live occupancy, inventory, or approved hotel policy.","Recommend $275 future-stay credit for a new guest with a severity 3 room readiness delay reported before checkout. Estimated internal cost is $82-$234, not an observed property margin. Rationale: hotel responsible failure, recoverable before checkout, manager review required, operational pressure changed recovery. Recommendation stability is 59%. The closest alternative was $180 Calabra or Palma dining credit; the recommended gesture scored better on recovery fit, estimated cost, and operational constraints."
rec_00221,case_00221,TKT000221,PMS001275,new_guest,design_leisure,1340,2190,1.0,0.95,no_comp_record,valet_or_parking_delay,process,2,0.62,false,0.42,Santa Monica Proper Hotel,true,true,true,true,true,0.88,observed_public_property_context,0.56,0.18,sample_seed_review_taxonomy_prior,0.22,0.104,0.216,false,0.32,sample_seed_local_demand_context,0.0,false,615,605,1.017,49,0.864,0.92,sample_seed_public_rate_shape,0,false,,0,0,parking_fee_waiver,parking or destination-fee waiver,85,15,7,30,85,3,42.78,0.12,0.319,0.368,125,false,1.0,high,smp-public-context-v1.0.0,high_perceived_value_lower_estimated_cost,,"[{""comp_code"": ""rooftop_f_and_b_credit"", ""comp_label"": ""Calabra or Palma dining credit"", ""guest_facing_value"": 150, ""internal_cost_expected"": 60, ""internal_cost_high"": 90, ""internal_cost_low"": 38, ""policy_score"": 90.24}, {""comp_code"": ""spa_wellness_credit"", ""comp_label"": ""Surya Spa or Recovery Suite credit"", ""guest_facing_value"": 275, ""internal_cost_expected"": 151, ""internal_cost_high"": 206, ""internal_cost_low"": 82, ""policy_score"": 72.65}]","{""fit_score"": 0.932, ""leakage_penalty"": 3.75, ""operational_penalty"": 0.0, ""perceived_value"": 97.75, ""policy_score"": 129.35}","Internal cost is a policy range, not observed property margin. | Guest relationship value and recovery value are synthetic scenario inputs. | Public context cannot substitute for live occupancy, inventory, or approved hotel policy.","Recommend $85 parking or destination-fee waiver for a new guest with a severity 2 valet or parking delay reported after checkout. Estimated internal cost is $7-$30, not an observed property margin. Rationale: high perceived value lower estimated cost. Recommendation stability is 100%. The closest alternative was $150 Calabra or Palma dining credit; the recommended gesture scored better on recovery fit, estimated cost, and operational constraints."
rec_00222,case_00222,TKT000222,PMS001108,new_guest,design_leisure,3990,7480,1.0,0.95,,room_assignment_expectation_gap,outcome,3,0.74,true,0.923,Santa Monica Proper Hotel,true,true,true,true,true,0.88,observed_public_property_context,0.68,0.28,sample_seed_review_taxonomy_prior,0.7,0.095,0.553,false,0.32,sample_seed_local_demand_context,1.0,true,900,930,0.968,270,1.28,0.92,sample_seed_public_rate_shape,0,true,manager_note,0,0,rooftop_f_and_b_credit,Calabra or Palma dining credit,150,60,38,90,150,3,56.29,0.118,0.438,0.494,507,false,1.0,moderate,smp-public-context-v1.0.0,hotel_responsible_failure;recoverable_before_checkout;high_perceived_value_lower_estimated_cost;public_rate_pressure_changed_recovery,"Public rate pressure changed the recommendation: without this signal, the model would prefer room upgrade at $300.","[{""comp_code"": ""spa_wellness_credit"", ""comp_label"": ""Surya Spa or Recovery Suite credit"", ""guest_facing_value"": 275, ""internal_cost_expected"": 151, ""internal_cost_high"": 206, ""internal_cost_low"": 82, ""policy_score"": 169.89}, {""comp_code"": ""lobby_lounge_credit"", ""comp_label"": ""Palma lounge credit"", ""guest_facing_value"": 100, ""internal_cost_expected"": 38, ""internal_cost_high"": 55, ""internal_cost_low"": 25, ""policy_score"": 154.28}]","{""fit_score"": 0.537, ""leakage_penalty"": 15.0, ""operational_penalty"": 0.0, ""perceived_value"": 187.5, ""policy_score"": 186.9}","Internal cost is a policy range, not observed property margin. | Guest relationship value and recovery value are synthetic scenario inputs. | Public context cannot substitute for live occupancy, inventory, or approved hotel policy.","Recommend $150 Calabra or Palma dining credit for a new guest with a severity 3 room assignment expectation gap reported before checkout. Estimated internal cost is $38-$90, not an observed property margin. Rationale: hotel responsible failure, recoverable before checkout, high perceived value lower estimated cost, public rate pressure changed recovery. Recommendation stability is 100%. The closest alternative was $275 Surya Spa or Recovery Suite credit; the recommended gesture scored better on recovery fit, estimated cost, and operational constraints."
rec_00223,case_00223,TKT000223,PMS001363,loyalty_guest,design_leisure,5530,23830,0.78,0.95,severity_inferred;no_review_or_survey;no_comp_record,noise_disruption,process,2,0.48,true,0.69,Santa Monica Proper Hotel,true,true,true,true,true,0.88,observed_public_property_context,0.62,0.28,sample_seed_review_taxonomy_prior,0.48,0.125,0.454,false,0.32,sample_seed_local_demand_context,0.771,true,815,740,1.101,203,1.209,0.92,sample_seed_public_rate_shape,0,true,,0,0,spa_wellness_credit,Surya Spa or Recovery Suite credit,275,151,82,206,275,3,49.57,0.177,0.381,0.433,852,false,0.963,moderate,smp-public-context-v1.0.0,high_guest_relationship_value;recoverable_before_checkout;high_perceived_value_lower_estimated_cost,,"[{""comp_code"": ""rooftop_f_and_b_credit"", ""comp_label"": ""Calabra or Palma dining credit"", ""guest_facing_value"": 150, ""internal_cost_expected"": 60, ""internal_cost_high"": 90, ""internal_cost_low"": 38, ""policy_score"": 162.48}, {""comp_code"": ""lobby_lounge_credit"", ""comp_label"": ""Palma lounge credit"", ""guest_facing_value"": 100, ""internal_cost_expected"": 38, ""internal_cost_high"": 55, ""internal_cost_low"": 25, ""policy_score"": 131.24}]","{""fit_score"": 0.718, ""leakage_penalty"": 37.75, ""operational_penalty"": 0.0, ""perceived_value"": 371.25, ""policy_score"": 305.87}","Internal cost is a policy range, not observed property margin. | Guest relationship value and recovery value are synthetic scenario inputs. | Public context cannot substitute for live occupancy, inventory, or approved hotel policy.","Recommend $275 Surya Spa or Recovery Suite credit for a loyalty guest with a severity 2 noise disruption reported before checkout. Estimated internal cost is $82-$206, not an observed property margin. Rationale: high guest relationship value, recoverable before checkout, high perceived value lower estimated cost. Recommendation stability is 96%. The closest alternative was $150 Calabra or Palma dining credit; the recommended gesture scored better on recovery fit, estimated cost, and operational constraints."
rec_00224,case_00224,TKT000224,PMS000425,new_guest,coastal_weekend,560,1100,1.0,0.95,,maintenance_issue,outcome,5,0.83,true,0.99,Santa Monica Proper Hotel,true,true,true,true,true,0.88,observed_public_property_context,0.69,0.28,sample_seed_review_taxonomy_prior,0.22,0.026,0.211,false,0.32,sample_seed_local_demand_context,0.613,false,775,780,0.994,166,1.117,0.92,sample_seed_public_rate_shape,0,false,partial_room_refund,430,430,spa_wellness_credit,Surya Spa or Recovery Suite credit,330,182,99,248,-100,4,71.05,1,0.649,0.677,91,false,1.0,high,smp-public-context-v1.0.0,hotel_responsible_failure;high_severity_issue;recoverable_before_checkout;high_perceived_value_lower_estimated_cost,,"[{""comp_code"": ""rooftop_f_and_b_credit"", ""comp_label"": ""Calabra or Palma dining credit"", ""guest_facing_value"": 180, ""internal_cost_expected"": 72, ""internal_cost_high"": 108, ""internal_cost_low"": 45, ""policy_score"": 128.08}, {""comp_code"": ""future_stay_credit"", ""comp_label"": ""future-stay credit"", ""guest_facing_value"": 195, ""internal_cost_expected"": 117, ""internal_cost_high"": 166, ""internal_cost_low"": 58, ""policy_score"": 120.67}]","{""fit_score"": 0.521, ""leakage_penalty"": 45.5, ""operational_penalty"": 0.0, ""perceived_value"": 445.5, ""policy_score"": 226.58}","Internal cost is a policy range, not observed property margin. | Guest relationship value and recovery value are synthetic scenario inputs. | Public context cannot substitute for live occupancy, inventory, or approved hotel policy.","Recommend $330 Surya Spa or Recovery Suite credit for a new guest with a severity 5 maintenance issue reported before checkout. Estimated internal cost is $99-$248, not an observed property margin. Rationale: hotel responsible failure, high severity issue, recoverable before checkout, high perceived value lower estimated cost. Recommendation stability is 100%. The closest alternative was $180 Calabra or Palma dining credit; the recommended gesture scored better on recovery fit, estimated cost, and operational constraints."
rec_00225,case_00225,TKT000225,PMS000901,returning_guest,coastal_weekend,1320,4830,0.78,0.95,no_comp_record,room_readiness_delay,outcome,2,0.88,true,0.676,Santa Monica Proper Hotel,true,true,true,true,true,0.88,observed_public_property_context,0.74,0.28,sample_seed_review_taxonomy_prior,0.48,0.132,0.434,false,0.32,sample_seed_local_demand_context,0.731,true,805,795,1.013,194,1.17,0.92,sample_seed_public_rate_shape,0.2,false,,0,0,rooftop_f_and_b_credit,Calabra or Palma dining credit,150,60,38,90,150,3,46.51,0.339,0.335,0.394,177,false,1.0,moderate,smp-public-context-v1.0.0,hotel_responsible_failure;recoverable_before_checkout;high_perceived_value_lower_estimated_cost;public_rate_pressure_changed_recovery,"Public rate pressure changed the recommendation: without this signal, the model would prefer late checkout at $85.","[{""comp_code"": ""lobby_lounge_credit"", ""comp_label"": ""Palma lounge credit"", ""guest_facing_value"": 100, ""internal_cost_expected"": 38, ""internal_cost_high"": 55, ""internal_cost_low"": 25, ""policy_score"": 151.73}, {""comp_code"": ""spa_wellness_credit"", ""comp_label"": ""Surya Spa or Recovery Suite credit"", ""guest_facing_value"": 275, ""internal_cost_expected"": 151, ""internal_cost_high"": 206, ""internal_cost_low"": 82, ""policy_score"": 116.95}]","{""fit_score"": 0.859, ""leakage_penalty"": 24.0, ""operational_penalty"": 0.0, ""perceived_value"": 187.5, ""policy_score"": 207.89}","Internal cost is a policy range, not observed property margin. | Guest relationship value and recovery value are synthetic scenario inputs. | Public context cannot substitute for live occupancy, inventory, or approved hotel policy.","Recommend $150 Calabra or Palma dining credit for a returning guest with a severity 2 room readiness delay reported before checkout. Estimated internal cost is $38-$90, not an observed property margin. Rationale: hotel responsible failure, recoverable before checkout, high perceived value lower estimated cost, public rate pressure changed recovery. Recommendation stability is 100%. The closest alternative was $100 Palma lounge credit; the recommended gesture scored better on recovery fit, estimated cost, and operational constraints."
rec_00226,case_00226,TKT000226,PMS000861,new_guest,event_or_wedding,1200,2370,1.0,0.95,no_review_or_survey;no_comp_record,noise_disruption,process,2,0.48,true,0.99,Santa Monica Proper Hotel,true,true,true,true,true,0.88,observed_public_property_context,0.62,0.28,sample_seed_review_taxonomy_prior,0.7,0.022,0.526,false,0.32,sample_seed_local_demand_context,0.573,true,765,820,0.933,158,1.101,0.92,sample_seed_public_rate_shape,0,false,,0,0,rooftop_f_and_b_credit,Calabra or Palma dining credit,135,54,34,81,135,2,39.38,0.5,0.381,0.387,108,false,0.963,high,smp-public-context-v1.0.0,recoverable_before_checkout;high_perceived_value_lower_estimated_cost,,"[{""comp_code"": ""lobby_lounge_credit"", ""comp_label"": ""Palma lounge credit"", ""guest_facing_value"": 90, ""internal_cost_expected"": 34, ""internal_cost_high"": 50, ""internal_cost_low"": 22, ""policy_score"": 104.04}, {""comp_code"": ""amenity_gesture"", ""comp_label"": ""in-room amenity gesture"", ""guest_facing_value"": 50, ""internal_cost_expected"": 22, ""internal_cost_high"": 32, ""internal_cost_low"": 12, ""policy_score"": 94.83}]","{""fit_score"": 0.537, ""leakage_penalty"": 13.5, ""operational_penalty"": 0.0, ""perceived_value"": 168.75, ""policy_score"": 130.59}","Internal cost is a policy range, not observed property margin. | Guest relationship value and recovery value are synthetic scenario inputs. | Public context cannot substitute for live occupancy, inventory, or approved hotel policy.","Recommend $135 Calabra or Palma dining credit for a new guest with a severity 2 noise disruption reported before checkout. Estimated internal cost is $34-$81, not an observed property margin. Rationale: recoverable before checkout, high perceived value lower estimated cost. Recommendation stability is 96%. The closest alternative was $90 Palma lounge credit; the recommended gesture scored better on recovery fit, estimated cost, and operational constraints."
rec_00227,case_00227,TKT000227,PMS000798,loyalty_guest,wellness_getaway,4340,24010,1.0,0.95,no_review_or_survey;no_comp_record,housekeeping_miss,outcome,5,0.95,false,0.925,Santa Monica Proper Hotel,true,true,true,true,true,0.88,observed_public_property_context,0.72,0.28,sample_seed_review_taxonomy_prior,0.22,0.162,0.246,false,0.32,sample_seed_local_demand_context,0.791,true,820,830,0.988,208,1.192,0.92,sample_seed_public_rate_shape,0,false,,0,0,partial_room_refund,partial room refund,210,210,210,210,210,5,84.03,0.163,0.72,0.774,1290,true,0.963,high,smp-public-context-v1.0.0,high_guest_relationship_value;hotel_responsible_failure;high_severity_issue;high_review_risk;manager_review_required,,"[{""comp_code"": ""rooftop_f_and_b_credit"", ""comp_label"": ""Calabra or Palma dining credit"", ""guest_facing_value"": 220, ""internal_cost_expected"": 88, ""internal_cost_high"": 132, ""internal_cost_low"": 55, ""policy_score"": 236.52}, {""comp_code"": ""spa_wellness_credit"", ""comp_label"": ""Surya Spa or Recovery Suite credit"", ""guest_facing_value"": 400, ""internal_cost_expected"": 220, ""internal_cost_high"": 300, ""internal_cost_low"": 120, ""policy_score"": 212.73}]","{""fit_score"": 0.78, ""leakage_penalty"": 129.83, ""operational_penalty"": 0.0, ""perceived_value"": 210.0, ""policy_score"": 70.86}","Internal cost is a policy range, not observed property margin. | Guest relationship value and recovery value are synthetic scenario inputs. | Public context cannot substitute for live occupancy, inventory, or approved hotel policy.","Recommend $210 partial room refund for a loyalty guest with a severity 5 housekeeping miss reported after checkout. Estimated internal cost is $210-$210, not an observed property margin. Rationale: high guest relationship value, hotel responsible failure, high severity issue, high review risk. Recommendation stability is 96%. The closest alternative was $220 Calabra or Palma dining credit; the recommended gesture scored better on recovery fit, estimated cost, and operational constraints."
rec_00228,case_00228,TKT000228,PMS001551,loyalty_guest,wellness_getaway,4900,24410,1.0,0.95,no_comp_record,room_assignment_expectation_gap,outcome,3,0.74,true,0.793,Santa Monica Proper Hotel,true,true,true,true,true,0.88,observed_public_property_context,0.68,0.28,sample_seed_review_taxonomy_prior,0.22,0.405,0.306,false,0.32,sample_seed_local_demand_context,0.632,false,780,780,1.0,171,1.126,0.92,sample_seed_public_rate_shape,0,true,,0,0,room_upgrade,room upgrade,360,90,29,234,360,4,60.49,0.091,0.526,0.562,991,false,1.0,high,smp-public-context-v1.0.0,high_guest_relationship_value;hotel_responsible_failure;recoverable_before_checkout;high_perceived_value_lower_estimated_cost,,"[{""comp_code"": ""future_stay_credit"", ""comp_label"": ""future-stay credit"", ""guest_facing_value"": 245, ""internal_cost_expected"": 147, ""internal_cost_high"": 208, ""internal_cost_low"": 74, ""policy_score"": 140.74}, {""comp_code"": ""rooftop_f_and_b_credit"", ""comp_label"": ""Calabra or Palma dining credit"", ""guest_facing_value"": 180, ""internal_cost_expected"": 72, ""internal_cost_high"": 108, ""internal_cost_low"": 45, ""policy_score"": 120.1}]","{""fit_score"": 0.963, ""leakage_penalty"": 22.5, ""operational_penalty"": 130.84, ""perceived_value"": 504.0, ""policy_score"": 370.09}","Internal cost is a policy range, not observed property margin. | Guest relationship value and recovery value are synthetic scenario inputs. | Public context cannot substitute for live occupancy, inventory, or approved hotel policy.","Recommend $360 room upgrade for a loyalty guest with a severity 3 room assignment expectation gap reported before checkout. Estimated internal cost is $29-$234, not an observed property margin. Rationale: high guest relationship value, hotel responsible failure, recoverable before checkout, high perceived value lower estimated cost. Recommendation stability is 100%. The closest alternative was $245 future-stay credit; the recommended gesture scored better on recovery fit, estimated cost, and operational constraints."
rec_00229,case_00229,TKT000229,PMS001270,new_guest,coastal_weekend,3200,3870,0.78,0.95,severity_inferred;no_review_or_survey;no_comp_record,billing_or_fee_dispute,process,2,0.55,false,0.99,Santa Monica Proper Hotel,true,true,true,true,true,0.88,observed_public_property_context,0.58,0.28,sample_seed_review_taxonomy_prior,0.22,0.09,0.2,false,0.32,sample_seed_local_demand_context,0.277,false,690,695,0.993,97,0.976,0.92,sample_seed_public_rate_shape,0,false,,0,0,parking_fee_waiver,parking or destination-fee waiver,85,15,7,30,85,3,44.05,0.053,0.37,0.402,285,false,1.0,moderate,smp-public-context-v1.0.0,high_perceived_value_lower_estimated_cost,,"[{""comp_code"": ""rooftop_f_and_b_credit"", ""comp_label"": ""Calabra or Palma dining credit"", ""guest_facing_value"": 150, ""internal_cost_expected"": 60, ""internal_cost_high"": 90, ""internal_cost_low"": 38, ""policy_score"": 91.04}, {""comp_code"": ""lobby_lounge_credit"", ""comp_label"": ""Palma lounge credit"", ""guest_facing_value"": 100, ""internal_cost_expected"": 38, ""internal_cost_high"": 55, ""internal_cost_low"": 25, ""policy_score"": 83.83}]","{""fit_score"": 0.683, ""leakage_penalty"": 3.75, ""operational_penalty"": 0.0, ""perceived_value"": 97.75, ""policy_score"": 106.39}","Internal cost is a policy range, not observed property margin. | Guest relationship value and recovery value are synthetic scenario inputs. | Public context cannot substitute for live occupancy, inventory, or approved hotel policy.","Recommend $85 parking or destination-fee waiver for a new guest with a severity 2 billing or fee dispute reported after checkout. Estimated internal cost is $7-$30, not an observed property margin. Rationale: high perceived value lower estimated cost. Recommendation stability is 100%. The closest alternative was $150 Calabra or Palma dining credit; the recommended gesture scored better on recovery fit, estimated cost, and operational constraints."
rec_00230,case_00230,TKT000230,PMS001590,loyalty_guest,design_leisure,790,4520,1.0,0.95,no_review_or_survey,room_readiness_delay,outcome,3,0.88,true,0.736,Santa Monica Proper Hotel,true,true,true,true,true,0.88,observed_public_property_context,0.74,0.28,sample_seed_review_taxonomy_prior,0.22,0.121,0.288,false,0.32,sample_seed_local_demand_context,0.593,false,770,705,1.092,162,1.132,0.92,sample_seed_public_rate_shape,0.2,false,lobby_lounge_credit,115,44,late_checkout,late checkout,100,20,8,45,-15,4,58.92,0.119,0.518,0.55,168,false,0.889,high,smp-public-context-v1.0.0,high_guest_relationship_value;hotel_responsible_failure;recoverable_before_checkout;high_perceived_value_lower_estimated_cost;operational_pressure_changed_recovery,"Operational availability changed the recommendation: without this signal, the model would prefer room upgrade at $360.","[{""comp_code"": ""rooftop_f_and_b_credit"", ""comp_label"": ""Calabra or Palma dining credit"", ""guest_facing_value"": 180, ""internal_cost_expected"": 72, ""internal_cost_high"": 108, ""internal_cost_low"": 45, ""policy_score"": 185.57}, {""comp_code"": ""future_stay_credit"", ""comp_label"": ""future-stay credit"", ""guest_facing_value"": 275, ""internal_cost_expected"": 165, ""internal_cost_high"": 234, ""internal_cost_low"": 82, ""policy_score"": 180.77}]","{""fit_score"": 0.932, ""leakage_penalty"": 8.0, ""operational_penalty"": 13.25, ""perceived_value"": 145.0, ""policy_score"": 193.07}","Internal cost is a policy range, not observed property margin. | Guest relationship value and recovery value are synthetic scenario inputs. | Public context cannot substitute for live occupancy, inventory, or approved hotel policy.","Recommend $100 late checkout for a loyalty guest with a severity 3 room readiness delay reported before checkout. Estimated internal cost is $8-$45, not an observed property margin. Rationale: high guest relationship value, hotel responsible failure, recoverable before checkout, high perceived value lower estimated cost. Recommendation stability is 89%. The closest alternative was $180 Calabra or Palma dining credit; the recommended gesture scored better on recovery fit, estimated cost, and operational constraints."
rec_00231,case_00231,TKT000231,PMS000864,returning_guest,coastal_weekend,730,1314,1.0,0.95,ltv_imputed;no_review_or_survey;no_comp_record,room_assignment_expectation_gap,outcome,4,0.79,true,0.752,Santa Monica Proper Hotel,true,true,true,true,true,0.88,observed_public_property_context,0.68,0.28,sample_seed_review_taxonomy_prior,0.7,0.065,0.525,false,0.32,sample_seed_local_demand_context,1.0,true,885,830,1.066,266,1.296,0.92,sample_seed_public_rate_shape,0,true,,0,0,rooftop_f_and_b_credit,Calabra or Palma dining credit,180,72,45,108,180,4,64.45,0.686,0.605,0.623,105,false,1.0,moderate,smp-public-context-v1.0.0,hotel_responsible_failure;high_severity_issue;recoverable_before_checkout;high_perceived_value_lower_estimated_cost;public_rate_pressure_changed_recovery,"Public rate pressure changed the recommendation: without this signal, the model would prefer room upgrade at $360.","[{""comp_code"": ""spa_wellness_credit"", ""comp_label"": ""Surya Spa or Recovery Suite credit"", ""guest_facing_value"": 330, ""internal_cost_expected"": 182, ""internal_cost_high"": 248, ""internal_cost_low"": 99, ""policy_score"": 191.33}, {""comp_code"": ""lobby_lounge_credit"", ""comp_label"": ""Palma lounge credit"", ""guest_facing_value"": 120, ""internal_cost_expected"": 46, ""internal_cost_high"": 66, ""internal_cost_low"": 30, ""policy_score"": 170.7}]","{""fit_score"": 0.537, ""leakage_penalty"": 18.0, ""operational_penalty"": 0.0, ""perceived_value"": 225.0, ""policy_score"": 211.25}","Internal cost is a policy range, not observed property margin. | Guest relationship value and recovery value are synthetic scenario inputs. | Public context cannot substitute for live occupancy, inventory, or approved hotel policy.","Recommend $180 Calabra or Palma dining credit for a returning guest with a severity 4 room assignment expectation gap reported before checkout. Estimated internal cost is $45-$108, not an observed property margin. Rationale: hotel responsible failure, high severity issue, recoverable before checkout, high perceived value lower estimated cost. Recommendation stability is 100%. The closest alternative was $330 Surya Spa or Recovery Suite credit; the recommended gesture scored better on recovery fit, estimated cost, and operational constraints."
rec_00232,case_00232,TKT000232,PMS000407,new_guest,business_traveler,5160,9740,1.0,0.95,severity_inferred;no_review_or_survey,maintenance_issue,outcome,3,0.78,true,0.826,Santa Monica Proper Hotel,true,true,true,true,true,0.88,observed_public_property_context,0.69,0.28,sample_seed_review_taxonomy_prior,0.48,0.166,0.438,false,0.32,sample_seed_local_demand_context,1.0,true,875,895,0.978,262,1.28,0.92,sample_seed_public_rate_shape,0.2,false,late_checkout,80,16,spa_wellness_credit,Surya Spa or Recovery Suite credit,275,151,82,206,195,3,57.53,0.225,0.504,0.536,671,false,1.0,moderate,smp-public-context-v1.0.0,hotel_responsible_failure;recoverable_before_checkout;high_perceived_value_lower_estimated_cost,,"[{""comp_code"": ""rooftop_f_and_b_credit"", ""comp_label"": ""Calabra or Palma dining credit"", ""guest_facing_value"": 150, ""internal_cost_expected"": 60, ""internal_cost_high"": 90, ""internal_cost_low"": 38, ""policy_score"": 178.68}, {""comp_code"": ""lobby_lounge_credit"", ""comp_label"": ""Palma lounge credit"", ""guest_facing_value"": 100, ""internal_cost_expected"": 38, ""internal_cost_high"": 55, ""internal_cost_low"": 25, ""policy_score"": 149.1}]","{""fit_score"": 0.521, ""leakage_penalty"": 60.4, ""operational_penalty"": 0.0, ""perceived_value"": 371.25, ""policy_score"": 239.21}","Internal cost is a policy range, not observed property margin. | Guest relationship value and recovery value are synthetic scenario inputs. | Public context cannot substitute for live occupancy, inventory, or approved hotel policy.","Recommend $275 Surya Spa or Recovery Suite credit for a new guest with a severity 3 maintenance issue reported before checkout. Estimated internal cost is $82-$206, not an observed property margin. Rationale: hotel responsible failure, recoverable before checkout, high perceived value lower estimated cost. Recommendation stability is 100%. The closest alternative was $150 Calabra or Palma dining credit; the recommended gesture scored better on recovery fit, estimated cost, and operational constraints."
rec_00233,case_00233,TKT000233,PMS000348,new_guest,coastal_weekend,2000,4310,1.0,0.95,no_review_or_survey;no_comp_record,valet_or_parking_delay,process,3,0.62,true,0.764,Santa Monica Proper Hotel,true,true,true,true,true,0.88,observed_public_property_context,0.56,0.18,sample_seed_review_taxonomy_prior,0.48,0.155,0.447,false,0.32,sample_seed_local_demand_context,0.731,true,805,815,0.988,194,1.167,0.92,sample_seed_public_rate_shape,0,false,,0,0,rooftop_f_and_b_credit,Calabra or Palma dining credit,150,60,38,90,150,3,50.37,0.253,0.455,0.477,237,false,1.0,moderate,smp-public-context-v1.0.0,recoverable_before_checkout;high_perceived_value_lower_estimated_cost;public_rate_pressure_changed_recovery,"Public rate pressure changed the recommendation: without this signal, the model would prefer parking or destination-fee waiver at $85.","[{""comp_code"": ""spa_wellness_credit"", ""comp_label"": ""Surya Spa or Recovery Suite credit"", ""guest_facing_value"": 275, ""internal_cost_expected"": 151, ""internal_cost_high"": 206, ""internal_cost_low"": 82, ""policy_score"": 142.2}, {""comp_code"": ""parking_fee_waiver"", ""comp_label"": ""parking or destination-fee waiver"", ""guest_facing_value"": 85, ""internal_cost_expected"": 15, ""internal_cost_high"": 30, ""internal_cost_low"": 7, ""policy_score"": 133.67}]","{""fit_score"": 0.537, ""leakage_penalty"": 15.0, ""operational_penalty"": 0.0, ""perceived_value"": 187.5, ""policy_score"": 159.46}","Internal cost is a policy range, not observed property margin. | Guest relationship value and recovery value are synthetic scenario inputs. | Public context cannot substitute for live occupancy, inventory, or approved hotel policy.","Recommend $150 Calabra or Palma dining credit for a new guest with a severity 3 valet or parking delay reported before checkout. Estimated internal cost is $38-$90, not an observed property margin. Rationale: recoverable before checkout, high perceived value lower estimated cost, public rate pressure changed recovery. Recommendation stability is 100%. The closest alternative was $275 Surya Spa or Recovery Suite credit; the recommended gesture scored better on recovery fit, estimated cost, and operational constraints."
rec_00234,case_00234,TKT000234,PMS000824,returning_guest,coastal_weekend,1640,3410,1.0,0.95,no_review_or_survey,valet_or_parking_delay,process,2,0.62,false,0.761,Santa Monica Proper Hotel,true,true,true,true,true,0.88,observed_public_property_context,0.56,0.18,sample_seed_review_taxonomy_prior,0.22,0.177,0.222,false,0.32,sample_seed_local_demand_context,0.455,false,735,765,0.961,132,1.051,0.92,sample_seed_public_rate_shape,0,false,parking_fee_waiver,80,14,parking_fee_waiver,parking or destination-fee waiver,85,15,7,30,5,3,46.09,0.085,0.337,0.393,176,false,1.0,high,smp-public-context-v1.0.0,high_perceived_value_lower_estimated_cost,,"[{""comp_code"": ""rooftop_f_and_b_credit"", ""comp_label"": ""Calabra or Palma dining credit"", ""guest_facing_value"": 150, ""internal_cost_expected"": 60, ""internal_cost_high"": 90, ""internal_cost_low"": 38, ""policy_score"": 92.32}, {""comp_code"": ""spa_wellness_credit"", ""comp_label"": ""Surya Spa or Recovery Suite credit"", ""guest_facing_value"": 275, ""internal_cost_expected"": 151, ""internal_cost_high"": 206, ""internal_cost_low"": 82, ""policy_score"": 74.87}]","{""fit_score"": 0.932, ""leakage_penalty"": 3.75, ""operational_penalty"": 0.0, ""perceived_value"": 97.75, ""policy_score"": 131.23}","Internal cost is a policy range, not observed property margin. | Guest relationship value and recovery value are synthetic scenario inputs. | Public context cannot substitute for live occupancy, inventory, or approved hotel policy.","Recommend $85 parking or destination-fee waiver for a returning guest with a severity 2 valet or parking delay reported after checkout. Estimated internal cost is $7-$30, not an observed property margin. Rationale: high perceived value lower estimated cost. Recommendation stability is 100%. The closest alternative was $150 Calabra or Palma dining credit; the recommended gesture scored better on recovery fit, estimated cost, and operational constraints."
rec_00235,case_00235,TKT000235,PMS001534,returning_guest,local_staycation,730,2710,1.0,0.95,no_review_or_survey,room_readiness_delay,outcome,4,0.93,false,0.99,Santa Monica Proper Hotel,true,true,true,true,true,0.88,observed_public_property_context,0.74,0.28,sample_seed_review_taxonomy_prior,0.22,0.09,0.2,false,0.32,sample_seed_local_demand_context,0.277,false,690,695,0.993,97,0.976,0.92,sample_seed_public_rate_shape,0.2,false,rooftop_f_and_b_credit,145,58,rooftop_f_and_b_credit,Calabra or Palma dining credit,180,72,45,108,35,4,69.77,0.486,0.622,0.656,148,false,1.0,high,smp-public-context-v1.0.0,hotel_responsible_failure;high_severity_issue;high_perceived_value_lower_estimated_cost;operational_pressure_changed_recovery;property_fit_changed_recovery,"Operational availability changed the recommendation: without this signal, the model would prefer room upgrade at $360. | Property fit changed the recommendation: without this signal, the model would prefer future-stay credit at $255.","[{""comp_code"": ""future_stay_credit"", ""comp_label"": ""future-stay credit"", ""guest_facing_value"": 255, ""internal_cost_expected"": 153, ""internal_cost_high"": 217, ""internal_cost_low"": 76, ""policy_score"": 182.14}, {""comp_code"": ""lobby_lounge_credit"", ""comp_label"": ""Palma lounge credit"", ""guest_facing_value"": 120, ""internal_cost_expected"": 46, ""internal_cost_high"": 66, ""internal_cost_low"": 30, ""policy_score"": 121.03}]","{""fit_score"": 0.859, ""leakage_penalty"": 28.8, ""operational_penalty"": 0.0, ""perceived_value"": 225.0, ""policy_score"": 198.69}","Internal cost is a policy range, not observed property margin. | Guest relationship value and recovery value are synthetic scenario inputs. | Public context cannot substitute for live occupancy, inventory, or approved hotel policy.","Recommend $180 Calabra or Palma dining credit for a returning guest with a severity 4 room readiness delay reported after checkout. Estimated internal cost is $45-$108, not an observed property margin. Rationale: hotel responsible failure, high severity issue, high perceived value lower estimated cost, operational pressure changed recovery. Recommendation stability is 100%. The closest alternative was $255 future-stay credit; the recommended gesture scored better on recovery fit, estimated cost, and operational constraints."
rec_00236,case_00236,TKT000236,PMS001013,event_or_suite_guest,wellness_getaway,2790,22890,1.0,0.95,,spa_wellness_service_issue,process,4,0.79,true,0.32,Santa Monica Proper Hotel,true,true,true,true,true,0.88,observed_public_property_context,0.64,0.28,sample_seed_review_taxonomy_prior,0.22,0.144,0.287,false,0.32,sample_seed_local_demand_context,0.158,false,660,695,0.95,76,0.926,0.92,sample_seed_public_rate_shape,0.2,false,lobby_lounge_credit,145,55,spa_wellness_credit,Surya Spa or Recovery Suite credit,330,182,99,248,185,4,69.32,0.21,0.467,0.569,865,false,1.0,high,smp-public-context-v1.0.0,high_guest_relationship_value;hotel_responsible_failure;high_severity_issue;recoverable_before_checkout;high_perceived_value_lower_estimated_cost,,"[{""comp_code"": ""future_stay_credit"", ""comp_label"": ""future-stay credit"", ""guest_facing_value"": 325, ""internal_cost_expected"": 195, ""internal_cost_high"": 276, ""internal_cost_low"": 98, ""policy_score"": 257.9}, {""comp_code"": ""rooftop_f_and_b_credit"", ""comp_label"": ""Calabra or Palma dining credit"", ""guest_facing_value"": 180, ""internal_cost_expected"": 72, ""internal_cost_high"": 108, ""internal_cost_low"": 45, ""policy_score"": 115.97}]","{""fit_score"": 1.043, ""leakage_penalty"": 72.8, ""operational_penalty"": 0.0, ""perceived_value"": 445.5, ""policy_score"": 459.94}","Internal cost is a policy range, not observed property margin. | Guest relationship value and recovery value are synthetic scenario inputs. | Public context cannot substitute for live occupancy, inventory, or approved hotel policy.","Recommend $330 Surya Spa or Recovery Suite credit for an event/suite guest with a severity 4 spa/wellness service issue reported before checkout. Estimated internal cost is $99-$248, not an observed property margin. Rationale: high guest relationship value, hotel responsible failure, high severity issue, recoverable before checkout. Recommendation stability is 100%. The closest alternative was $325 future-stay credit; the recommended gesture scored better on recovery fit, estimated cost, and operational constraints."
rec_00237,case_00237,TKT000237,PMS000023,new_guest,family_beach_trip,1960,3528,0.78,0.95,ltv_imputed;no_review_or_survey,noise_disruption,process,1,0.48,true,0.737,Santa Monica Proper Hotel,true,true,true,true,true,0.88,observed_public_property_context,0.62,0.28,sample_seed_review_taxonomy_prior,0.22,0.644,0.389,false,0.32,sample_seed_local_demand_context,0.296,false,695,765,0.908,101,0.985,0.92,sample_seed_public_rate_shape,0.2,false,amenity_gesture,55,25,late_checkout,late checkout,75,15,6,34,20,2,31.08,0.11,0.277,0.292,136,false,0.926,moderate,smp-public-context-v1.0.0,recoverable_before_checkout;high_perceived_value_lower_estimated_cost,,"[{""comp_code"": ""rooftop_f_and_b_credit"", ""comp_label"": ""Calabra or Palma dining credit"", ""guest_facing_value"": 135, ""internal_cost_expected"": 54, ""internal_cost_high"": 81, ""internal_cost_low"": 34, ""policy_score"": 67.27}, {""comp_code"": ""lobby_lounge_credit"", ""comp_label"": ""Palma lounge credit"", ""guest_facing_value"": 90, ""internal_cost_expected"": 34, ""internal_cost_high"": 50, ""internal_cost_low"": 22, ""policy_score"": 45.26}]","{""fit_score"": 0.849, ""leakage_penalty"": 6.0, ""operational_penalty"": 13.27, ""perceived_value"": 108.75, ""policy_score"": 133.29}","Internal cost is a policy range, not observed property margin. | Guest relationship value and recovery value are synthetic scenario inputs. | Public context cannot substitute for live occupancy, inventory, or approved hotel policy.","Recommend $75 late checkout for a new guest with a severity 1 noise disruption reported before checkout. Estimated internal cost is $6-$34, not an observed property margin. Rationale: recoverable before checkout, high perceived value lower estimated cost. Recommendation stability is 93%. The closest alternative was $135 Calabra or Palma dining credit; the recommended gesture scored better on recovery fit, estimated cost, and operational constraints."
rec_00238,case_00238,TKT000238,PMS001178,new_guest,business_traveler,1300,1640,1.0,0.95,no_review_or_survey,noise_disruption,process,3,0.48,true,0.567,Santa Monica Proper Hotel,true,true,true,true,true,0.88,observed_public_property_context,0.62,0.28,sample_seed_review_taxonomy_prior,0.48,0.611,0.524,false,0.32,sample_seed_local_demand_context,0.573,false,765,745,1.027,158,1.107,0.92,sample_seed_public_rate_shape,0,false,late_checkout,70,14,spa_wellness_credit,Surya Spa or Recovery Suite credit,275,151,82,206,205,3,48.22,1,0.485,0.484,128,false,0.963,high,smp-public-context-v1.0.0,recoverable_before_checkout;high_perceived_value_lower_estimated_cost,,"[{""comp_code"": ""late_checkout"", ""comp_label"": ""late checkout"", ""guest_facing_value"": 85, ""internal_cost_expected"": 17, ""internal_cost_high"": 38, ""internal_cost_low"": 7, ""policy_score"": 159.13}, {""comp_code"": ""rooftop_f_and_b_credit"", ""comp_label"": ""Calabra or Palma dining credit"", ""guest_facing_value"": 150, ""internal_cost_expected"": 60, ""internal_cost_high"": 90, ""internal_cost_low"": 38, ""policy_score"": 93.66}]","{""fit_score"": 0.718, ""leakage_penalty"": 37.75, ""operational_penalty"": 0.0, ""perceived_value"": 371.25, ""policy_score"": 235.64}","Internal cost is a policy range, not observed property margin. | Guest relationship value and recovery value are synthetic scenario inputs. | Public context cannot substitute for live occupancy, inventory, or approved hotel policy.","Recommend $275 Surya Spa or Recovery Suite credit for a new guest with a severity 3 noise disruption reported before checkout. Estimated internal cost is $82-$206, not an observed property margin. Rationale: recoverable before checkout, high perceived value lower estimated cost. Recommendation stability is 96%. The closest alternative was $85 late checkout; the recommended gesture scored better on recovery fit, estimated cost, and operational constraints."
rec_00239,case_00239,TKT000239,PMS001214,returning_guest,design_leisure,3000,11870,1.0,0.95,no_comp_record,room_readiness_delay,outcome,4,0.93,true,0.32,Santa Monica Proper Hotel,true,true,true,true,true,0.88,observed_public_property_context,0.74,0.28,sample_seed_review_taxonomy_prior,0.48,0.175,0.476,false,0.32,sample_seed_local_demand_context,0.277,false,690,725,0.952,97,0.976,0.92,sample_seed_public_rate_shape,0,false,,0,0,room_upgrade,room upgrade,360,90,29,234,360,4,68.59,0.147,0.551,0.612,614,false,1.0,high,smp-public-context-v1.0.0,hotel_responsible_failure;high_severity_issue;recoverable_before_checkout;high_perceived_value_lower_estimated_cost,,"[{""comp_code"": ""late_checkout"", ""comp_label"": ""late checkout"", ""guest_facing_value"": 100, ""internal_cost_expected"": 20, ""internal_cost_high"": 45, ""internal_cost_low"": 8, ""policy_score"": 210.01}, {""comp_code"": ""rooftop_f_and_b_credit"", ""comp_label"": ""Calabra or Palma dining credit"", ""guest_facing_value"": 180, ""internal_cost_expected"": 72, ""internal_cost_high"": 108, ""internal_cost_low"": 45, ""policy_score"": 208.06}]","{""fit_score"": 0.514, ""leakage_penalty"": 22.5, ""operational_penalty"": 22.81, ""perceived_value"": 504.0, ""policy_score"": 246.97}","Internal cost is a policy range, not observed property margin. | Guest relationship value and recovery value are synthetic scenario inputs. | Public context cannot substitute for live occupancy, inventory, or approved hotel policy.","Recommend $360 room upgrade for a returning guest with a severity 4 room readiness delay reported before checkout. Estimated internal cost is $29-$234, not an observed property margin. Rationale: hotel responsible failure, high severity issue, recoverable before checkout, high perceived value lower estimated cost. Recommendation stability is 100%. The closest alternative was $100 late checkout; the recommended gesture scored better on recovery fit, estimated cost, and operational constraints."
rec_00240,case_00240,TKT000240,PMS001519,new_guest,coastal_weekend,500,830,1.0,0.95,no_review_or_survey,billing_or_fee_dispute,process,3,0.55,false,0.469,Santa Monica Proper Hotel,true,true,true,true,true,0.88,observed_public_property_context,0.58,0.28,sample_seed_review_taxonomy_prior,0.48,0.101,0.427,false,0.32,sample_seed_local_demand_context,0.652,false,785,785,1.0,175,1.134,0.92,sample_seed_public_rate_shape,0.2,true,parking_fee_waiver,70,13,parking_fee_waiver,parking or destination-fee waiver,85,15,7,30,15,3,50.85,0.273,0.473,0.489,55,false,1.0,high,smp-public-context-v1.0.0,high_perceived_value_lower_estimated_cost,,"[{""comp_code"": ""rooftop_f_and_b_credit"", ""comp_label"": ""Calabra or Palma dining credit"", ""guest_facing_value"": 150, ""internal_cost_expected"": 60, ""internal_cost_high"": 90, ""internal_cost_low"": 38, ""policy_score"": 86.32}, {""comp_code"": ""lobby_lounge_credit"", ""comp_label"": ""Palma lounge credit"", ""guest_facing_value"": 100, ""internal_cost_expected"": 38, ""internal_cost_high"": 55, ""internal_cost_low"": 25, ""policy_score"": 82.01}]","{""fit_score"": 0.683, ""leakage_penalty"": 6.0, ""operational_penalty"": 0.0, ""perceived_value"": 97.75, ""policy_score"": 106.98}","Internal cost is a policy range, not observed property margin. | Guest relationship value and recovery value are synthetic scenario inputs. | Public context cannot substitute for live occupancy, inventory, or approved hotel policy.","Recommend $85 parking or destination-fee waiver for a new guest with a severity 3 billing or fee dispute reported after checkout. Estimated internal cost is $7-$30, not an observed property margin. Rationale: high perceived value lower estimated cost. Recommendation stability is 100%. The closest alternative was $150 Calabra or Palma dining credit; the recommended gesture scored better on recovery fit, estimated cost, and operational constraints."
rec_00241,case_00241,TKT000241,PMS000200,new_guest,wellness_getaway,2040,3820,1.0,0.95,,maintenance_issue,outcome,5,0.83,true,0.328,Santa Monica Proper Hotel,true,true,true,true,true,0.88,observed_public_property_context,0.69,0.28,sample_seed_review_taxonomy_prior,0.48,0.09,0.41,false,0.32,sample_seed_local_demand_context,0.296,false,695,710,0.979,101,0.985,0.92,sample_seed_public_rate_shape,0.2,false,partial_room_refund,360,360,spa_wellness_credit,Surya Spa or Recovery Suite credit,330,182,99,248,-30,4,72.72,0.543,0.649,0.684,335,false,1.0,high,smp-public-context-v1.0.0,hotel_responsible_failure;high_severity_issue;recoverable_before_checkout;high_perceived_value_lower_estimated_cost,,"[{""comp_code"": ""room_upgrade"", ""comp_label"": ""room upgrade"", ""guest_facing_value"": 360, ""internal_cost_expected"": 90, ""internal_cost_high"": 234, ""internal_cost_low"": 29, ""policy_score"": 159.98}, {""comp_code"": ""rooftop_f_and_b_credit"", ""comp_label"": ""Calabra or Palma dining credit"", ""guest_facing_value"": 180, ""internal_cost_expected"": 72, ""internal_cost_high"": 108, ""internal_cost_low"": 45, ""policy_score"": 118.54}]","{""fit_score"": 0.521, ""leakage_penalty"": 72.8, ""operational_penalty"": 0.0, ""perceived_value"": 445.5, ""policy_score"": 201.7}","Internal cost is a policy range, not observed property margin. | Guest relationship value and recovery value are synthetic scenario inputs. | Public context cannot substitute for live occupancy, inventory, or approved hotel policy.","Recommend $330 Surya Spa or Recovery Suite credit for a new guest with a severity 5 maintenance issue reported before checkout. Estimated internal cost is $99-$248, not an observed property margin. Rationale: hotel responsible failure, high severity issue, recoverable before checkout, high perceived value lower estimated cost. Recommendation stability is 100%. The closest alternative was $360 room upgrade; the recommended gesture scored better on recovery fit, estimated cost, and operational constraints."
rec_00242,case_00242,TKT000242,PMS000191,new_guest,business_traveler,4320,6390,1.0,0.95,severity_inferred;no_review_or_survey,spa_wellness_service_issue,process,3,0.74,true,0.463,Santa Monica Proper Hotel,true,true,true,true,true,0.88,observed_public_property_context,0.64,0.28,sample_seed_review_taxonomy_prior,0.22,0.042,0.204,false,0.32,sample_seed_local_demand_context,0.277,false,690,605,1.14,97,1.011,0.92,sample_seed_public_rate_shape,0.2,false,partial_room_refund,435,435,spa_wellness_credit,Surya Spa or Recovery Suite credit,275,151,82,206,-160,3,55.31,0.298,0.49,0.518,506,false,1.0,moderate,smp-public-context-v1.0.0,hotel_responsible_failure;recoverable_before_checkout;high_perceived_value_lower_estimated_cost,,"[{""comp_code"": ""rooftop_f_and_b_credit"", ""comp_label"": ""Calabra or Palma dining credit"", ""guest_facing_value"": 150, ""internal_cost_expected"": 60, ""internal_cost_high"": 90, ""internal_cost_low"": 38, ""policy_score"": 89.13}, {""comp_code"": ""lobby_lounge_credit"", ""comp_label"": ""Palma lounge credit"", ""guest_facing_value"": 100, ""internal_cost_expected"": 38, ""internal_cost_high"": 55, ""internal_cost_low"": 25, ""policy_score"": 60.0}]","{""fit_score"": 1.043, ""leakage_penalty"": 60.4, ""operational_penalty"": 0.0, ""perceived_value"": 371.25, ""policy_score"": 350.73}","Internal cost is a policy range, not observed property margin. | Guest relationship value and recovery value are synthetic scenario inputs. | Public context cannot substitute for live occupancy, inventory, or approved hotel policy.","Recommend $275 Surya Spa or Recovery Suite credit for a new guest with a severity 3 spa/wellness service issue reported before checkout. Estimated internal cost is $82-$206, not an observed property margin. Rationale: hotel responsible failure, recoverable before checkout, high perceived value lower estimated cost. Recommendation stability is 100%. The closest alternative was $150 Calabra or Palma dining credit; the recommended gesture scored better on recovery fit, estimated cost, and operational constraints."
rec_00243,case_00243,TKT000243,PMS000972,returning_guest,coastal_weekend,2400,9430,1.0,0.95,,room_readiness_delay,outcome,4,0.93,true,0.648,Santa Monica Proper Hotel,true,true,true,true,true,0.88,observed_public_property_context,0.74,0.28,sample_seed_review_taxonomy_prior,0.22,0.038,0.193,false,0.32,sample_seed_local_demand_context,0.573,false,765,710,1.077,158,1.12,0.92,sample_seed_public_rate_shape,0.2,false,rooftop_f_and_b_credit,125,50,room_upgrade,room upgrade,360,90,29,234,235,4,67.6,0.186,0.575,0.62,483,false,0.889,high,smp-public-context-v1.0.0,hotel_responsible_failure;high_severity_issue;recoverable_before_checkout;high_perceived_value_lower_estimated_cost,,"[{""comp_code"": ""late_checkout"", ""comp_label"": ""late checkout"", ""guest_facing_value"": 100, ""internal_cost_expected"": 20, ""internal_cost_high"": 45, ""internal_cost_low"": 8, ""policy_score"": 201.98}, {""comp_code"": ""future_stay_credit"", ""comp_label"": ""future-stay credit"", ""guest_facing_value"": 280, ""internal_cost_expected"": 168, ""internal_cost_high"": 238, ""internal_cost_low"": 84, ""policy_score"": 196.81}]","{""fit_score"": 0.514, ""leakage_penalty"": 36.0, ""operational_penalty"": 35.64, ""perceived_value"": 504.0, ""policy_score"": 219.03}","Internal cost is a policy range, not observed property margin. | Guest relationship value and recovery value are synthetic scenario inputs. | Public context cannot substitute for live occupancy, inventory, or approved hotel policy.","Recommend $360 room upgrade for a returning guest with a severity 4 room readiness delay reported before checkout. Estimated internal cost is $29-$234, not an observed property margin. Rationale: hotel responsible failure, high severity issue, recoverable before checkout, high perceived value lower estimated cost. Recommendation stability is 89%. The closest alternative was $100 late checkout; the recommended gesture scored better on recovery fit, estimated cost, and operational constraints."
rec_00244,case_00244,TKT000244,PMS000554,returning_guest,business_traveler,2320,4680,1.0,0.95,no_review_or_survey,rooftop_pool_access_issue,process,5,0.69,false,0.583,Santa Monica Proper Hotel,true,true,true,true,true,0.88,observed_public_property_context,0.6,0.28,sample_seed_review_taxonomy_prior,0.22,0.141,0.224,false,0.32,sample_seed_local_demand_context,0.138,false,655,650,1.008,72,0.92,0.92,sample_seed_public_rate_shape,0,false,partial_room_refund,490,490,rooftop_f_and_b_credit,Calabra or Palma dining credit,180,72,45,108,-310,4,73.84,0.182,0.686,0.71,395,false,1.0,high,smp-public-context-v1.0.0,high_severity_issue;high_perceived_value_lower_estimated_cost,,"[{""comp_code"": ""future_stay_credit"", ""comp_label"": ""future-stay credit"", ""guest_facing_value"": 205, ""internal_cost_expected"": 123, ""internal_cost_high"": 174, ""internal_cost_low"": 62, ""policy_score"": 129.26}, {""comp_code"": ""spa_wellness_credit"", ""comp_label"": ""Surya Spa or Recovery Suite credit"", ""guest_facing_value"": 330, ""internal_cost_expected"": 182, ""internal_cost_high"": 248, ""internal_cost_low"": 99, ""policy_score"": 110.75}]","{""fit_score"": 1.026, ""leakage_penalty"": 18.0, ""operational_penalty"": 0.0, ""perceived_value"": 225.0, ""policy_score"": 258.08}","Internal cost is a policy range, not observed property margin. | Guest relationship value and recovery value are synthetic scenario inputs. | Public context cannot substitute for live occupancy, inventory, or approved hotel policy.","Recommend $180 Calabra or Palma dining credit for a returning guest with a severity 5 rooftop pool access issue reported after checkout. Estimated internal cost is $45-$108, not an observed property margin. Rationale: high severity issue, high perceived value lower estimated cost. Recommendation stability is 100%. The closest alternative was $205 future-stay credit; the recommended gesture scored better on recovery fit, estimated cost, and operational constraints."
rec_00245,case_00245,TKT000245,PMS000245,new_guest,wellness_getaway,1300,1820,1.0,0.95,no_review_or_survey;no_comp_record,room_readiness_delay,outcome,3,0.88,true,0.32,Santa Monica Proper Hotel,true,true,true,true,true,0.88,observed_public_property_context,0.74,0.28,sample_seed_review_taxonomy_prior,0.22,0.044,0.219,false,0.32,sample_seed_local_demand_context,0.099,false,645,630,1.024,66,0.908,0.92,sample_seed_public_rate_shape,0,false,,0,0,room_upgrade,room upgrade,300,75,24,195,300,3,56.85,0.487,0.518,0.541,154,false,0.963,high,smp-public-context-v1.0.0,hotel_responsible_failure;recoverable_before_checkout;high_perceived_value_lower_estimated_cost;property_fit_changed_recovery,"Property fit changed the recommendation: without this signal, the model would prefer late checkout at $85.","[{""comp_code"": ""late_checkout"", ""comp_label"": ""late checkout"", ""guest_facing_value"": 85, ""internal_cost_expected"": 17, ""internal_cost_high"": 38, ""internal_cost_low"": 7, ""policy_score"": 180.95}, {""comp_code"": ""rooftop_f_and_b_credit"", ""comp_label"": ""Calabra or Palma dining credit"", ""guest_facing_value"": 150, ""internal_cost_expected"": 60, ""internal_cost_high"": 90, ""internal_cost_low"": 38, ""policy_score"": 162.86}]","{""fit_score"": 0.514, ""leakage_penalty"": 18.75, ""operational_penalty"": 18.29, ""perceived_value"": 420.0, ""policy_score"": 190.69}","Internal cost is a policy range, not observed property margin. | Guest relationship value and recovery value are synthetic scenario inputs. | Public context cannot substitute for live occupancy, inventory, or approved hotel policy.","Recommend $300 room upgrade for a new guest with a severity 3 room readiness delay reported before checkout. Estimated internal cost is $24-$195, not an observed property margin. Rationale: hotel responsible failure, recoverable before checkout, high perceived value lower estimated cost, property fit changed recovery. Recommendation stability is 96%. The closest alternative was $85 late checkout; the recommended gesture scored better on recovery fit, estimated cost, and operational constraints."
rec_00246,case_00246,TKT000246,PMS001410,new_guest,coastal_weekend,510,1100,1.0,0.95,no_review_or_survey;no_comp_record,room_assignment_expectation_gap,outcome,5,0.79,true,0.558,Santa Monica Proper Hotel,true,true,true,true,true,0.88,observed_public_property_context,0.68,0.28,sample_seed_review_taxonomy_prior,0.22,0.131,0.273,false,0.32,sample_seed_local_demand_context,0.079,false,640,640,1.0,62,0.893,0.92,sample_seed_public_rate_shape,0,true,,0,0,room_upgrade,room upgrade,360,90,29,234,360,4,71.68,1,0.709,0.713,86,false,1.0,high,smp-public-context-v1.0.0,hotel_responsible_failure;high_severity_issue;high_review_risk;recoverable_before_checkout;high_perceived_value_lower_estimated_cost,,"[{""comp_code"": ""rooftop_f_and_b_credit"", ""comp_label"": ""Calabra or Palma dining credit"", ""guest_facing_value"": 180, ""internal_cost_expected"": 72, ""internal_cost_high"": 108, ""internal_cost_low"": 45, ""policy_score"": 128.55}, {""comp_code"": ""future_stay_credit"", ""comp_label"": ""future-stay credit"", ""guest_facing_value"": 180, ""internal_cost_expected"": 108, ""internal_cost_high"": 153, ""internal_cost_low"": 54, ""policy_score"": 111.86}]","{""fit_score"": 0.963, ""leakage_penalty"": 22.5, ""operational_penalty"": 30.69, ""perceived_value"": 504.0, ""policy_score"": 504.2}","Internal cost is a policy range, not observed property margin. | Guest relationship value and recovery value are synthetic scenario inputs. | Public context cannot substitute for live occupancy, inventory, or approved hotel policy.","Recommend $360 room upgrade for a new guest with a severity 5 room assignment expectation gap reported before checkout. Estimated internal cost is $29-$234, not an observed property margin. Rationale: hotel responsible failure, high severity issue, high review risk, recoverable before checkout. Recommendation stability is 100%. The closest alternative was $180 Calabra or Palma dining credit; the recommended gesture scored better on recovery fit, estimated cost, and operational constraints."
rec_00247,case_00247,TKT000247,PMS000547,new_guest,business_traveler,960,1460,0.78,0.95,no_review_or_survey;no_comp_record,housekeeping_miss,outcome,3,0.9,true,0.32,Santa Monica Proper Hotel,true,true,true,true,true,0.88,observed_public_property_context,0.72,0.28,sample_seed_review_taxonomy_prior,0.22,0.077,0.206,false,0.32,sample_seed_local_demand_context,0.692,false,795,740,1.074,185,1.169,0.92,sample_seed_public_rate_shape,0,true,,0,0,rooftop_f_and_b_credit,Calabra or Palma dining credit,150,60,38,90,150,3,57.0,0.513,0.513,0.539,117,false,1.0,high,smp-public-context-v1.0.0,hotel_responsible_failure;recoverable_before_checkout;high_perceived_value_lower_estimated_cost,,"[{""comp_code"": ""spa_wellness_credit"", ""comp_label"": ""Surya Spa or Recovery Suite credit"", ""guest_facing_value"": 275, ""internal_cost_expected"": 151, ""internal_cost_high"": 206, ""internal_cost_low"": 82, ""policy_score"": 82.21}, {""comp_code"": ""lobby_lounge_credit"", ""comp_label"": ""Palma lounge credit"", ""guest_facing_value"": 100, ""internal_cost_expected"": 38, ""internal_cost_high"": 55, ""internal_cost_low"": 25, ""policy_score"": 66.42}]","{""fit_score"": 0.537, ""leakage_penalty"": 15.0, ""operational_penalty"": 0.0, ""perceived_value"": 187.5, ""policy_score"": 99.19}","Internal cost is a policy range, not observed property margin. | Guest relationship value and recovery value are synthetic scenario inputs. | Public context cannot substitute for live occupancy, inventory, or approved hotel policy.","Recommend $150 Calabra or Palma dining credit for a new guest with a severity 3 housekeeping miss reported before checkout. Estimated internal cost is $38-$90, not an observed property margin. Rationale: hotel responsible failure, recoverable before checkout, high perceived value lower estimated cost. Recommendation stability is 100%. The closest alternative was $275 Surya Spa or Recovery Suite credit; the recommended gesture scored better on recovery fit, estimated cost, and operational constraints."
rec_00248,case_00248,TKT000248,PMS001452,returning_guest,business_traveler,1340,4220,1.0,0.95,no_comp_record,maintenance_issue,outcome,2,0.78,false,0.712,Santa Monica Proper Hotel,true,true,true,true,true,0.88,observed_public_property_context,0.69,0.28,sample_seed_review_taxonomy_prior,0.48,0.139,0.436,false,0.32,sample_seed_local_demand_context,0.198,false,670,720,0.931,83,0.943,0.92,sample_seed_public_rate_shape,0,false,,0,0,spa_wellness_credit,Surya Spa or Recovery Suite credit,275,151,82,206,275,3,52.11,0.799,0.473,0.495,189,false,0.963,high,smp-public-context-v1.0.0,hotel_responsible_failure;high_perceived_value_lower_estimated_cost,,"[{""comp_code"": ""rooftop_f_and_b_credit"", ""comp_label"": ""Calabra or Palma dining credit"", ""guest_facing_value"": 150, ""internal_cost_expected"": 60, ""internal_cost_high"": 90, ""internal_cost_low"": 38, ""policy_score"": 96.11}, {""comp_code"": ""lobby_lounge_credit"", ""comp_label"": ""Palma lounge credit"", ""guest_facing_value"": 100, ""internal_cost_expected"": 38, ""internal_cost_high"": 55, ""internal_cost_low"": 25, ""policy_score"": 64.34}]","{""fit_score"": 0.521, ""leakage_penalty"": 37.75, ""operational_penalty"": 0.0, ""perceived_value"": 371.25, ""policy_score"": 167.14}","Internal cost is a policy range, not observed property margin. | Guest relationship value and recovery value are synthetic scenario inputs. | Public context cannot substitute for live occupancy, inventory, or approved hotel policy.","Recommend $275 Surya Spa or Recovery Suite credit for a returning guest with a severity 2 maintenance issue reported after checkout. Estimated internal cost is $82-$206, not an observed property margin. Rationale: hotel responsible failure, high perceived value lower estimated cost. Recommendation stability is 96%. The closest alternative was $150 Calabra or Palma dining credit; the recommended gesture scored better on recovery fit, estimated cost, and operational constraints."
rec_00249,case_00249,TKT000249,PMS000772,returning_guest,coastal_weekend,710,2860,1.0,0.95,no_review_or_survey;no_comp_record,maintenance_issue,outcome,1,0.78,true,0.603,Santa Monica Proper Hotel,true,true,true,true,true,0.88,observed_public_property_context,0.69,0.28,sample_seed_review_taxonomy_prior,0.22,0.159,0.265,false,0.32,sample_seed_local_demand_context,0.711,false,800,765,1.046,189,1.17,0.92,sample_seed_public_rate_shape,0,false,,0,0,rooftop_f_and_b_credit,Calabra or Palma dining credit,135,54,34,81,135,2,37.64,0.675,0.297,0.333,80,false,0.963,high,smp-public-context-v1.0.0,hotel_responsible_failure;recoverable_before_checkout;high_perceived_value_lower_estimated_cost,,"[{""comp_code"": ""lobby_lounge_credit"", ""comp_label"": ""Palma lounge credit"", ""guest_facing_value"": 90, ""internal_cost_expected"": 34, ""internal_cost_high"": 50, ""internal_cost_low"": 22, ""policy_score"": 52.86}, {""comp_code"": ""amenity_gesture"", ""comp_label"": ""in-room amenity gesture"", ""guest_facing_value"": 50, ""internal_cost_expected"": 22, ""internal_cost_high"": 32, ""internal_cost_low"": 12, ""policy_score"": 38.69}]","{""fit_score"": 0.537, ""leakage_penalty"": 13.5, ""operational_penalty"": 0.0, ""perceived_value"": 168.75, ""policy_score"": 79.08}","Internal cost is a policy range, not observed property margin. | Guest relationship value and recovery value are synthetic scenario inputs. | Public context cannot substitute for live occupancy, inventory, or approved hotel policy.","Recommend $135 Calabra or Palma dining credit for a returning guest with a severity 1 maintenance issue reported before checkout. Estimated internal cost is $34-$81, not an observed property margin. Rationale: hotel responsible failure, recoverable before checkout, high perceived value lower estimated cost. Recommendation stability is 96%. The closest alternative was $90 Palma lounge credit; the recommended gesture scored better on recovery fit, estimated cost, and operational constraints."
rec_00250,case_00250,TKT000250,PMS000159,vip_guest,coastal_weekend,5550,41950,1.0,0.95,,spa_wellness_service_issue,process,4,0.79,true,0.9,Santa Monica Proper Hotel,true,true,true,true,true,0.88,observed_public_property_context,0.64,0.28,sample_seed_review_taxonomy_prior,0.7,0.103,0.592,false,0.32,sample_seed_local_demand_context,1.0,true,895,890,1.006,268,1.282,0.92,sample_seed_public_rate_shape,0.2,false,partial_room_refund,430,430,spa_wellness_credit,Surya Spa or Recovery Suite credit,330,182,99,248,-100,4,70.3,0.11,0.491,0.586,1656,false,1.0,high,smp-public-context-v1.0.0,high_guest_relationship_value;hotel_responsible_failure;high_severity_issue;recoverable_before_checkout;high_perceived_value_lower_estimated_cost,,"[{""comp_code"": ""future_stay_credit"", ""comp_label"": ""future-stay credit"", ""guest_facing_value"": 390, ""internal_cost_expected"": 234, ""internal_cost_high"": 332, ""internal_cost_low"": 117, ""policy_score"": 322.32}, {""comp_code"": ""rooftop_f_and_b_credit"", ""comp_label"": ""Calabra or Palma dining credit"", ""guest_facing_value"": 180, ""internal_cost_expected"": 72, ""internal_cost_high"": 108, ""internal_cost_low"": 45, ""policy_score"": 204.87}]","{""fit_score"": 1.043, ""leakage_penalty"": 72.8, ""operational_penalty"": 0.0, ""perceived_value"": 445.5, ""policy_score"": 550.95}","Internal cost is a policy range, not observed property margin. | Guest relationship value and recovery value are synthetic scenario inputs. | Public context cannot substitute for live occupancy, inventory, or approved hotel policy.","Recommend $330 Surya Spa or Recovery Suite credit for a vip guest with a severity 4 spa/wellness service issue reported before checkout. Estimated internal cost is $99-$248, not an observed property margin. Rationale: high guest relationship value, hotel responsible failure, high severity issue, recoverable before checkout. Recommendation stability is 100%. The closest alternative was $390 future-stay credit; the recommended gesture scored better on recovery fit, estimated cost, and operational constraints."
rec_00251,case_00251,TKT000251,PMS001142,returning_guest,event_or_wedding,2370,6670,1.0,0.95,no_comp_record,spa_wellness_service_issue,process,2,0.74,true,0.698,Santa Monica Proper Hotel,true,true,true,true,true,0.88,observed_public_property_context,0.64,0.28,sample_seed_review_taxonomy_prior,0.22,0.026,0.243,false,0.32,sample_seed_local_demand_context,0.059,false,635,565,1.124,59,0.916,0.92,sample_seed_public_rate_shape,0,true,,0,0,spa_wellness_credit,Surya Spa or Recovery Suite credit,275,151,82,206,275,3,46.86,0.526,0.419,0.441,287,false,0.963,high,smp-public-context-v1.0.0,hotel_responsible_failure;recoverable_before_checkout;high_perceived_value_lower_estimated_cost,,"[{""comp_code"": ""rooftop_f_and_b_credit"", ""comp_label"": ""Calabra or Palma dining credit"", ""guest_facing_value"": 150, ""internal_cost_expected"": 60, ""internal_cost_high"": 90, ""internal_cost_low"": 38, ""policy_score"": 92.81}, {""comp_code"": ""lobby_lounge_credit"", ""comp_label"": ""Palma lounge credit"", ""guest_facing_value"": 100, ""internal_cost_expected"": 38, ""internal_cost_high"": 55, ""internal_cost_low"": 25, ""policy_score"": 62.12}]","{""fit_score"": 1.043, ""leakage_penalty"": 37.75, ""operational_penalty"": 0.0, ""perceived_value"": 371.25, ""policy_score"": 352.94}","Internal cost is a policy range, not observed property margin. | Guest relationship value and recovery value are synthetic scenario inputs. | Public context cannot substitute for live occupancy, inventory, or approved hotel policy.","Recommend $275 Surya Spa or Recovery Suite credit for a returning guest with a severity 2 spa/wellness service issue reported before checkout. Estimated internal cost is $82-$206, not an observed property margin. Rationale: hotel responsible failure, recoverable before checkout, high perceived value lower estimated cost. Recommendation stability is 96%. The closest alternative was $150 Calabra or Palma dining credit; the recommended gesture scored better on recovery fit, estimated cost, and operational constraints."
rec_00252,case_00252,TKT000252,PMS000605,new_guest,business_traveler,570,970,1.0,0.95,no_review_or_survey;no_comp_record,f_and_b_service_lapse,process,2,0.7,false,0.774,Santa Monica Proper Hotel,true,true,true,true,true,0.88,observed_public_property_context,0.6,0.28,sample_seed_review_taxonomy_prior,0.22,0.142,0.293,false,0.32,sample_seed_local_demand_context,0.0,false,530,625,0.848,42,0.86,0.92,sample_seed_public_rate_shape,0,true,,0,0,rooftop_f_and_b_credit,Calabra or Palma dining credit,150,60,38,90,150,3,44.58,1,0.375,0.407,56,false,1.0,high,smp-public-context-v1.0.0,hotel_responsible_failure;high_perceived_value_lower_estimated_cost,,"[{""comp_code"": ""spa_wellness_credit"", ""comp_label"": ""Surya Spa or Recovery Suite credit"", ""guest_facing_value"": 275, ""internal_cost_expected"": 151, ""internal_cost_high"": 206, ""internal_cost_low"": 82, ""policy_score"": 73.86}, {""comp_code"": ""lobby_lounge_credit"", ""comp_label"": ""Palma lounge credit"", ""guest_facing_value"": 100, ""internal_cost_expected"": 38, ""internal_cost_high"": 55, ""internal_cost_low"": 25, ""policy_score"": 61.15}]","{""fit_score"": 1.05, ""leakage_penalty"": 15.0, ""operational_penalty"": 0.0, ""perceived_value"": 187.5, ""policy_score"": 185.55}","Internal cost is a policy range, not observed property margin. | Guest relationship value and recovery value are synthetic scenario inputs. | Public context cannot substitute for live occupancy, inventory, or approved hotel policy.","Recommend $150 Calabra or Palma dining credit for a new guest with a severity 2 F&B service lapse reported after checkout. Estimated internal cost is $38-$90, not an observed property margin. Rationale: hotel responsible failure, high perceived value lower estimated cost. Recommendation stability is 100%. The closest alternative was $275 Surya Spa or Recovery Suite credit; the recommended gesture scored better on recovery fit, estimated cost, and operational constraints."
rec_00253,case_00253,TKT000253,PMS000844,loyalty_guest,event_or_wedding,2220,13050,1.0,0.95,,billing_or_fee_dispute,process,5,0.6,false,0.688,Santa Monica Proper Hotel,true,true,true,true,true,0.88,observed_public_property_context,0.58,0.28,sample_seed_review_taxonomy_prior,0.22,0.073,0.276,false,0.32,sample_seed_local_demand_context,0.415,false,725,765,0.948,124,1.034,0.92,sample_seed_public_rate_shape,0.2,false,partial_room_refund,410,410,future_stay_credit,future-stay credit,260,156,78,221,-150,4,72.68,0.264,0.586,0.649,590,false,0.852,high,smp-public-context-v1.0.0,high_guest_relationship_value;high_severity_issue,,"[{""comp_code"": ""parking_fee_waiver"", ""comp_label"": ""parking or destination-fee waiver"", ""guest_facing_value"": 100, ""internal_cost_expected"": 18, ""internal_cost_high"": 35, ""internal_cost_low"": 8, ""policy_score"": 128.49}, {""comp_code"": ""rooftop_f_and_b_credit"", ""comp_label"": ""Calabra or Palma dining credit"", ""guest_facing_value"": 180, ""internal_cost_expected"": 72, ""internal_cost_high"": 108, ""internal_cost_low"": 45, ""policy_score"": 118.51}]","{""fit_score"": 0.56, ""leakage_penalty"": 62.4, ""operational_penalty"": 0.0, ""perceived_value"": 312.0, ""policy_score"": 139.27}","Internal cost is a policy range, not observed property margin. | Guest relationship value and recovery value are synthetic scenario inputs. | Public context cannot substitute for live occupancy, inventory, or approved hotel policy.","Recommend $260 future-stay credit for a loyalty guest with a severity 5 billing or fee dispute reported after checkout. Estimated internal cost is $78-$221, not an observed property margin. Rationale: high guest relationship value, high severity issue. Recommendation stability is 85%. The closest alternative was $100 parking or destination-fee waiver; the recommended gesture scored better on recovery fit, estimated cost, and operational constraints."
rec_00254,case_00254,TKT000254,PMS001449,new_guest,business_traveler,2200,4200,1.0,0.95,,valet_or_parking_delay,process,3,0.62,true,0.479,Santa Monica Proper Hotel,true,true,true,true,true,0.88,observed_public_property_context,0.56,0.18,sample_seed_review_taxonomy_prior,0.78,0.65,0.706,true,0.32,sample_seed_local_demand_context,0.988,true,870,870,1.0,259,1.275,0.92,sample_seed_public_rate_shape,0.2,false,parking_fee_waiver,65,12,rooftop_f_and_b_credit,Calabra or Palma dining credit,150,60,38,90,85,3,53.36,0.226,0.474,0.501,266,false,1.0,moderate,smp-public-context-v1.0.0,recoverable_before_checkout;high_perceived_value_lower_estimated_cost;public_rate_pressure_changed_recovery,"Public rate pressure changed the recommendation: without this signal, the model would prefer parking or destination-fee waiver at $85.","[{""comp_code"": ""lobby_lounge_credit"", ""comp_label"": ""Palma lounge credit"", ""guest_facing_value"": 100, ""internal_cost_expected"": 38, ""internal_cost_high"": 55, ""internal_cost_low"": 25, ""policy_score"": 165.96}, {""comp_code"": ""spa_wellness_credit"", ""comp_label"": ""Surya Spa or Recovery Suite credit"", ""guest_facing_value"": 275, ""internal_cost_expected"": 151, ""internal_cost_high"": 206, ""internal_cost_low"": 82, ""policy_score"": 163.89}]","{""fit_score"": 0.537, ""leakage_penalty"": 24.0, ""operational_penalty"": 0.0, ""perceived_value"": 187.5, ""policy_score"": 194.68}","Internal cost is a policy range, not observed property margin. | Guest relationship value and recovery value are synthetic scenario inputs. | Public context cannot substitute for live occupancy, inventory, or approved hotel policy.","Recommend $150 Calabra or Palma dining credit for a new guest with a severity 3 valet or parking delay reported before checkout. Estimated internal cost is $38-$90, not an observed property margin. Rationale: recoverable before checkout, high perceived value lower estimated cost, public rate pressure changed recovery. Recommendation stability is 100%. The closest alternative was $100 Palma lounge credit; the recommended gesture scored better on recovery fit, estimated cost, and operational constraints."
rec_00255,case_00255,TKT000255,PMS000606,loyalty_guest,event_or_wedding,2160,13980,1.0,0.95,no_review_or_survey,room_assignment_expectation_gap,outcome,4,0.79,true,0.32,Santa Monica Proper Hotel,true,true,true,true,true,0.88,observed_public_property_context,0.68,0.28,sample_seed_review_taxonomy_prior,0.22,0.494,0.377,false,0.32,sample_seed_local_demand_context,0.356,false,710,705,1.007,112,1.011,0.92,sample_seed_public_rate_shape,0.2,false,partial_room_refund,460,460,room_upgrade,room upgrade,360,90,29,234,-100,4,71.25,0.151,0.605,0.653,595,false,1.0,high,smp-public-context-v1.0.0,high_guest_relationship_value;hotel_responsible_failure;high_severity_issue;recoverable_before_checkout;high_perceived_value_lower_estimated_cost,,"[{""comp_code"": ""future_stay_credit"", ""comp_label"": ""future-stay credit"", ""guest_facing_value"": 250, ""internal_cost_expected"": 150, ""internal_cost_high"": 212, ""internal_cost_low"": 75, ""policy_score"": 132.41}, {""comp_code"": ""rooftop_f_and_b_credit"", ""comp_label"": ""Calabra or Palma dining credit"", ""guest_facing_value"": 180, ""internal_cost_expected"": 72, ""internal_cost_high"": 108, ""internal_cost_low"": 45, ""policy_score"": 117.43}]","{""fit_score"": 0.963, ""leakage_penalty"": 36.0, ""operational_penalty"": 21.07, ""perceived_value"": 504.0, ""policy_score"": 499.02}","Internal cost is a policy range, not observed property margin. | Guest relationship value and recovery value are synthetic scenario inputs. | Public context cannot substitute for live occupancy, inventory, or approved hotel policy.","Recommend $360 room upgrade for a loyalty guest with a severity 4 room assignment expectation gap reported before checkout. Estimated internal cost is $29-$234, not an observed property margin. Rationale: high guest relationship value, hotel responsible failure, high severity issue, recoverable before checkout. Recommendation stability is 100%. The closest alternative was $250 future-stay credit; the recommended gesture scored better on recovery fit, estimated cost, and operational constraints."
rec_00256,case_00256,TKT000256,PMS000208,new_guest,coastal_weekend,1530,2754,1.0,0.95,ltv_imputed;no_review_or_survey,room_assignment_expectation_gap,outcome,4,0.79,true,0.628,Santa Monica Proper Hotel,true,true,true,true,true,0.88,observed_public_property_context,0.68,0.28,sample_seed_review_taxonomy_prior,0.78,0.174,0.649,false,0.32,sample_seed_local_demand_context,0.751,true,810,910,0.89,199,1.175,0.92,sample_seed_public_rate_shape,0.2,false,lobby_lounge_credit,135,51,rooftop_f_and_b_credit,Calabra or Palma dining credit,180,72,45,108,45,4,66.65,0.317,0.605,0.633,227,false,0.926,moderate,smp-public-context-v1.0.0,hotel_responsible_failure;high_severity_issue;recoverable_before_checkout;high_perceived_value_lower_estimated_cost;public_rate_pressure_changed_recovery,"Public rate pressure changed the recommendation: without this signal, the model would prefer room upgrade at $360.","[{""comp_code"": ""spa_wellness_credit"", ""comp_label"": ""Surya Spa or Recovery Suite credit"", ""guest_facing_value"": 330, ""internal_cost_expected"": 182, ""internal_cost_high"": 248, ""internal_cost_low"": 99, ""policy_score"": 143.86}, {""comp_code"": ""lobby_lounge_credit"", ""comp_label"": ""Palma lounge credit"", ""guest_facing_value"": 120, ""internal_cost_expected"": 46, ""internal_cost_high"": 66, ""internal_cost_low"": 30, ""policy_score"": 142.97}]","{""fit_score"": 0.537, ""leakage_penalty"": 28.8, ""operational_penalty"": 0.0, ""perceived_value"": 225.0, ""policy_score"": 180.16}","Internal cost is a policy range, not observed property margin. | Guest relationship value and recovery value are synthetic scenario inputs. | Public context cannot substitute for live occupancy, inventory, or approved hotel policy.","Recommend $180 Calabra or Palma dining credit for a new guest with a severity 4 room assignment expectation gap reported before checkout. Estimated internal cost is $45-$108, not an observed property margin. Rationale: hotel responsible failure, high severity issue, recoverable before checkout, high perceived value lower estimated cost. Recommendation stability is 93%. The closest alternative was $330 Surya Spa or Recovery Suite credit; the recommended gesture scored better on recovery fit, estimated cost, and operational constraints."
rec_00257,case_00257,TKT000257,PMS000510,new_guest,coastal_weekend,1800,3490,1.0,0.95,no_review_or_survey,maintenance_issue,outcome,4,0.83,true,0.622,Santa Monica Proper Hotel,true,true,true,true,true,0.88,observed_public_property_context,0.69,0.28,sample_seed_review_taxonomy_prior,0.22,0.031,0.179,false,0.32,sample_seed_local_demand_context,0.553,false,760,720,1.056,153,1.106,0.92,sample_seed_public_rate_shape,0,false,spa_wellness_credit,300,165,spa_wellness_credit,Surya Spa or Recovery Suite credit,330,182,99,248,30,4,65.06,0.682,0.608,0.627,267,false,1.0,high,smp-public-context-v1.0.0,hotel_responsible_failure;high_severity_issue;recoverable_before_checkout;high_perceived_value_lower_estimated_cost,,"[{""comp_code"": ""room_upgrade"", ""comp_label"": ""room upgrade"", ""guest_facing_value"": 360, ""internal_cost_expected"": 90, ""internal_cost_high"": 234, ""internal_cost_low"": 29, ""policy_score"": 152.24}, {""comp_code"": ""future_stay_credit"", ""comp_label"": ""future-stay credit"", ""guest_facing_value"": 210, ""internal_cost_expected"": 126, ""internal_cost_high"": 178, ""internal_cost_low"": 63, ""policy_score"": 124.67}]","{""fit_score"": 0.521, ""leakage_penalty"": 45.5, ""operational_penalty"": 0.0, ""perceived_value"": 445.5, ""policy_score"": 217.89}","Internal cost is a policy range, not observed property margin. | Guest relationship value and recovery value are synthetic scenario inputs. | Public context cannot substitute for live occupancy, inventory, or approved hotel policy.","Recommend $330 Surya Spa or Recovery Suite credit for a new guest with a severity 4 maintenance issue reported before checkout. Estimated internal cost is $99-$248, not an observed property margin. Rationale: hotel responsible failure, high severity issue, recoverable before checkout, high perceived value lower estimated cost. Recommendation stability is 100%. The closest alternative was $360 room upgrade; the recommended gesture scored better on recovery fit, estimated cost, and operational constraints."
rec_00258,case_00258,TKT000258,PMS000612,vip_guest,local_staycation,1500,11370,1.0,0.95,severity_inferred;no_review_or_survey,f_and_b_service_lapse,process,2,0.7,true,0.783,Santa Monica Proper Hotel,true,true,true,true,true,0.88,observed_public_property_context,0.6,0.28,sample_seed_review_taxonomy_prior,0.22,0.071,0.229,false,0.32,sample_seed_local_demand_context,0.296,false,695,690,1.007,101,0.986,0.92,sample_seed_public_rate_shape,0.4,false,room_upgrade,395,99,rooftop_f_and_b_credit,Calabra or Palma dining credit,150,60,38,90,-245,3,47.4,0.199,0.375,0.42,302,false,1.0,moderate,smp-public-context-v1.0.0,high_guest_relationship_value;hotel_responsible_failure;recoverable_before_checkout;high_perceived_value_lower_estimated_cost,,"[{""comp_code"": ""lobby_lounge_credit"", ""comp_label"": ""Palma lounge credit"", ""guest_facing_value"": 100, ""internal_cost_expected"": 38, ""internal_cost_high"": 55, ""internal_cost_low"": 25, ""policy_score"": 50.95}, {""comp_code"": ""late_checkout"", ""comp_label"": ""late checkout"", ""guest_facing_value"": 85, ""internal_cost_expected"": 17, ""internal_cost_high"": 38, ""internal_cost_low"": 7, ""policy_score"": 40.11}]","{""fit_score"": 1.05, ""leakage_penalty"": 33.0, ""operational_penalty"": 0.0, ""perceived_value"": 187.5, ""policy_score"": 171.02}","Internal cost is a policy range, not observed property margin. | Guest relationship value and recovery value are synthetic scenario inputs. | Public context cannot substitute for live occupancy, inventory, or approved hotel policy.","Recommend $150 Calabra or Palma dining credit for a vip guest with a severity 2 F&B service lapse reported before checkout. Estimated internal cost is $38-$90, not an observed property margin. Rationale: high guest relationship value, hotel responsible failure, recoverable before checkout, high perceived value lower estimated cost. Recommendation stability is 100%. The closest alternative was $100 Palma lounge credit; the recommended gesture scored better on recovery fit, estimated cost, and operational constraints."
rec_00259,case_00259,TKT000259,PMS000643,new_guest,design_leisure,2430,3790,1.0,0.95,no_review_or_survey,f_and_b_service_lapse,process,2,0.7,false,0.666,Santa Monica Proper Hotel,true,true,true,true,true,0.88,observed_public_property_context,0.6,0.28,sample_seed_review_taxonomy_prior,0.48,0.128,0.462,false,0.32,sample_seed_local_demand_context,0.415,false,725,755,0.96,124,1.034,0.92,sample_seed_public_rate_shape,0.2,false,late_checkout,70,14,rooftop_f_and_b_credit,Calabra or Palma dining credit,150,60,38,90,80,3,46.14,0.249,0.375,0.414,241,false,1.0,high,smp-public-context-v1.0.0,hotel_responsible_failure;high_perceived_value_lower_estimated_cost,,"[{""comp_code"": ""lobby_lounge_credit"", ""comp_label"": ""Palma lounge credit"", ""guest_facing_value"": 100, ""internal_cost_expected"": 38, ""internal_cost_high"": 55, ""internal_cost_low"": 25, ""policy_score"": 56.11}, {""comp_code"": ""spa_wellness_credit"", ""comp_label"": ""Surya Spa or Recovery Suite credit"", ""guest_facing_value"": 275, ""internal_cost_expected"": 151, ""internal_cost_high"": 206, ""internal_cost_low"": 82, ""policy_score"": 52.26}]","{""fit_score"": 1.05, ""leakage_penalty"": 24.0, ""operational_penalty"": 0.0, ""perceived_value"": 187.5, ""policy_score"": 178.47}","Internal cost is a policy range, not observed property margin. | Guest relationship value and recovery value are synthetic scenario inputs. | Public context cannot substitute for live occupancy, inventory, or approved hotel policy.","Recommend $150 Calabra or Palma dining credit for a new guest with a severity 2 F&B service lapse reported after checkout. Estimated internal cost is $38-$90, not an observed property margin. Rationale: hotel responsible failure, high perceived value lower estimated cost. Recommendation stability is 100%. The closest alternative was $100 Palma lounge credit; the recommended gesture scored better on recovery fit, estimated cost, and operational constraints."
rec_00260,case_00260,TKT000260,PMS000261,returning_guest,business_traveler,2950,10440,1.0,0.95,no_review_or_survey;no_comp_record,rooftop_pool_access_issue,process,1,0.64,true,0.325,Santa Monica Proper Hotel,true,true,true,true,true,0.88,observed_public_property_context,0.6,0.28,sample_seed_review_taxonomy_prior,0.22,0.045,0.277,false,0.32,sample_seed_local_demand_context,0.02,false,625,690,0.906,53,0.868,0.92,sample_seed_public_rate_shape,0,false,,0,0,rooftop_f_and_b_credit,Calabra or Palma dining credit,135,54,34,81,135,2,36.11,0.179,0.272,0.312,302,false,1.0,high,smp-public-context-v1.0.0,recoverable_before_checkout;high_perceived_value_lower_estimated_cost,,"[{""comp_code"": ""lobby_lounge_credit"", ""comp_label"": ""Palma lounge credit"", ""guest_facing_value"": 90, ""internal_cost_expected"": 34, ""internal_cost_high"": 50, ""internal_cost_low"": 22, ""policy_score"": 52.28}, {""comp_code"": ""late_checkout"", ""comp_label"": ""late checkout"", ""guest_facing_value"": 75, ""internal_cost_expected"": 15, ""internal_cost_high"": 34, ""internal_cost_low"": 6, ""policy_score"": 41.96}]","{""fit_score"": 1.026, ""leakage_penalty"": 13.5, ""operational_penalty"": 0.0, ""perceived_value"": 168.75, ""policy_score"": 154.66}","Internal cost is a policy range, not observed property margin. | Guest relationship value and recovery value are synthetic scenario inputs. | Public context cannot substitute for live occupancy, inventory, or approved hotel policy.","Recommend $135 Calabra or Palma dining credit for a returning guest with a severity 1 rooftop pool access issue reported before checkout. Estimated internal cost is $34-$81, not an observed property margin. Rationale: recoverable before checkout, high perceived value lower estimated cost. Recommendation stability is 100%. The closest alternative was $90 Palma lounge credit; the recommended gesture scored better on recovery fit, estimated cost, and operational constraints."
rec_00261,case_00261,TKT000261,PMS001234,new_guest,coastal_weekend,4300,7740,0.78,0.95,ltv_imputed;no_comp_record,f_and_b_service_lapse,process,2,0.7,true,0.786,Santa Monica Proper Hotel,true,true,true,true,true,0.88,observed_public_property_context,0.6,0.28,sample_seed_review_taxonomy_prior,0.7,0.137,0.604,false,0.32,sample_seed_local_demand_context,1.0,true,900,815,1.104,270,1.306,0.92,sample_seed_public_rate_shape,0,false,,0,0,rooftop_f_and_b_credit,Calabra or Palma dining credit,150,60,38,90,150,3,44.9,0.139,0.384,0.413,431,false,1.0,moderate,smp-public-context-v1.0.0,hotel_responsible_failure;recoverable_before_checkout;high_perceived_value_lower_estimated_cost,,"[{""comp_code"": ""spa_wellness_credit"", ""comp_label"": ""Surya Spa or Recovery Suite credit"", ""guest_facing_value"": 275, ""internal_cost_expected"": 151, ""internal_cost_high"": 206, ""internal_cost_low"": 82, ""policy_score"": 162.23}, {""comp_code"": ""lobby_lounge_credit"", ""comp_label"": ""Palma lounge credit"", ""guest_facing_value"": 100, ""internal_cost_expected"": 38, ""internal_cost_high"": 55, ""internal_cost_low"": 25, ""policy_score"": 149.45}]","{""fit_score"": 1.05, ""leakage_penalty"": 15.0, ""operational_penalty"": 0.0, ""perceived_value"": 187.5, ""policy_score"": 274.1}","Internal cost is a policy range, not observed property margin. | Guest relationship value and recovery value are synthetic scenario inputs. | Public context cannot substitute for live occupancy, inventory, or approved hotel policy.","Recommend $150 Calabra or Palma dining credit for a new guest with a severity 2 F&B service lapse reported before checkout. Estimated internal cost is $38-$90, not an observed property margin. Rationale: hotel responsible failure, recoverable before checkout, high perceived value lower estimated cost. Recommendation stability is 100%. The closest alternative was $275 Surya Spa or Recovery Suite credit; the recommended gesture scored better on recovery fit, estimated cost, and operational constraints."
rec_00262,case_00262,TKT000262,PMS000249,vip_guest,family_beach_trip,1940,17320,1.0,0.95,,valet_or_parking_delay,process,2,0.62,true,0.585,Santa Monica Proper Hotel,true,true,true,true,true,0.88,observed_public_property_context,0.56,0.18,sample_seed_review_taxonomy_prior,0.22,0.099,0.213,false,0.32,sample_seed_local_demand_context,0.0,false,595,640,0.93,48,0.86,0.92,sample_seed_public_rate_shape,0.2,false,parking_fee_waiver,115,21,parking_fee_waiver,parking or destination-fee waiver,85,15,7,30,-30,3,47.05,0.035,0.347,0.403,431,false,1.0,high,smp-public-context-v1.0.0,high_guest_relationship_value;recoverable_before_checkout;high_perceived_value_lower_estimated_cost,,"[{""comp_code"": ""rooftop_f_and_b_credit"", ""comp_label"": ""Calabra or Palma dining credit"", ""guest_facing_value"": 150, ""internal_cost_expected"": 60, ""internal_cost_high"": 90, ""internal_cost_low"": 38, ""policy_score"": 83.93}, {""comp_code"": ""lobby_lounge_credit"", ""comp_label"": ""Palma lounge credit"", ""guest_facing_value"": 100, ""internal_cost_expected"": 38, ""internal_cost_high"": 55, ""internal_cost_low"": 25, ""policy_score"": 56.5}]","{""fit_score"": 0.932, ""leakage_penalty"": 6.0, ""operational_penalty"": 0.0, ""perceived_value"": 97.75, ""policy_score"": 129.53}","Internal cost is a policy range, not observed property margin. | Guest relationship value and recovery value are synthetic scenario inputs. | Public context cannot substitute for live occupancy, inventory, or approved hotel policy.","Recommend $85 parking or destination-fee waiver for a vip guest with a severity 2 valet or parking delay reported before checkout. Estimated internal cost is $7-$30, not an observed property margin. Rationale: high guest relationship value, recoverable before checkout, high perceived value lower estimated cost. Recommendation stability is 100%. The closest alternative was $150 Calabra or Palma dining credit; the recommended gesture scored better on recovery fit, estimated cost, and operational constraints."
rec_00263,case_00263,TKT000263,PMS000187,returning_guest,event_or_wedding,4340,11720,1.0,0.95,no_comp_record,noise_disruption,process,2,0.48,true,0.32,Santa Monica Proper Hotel,true,true,true,true,true,0.88,observed_public_property_context,0.62,0.28,sample_seed_review_taxonomy_prior,0.22,0.025,0.229,false,0.32,sample_seed_local_demand_context,0.138,false,655,615,1.065,72,0.934,0.92,sample_seed_public_rate_shape,0,false,,0,0,spa_wellness_credit,Surya Spa or Recovery Suite credit,275,151,82,206,275,3,44.38,0.308,0.382,0.41,490,false,0.963,high,smp-public-context-v1.0.0,recoverable_before_checkout;high_perceived_value_lower_estimated_cost,,"[{""comp_code"": ""late_checkout"", ""comp_label"": ""late checkout"", ""guest_facing_value"": 85, ""internal_cost_expected"": 17, ""internal_cost_high"": 38, ""internal_cost_low"": 7, ""policy_score"": 161.96}, {""comp_code"": ""rooftop_f_and_b_credit"", ""comp_label"": ""Calabra or Palma dining credit"", ""guest_facing_value"": 150, ""internal_cost_expected"": 60, ""internal_cost_high"": 90, ""internal_cost_low"": 38, ""policy_score"": 91.25}]","{""fit_score"": 0.718, ""leakage_penalty"": 37.75, ""operational_penalty"": 0.0, ""perceived_value"": 371.25, ""policy_score"": 229.25}","Internal cost is a policy range, not observed property margin. | Guest relationship value and recovery value are synthetic scenario inputs. | Public context cannot substitute for live occupancy, inventory, or approved hotel policy.","Recommend $275 Surya Spa or Recovery Suite credit for a returning guest with a severity 2 noise disruption reported before checkout. Estimated internal cost is $82-$206, not an observed property margin. Rationale: recoverable before checkout, high perceived value lower estimated cost. Recommendation stability is 96%. The closest alternative was $85 late checkout; the recommended gesture scored better on recovery fit, estimated cost, and operational constraints."
rec_00264,case_00264,TKT000264,PMS000805,new_guest,coastal_weekend,4130,8060,1.0,0.95,no_review_or_survey,room_readiness_delay,outcome,4,0.93,true,0.99,Santa Monica Proper Hotel,true,true,true,true,true,0.88,observed_public_property_context,0.74,0.28,sample_seed_review_taxonomy_prior,0.22,0.026,0.211,false,0.32,sample_seed_local_demand_context,0.613,false,775,780,0.994,166,1.117,0.92,sample_seed_public_rate_shape,0.2,true,spa_wellness_credit,305,168,rooftop_f_and_b_credit,Calabra or Palma dining credit,180,72,45,108,-125,4,68.74,0.111,0.622,0.651,648,false,1.0,high,smp-public-context-v1.0.0,hotel_responsible_failure;high_severity_issue;recoverable_before_checkout;high_perceived_value_lower_estimated_cost;operational_pressure_changed_recovery,"Operational availability changed the recommendation: without this signal, the model would prefer room upgrade at $360.","[{""comp_code"": ""future_stay_credit"", ""comp_label"": ""future-stay credit"", ""guest_facing_value"": 205, ""internal_cost_expected"": 123, ""internal_cost_high"": 174, ""internal_cost_low"": 62, ""policy_score"": 145.32}, {""comp_code"": ""lobby_lounge_credit"", ""comp_label"": ""Palma lounge credit"", ""guest_facing_value"": 120, ""internal_cost_expected"": 46, ""internal_cost_high"": 66, ""internal_cost_low"": 30, ""policy_score"": 120.27}]","{""fit_score"": 0.859, ""leakage_penalty"": 28.8, ""operational_penalty"": 0.0, ""perceived_value"": 225.0, ""policy_score"": 197.44}","Internal cost is a policy range, not observed property margin. | Guest relationship value and recovery value are synthetic scenario inputs. | Public context cannot substitute for live occupancy, inventory, or approved hotel policy.","Recommend $180 Calabra or Palma dining credit for a new guest with a severity 4 room readiness delay reported before checkout. Estimated internal cost is $45-$108, not an observed property margin. Rationale: hotel responsible failure, high severity issue, recoverable before checkout, high perceived value lower estimated cost. Recommendation stability is 100%. The closest alternative was $205 future-stay credit; the recommended gesture scored better on recovery fit, estimated cost, and operational constraints."
rec_00265,case_00265,TKT000265,PMS001211,vip_guest,business_traveler,860,5260,1.0,0.95,,billing_or_fee_dispute,process,4,0.6,false,0.456,Santa Monica Proper Hotel,true,true,true,true,true,0.88,observed_public_property_context,0.58,0.28,sample_seed_review_taxonomy_prior,0.22,0.039,0.262,false,0.32,sample_seed_local_demand_context,0.0,false,590,650,0.908,47,0.86,0.92,sample_seed_public_rate_shape,0.2,false,spa_wellness_credit,230,127,future_stay_credit,future-stay credit,300,180,90,255,70,4,64.71,0.865,0.586,0.613,208,false,0.963,high,smp-public-context-v1.0.0,high_guest_relationship_value;high_severity_issue,,"[{""comp_code"": ""parking_fee_waiver"", ""comp_label"": ""parking or destination-fee waiver"", ""guest_facing_value"": 100, ""internal_cost_expected"": 18, ""internal_cost_high"": 35, ""internal_cost_low"": 8, ""policy_score"": 124.58}, {""comp_code"": ""rooftop_f_and_b_credit"", ""comp_label"": ""Calabra or Palma dining credit"", ""guest_facing_value"": 180, ""internal_cost_expected"": 72, ""internal_cost_high"": 108, ""internal_cost_low"": 45, ""policy_score"": 112.49}]","{""fit_score"": 0.78, ""leakage_penalty"": 72.0, ""operational_penalty"": 0.0, ""perceived_value"": 360.0, ""policy_score"": 238.13}","Internal cost is a policy range, not observed property margin. | Guest relationship value and recovery value are synthetic scenario inputs. | Public context cannot substitute for live occupancy, inventory, or approved hotel policy.","Recommend $300 future-stay credit for a vip guest with a severity 4 billing or fee dispute reported after checkout. Estimated internal cost is $90-$255, not an observed property margin. Rationale: high guest relationship value, high severity issue. Recommendation stability is 96%. The closest alternative was $100 parking or destination-fee waiver; the recommended gesture scored better on recovery fit, estimated cost, and operational constraints."
rec_00266,case_00266,TKT000266,PMS000820,new_guest,wellness_getaway,600,760,1.0,0.95,,valet_or_parking_delay,process,1,0.62,true,0.347,Santa Monica Proper Hotel,true,true,true,true,true,0.88,observed_public_property_context,0.56,0.18,sample_seed_review_taxonomy_prior,0.48,0.041,0.369,false,0.32,sample_seed_local_demand_context,0.277,false,690,720,0.958,97,0.976,0.92,sample_seed_public_rate_shape,0.2,false,late_checkout,85,17,parking_fee_waiver,parking or destination-fee waiver,75,14,6,26,-10,2,31.13,0.368,0.247,0.276,38,false,0.963,high,smp-public-context-v1.0.0,recoverable_before_checkout;high_perceived_value_lower_estimated_cost,,"[{""comp_code"": ""rooftop_f_and_b_credit"", ""comp_label"": ""Calabra or Palma dining credit"", ""guest_facing_value"": 135, ""internal_cost_expected"": 54, ""internal_cost_high"": 81, ""internal_cost_low"": 34, ""policy_score"": 67.3}, {""comp_code"": ""lobby_lounge_credit"", ""comp_label"": ""Palma lounge credit"", ""guest_facing_value"": 90, ""internal_cost_expected"": 34, ""internal_cost_high"": 50, ""internal_cost_low"": 22, ""policy_score"": 45.28}]","{""fit_score"": 0.932, ""leakage_penalty"": 5.6, ""operational_penalty"": 0.0, ""perceived_value"": 86.25, ""policy_score"": 111.28}","Internal cost is a policy range, not observed property margin. | Guest relationship value and recovery value are synthetic scenario inputs. | Public context cannot substitute for live occupancy, inventory, or approved hotel policy.","Recommend $75 parking or destination-fee waiver for a new guest with a severity 1 valet or parking delay reported before checkout. Estimated internal cost is $6-$26, not an observed property margin. Rationale: recoverable before checkout, high perceived value lower estimated cost. Recommendation stability is 96%. The closest alternative was $135 Calabra or Palma dining credit; the recommended gesture scored better on recovery fit, estimated cost, and operational constraints."
rec_00267,case_00267,TKT000267,PMS000511,new_guest,business_traveler,3900,7020,1.0,0.95,ltv_imputed;no_review_or_survey;no_comp_record,billing_or_fee_dispute,process,4,0.6,false,0.593,Santa Monica Proper Hotel,true,true,true,true,true,0.88,observed_public_property_context,0.58,0.28,sample_seed_review_taxonomy_prior,0.48,0.021,0.442,false,0.32,sample_seed_local_demand_context,0.534,false,755,690,1.094,149,1.108,0.92,sample_seed_public_rate_shape,0,false,,0,0,future_stay_credit,future-stay credit,275,165,82,234,275,4,63.8,0.297,0.577,0.604,555,false,0.963,moderate,smp-public-context-v1.0.0,high_severity_issue,,"[{""comp_code"": ""parking_fee_waiver"", ""comp_label"": ""parking or destination-fee waiver"", ""guest_facing_value"": 100, ""internal_cost_expected"": 18, ""internal_cost_high"": 35, ""internal_cost_low"": 8, ""policy_score"": 126.83}, {""comp_code"": ""rooftop_f_and_b_credit"", ""comp_label"": ""Calabra or Palma dining credit"", ""guest_facing_value"": 180, ""internal_cost_expected"": 72, ""internal_cost_high"": 108, ""internal_cost_low"": 45, ""policy_score"": 122.6}]","{""fit_score"": 0.56, ""leakage_penalty"": 41.25, ""operational_penalty"": 0.0, ""perceived_value"": 330.0, ""policy_score"": 161.8}","Internal cost is a policy range, not observed property margin. | Guest relationship value and recovery value are synthetic scenario inputs. | Public context cannot substitute for live occupancy, inventory, or approved hotel policy.","Recommend $275 future-stay credit for a new guest with a severity 4 billing or fee dispute reported after checkout. Estimated internal cost is $82-$234, not an observed property margin. Rationale: high severity issue. Recommendation stability is 96%. The closest alternative was $100 parking or destination-fee waiver; the recommended gesture scored better on recovery fit, estimated cost, and operational constraints."
rec_00268,case_00268,TKT000268,PMS000442,returning_guest,design_leisure,4200,11910,1.0,0.95,no_review_or_survey,spa_wellness_service_issue,process,3,0.74,true,0.688,Santa Monica Proper Hotel,true,true,true,true,true,0.88,observed_public_property_context,0.64,0.28,sample_seed_review_taxonomy_prior,0.22,0.038,0.199,false,0.32,sample_seed_local_demand_context,1.0,true,890,790,1.127,267,1.312,0.92,sample_seed_public_rate_shape,0.2,false,lobby_lounge_credit,100,38,spa_wellness_credit,Surya Spa or Recovery Suite credit,275,151,82,206,175,3,57.02,0.243,0.49,0.526,621,false,1.0,high,smp-public-context-v1.0.0,hotel_responsible_failure;recoverable_before_checkout;high_perceived_value_lower_estimated_cost,,"[{""comp_code"": ""rooftop_f_and_b_credit"", ""comp_label"": ""Calabra or Palma dining credit"", ""guest_facing_value"": 150, ""internal_cost_expected"": 60, ""internal_cost_high"": 90, ""internal_cost_low"": 38, ""policy_score"": 178.36}, {""comp_code"": ""lobby_lounge_credit"", ""comp_label"": ""Palma lounge credit"", ""guest_facing_value"": 100, ""internal_cost_expected"": 38, ""internal_cost_high"": 55, ""internal_cost_low"": 25, ""policy_score"": 148.89}]","{""fit_score"": 1.043, ""leakage_penalty"": 60.4, ""operational_penalty"": 0.0, ""perceived_value"": 371.25, ""policy_score"": 443.02}","Internal cost is a policy range, not observed property margin. | Guest relationship value and recovery value are synthetic scenario inputs. | Public context cannot substitute for live occupancy, inventory, or approved hotel policy.","Recommend $275 Surya Spa or Recovery Suite credit for a returning guest with a severity 3 spa/wellness service issue reported before checkout. Estimated internal cost is $82-$206, not an observed property margin. Rationale: hotel responsible failure, recoverable before checkout, high perceived value lower estimated cost. Recommendation stability is 100%. The closest alternative was $150 Calabra or Palma dining credit; the recommended gesture scored better on recovery fit, estimated cost, and operational constraints."
rec_00269,case_00269,TKT000269,PMS001152,returning_guest,business_traveler,3350,7150,1.0,0.95,,noise_disruption,process,2,0.48,false,0.945,Santa Monica Proper Hotel,true,true,true,true,true,0.88,observed_public_property_context,0.62,0.28,sample_seed_review_taxonomy_prior,0.22,0.266,0.282,false,0.32,sample_seed_local_demand_context,0.613,false,775,740,1.047,166,1.129,0.92,sample_seed_public_rate_shape,0,false,room_upgrade,260,65,spa_wellness_credit,Surya Spa or Recovery Suite credit,275,151,82,206,15,3,43.47,0.442,0.31,0.366,342,false,0.889,high,smp-public-context-v1.0.0,high_perceived_value_lower_estimated_cost,,"[{""comp_code"": ""rooftop_f_and_b_credit"", ""comp_label"": ""Calabra or Palma dining credit"", ""guest_facing_value"": 150, ""internal_cost_expected"": 60, ""internal_cost_high"": 90, ""internal_cost_low"": 38, ""policy_score"": 90.67}, {""comp_code"": ""lobby_lounge_credit"", ""comp_label"": ""Palma lounge credit"", ""guest_facing_value"": 100, ""internal_cost_expected"": 38, ""internal_cost_high"": 55, ""internal_cost_low"": 25, ""policy_score"": 60.68}]","{""fit_score"": 0.718, ""leakage_penalty"": 37.75, ""operational_penalty"": 0.0, ""perceived_value"": 371.25, ""policy_score"": 227.73}","Internal cost is a policy range, not observed property margin. | Guest relationship value and recovery value are synthetic scenario inputs. | Public context cannot substitute for live occupancy, inventory, or approved hotel policy.","Recommend $275 Surya Spa or Recovery Suite credit for a returning guest with a severity 2 noise disruption reported after checkout. Estimated internal cost is $82-$206, not an observed property margin. Rationale: high perceived value lower estimated cost. Recommendation stability is 89%. The closest alternative was $150 Calabra or Palma dining credit; the recommended gesture scored better on recovery fit, estimated cost, and operational constraints."
rec_00270,case_00270,TKT000270,PMS001366,loyalty_guest,wellness_getaway,3080,18640,1.0,0.95,no_comp_record,maintenance_issue,outcome,3,0.78,true,0.688,Santa Monica Proper Hotel,true,true,true,true,true,0.88,observed_public_property_context,0.69,0.28,sample_seed_review_taxonomy_prior,0.22,0.038,0.199,false,0.32,sample_seed_local_demand_context,1.0,true,890,790,1.127,267,1.312,0.92,sample_seed_public_rate_shape,0,false,,0,0,spa_wellness_credit,Surya Spa or Recovery Suite credit,330,182,99,248,330,4,59.13,0.269,0.449,0.513,677,false,1.0,high,smp-public-context-v1.0.0,high_guest_relationship_value;hotel_responsible_failure;recoverable_before_checkout;high_perceived_value_lower_estimated_cost,,"[{""comp_code"": ""rooftop_f_and_b_credit"", ""comp_label"": ""Calabra or Palma dining credit"", ""guest_facing_value"": 180, ""internal_cost_expected"": 72, ""internal_cost_high"": 108, ""internal_cost_low"": 45, ""policy_score"": 207.23}, {""comp_code"": ""lobby_lounge_credit"", ""comp_label"": ""Palma lounge credit"", ""guest_facing_value"": 120, ""internal_cost_expected"": 46, ""internal_cost_high"": 66, ""internal_cost_low"": 30, ""policy_score"": 167.99}]","{""fit_score"": 0.521, ""leakage_penalty"": 45.5, ""operational_penalty"": 0.0, ""perceived_value"": 445.5, ""policy_score"": 297.44}","Internal cost is a policy range, not observed property margin. | Guest relationship value and recovery value are synthetic scenario inputs. | Public context cannot substitute for live occupancy, inventory, or approved hotel policy.","Recommend $330 Surya Spa or Recovery Suite credit for a loyalty guest with a severity 3 maintenance issue reported before checkout. Estimated internal cost is $99-$248, not an observed property margin. Rationale: high guest relationship value, hotel responsible failure, recoverable before checkout, high perceived value lower estimated cost. Recommendation stability is 100%. The closest alternative was $180 Calabra or Palma dining credit; the recommended gesture scored better on recovery fit, estimated cost, and operational constraints."
rec_00271,case_00271,TKT000271,PMS000412,new_guest,event_or_wedding,590,790,1.0,0.95,no_review_or_survey,housekeeping_miss,outcome,4,0.95,true,0.328,Santa Monica Proper Hotel,true,true,true,true,true,0.88,observed_public_property_context,0.72,0.28,sample_seed_review_taxonomy_prior,0.48,0.09,0.41,false,0.32,sample_seed_local_demand_context,0.296,false,695,710,0.979,101,0.985,0.92,sample_seed_public_rate_shape,0.2,false,rooftop_f_and_b_credit,200,80,rooftop_f_and_b_credit,Calabra or Palma dining credit,180,72,45,108,-20,4,66.07,0.889,0.616,0.636,81,false,1.0,high,smp-public-context-v1.0.0,hotel_responsible_failure;high_severity_issue;recoverable_before_checkout;high_perceived_value_lower_estimated_cost;property_fit_changed_recovery,"Property fit changed the recommendation: without this signal, the model would prefer future-stay credit at $205.","[{""comp_code"": ""future_stay_credit"", ""comp_label"": ""future-stay credit"", ""guest_facing_value"": 205, ""internal_cost_expected"": 123, ""internal_cost_high"": 174, ""internal_cost_low"": 62, ""policy_score"": 104.12}, {""comp_code"": ""spa_wellness_credit"", ""comp_label"": ""Surya Spa or Recovery Suite credit"", ""guest_facing_value"": 330, ""internal_cost_expected"": 182, ""internal_cost_high"": 248, ""internal_cost_low"": 99, ""policy_score"": 77.18}]","{""fit_score"": 0.537, ""leakage_penalty"": 28.8, ""operational_penalty"": 0.0, ""perceived_value"": 225.0, ""policy_score"": 113.52}","Internal cost is a policy range, not observed property margin. | Guest relationship value and recovery value are synthetic scenario inputs. | Public context cannot substitute for live occupancy, inventory, or approved hotel policy.","Recommend $180 Calabra or Palma dining credit for a new guest with a severity 4 housekeeping miss reported before checkout. Estimated internal cost is $45-$108, not an observed property margin. Rationale: hotel responsible failure, high severity issue, recoverable before checkout, high perceived value lower estimated cost. Recommendation stability is 100%. The closest alternative was $205 future-stay credit; the recommended gesture scored better on recovery fit, estimated cost, and operational constraints."
rec_00272,case_00272,TKT000272,PMS001506,vip_guest,local_staycation,1040,5370,1.0,0.95,no_comp_record,f_and_b_service_lapse,process,2,0.7,true,0.777,Santa Monica Proper Hotel,true,true,true,true,true,0.88,observed_public_property_context,0.6,0.28,sample_seed_review_taxonomy_prior,0.92,0.027,0.703,true,0.32,sample_seed_local_demand_context,1.0,true,1025,960,1.068,308,1.297,0.92,sample_seed_public_rate_shape,0,false,,0,0,rooftop_f_and_b_credit,Calabra or Palma dining credit,150,60,38,90,150,3,45.38,0.373,0.352,0.398,161,false,1.0,high,smp-public-context-v1.0.0,high_guest_relationship_value;hotel_responsible_failure;recoverable_before_checkout;high_perceived_value_lower_estimated_cost,,"[{""comp_code"": ""spa_wellness_credit"", ""comp_label"": ""Surya Spa or Recovery Suite credit"", ""guest_facing_value"": 275, ""internal_cost_expected"": 151, ""internal_cost_high"": 206, ""internal_cost_low"": 82, ""policy_score"": 182.16}, {""comp_code"": ""lobby_lounge_credit"", ""comp_label"": ""Palma lounge credit"", ""guest_facing_value"": 100, ""internal_cost_expected"": 38, ""internal_cost_high"": 55, ""internal_cost_low"": 25, ""policy_score"": 169.25}]","{""fit_score"": 1.05, ""leakage_penalty"": 15.0, ""operational_penalty"": 0.0, ""perceived_value"": 187.5, ""policy_score"": 294.29}","Internal cost is a policy range, not observed property margin. | Guest relationship value and recovery value are synthetic scenario inputs. | Public context cannot substitute for live occupancy, inventory, or approved hotel policy.","Recommend $150 Calabra or Palma dining credit for a vip guest with a severity 2 F&B service lapse reported before checkout. Estimated internal cost is $38-$90, not an observed property margin. Rationale: high guest relationship value, hotel responsible failure, recoverable before checkout, high perceived value lower estimated cost. Recommendation stability is 100%. The closest alternative was $275 Surya Spa or Recovery Suite credit; the recommended gesture scored better on recovery fit, estimated cost, and operational constraints."
rec_00273,case_00273,TKT000273,PMS001564,new_guest,design_leisure,1680,3160,1.0,0.95,no_review_or_survey;no_comp_record,housekeeping_miss,outcome,5,0.95,false,0.325,Santa Monica Proper Hotel,true,true,true,true,true,0.88,observed_public_property_context,0.72,0.28,sample_seed_review_taxonomy_prior,0.48,0.087,0.445,false,0.32,sample_seed_local_demand_context,0.534,false,755,765,0.987,149,1.084,0.92,sample_seed_public_rate_shape,0,false,,0,0,partial_room_refund,partial room refund,190,190,190,190,190,5,78.46,0.638,0.72,0.749,298,true,0.889,high,smp-public-context-v1.0.0,hotel_responsible_failure;high_severity_issue;high_review_risk;manager_review_required,,"[{""comp_code"": ""rooftop_f_and_b_credit"", ""comp_label"": ""Calabra or Palma dining credit"", ""guest_facing_value"": 220, ""internal_cost_expected"": 88, ""internal_cost_high"": 132, ""internal_cost_low"": 55, ""policy_score"": 161.64}, {""comp_code"": ""spa_wellness_credit"", ""comp_label"": ""Surya Spa or Recovery Suite credit"", ""guest_facing_value"": 400, ""internal_cost_expected"": 220, ""internal_cost_high"": 300, ""internal_cost_low"": 120, ""policy_score"": 137.55}]","{""fit_score"": 0.78, ""leakage_penalty"": 101.62, ""operational_penalty"": 0.0, ""perceived_value"": 190.0, ""policy_score"": 74.79}","Internal cost is a policy range, not observed property margin. | Guest relationship value and recovery value are synthetic scenario inputs. | Public context cannot substitute for live occupancy, inventory, or approved hotel policy.","Recommend $190 partial room refund for a new guest with a severity 5 housekeeping miss reported after checkout. Estimated internal cost is $190-$190, not an observed property margin. Rationale: hotel responsible failure, high severity issue, high review risk, manager review required. Recommendation stability is 89%. The closest alternative was $220 Calabra or Palma dining credit; the recommended gesture scored better on recovery fit, estimated cost, and operational constraints."
rec_00274,case_00274,TKT000274,PMS000954,returning_guest,wellness_getaway,1710,3620,1.0,0.95,,f_and_b_service_lapse,process,1,0.7,false,0.622,Santa Monica Proper Hotel,true,true,true,true,true,0.88,observed_public_property_context,0.6,0.28,sample_seed_review_taxonomy_prior,0.22,0.1,0.211,false,0.32,sample_seed_local_demand_context,0.375,false,715,700,1.021,116,1.023,0.92,sample_seed_public_rate_shape,0,false,parking_fee_waiver,105,19,rooftop_f_and_b_credit,Calabra or Palma dining credit,150,60,38,90,45,3,43.01,0.349,0.432,0.431,172,false,1.0,high,smp-public-context-v1.0.0,hotel_responsible_failure;high_perceived_value_lower_estimated_cost,,"[{""comp_code"": ""spa_wellness_credit"", ""comp_label"": ""Surya Spa or Recovery Suite credit"", ""guest_facing_value"": 275, ""internal_cost_expected"": 151, ""internal_cost_high"": 206, ""internal_cost_low"": 82, ""policy_score"": 72.8}, {""comp_code"": ""lobby_lounge_credit"", ""comp_label"": ""Palma lounge credit"", ""guest_facing_value"": 100, ""internal_cost_expected"": 38, ""internal_cost_high"": 55, ""internal_cost_low"": 25, ""policy_score"": 60.49}]","{""fit_score"": 1.05, ""leakage_penalty"": 15.0, ""operational_penalty"": 0.0, ""perceived_value"": 187.5, ""policy_score"": 183.62}","Internal cost is a policy range, not observed property margin. | Guest relationship value and recovery value are synthetic scenario inputs. | Public context cannot substitute for live occupancy, inventory, or approved hotel policy.","Recommend $150 Calabra or Palma dining credit for a returning guest with a severity 1 F&B service lapse reported after checkout. Estimated internal cost is $38-$90, not an observed property margin. Rationale: hotel responsible failure, high perceived value lower estimated cost. Recommendation stability is 100%. The closest alternative was $275 Surya Spa or Recovery Suite credit; the recommended gesture scored better on recovery fit, estimated cost, and operational constraints."
rec_00275,case_00275,TKT000275,PMS000431,event_or_suite_guest,design_leisure,990,4610,0.58,0.95,low_reservation_match_confidence;no_review_or_survey;no_comp_record,noise_disruption,process,2,0.48,true,0.687,Santa Monica Proper Hotel,true,true,true,true,true,0.88,observed_public_property_context,0.62,0.28,sample_seed_review_taxonomy_prior,0.22,0.029,0.27,false,0.32,sample_seed_local_demand_context,0.514,false,750,775,0.968,145,1.076,0.92,sample_seed_public_rate_shape,0.12,true,,0,0,spa_wellness_credit,Surya Spa or Recovery Suite credit,275,151,82,206,275,3,43.18,1,0.381,0.404,138,true,0.815,low,smp-public-context-v1.0.0,high_guest_relationship_value;recoverable_before_checkout;high_perceived_value_lower_estimated_cost;manager_review_required,,"[{""comp_code"": ""late_checkout"", ""comp_label"": ""late checkout"", ""guest_facing_value"": 85, ""internal_cost_expected"": 17, ""internal_cost_high"": 38, ""internal_cost_low"": 7, ""policy_score"": 153.32}, {""comp_code"": ""rooftop_f_and_b_credit"", ""comp_label"": ""Calabra or Palma dining credit"", ""guest_facing_value"": 150, ""internal_cost_expected"": 60, ""internal_cost_high"": 90, ""internal_cost_low"": 38, ""policy_score"": 85.09}]","{""fit_score"": 0.718, ""leakage_penalty"": 51.34, ""operational_penalty"": 0.0, ""perceived_value"": 371.25, ""policy_score"": 213.66}","Internal cost is a policy range, not observed property margin. | Guest relationship value and recovery value are synthetic scenario inputs. | Public context cannot substitute for live occupancy, inventory, or approved hotel policy.","Recommend $275 Surya Spa or Recovery Suite credit for an event/suite guest with a severity 2 noise disruption reported before checkout. Estimated internal cost is $82-$206, not an observed property margin. Rationale: high guest relationship value, recoverable before checkout, high perceived value lower estimated cost, manager review required. Recommendation stability is 82%. The closest alternative was $85 late checkout; the recommended gesture scored better on recovery fit, estimated cost, and operational constraints."
rec_00276,case_00276,TKT000276,PMS001305,new_guest,coastal_weekend,590,1120,0.78,0.95,severity_inferred;no_comp_record,room_assignment_expectation_gap,outcome,3,0.74,true,0.32,Santa Monica Proper Hotel,true,true,true,true,true,0.88,observed_public_property_context,0.68,0.28,sample_seed_review_taxonomy_prior,0.48,0.086,0.425,false,0.32,sample_seed_local_demand_context,0.731,true,805,770,1.045,194,1.178,0.92,sample_seed_public_rate_shape,0,true,,0,0,rooftop_f_and_b_credit,Calabra or Palma dining credit,150,60,38,90,150,3,52.28,0.857,0.494,0.507,70,false,0.963,moderate,smp-public-context-v1.0.0,hotel_responsible_failure;recoverable_before_checkout;high_perceived_value_lower_estimated_cost;public_rate_pressure_changed_recovery,"Public rate pressure changed the recommendation: without this signal, the model would prefer room upgrade at $300.","[{""comp_code"": ""spa_wellness_credit"", ""comp_label"": ""Surya Spa or Recovery Suite credit"", ""guest_facing_value"": 275, ""internal_cost_expected"": 151, ""internal_cost_high"": 206, ""internal_cost_low"": 82, ""policy_score"": 143.48}, {""comp_code"": ""lobby_lounge_credit"", ""comp_label"": ""Palma lounge credit"", ""guest_facing_value"": 100, ""internal_cost_expected"": 38, ""internal_cost_high"": 55, ""internal_cost_low"": 25, ""policy_score"": 128.86}]","{""fit_score"": 0.537, ""leakage_penalty"": 15.0, ""operational_penalty"": 0.0, ""perceived_value"": 187.5, ""policy_score"": 160.66}","Internal cost is a policy range, not observed property margin. | Guest relationship value and recovery value are synthetic scenario inputs. | Public context cannot substitute for live occupancy, inventory, or approved hotel policy.","Recommend $150 Calabra or Palma dining credit for a new guest with a severity 3 room assignment expectation gap reported before checkout. Estimated internal cost is $38-$90, not an observed property margin. Rationale: hotel responsible failure, recoverable before checkout, high perceived value lower estimated cost, public rate pressure changed recovery. Recommendation stability is 96%. The closest alternative was $275 Surya Spa or Recovery Suite credit; the recommended gesture scored better on recovery fit, estimated cost, and operational constraints."
rec_00277,case_00277,TKT000277,PMS000925,new_guest,local_staycation,2910,5380,1.0,0.95,no_review_or_survey;no_comp_record,room_readiness_delay,outcome,4,0.93,false,0.882,Santa Monica Proper Hotel,true,true,true,true,true,0.88,observed_public_property_context,0.74,0.28,sample_seed_review_taxonomy_prior,0.7,0.156,0.604,false,0.32,sample_seed_local_demand_context,1.0,true,875,900,0.972,262,1.28,0.92,sample_seed_public_rate_shape,0,false,,0,0,rooftop_f_and_b_credit,Calabra or Palma dining credit,180,72,45,108,180,4,70.38,0.157,0.622,0.659,460,false,1.0,moderate,smp-public-context-v1.0.0,hotel_responsible_failure;high_severity_issue;high_perceived_value_lower_estimated_cost;public_rate_pressure_changed_recovery;property_fit_changed_recovery,"Public rate pressure changed the recommendation: without this signal, the model would prefer future-stay credit at $340. | Property fit changed the recommendation: without this signal, the model would prefer future-stay credit at $340.","[{""comp_code"": ""future_stay_credit"", ""comp_label"": ""future-stay credit"", ""guest_facing_value"": 340, ""internal_cost_expected"": 204, ""internal_cost_high"": 289, ""internal_cost_low"": 102, ""policy_score"": 274.55}, {""comp_code"": ""lobby_lounge_credit"", ""comp_label"": ""Palma lounge credit"", ""guest_facing_value"": 120, ""internal_cost_expected"": 46, ""internal_cost_high"": 66, ""internal_cost_low"": 30, ""policy_score"": 216.55}]","{""fit_score"": 0.859, ""leakage_penalty"": 18.0, ""operational_penalty"": 0.0, ""perceived_value"": 225.0, ""policy_score"": 298.38}","Internal cost is a policy range, not observed property margin. | Guest relationship value and recovery value are synthetic scenario inputs. | Public context cannot substitute for live occupancy, inventory, or approved hotel policy.","Recommend $180 Calabra or Palma dining credit for a new guest with a severity 4 room readiness delay reported after checkout. Estimated internal cost is $45-$108, not an observed property margin. Rationale: hotel responsible failure, high severity issue, high perceived value lower estimated cost, public rate pressure changed recovery. Recommendation stability is 100%. The closest alternative was $340 future-stay credit; the recommended gesture scored better on recovery fit, estimated cost, and operational constraints."
rec_00278,case_00278,TKT000278,PMS000921,new_guest,coastal_weekend,1650,2970,1.0,0.95,ltv_imputed;no_comp_record,room_readiness_delay,outcome,1,0.88,true,0.505,Santa Monica Proper Hotel,true,true,true,true,true,0.88,observed_public_property_context,0.74,0.28,sample_seed_review_taxonomy_prior,0.22,0.693,0.359,false,0.32,sample_seed_local_demand_context,0.0,false,620,600,1.033,50,0.868,0.92,sample_seed_public_rate_shape,0,false,,0,0,late_checkout,late checkout,75,15,6,34,75,2,39.94,0.102,0.407,0.404,147,false,1.0,moderate,smp-public-context-v1.0.0,hotel_responsible_failure;recoverable_before_checkout;high_perceived_value_lower_estimated_cost,,"[{""comp_code"": ""rooftop_f_and_b_credit"", ""comp_label"": ""Calabra or Palma dining credit"", ""guest_facing_value"": 135, ""internal_cost_expected"": 54, ""internal_cost_high"": 81, ""internal_cost_low"": 34, ""policy_score"": 132.03}, {""comp_code"": ""lobby_lounge_credit"", ""comp_label"": ""Palma lounge credit"", ""guest_facing_value"": 90, ""internal_cost_expected"": 34, ""internal_cost_high"": 50, ""internal_cost_low"": 22, ""policy_score"": 80.5}]","{""fit_score"": 0.932, ""leakage_penalty"": 3.75, ""operational_penalty"": 9.52, ""perceived_value"": 108.75, ""policy_score"": 152.94}","Internal cost is a policy range, not observed property margin. | Guest relationship value and recovery value are synthetic scenario inputs. | Public context cannot substitute for live occupancy, inventory, or approved hotel policy.","Recommend $75 late checkout for a new guest with a severity 1 room readiness delay reported before checkout. Estimated internal cost is $6-$34, not an observed property margin. Rationale: hotel responsible failure, recoverable before checkout, high perceived value lower estimated cost. Recommendation stability is 100%. The closest alternative was $135 Calabra or Palma dining credit; the recommended gesture scored better on recovery fit, estimated cost, and operational constraints."
rec_00279,case_00279,TKT000279,PMS000617,new_guest,wellness_getaway,5040,8360,1.0,0.95,no_review_or_survey,valet_or_parking_delay,process,2,0.62,true,0.663,Santa Monica Proper Hotel,true,true,true,true,true,0.88,observed_public_property_context,0.56,0.18,sample_seed_review_taxonomy_prior,0.22,0.037,0.219,false,0.32,sample_seed_local_demand_context,0.692,false,795,720,1.104,185,1.177,0.92,sample_seed_public_rate_shape,0.2,false,parking_fee_waiver,70,13,parking_fee_waiver,parking or destination-fee waiver,85,15,7,30,15,3,43.63,0.031,0.337,0.382,479,false,1.0,high,smp-public-context-v1.0.0,recoverable_before_checkout;high_perceived_value_lower_estimated_cost,,"[{""comp_code"": ""rooftop_f_and_b_credit"", ""comp_label"": ""Calabra or Palma dining credit"", ""guest_facing_value"": 150, ""internal_cost_expected"": 60, ""internal_cost_high"": 90, ""internal_cost_low"": 38, ""policy_score"": 81.77}, {""comp_code"": ""lobby_lounge_credit"", ""comp_label"": ""Palma lounge credit"", ""guest_facing_value"": 100, ""internal_cost_expected"": 38, ""internal_cost_high"": 55, ""internal_cost_low"": 25, ""policy_score"": 55.05}]","{""fit_score"": 0.932, ""leakage_penalty"": 6.0, ""operational_penalty"": 0.0, ""perceived_value"": 97.75, ""policy_score"": 127.58}","Internal cost is a policy range, not observed property margin. | Guest relationship value and recovery value are synthetic scenario inputs. | Public context cannot substitute for live occupancy, inventory, or approved hotel policy.","Recommend $85 parking or destination-fee waiver for a new guest with a severity 2 valet or parking delay reported before checkout. Estimated internal cost is $7-$30, not an observed property margin. Rationale: recoverable before checkout, high perceived value lower estimated cost. Recommendation stability is 100%. The closest alternative was $150 Calabra or Palma dining credit; the recommended gesture scored better on recovery fit, estimated cost, and operational constraints."
rec_00280,case_00280,TKT000280,PMS001360,loyalty_guest,design_leisure,5530,25800,1.0,0.95,no_review_or_survey,room_readiness_delay,outcome,4,0.93,true,0.562,Santa Monica Proper Hotel,true,true,true,true,true,0.88,observed_public_property_context,0.74,0.28,sample_seed_review_taxonomy_prior,0.48,0.082,0.45,false,0.32,sample_seed_local_demand_context,1.0,true,900,865,1.04,270,1.29,0.92,sample_seed_public_rate_shape,0.2,false,late_checkout,70,14,rooftop_f_and_b_credit,Calabra or Palma dining credit,180,72,45,108,110,4,73.41,0.055,0.622,0.672,1312,false,1.0,moderate,smp-public-context-v1.0.0,high_guest_relationship_value;hotel_responsible_failure;high_severity_issue;recoverable_before_checkout;high_perceived_value_lower_estimated_cost;public_rate_pressure_changed_recovery,"Public rate pressure changed the recommendation: without this signal, the model would prefer room upgrade at $360.","[{""comp_code"": ""lobby_lounge_credit"", ""comp_label"": ""Palma lounge credit"", ""guest_facing_value"": 120, ""internal_cost_expected"": 46, ""internal_cost_high"": 66, ""internal_cost_low"": 30, ""policy_score"": 211.9}, {""comp_code"": ""future_stay_credit"", ""comp_label"": ""future-stay credit"", ""guest_facing_value"": 275, ""internal_cost_expected"": 165, ""internal_cost_high"": 234, ""internal_cost_low"": 82, ""policy_score"": 201.69}]","{""fit_score"": 0.859, ""leakage_penalty"": 28.8, ""operational_penalty"": 0.0, ""perceived_value"": 225.0, ""policy_score"": 291.25}","Internal cost is a policy range, not observed property margin. | Guest relationship value and recovery value are synthetic scenario inputs. | Public context cannot substitute for live occupancy, inventory, or approved hotel policy.","Recommend $180 Calabra or Palma dining credit for a loyalty guest with a severity 4 room readiness delay reported before checkout. Estimated internal cost is $45-$108, not an observed property margin. Rationale: high guest relationship value, hotel responsible failure, high severity issue, recoverable before checkout. Recommendation stability is 100%. The closest alternative was $120 Palma lounge credit; the recommended gesture scored better on recovery fit, estimated cost, and operational constraints."
rec_00281,case_00281,TKT000281,PMS001162,new_guest,business_traveler,1680,3440,1.0,0.95,no_review_or_survey,f_and_b_service_lapse,process,2,0.7,true,0.562,Santa Monica Proper Hotel,true,true,true,true,true,0.88,observed_public_property_context,0.6,0.28,sample_seed_review_taxonomy_prior,0.48,0.082,0.45,false,0.32,sample_seed_local_demand_context,1.0,true,900,865,1.04,270,1.29,0.92,sample_seed_public_rate_shape,0.2,false,rooftop_f_and_b_credit,155,62,rooftop_f_and_b_credit,Calabra or Palma dining credit,150,60,38,90,-5,3,43.43,0.355,0.375,0.402,169,false,1.0,high,smp-public-context-v1.0.0,hotel_responsible_failure;recoverable_before_checkout;high_perceived_value_lower_estimated_cost,,"[{""comp_code"": ""lobby_lounge_credit"", ""comp_label"": ""Palma lounge credit"", ""guest_facing_value"": 100, ""internal_cost_expected"": 38, ""internal_cost_high"": 55, ""internal_cost_low"": 25, ""policy_score"": 143.12}, {""comp_code"": ""spa_wellness_credit"", ""comp_label"": ""Surya Spa or Recovery Suite credit"", ""guest_facing_value"": 275, ""internal_cost_expected"": 151, ""internal_cost_high"": 206, ""internal_cost_low"": 82, ""policy_score"": 138.6}]","{""fit_score"": 1.05, ""leakage_penalty"": 24.0, ""operational_penalty"": 0.0, ""perceived_value"": 187.5, ""policy_score"": 263.29}","Internal cost is a policy range, not observed property margin. | Guest relationship value and recovery value are synthetic scenario inputs. | Public context cannot substitute for live occupancy, inventory, or approved hotel policy.","Recommend $150 Calabra or Palma dining credit for a new guest with a severity 2 F&B service lapse reported before checkout. Estimated internal cost is $38-$90, not an observed property margin. Rationale: hotel responsible failure, recoverable before checkout, high perceived value lower estimated cost. Recommendation stability is 100%. The closest alternative was $100 Palma lounge credit; the recommended gesture scored better on recovery fit, estimated cost, and operational constraints."
rec_00282,case_00282,TKT000282,PMS000871,new_guest,coastal_weekend,1340,2710,1.0,0.95,severity_inferred,housekeeping_miss,outcome,3,0.9,false,0.568,Santa Monica Proper Hotel,true,true,true,true,true,0.88,observed_public_property_context,0.72,0.28,sample_seed_review_taxonomy_prior,0.22,0.176,0.28,false,0.32,sample_seed_local_demand_context,0.494,false,745,760,0.98,141,1.068,0.92,sample_seed_public_rate_shape,0.2,false,spa_wellness_credit,325,179,future_stay_credit,future-stay credit,235,141,70,200,-90,4,61.15,0.746,0.57,0.589,189,false,0.815,moderate,smp-public-context-v1.0.0,hotel_responsible_failure,,"[{""comp_code"": ""rooftop_f_and_b_credit"", ""comp_label"": ""Calabra or Palma dining credit"", ""guest_facing_value"": 180, ""internal_cost_expected"": 72, ""internal_cost_high"": 108, ""internal_cost_low"": 45, ""policy_score"": 109.8}, {""comp_code"": ""lobby_lounge_credit"", ""comp_label"": ""Palma lounge credit"", ""guest_facing_value"": 120, ""internal_cost_expected"": 46, ""internal_cost_high"": 66, ""internal_cost_low"": 30, ""policy_score"": 73.96}]","{""fit_score"": 0.56, ""leakage_penalty"": 56.4, ""operational_penalty"": 0.0, ""perceived_value"": 282.0, ""policy_score"": 114.5}","Internal cost is a policy range, not observed property margin. | Guest relationship value and recovery value are synthetic scenario inputs. | Public context cannot substitute for live occupancy, inventory, or approved hotel policy.","Recommend $235 future-stay credit for a new guest with a severity 3 housekeeping miss reported after checkout. Estimated internal cost is $70-$200, not an observed property margin. Rationale: hotel responsible failure. Recommendation stability is 82%. The closest alternative was $180 Calabra or Palma dining credit; the recommended gesture scored better on recovery fit, estimated cost, and operational constraints."
rec_00283,case_00283,TKT000283,PMS001107,loyalty_guest,coastal_weekend,2250,11110,1.0,0.95,severity_inferred,spa_wellness_service_issue,process,3,0.74,true,0.7,Santa Monica Proper Hotel,true,true,true,true,true,0.88,observed_public_property_context,0.64,0.28,sample_seed_review_taxonomy_prior,0.22,0.052,0.267,false,0.32,sample_seed_local_demand_context,0.04,false,630,640,0.984,56,0.877,0.92,sample_seed_public_rate_shape,0.2,false,manager_note,0,0,spa_wellness_credit,Surya Spa or Recovery Suite credit,275,151,82,206,275,3,56.94,0.354,0.467,0.513,426,false,1.0,moderate,smp-public-context-v1.0.0,high_guest_relationship_value;hotel_responsible_failure;recoverable_before_checkout;high_perceived_value_lower_estimated_cost,,"[{""comp_code"": ""rooftop_f_and_b_credit"", ""comp_label"": ""Calabra or Palma dining credit"", ""guest_facing_value"": 150, ""internal_cost_expected"": 60, ""internal_cost_high"": 90, ""internal_cost_low"": 38, ""policy_score"": 90.15}, {""comp_code"": ""lobby_lounge_credit"", ""comp_label"": ""Palma lounge credit"", ""guest_facing_value"": 100, ""internal_cost_expected"": 38, ""internal_cost_high"": 55, ""internal_cost_low"": 25, ""policy_score"": 60.69}]","{""fit_score"": 1.043, ""leakage_penalty"": 60.4, ""operational_penalty"": 0.0, ""perceived_value"": 371.25, ""policy_score"": 354.67}","Internal cost is a policy range, not observed property margin. | Guest relationship value and recovery value are synthetic scenario inputs. | Public context cannot substitute for live occupancy, inventory, or approved hotel policy.","Recommend $275 Surya Spa or Recovery Suite credit for a loyalty guest with a severity 3 spa/wellness service issue reported before checkout. Estimated internal cost is $82-$206, not an observed property margin. Rationale: high guest relationship value, hotel responsible failure, recoverable before checkout, high perceived value lower estimated cost. Recommendation stability is 100%. The closest alternative was $150 Calabra or Palma dining credit; the recommended gesture scored better on recovery fit, estimated cost, and operational constraints."
rec_00284,case_00284,TKT000284,PMS000675,new_guest,family_beach_trip,3420,6430,0.78,0.95,severity_inferred;no_review_or_survey,housekeeping_miss,outcome,3,0.9,true,0.529,Santa Monica Proper Hotel,true,true,true,true,true,0.88,observed_public_property_context,0.72,0.28,sample_seed_review_taxonomy_prior,0.22,0.064,0.256,false,0.32,sample_seed_local_demand_context,0.0,false,575,555,1.036,46,0.869,0.92,sample_seed_public_rate_shape,0.2,false,room_upgrade,230,58,rooftop_f_and_b_credit,Calabra or Palma dining credit,180,72,45,108,-50,4,58.57,0.159,0.513,0.546,452,false,1.0,moderate,smp-public-context-v1.0.0,hotel_responsible_failure;recoverable_before_checkout;high_perceived_value_lower_estimated_cost;property_fit_changed_recovery,"Property fit changed the recommendation: without this signal, the model would prefer future-stay credit at $200.","[{""comp_code"": ""future_stay_credit"", ""comp_label"": ""future-stay credit"", ""guest_facing_value"": 200, ""internal_cost_expected"": 120, ""internal_cost_high"": 170, ""internal_cost_low"": 60, ""policy_score"": 95.28}, {""comp_code"": ""lobby_lounge_credit"", ""comp_label"": ""Palma lounge credit"", ""guest_facing_value"": 120, ""internal_cost_expected"": 46, ""internal_cost_high"": 66, ""internal_cost_low"": 30, ""policy_score"": 72.65}]","{""fit_score"": 0.537, ""leakage_penalty"": 28.8, ""operational_penalty"": 0.0, ""perceived_value"": 225.0, ""policy_score"": 107.85}","Internal cost is a policy range, not observed property margin. | Guest relationship value and recovery value are synthetic scenario inputs. | Public context cannot substitute for live occupancy, inventory, or approved hotel policy.","Recommend $180 Calabra or Palma dining credit for a new guest with a severity 3 housekeeping miss reported before checkout. Estimated internal cost is $45-$108, not an observed property margin. Rationale: hotel responsible failure, recoverable before checkout, high perceived value lower estimated cost, property fit changed recovery. Recommendation stability is 100%. The closest alternative was $200 future-stay credit; the recommended gesture scored better on recovery fit, estimated cost, and operational constraints."
rec_00285,case_00285,TKT000285,PMS000680,vip_guest,design_leisure,4440,27430,0.78,0.95,,housekeeping_miss,outcome,4,0.95,false,0.746,Santa Monica Proper Hotel,true,true,true,true,true,0.88,observed_public_property_context,0.72,0.28,sample_seed_review_taxonomy_prior,0.48,0.147,0.453,false,0.32,sample_seed_local_demand_context,0.751,true,810,745,1.087,199,1.197,0.92,sample_seed_public_rate_shape,0.2,false,late_checkout,85,17,future_stay_credit,future-stay credit,390,234,117,332,305,5,76.2,0.184,0.586,0.665,1273,true,1.0,high,smp-public-context-v1.0.0,high_guest_relationship_value;hotel_responsible_failure;high_severity_issue;manager_review_required,,"[{""comp_code"": ""rooftop_f_and_b_credit"", ""comp_label"": ""Calabra or Palma dining credit"", ""guest_facing_value"": 220, ""internal_cost_expected"": 88, ""internal_cost_high"": 132, ""internal_cost_low"": 55, ""policy_score"": 212.56}, {""comp_code"": ""spa_wellness_credit"", ""comp_label"": ""Surya Spa or Recovery Suite credit"", ""guest_facing_value"": 400, ""internal_cost_expected"": 220, ""internal_cost_high"": 300, ""internal_cost_low"": 120, ""policy_score"": 168.55}]","{""fit_score"": 0.78, ""leakage_penalty"": 93.6, ""operational_penalty"": 0.0, ""perceived_value"": 468.0, ""policy_score"": 335.78}","Internal cost is a policy range, not observed property margin. | Guest relationship value and recovery value are synthetic scenario inputs. | Public context cannot substitute for live occupancy, inventory, or approved hotel policy.","Recommend $390 future-stay credit for a vip guest with a severity 4 housekeeping miss reported after checkout. Estimated internal cost is $117-$332, not an observed property margin. Rationale: high guest relationship value, hotel responsible failure, high severity issue, manager review required. Recommendation stability is 100%. The closest alternative was $220 Calabra or Palma dining credit; the recommended gesture scored better on recovery fit, estimated cost, and operational constraints."
rec_00286,case_00286,TKT000286,PMS000104,returning_guest,event_or_wedding,540,972,0.78,0.95,severity_inferred;ltv_imputed;no_review_or_survey,room_readiness_delay,outcome,3,0.88,true,0.32,Santa Monica Proper Hotel,true,true,true,true,true,0.88,observed_public_property_context,0.74,0.28,sample_seed_review_taxonomy_prior,0.48,0.175,0.476,false,0.32,sample_seed_local_demand_context,0.277,false,690,725,0.952,97,0.976,0.92,sample_seed_public_rate_shape,0.2,false,rooftop_f_and_b_credit,0,0,late_checkout,late checkout,85,17,7,38,85,3,57.44,0.246,0.518,0.543,69,false,0.63,moderate,smp-public-context-v1.0.0,hotel_responsible_failure;recoverable_before_checkout;high_perceived_value_lower_estimated_cost,,"[{""comp_code"": ""room_upgrade"", ""comp_label"": ""room upgrade"", ""guest_facing_value"": 300, ""internal_cost_expected"": 75, ""internal_cost_high"": 195, ""internal_cost_low"": 24, ""policy_score"": 175.71}, {""comp_code"": ""rooftop_f_and_b_credit"", ""comp_label"": ""Calabra or Palma dining credit"", ""guest_facing_value"": 150, ""internal_cost_expected"": 60, ""internal_cost_high"": 90, ""internal_cost_low"": 38, ""policy_score"": 154.46}]","{""fit_score"": 0.932, ""leakage_penalty"": 6.8, ""operational_penalty"": 7.46, ""perceived_value"": 123.25, ""policy_score"": 177.34}","Internal cost is a policy range, not observed property margin. | Guest relationship value and recovery value are synthetic scenario inputs. | Public context cannot substitute for live occupancy, inventory, or approved hotel policy.","Recommend $85 late checkout for a returning guest with a severity 3 room readiness delay reported before checkout. Estimated internal cost is $7-$38, not an observed property margin. Rationale: hotel responsible failure, recoverable before checkout, high perceived value lower estimated cost. Recommendation stability is 63%. The closest alternative was $300 room upgrade; the recommended gesture scored better on recovery fit, estimated cost, and operational constraints."
rec_00287,case_00287,TKT000287,PMS000751,loyalty_guest,local_staycation,2670,15590,1.0,0.95,no_review_or_survey;no_comp_record,billing_or_fee_dispute,process,2,0.55,true,0.777,Santa Monica Proper Hotel,true,true,true,true,true,0.88,observed_public_property_context,0.58,0.28,sample_seed_review_taxonomy_prior,0.92,0.027,0.703,true,0.32,sample_seed_local_demand_context,1.0,true,1025,960,1.068,308,1.297,0.92,sample_seed_public_rate_shape,0,false,,0,0,rooftop_f_and_b_credit,Calabra or Palma dining credit,150,60,38,90,150,3,44.92,0.137,0.37,0.406,437,false,1.0,high,smp-public-context-v1.0.0,high_guest_relationship_value;recoverable_before_checkout;high_perceived_value_lower_estimated_cost;property_fit_changed_recovery,"Property fit changed the recommendation: without this signal, the model would prefer Palma lounge credit at $100.","[{""comp_code"": ""lobby_lounge_credit"", ""comp_label"": ""Palma lounge credit"", ""guest_facing_value"": 100, ""internal_cost_expected"": 38, ""internal_cost_high"": 55, ""internal_cost_low"": 25, ""policy_score"": 192.09}, {""comp_code"": ""spa_wellness_credit"", ""comp_label"": ""Surya Spa or Recovery Suite credit"", ""guest_facing_value"": 275, ""internal_cost_expected"": 151, ""internal_cost_high"": 206, ""internal_cost_low"": 82, ""policy_score"": 181.85}]","{""fit_score"": 0.537, ""leakage_penalty"": 15.0, ""operational_penalty"": 0.0, ""perceived_value"": 187.5, ""policy_score"": 199.35}","Internal cost is a policy range, not observed property margin. | Guest relationship value and recovery value are synthetic scenario inputs. | Public context cannot substitute for live occupancy, inventory, or approved hotel policy.","Recommend $150 Calabra or Palma dining credit for a loyalty guest with a severity 2 billing or fee dispute reported before checkout. Estimated internal cost is $38-$90, not an observed property margin. Rationale: high guest relationship value, recoverable before checkout, high perceived value lower estimated cost, property fit changed recovery. Recommendation stability is 100%. The closest alternative was $100 Palma lounge credit; the recommended gesture scored better on recovery fit, estimated cost, and operational constraints."
rec_00288,case_00288,TKT000288,PMS001475,new_guest,wellness_getaway,1200,2330,1.0,0.95,severity_inferred,rooftop_pool_access_issue,process,2,0.64,true,0.53,Santa Monica Proper Hotel,true,true,true,true,true,0.88,observed_public_property_context,0.6,0.28,sample_seed_review_taxonomy_prior,0.48,0.077,0.366,false,0.32,sample_seed_local_demand_context,0.514,false,750,730,1.027,145,1.083,0.92,sample_seed_public_rate_shape,0.2,false,spa_wellness_credit,335,184,rooftop_f_and_b_credit,Calabra or Palma dining credit,150,60,38,90,-185,3,44.87,0.488,0.512,0.484,123,false,1.0,moderate,smp-public-context-v1.0.0,recoverable_before_checkout;high_perceived_value_lower_estimated_cost,,"[{""comp_code"": ""lobby_lounge_credit"", ""comp_label"": ""Palma lounge credit"", ""guest_facing_value"": 100, ""internal_cost_expected"": 38, ""internal_cost_high"": 55, ""internal_cost_low"": 25, ""policy_score"": 55.57}, {""comp_code"": ""spa_wellness_credit"", ""comp_label"": ""Surya Spa or Recovery Suite credit"", ""guest_facing_value"": 275, ""internal_cost_expected"": 151, ""internal_cost_high"": 206, ""internal_cost_low"": 82, ""policy_score"": 51.4}]","{""fit_score"": 1.026, ""leakage_penalty"": 24.0, ""operational_penalty"": 0.0, ""perceived_value"": 187.5, ""policy_score"": 172.52}","Internal cost is a policy range, not observed property margin. | Guest relationship value and recovery value are synthetic scenario inputs. | Public context cannot substitute for live occupancy, inventory, or approved hotel policy.","Recommend $150 Calabra or Palma dining credit for a new guest with a severity 2 rooftop pool access issue reported before checkout. Estimated internal cost is $38-$90, not an observed property margin. Rationale: recoverable before checkout, high perceived value lower estimated cost. Recommendation stability is 100%. The closest alternative was $100 Palma lounge credit; the recommended gesture scored better on recovery fit, estimated cost, and operational constraints."
rec_00289,case_00289,TKT000289,PMS000308,returning_guest,coastal_weekend,1400,3300,0.78,0.95,no_review_or_survey,housekeeping_miss,outcome,4,0.95,true,0.611,Santa Monica Proper Hotel,true,true,true,true,true,0.88,observed_public_property_context,0.72,0.28,sample_seed_review_taxonomy_prior,0.48,0.044,0.401,false,0.32,sample_seed_local_demand_context,0.257,false,685,725,0.945,94,0.968,0.92,sample_seed_public_rate_shape,0.2,false,late_checkout,75,15,future_stay_credit,future-stay credit,245,147,74,208,170,4,71.34,0.607,0.616,0.66,242,false,0.926,high,smp-public-context-v1.0.0,hotel_responsible_failure;high_severity_issue;recoverable_before_checkout,,"[{""comp_code"": ""rooftop_f_and_b_credit"", ""comp_label"": ""Calabra or Palma dining credit"", ""guest_facing_value"": 180, ""internal_cost_expected"": 72, ""internal_cost_high"": 108, ""internal_cost_low"": 45, ""policy_score"": 117.5}, {""comp_code"": ""spa_wellness_credit"", ""comp_label"": ""Surya Spa or Recovery Suite credit"", ""guest_facing_value"": 330, ""internal_cost_expected"": 182, ""internal_cost_high"": 248, ""internal_cost_low"": 99, ""policy_score"": 81.43}]","{""fit_score"": 0.56, ""leakage_penalty"": 58.8, ""operational_penalty"": 0.0, ""perceived_value"": 294.0, ""policy_score"": 129.86}","Internal cost is a policy range, not observed property margin. | Guest relationship value and recovery value are synthetic scenario inputs. | Public context cannot substitute for live occupancy, inventory, or approved hotel policy.","Recommend $245 future-stay credit for a returning guest with a severity 4 housekeeping miss reported before checkout. Estimated internal cost is $74-$208, not an observed property margin. Rationale: hotel responsible failure, high severity issue, recoverable before checkout. Recommendation stability is 93%. The closest alternative was $180 Calabra or Palma dining credit; the recommended gesture scored better on recovery fit, estimated cost, and operational constraints."
rec_00290,case_00290,TKT000290,PMS000492,new_guest,business_traveler,3760,6768,1.0,0.95,ltv_imputed;no_comp_record,valet_or_parking_delay,process,3,0.62,true,0.783,Santa Monica Proper Hotel,true,true,true,true,true,0.88,observed_public_property_context,0.56,0.18,sample_seed_review_taxonomy_prior,0.22,0.071,0.229,false,0.32,sample_seed_local_demand_context,0.296,false,695,690,1.007,101,0.986,0.92,sample_seed_public_rate_shape,0,false,,0,0,parking_fee_waiver,parking or destination-fee waiver,85,15,7,30,85,3,52.51,0.034,0.511,0.517,440,false,0.963,moderate,smp-public-context-v1.0.0,recoverable_before_checkout;high_perceived_value_lower_estimated_cost,,"[{""comp_code"": ""rooftop_f_and_b_credit"", ""comp_label"": ""Calabra or Palma dining credit"", ""guest_facing_value"": 150, ""internal_cost_expected"": 60, ""internal_cost_high"": 90, ""internal_cost_low"": 38, ""policy_score"": 96.36}, {""comp_code"": ""spa_wellness_credit"", ""comp_label"": ""Surya Spa or Recovery Suite credit"", ""guest_facing_value"": 275, ""internal_cost_expected"": 151, ""internal_cost_high"": 206, ""internal_cost_low"": 82, ""policy_score"": 79.19}]","{""fit_score"": 0.932, ""leakage_penalty"": 3.75, ""operational_penalty"": 0.0, ""perceived_value"": 97.75, ""policy_score"": 134.89}","Internal cost is a policy range, not observed property margin. | Guest relationship value and recovery value are synthetic scenario inputs. | Public context cannot substitute for live occupancy, inventory, or approved hotel policy.","Recommend $85 parking or destination-fee waiver for a new guest with a severity 3 valet or parking delay reported before checkout. Estimated internal cost is $7-$30, not an observed property margin. Rationale: recoverable before checkout, high perceived value lower estimated cost. Recommendation stability is 96%. The closest alternative was $150 Calabra or Palma dining credit; the recommended gesture scored better on recovery fit, estimated cost, and operational constraints."
rec_00291,case_00291,TKT000291,PMS001461,new_guest,event_or_wedding,2280,2930,1.0,0.95,,room_assignment_expectation_gap,outcome,5,0.79,true,0.683,Santa Monica Proper Hotel,true,true,true,true,true,0.88,observed_public_property_context,0.68,0.28,sample_seed_review_taxonomy_prior,0.22,0.07,0.254,false,0.32,sample_seed_local_demand_context,0.0,false,600,635,0.945,48,0.86,0.92,sample_seed_public_rate_shape,0.2,true,future_stay_credit,385,231,room_upgrade,room upgrade,360,90,29,234,-25,4,68.31,0.282,0.438,0.548,319,false,1.0,high,smp-public-context-v1.0.0,hotel_responsible_failure;high_severity_issue;recoverable_before_checkout;high_perceived_value_lower_estimated_cost,,"[{""comp_code"": ""future_stay_credit"", ""comp_label"": ""future-stay credit"", ""guest_facing_value"": 265, ""internal_cost_expected"": 159, ""internal_cost_high"": 225, ""internal_cost_low"": 80, ""policy_score"": 137.09}, {""comp_code"": ""rooftop_f_and_b_credit"", ""comp_label"": ""Calabra or Palma dining credit"", ""guest_facing_value"": 180, ""internal_cost_expected"": 72, ""internal_cost_high"": 108, ""internal_cost_low"": 45, ""policy_score"": 115.21}]","{""fit_score"": 0.963, ""leakage_penalty"": 36.0, ""operational_penalty"": 37.57, ""perceived_value"": 504.0, ""policy_score"": 473.6}","Internal cost is a policy range, not observed property margin. | Guest relationship value and recovery value are synthetic scenario inputs. | Public context cannot substitute for live occupancy, inventory, or approved hotel policy.","Recommend $360 room upgrade for a new guest with a severity 5 room assignment expectation gap reported before checkout. Estimated internal cost is $29-$234, not an observed property margin. Rationale: hotel responsible failure, high severity issue, recoverable before checkout, high perceived value lower estimated cost. Recommendation stability is 100%. The closest alternative was $265 future-stay credit; the recommended gesture scored better on recovery fit, estimated cost, and operational constraints."
rec_00292,case_00292,TKT000292,PMS000151,new_guest,design_leisure,4970,8030,1.0,0.95,no_review_or_survey;no_comp_record,billing_or_fee_dispute,process,2,0.55,false,0.73,Santa Monica Proper Hotel,true,true,true,true,true,0.88,observed_public_property_context,0.58,0.28,sample_seed_review_taxonomy_prior,0.22,0.099,0.199,false,0.32,sample_seed_local_demand_context,0.613,false,775,745,1.04,166,1.127,0.92,sample_seed_public_rate_shape,0,false,,0,0,parking_fee_waiver,parking or destination-fee waiver,85,15,7,30,85,3,45.34,0.031,0.37,0.408,488,false,1.0,high,smp-public-context-v1.0.0,high_perceived_value_lower_estimated_cost,,"[{""comp_code"": ""rooftop_f_and_b_credit"", ""comp_label"": ""Calabra or Palma dining credit"", ""guest_facing_value"": 150, ""internal_cost_expected"": 60, ""internal_cost_high"": 90, ""internal_cost_low"": 38, ""policy_score"": 91.85}, {""comp_code"": ""lobby_lounge_credit"", ""comp_label"": ""Palma lounge credit"", ""guest_facing_value"": 100, ""internal_cost_expected"": 38, ""internal_cost_high"": 55, ""internal_cost_low"": 25, ""policy_score"": 84.57}]","{""fit_score"": 0.683, ""leakage_penalty"": 3.75, ""operational_penalty"": 0.0, ""perceived_value"": 97.75, ""policy_score"": 106.93}","Internal cost is a policy range, not observed property margin. | Guest relationship value and recovery value are synthetic scenario inputs. | Public context cannot substitute for live occupancy, inventory, or approved hotel policy.","Recommend $85 parking or destination-fee waiver for a new guest with a severity 2 billing or fee dispute reported after checkout. Estimated internal cost is $7-$30, not an observed property margin. Rationale: high perceived value lower estimated cost. Recommendation stability is 100%. The closest alternative was $150 Calabra or Palma dining credit; the recommended gesture scored better on recovery fit, estimated cost, and operational constraints."
rec_00293,case_00293,TKT000293,PMS000655,returning_guest,event_or_wedding,2220,5650,1.0,0.95,no_review_or_survey;no_comp_record,f_and_b_service_lapse,process,2,0.7,true,0.752,Santa Monica Proper Hotel,true,true,true,true,true,0.88,observed_public_property_context,0.6,0.28,sample_seed_review_taxonomy_prior,0.7,0.065,0.525,false,0.32,sample_seed_local_demand_context,1.0,true,885,830,1.066,266,1.296,0.92,sample_seed_public_rate_shape,0,false,,0,0,rooftop_f_and_b_credit,Calabra or Palma dining credit,150,60,38,90,150,3,44.91,0.242,0.375,0.408,248,false,1.0,high,smp-public-context-v1.0.0,hotel_responsible_failure;recoverable_before_checkout;high_perceived_value_lower_estimated_cost,,"[{""comp_code"": ""spa_wellness_credit"", ""comp_label"": ""Surya Spa or Recovery Suite credit"", ""guest_facing_value"": 275, ""internal_cost_expected"": 151, ""internal_cost_high"": 206, ""internal_cost_low"": 82, ""policy_score"": 162.24}, {""comp_code"": ""lobby_lounge_credit"", ""comp_label"": ""Palma lounge credit"", ""guest_facing_value"": 100, ""internal_cost_expected"": 38, ""internal_cost_high"": 55, ""internal_cost_low"": 25, ""policy_score"": 149.45}]","{""fit_score"": 1.05, ""leakage_penalty"": 15.0, ""operational_penalty"": 0.0, ""perceived_value"": 187.5, ""policy_score"": 274.11}","Internal cost is a policy range, not observed property margin. | Guest relationship value and recovery value are synthetic scenario inputs. | Public context cannot substitute for live occupancy, inventory, or approved hotel policy.","Recommend $150 Calabra or Palma dining credit for a returning guest with a severity 2 F&B service lapse reported before checkout. Estimated internal cost is $38-$90, not an observed property margin. Rationale: hotel responsible failure, recoverable before checkout, high perceived value lower estimated cost. Recommendation stability is 100%. The closest alternative was $275 Surya Spa or Recovery Suite credit; the recommended gesture scored better on recovery fit, estimated cost, and operational constraints."
rec_00294,case_00294,TKT000294,PMS000122,new_guest,business_traveler,2600,4680,1.0,0.95,ltv_imputed;no_comp_record,noise_disruption,process,3,0.48,true,0.926,Santa Monica Proper Hotel,true,true,true,true,true,0.88,observed_public_property_context,0.62,0.28,sample_seed_review_taxonomy_prior,0.22,0.136,0.259,false,0.32,sample_seed_local_demand_context,0.85,true,835,835,1.0,223,1.217,0.92,sample_seed_public_rate_shape,0,false,,0,0,spa_wellness_credit,Surya Spa or Recovery Suite credit,275,151,82,206,275,3,46.99,0.555,0.414,0.439,272,false,0.963,moderate,smp-public-context-v1.0.0,recoverable_before_checkout;high_perceived_value_lower_estimated_cost,,"[{""comp_code"": ""rooftop_f_and_b_credit"", ""comp_label"": ""Calabra or Palma dining credit"", ""guest_facing_value"": 150, ""internal_cost_expected"": 60, ""internal_cost_high"": 90, ""internal_cost_low"": 38, ""policy_score"": 167.82}, {""comp_code"": ""lobby_lounge_credit"", ""comp_label"": ""Palma lounge credit"", ""guest_facing_value"": 100, ""internal_cost_expected"": 38, ""internal_cost_high"": 55, ""internal_cost_low"": 25, ""policy_score"": 137.11}]","{""fit_score"": 0.718, ""leakage_penalty"": 37.75, ""operational_penalty"": 0.0, ""perceived_value"": 371.25, ""policy_score"": 308.53}","Internal cost is a policy range, not observed property margin. | Guest relationship value and recovery value are synthetic scenario inputs. | Public context cannot substitute for live occupancy, inventory, or approved hotel policy.","Recommend $275 Surya Spa or Recovery Suite credit for a new guest with a severity 3 noise disruption reported before checkout. Estimated internal cost is $82-$206, not an observed property margin. Rationale: recoverable before checkout, high perceived value lower estimated cost. Recommendation stability is 96%. The closest alternative was $150 Calabra or Palma dining credit; the recommended gesture scored better on recovery fit, estimated cost, and operational constraints."
rec_00295,case_00295,TKT000295,PMS000143,new_guest,coastal_weekend,5820,9650,1.0,0.95,,room_assignment_expectation_gap,outcome,2,0.74,true,0.325,Santa Monica Proper Hotel,true,true,true,true,true,0.88,observed_public_property_context,0.68,0.28,sample_seed_review_taxonomy_prior,0.22,0.126,0.222,false,0.32,sample_seed_local_demand_context,0.257,false,685,715,0.958,94,0.968,0.92,sample_seed_public_rate_shape,0.2,true,amenity_gesture,75,34,room_upgrade,room upgrade,300,75,24,195,225,3,51.51,0.115,0.342,0.42,654,false,0.963,high,smp-public-context-v1.0.0,hotel_responsible_failure;recoverable_before_checkout;high_perceived_value_lower_estimated_cost,,"[{""comp_code"": ""rooftop_f_and_b_credit"", ""comp_label"": ""Calabra or Palma dining credit"", ""guest_facing_value"": 150, ""internal_cost_expected"": 60, ""internal_cost_high"": 90, ""internal_cost_low"": 38, ""policy_score"": 86.73}, {""comp_code"": ""lobby_lounge_credit"", ""comp_label"": ""Palma lounge credit"", ""guest_facing_value"": 100, ""internal_cost_expected"": 38, ""internal_cost_high"": 55, ""internal_cost_low"": 25, ""policy_score"": 58.39}]","{""fit_score"": 0.963, ""leakage_penalty"": 30.0, ""operational_penalty"": 18.56, ""perceived_value"": 420.0, ""policy_score"": 364.92}","Internal cost is a policy range, not observed property margin. | Guest relationship value and recovery value are synthetic scenario inputs. | Public context cannot substitute for live occupancy, inventory, or approved hotel policy.","Recommend $300 room upgrade for a new guest with a severity 2 room assignment expectation gap reported before checkout. Estimated internal cost is $24-$195, not an observed property margin. Rationale: hotel responsible failure, recoverable before checkout, high perceived value lower estimated cost. Recommendation stability is 96%. The closest alternative was $150 Calabra or Palma dining credit; the recommended gesture scored better on recovery fit, estimated cost, and operational constraints."
rec_00296,case_00296,TKT000296,PMS000101,returning_guest,wellness_getaway,2430,5040,1.0,0.95,no_review_or_survey;no_comp_record,f_and_b_service_lapse,process,2,0.7,true,0.624,Santa Monica Proper Hotel,true,true,true,true,true,0.88,observed_public_property_context,0.6,0.28,sample_seed_review_taxonomy_prior,0.78,0.12,0.643,false,0.32,sample_seed_local_demand_context,0.791,true,820,795,1.031,208,1.2,0.92,sample_seed_public_rate_shape,0,false,,0,0,rooftop_f_and_b_credit,Calabra or Palma dining credit,150,60,38,90,150,3,45.15,0.235,0.375,0.409,255,false,1.0,high,smp-public-context-v1.0.0,hotel_responsible_failure;recoverable_before_checkout;high_perceived_value_lower_estimated_cost,,"[{""comp_code"": ""spa_wellness_credit"", ""comp_label"": ""Surya Spa or Recovery Suite credit"", ""guest_facing_value"": 275, ""internal_cost_expected"": 151, ""internal_cost_high"": 206, ""internal_cost_low"": 82, ""policy_score"": 143.98}, {""comp_code"": ""lobby_lounge_credit"", ""comp_label"": ""Palma lounge credit"", ""guest_facing_value"": 100, ""internal_cost_expected"": 38, ""internal_cost_high"": 55, ""internal_cost_low"": 25, ""policy_score"": 131.13}]","{""fit_score"": 1.05, ""leakage_penalty"": 15.0, ""operational_penalty"": 0.0, ""perceived_value"": 187.5, ""policy_score"": 255.98}","Internal cost is a policy range, not observed property margin. | Guest relationship value and recovery value are synthetic scenario inputs. | Public context cannot substitute for live occupancy, inventory, or approved hotel policy.","Recommend $150 Calabra or Palma dining credit for a returning guest with a severity 2 F&B service lapse reported before checkout. Estimated internal cost is $38-$90, not an observed property margin. Rationale: hotel responsible failure, recoverable before checkout, high perceived value lower estimated cost. Recommendation stability is 100%. The closest alternative was $275 Surya Spa or Recovery Suite credit; the recommended gesture scored better on recovery fit, estimated cost, and operational constraints."
rec_00297,case_00297,TKT000297,PMS000329,returning_guest,business_traveler,6160,18740,1.0,0.95,no_review_or_survey,billing_or_fee_dispute,process,5,0.6,true,0.623,Santa Monica Proper Hotel,true,true,true,true,true,0.88,observed_public_property_context,0.58,0.28,sample_seed_review_taxonomy_prior,0.78,0.114,0.604,false,0.32,sample_seed_local_demand_context,0.85,true,835,840,0.994,223,1.217,0.92,sample_seed_public_rate_shape,0.2,false,future_stay_credit,235,141,rooftop_f_and_b_credit,Calabra or Palma dining credit,180,72,45,108,-55,4,73.08,0.06,0.681,0.703,1200,false,1.0,moderate,smp-public-context-v1.0.0,high_severity_issue;recoverable_before_checkout;high_perceived_value_lower_estimated_cost;public_rate_pressure_changed_recovery;property_fit_changed_recovery,"Public rate pressure changed the recommendation: without this signal, the model would prefer future-stay credit at $310. | Property fit changed the recommendation: without this signal, the model would prefer Palma lounge credit at $120.","[{""comp_code"": ""lobby_lounge_credit"", ""comp_label"": ""Palma lounge credit"", ""guest_facing_value"": 120, ""internal_cost_expected"": 46, ""internal_cost_high"": 66, ""internal_cost_low"": 30, ""policy_score"": 187.56}, {""comp_code"": ""future_stay_credit"", ""comp_label"": ""future-stay credit"", ""guest_facing_value"": 310, ""internal_cost_expected"": 186, ""internal_cost_high"": 264, ""internal_cost_low"": 93, ""policy_score"": 166.57}]","{""fit_score"": 0.537, ""leakage_penalty"": 28.8, ""operational_penalty"": 0.0, ""perceived_value"": 225.0, ""policy_score"": 193.75}","Internal cost is a policy range, not observed property margin. | Guest relationship value and recovery value are synthetic scenario inputs. | Public context cannot substitute for live occupancy, inventory, or approved hotel policy.","Recommend $180 Calabra or Palma dining credit for a returning guest with a severity 5 billing or fee dispute reported before checkout. Estimated internal cost is $45-$108, not an observed property margin. Rationale: high severity issue, recoverable before checkout, high perceived value lower estimated cost, public rate pressure changed recovery. Recommendation stability is 100%. The closest alternative was $120 Palma lounge credit; the recommended gesture scored better on recovery fit, estimated cost, and operational constraints."
rec_00298,case_00298,TKT000298,PMS000402,new_guest,design_leisure,1680,2940,0.78,0.95,,spa_wellness_service_issue,process,1,0.74,true,0.475,Santa Monica Proper Hotel,true,true,true,true,true,0.88,observed_public_property_context,0.64,0.28,sample_seed_review_taxonomy_prior,0.22,0.11,0.265,false,0.32,sample_seed_local_demand_context,0.059,false,635,680,0.934,59,0.885,0.92,sample_seed_public_rate_shape,0.2,false,rooftop_f_and_b_credit,140,56,rooftop_f_and_b_credit,Calabra or Palma dining credit,135,54,34,81,-5,2,35.38,0.409,0.299,0.324,132,false,0.963,high,smp-public-context-v1.0.0,hotel_responsible_failure;recoverable_before_checkout;high_perceived_value_lower_estimated_cost,,"[{""comp_code"": ""lobby_lounge_credit"", ""comp_label"": ""Palma lounge credit"", ""guest_facing_value"": 90, ""internal_cost_expected"": 34, ""internal_cost_high"": 50, ""internal_cost_low"": 22, ""policy_score"": 46.9}, {""comp_code"": ""late_checkout"", ""comp_label"": ""late checkout"", ""guest_facing_value"": 75, ""internal_cost_expected"": 15, ""internal_cost_high"": 34, ""internal_cost_low"": 6, ""policy_score"": 37.3}]","{""fit_score"": 0.537, ""leakage_penalty"": 21.6, ""operational_penalty"": 0.0, ""perceived_value"": 168.75, ""policy_score"": 69.7}","Internal cost is a policy range, not observed property margin. | Guest relationship value and recovery value are synthetic scenario inputs. | Public context cannot substitute for live occupancy, inventory, or approved hotel policy.","Recommend $135 Calabra or Palma dining credit for a new guest with a severity 1 spa/wellness service issue reported before checkout. Estimated internal cost is $34-$81, not an observed property margin. Rationale: hotel responsible failure, recoverable before checkout, high perceived value lower estimated cost. Recommendation stability is 96%. The closest alternative was $90 Palma lounge credit; the recommended gesture scored better on recovery fit, estimated cost, and operational constraints."
rec_00299,case_00299,TKT000299,PMS000090,new_guest,coastal_weekend,510,670,1.0,0.95,,f_and_b_service_lapse,process,2,0.7,true,0.68,Santa Monica Proper Hotel,true,true,true,true,true,0.88,observed_public_property_context,0.6,0.28,sample_seed_review_taxonomy_prior,0.48,0.086,0.389,false,0.32,sample_seed_local_demand_context,0.415,false,725,695,1.043,124,1.045,0.92,sample_seed_public_rate_shape,0.2,false,amenity_gesture,50,22,rooftop_f_and_b_credit,Calabra or Palma dining credit,135,54,34,81,85,2,41.99,1,0.312,0.361,44,false,1.0,high,smp-public-context-v1.0.0,hotel_responsible_failure;recoverable_before_checkout;high_perceived_value_lower_estimated_cost,,"[{""comp_code"": ""lobby_lounge_credit"", ""comp_label"": ""Palma lounge credit"", ""guest_facing_value"": 90, ""internal_cost_expected"": 34, ""internal_cost_high"": 50, ""internal_cost_low"": 22, ""policy_score"": 49.42}, {""comp_code"": ""amenity_gesture"", ""comp_label"": ""in-room amenity gesture"", ""guest_facing_value"": 50, ""internal_cost_expected"": 22, ""internal_cost_high"": 32, ""internal_cost_low"": 12, ""policy_score"": 36.68}]","{""fit_score"": 1.05, ""leakage_penalty"": 21.6, ""operational_penalty"": 0.0, ""perceived_value"": 168.75, ""policy_score"": 156.81}","Internal cost is a policy range, not observed property margin. | Guest relationship value and recovery value are synthetic scenario inputs. | Public context cannot substitute for live occupancy, inventory, or approved hotel policy.","Recommend $135 Calabra or Palma dining credit for a new guest with a severity 2 F&B service lapse reported before checkout. Estimated internal cost is $34-$81, not an observed property margin. Rationale: hotel responsible failure, recoverable before checkout, high perceived value lower estimated cost. Recommendation stability is 100%. The closest alternative was $90 Palma lounge credit; the recommended gesture scored better on recovery fit, estimated cost, and operational constraints."
rec_00300,case_00300,TKT000300,PMS001262,new_guest,design_leisure,2040,3672,1.0,0.95,ltv_imputed;no_review_or_survey,f_and_b_service_lapse,process,2,0.7,true,0.71,Santa Monica Proper Hotel,true,true,true,true,true,0.88,observed_public_property_context,0.6,0.28,sample_seed_review_taxonomy_prior,0.22,0.036,0.204,false,0.32,sample_seed_local_demand_context,0.81,true,825,815,1.012,213,1.203,0.92,sample_seed_public_rate_shape,0.2,false,amenity_gesture,55,25,rooftop_f_and_b_credit,Calabra or Palma dining credit,150,60,38,90,95,3,46.21,0.286,0.375,0.414,210,false,1.0,moderate,smp-public-context-v1.0.0,hotel_responsible_failure;recoverable_before_checkout;high_perceived_value_lower_estimated_cost,,"[{""comp_code"": ""lobby_lounge_credit"", ""comp_label"": ""Palma lounge credit"", ""guest_facing_value"": 100, ""internal_cost_expected"": 38, ""internal_cost_high"": 55, ""internal_cost_low"": 25, ""policy_score"": 127.55}, {""comp_code"": ""spa_wellness_credit"", ""comp_label"": ""Surya Spa or Recovery Suite credit"", ""guest_facing_value"": 275, ""internal_cost_expected"": 151, ""internal_cost_high"": 206, ""internal_cost_low"": 82, ""policy_score"": 123.71}]","{""fit_score"": 1.05, ""leakage_penalty"": 24.0, ""operational_penalty"": 0.0, ""perceived_value"": 187.5, ""policy_score"": 249.96}","Internal cost is a policy range, not observed property margin. | Guest relationship value and recovery value are synthetic scenario inputs. | Public context cannot substitute for live occupancy, inventory, or approved hotel policy.","Recommend $150 Calabra or Palma dining credit for a new guest with a severity 2 F&B service lapse reported before checkout. Estimated internal cost is $38-$90, not an observed property margin. Rationale: hotel responsible failure, recoverable before checkout, high perceived value lower estimated cost. Recommendation stability is 100%. The closest alternative was $100 Palma lounge credit; the recommended gesture scored better on recovery fit, estimated cost, and operational constraints."
rec_00301,case_00301,TKT000301,PMS001284,returning_guest,wellness_getaway,2250,6690,1.0,0.95,no_review_or_survey,housekeeping_miss,outcome,4,0.95,true,0.765,Santa Monica Proper Hotel,true,true,true,true,true,0.88,observed_public_property_context,0.72,0.28,sample_seed_review_taxonomy_prior,0.48,0.056,0.432,false,0.32,sample_seed_local_demand_context,0.534,false,755,655,1.153,149,1.122,0.92,sample_seed_public_rate_shape,0.2,false,rooftop_f_and_b_credit,190,76,future_stay_credit,future-stay credit,260,156,78,221,70,4,73.05,0.359,0.616,0.668,434,false,0.889,high,smp-public-context-v1.0.0,hotel_responsible_failure;high_severity_issue;recoverable_before_checkout,,"[{""comp_code"": ""rooftop_f_and_b_credit"", ""comp_label"": ""Calabra or Palma dining credit"", ""guest_facing_value"": 180, ""internal_cost_expected"": 72, ""internal_cost_high"": 108, ""internal_cost_low"": 45, ""policy_score"": 118.79}, {""comp_code"": ""spa_wellness_credit"", ""comp_label"": ""Surya Spa or Recovery Suite credit"", ""guest_facing_value"": 330, ""internal_cost_expected"": 182, ""internal_cost_high"": 248, ""internal_cost_low"": 99, ""policy_score"": 82.81}]","{""fit_score"": 0.56, ""leakage_penalty"": 62.4, ""operational_penalty"": 0.0, ""perceived_value"": 312.0, ""policy_score"": 139.67}","Internal cost is a policy range, not observed property margin. | Guest relationship value and recovery value are synthetic scenario inputs. | Public context cannot substitute for live occupancy, inventory, or approved hotel policy.","Recommend $260 future-stay credit for a returning guest with a severity 4 housekeeping miss reported before checkout. Estimated internal cost is $78-$221, not an observed property margin. Rationale: hotel responsible failure, high severity issue, recoverable before checkout. Recommendation stability is 89%. The closest alternative was $180 Calabra or Palma dining credit; the recommended gesture scored better on recovery fit, estimated cost, and operational constraints."
rec_00302,case_00302,TKT000302,PMS000008,new_guest,business_traveler,5320,7350,1.0,0.95,no_review_or_survey;no_comp_record,f_and_b_service_lapse,process,3,0.7,true,0.585,Santa Monica Proper Hotel,true,true,true,true,true,0.88,observed_public_property_context,0.6,0.28,sample_seed_review_taxonomy_prior,0.22,0.064,0.206,false,0.32,sample_seed_local_demand_context,0.395,false,720,760,0.947,120,1.026,0.92,sample_seed_public_rate_shape,0,false,,0,0,rooftop_f_and_b_credit,Calabra or Palma dining credit,150,60,38,90,150,3,54.91,0.099,0.479,0.511,609,false,1.0,high,smp-public-context-v1.0.0,hotel_responsible_failure;recoverable_before_checkout;high_perceived_value_lower_estimated_cost,,"[{""comp_code"": ""spa_wellness_credit"", ""comp_label"": ""Surya Spa or Recovery Suite credit"", ""guest_facing_value"": 275, ""internal_cost_expected"": 151, ""internal_cost_high"": 206, ""internal_cost_low"": 82, ""policy_score"": 80.8}, {""comp_code"": ""lobby_lounge_credit"", ""comp_label"": ""Palma lounge credit"", ""guest_facing_value"": 100, ""internal_cost_expected"": 38, ""internal_cost_high"": 55, ""internal_cost_low"": 25, ""policy_score"": 65.53}]","{""fit_score"": 1.05, ""leakage_penalty"": 15.0, ""operational_penalty"": 0.0, ""perceived_value"": 187.5, ""policy_score"": 198.26}","Internal cost is a policy range, not observed property margin. | Guest relationship value and recovery value are synthetic scenario inputs. | Public context cannot substitute for live occupancy, inventory, or approved hotel policy.","Recommend $150 Calabra or Palma dining credit for a new guest with a severity 3 F&B service lapse reported before checkout. Estimated internal cost is $38-$90, not an observed property margin. Rationale: hotel responsible failure, recoverable before checkout, high perceived value lower estimated cost. Recommendation stability is 100%. The closest alternative was $275 Surya Spa or Recovery Suite credit; the recommended gesture scored better on recovery fit, estimated cost, and operational constraints."
rec_00303,case_00303,TKT000303,PMS000544,returning_guest,family_beach_trip,840,2160,1.0,0.95,severity_inferred,room_assignment_expectation_gap,outcome,3,0.74,true,0.783,Santa Monica Proper Hotel,true,true,true,true,true,0.88,observed_public_property_context,0.68,0.28,sample_seed_review_taxonomy_prior,0.22,0.071,0.229,false,0.32,sample_seed_local_demand_context,0.296,false,695,690,1.007,101,0.986,0.92,sample_seed_public_rate_shape,0.2,false,amenity_gesture,75,34,room_upgrade,room upgrade,300,75,24,195,225,3,54.0,0.664,0.518,0.528,113,false,1.0,moderate,smp-public-context-v1.0.0,hotel_responsible_failure;recoverable_before_checkout;high_perceived_value_lower_estimated_cost,,"[{""comp_code"": ""rooftop_f_and_b_credit"", ""comp_label"": ""Calabra or Palma dining credit"", ""guest_facing_value"": 150, ""internal_cost_expected"": 60, ""internal_cost_high"": 90, ""internal_cost_low"": 38, ""policy_score"": 88.3}, {""comp_code"": ""lobby_lounge_credit"", ""comp_label"": ""Palma lounge credit"", ""guest_facing_value"": 100, ""internal_cost_expected"": 38, ""internal_cost_high"": 55, ""internal_cost_low"": 25, ""policy_score"": 59.45}]","{""fit_score"": 0.963, ""leakage_penalty"": 30.0, ""operational_penalty"": 129.19, ""perceived_value"": 420.0, ""policy_score"": 260.59}","Internal cost is a policy range, not observed property margin. | Guest relationship value and recovery value are synthetic scenario inputs. | Public context cannot substitute for live occupancy, inventory, or approved hotel policy.","Recommend $300 room upgrade for a returning guest with a severity 3 room assignment expectation gap reported before checkout. Estimated internal cost is $24-$195, not an observed property margin. Rationale: hotel responsible failure, recoverable before checkout, high perceived value lower estimated cost. Recommendation stability is 100%. The closest alternative was $150 Calabra or Palma dining credit; the recommended gesture scored better on recovery fit, estimated cost, and operational constraints."
rec_00304,case_00304,TKT000304,PMS001306,loyalty_guest,family_beach_trip,600,2760,1.0,0.95,no_review_or_survey;no_comp_record,room_readiness_delay,outcome,3,0.88,true,0.469,Santa Monica Proper Hotel,true,true,true,true,true,0.88,observed_public_property_context,0.74,0.28,sample_seed_review_taxonomy_prior,0.48,0.101,0.427,false,0.32,sample_seed_local_demand_context,0.652,false,785,785,1.0,175,1.134,0.92,sample_seed_public_rate_shape,0,false,,0,0,room_upgrade,room upgrade,360,90,29,234,360,4,58.59,0.796,0.518,0.549,113,false,0.926,high,smp-public-context-v1.0.0,high_guest_relationship_value;hotel_responsible_failure;recoverable_before_checkout;high_perceived_value_lower_estimated_cost,,"[{""comp_code"": ""late_checkout"", ""comp_label"": ""late checkout"", ""guest_facing_value"": 100, ""internal_cost_expected"": 20, ""internal_cost_high"": 45, ""internal_cost_low"": 8, ""policy_score"": 199.65}, {""comp_code"": ""rooftop_f_and_b_credit"", ""comp_label"": ""Calabra or Palma dining credit"", ""guest_facing_value"": 180, ""internal_cost_expected"": 72, ""internal_cost_high"": 108, ""internal_cost_low"": 45, ""policy_score"": 195.98}]","{""fit_score"": 0.514, ""leakage_penalty"": 22.5, ""operational_penalty"": 28.67, ""perceived_value"": 504.0, ""policy_score"": 224.92}","Internal cost is a policy range, not observed property margin. | Guest relationship value and recovery value are synthetic scenario inputs. | Public context cannot substitute for live occupancy, inventory, or approved hotel policy.","Recommend $360 room upgrade for a loyalty guest with a severity 3 room readiness delay reported before checkout. Estimated internal cost is $29-$234, not an observed property margin. Rationale: high guest relationship value, hotel responsible failure, recoverable before checkout, high perceived value lower estimated cost. Recommendation stability is 93%. The closest alternative was $100 late checkout; the recommended gesture scored better on recovery fit, estimated cost, and operational constraints."
rec_00305,case_00305,TKT000305,PMS001474,new_guest,local_staycation,660,960,1.0,0.95,,housekeeping_miss,outcome,3,0.9,true,0.99,Santa Monica Proper Hotel,true,true,true,true,true,0.88,observed_public_property_context,0.72,0.28,sample_seed_review_taxonomy_prior,0.48,0.105,0.402,false,0.32,sample_seed_local_demand_context,0.949,true,860,920,0.935,248,1.258,0.92,sample_seed_public_rate_shape,0,true,lobby_lounge_credit,110,42,rooftop_f_and_b_credit,Calabra or Palma dining credit,150,60,38,90,40,3,53.18,0.811,0.338,0.425,74,false,1.0,high,smp-public-context-v1.0.0,hotel_responsible_failure;recoverable_before_checkout;high_perceived_value_lower_estimated_cost,,"[{""comp_code"": ""spa_wellness_credit"", ""comp_label"": ""Surya Spa or Recovery Suite credit"", ""guest_facing_value"": 275, ""internal_cost_expected"": 151, ""internal_cost_high"": 206, ""internal_cost_low"": 82, ""policy_score"": 163.3}, {""comp_code"": ""lobby_lounge_credit"", ""comp_label"": ""Palma lounge credit"", ""guest_facing_value"": 100, ""internal_cost_expected"": 38, ""internal_cost_high"": 55, ""internal_cost_low"": 25, ""policy_score"": 148.46}]","{""fit_score"": 0.537, ""leakage_penalty"": 15.0, ""operational_penalty"": 0.0, ""perceived_value"": 187.5, ""policy_score"": 180.45}","Internal cost is a policy range, not observed property margin. | Guest relationship value and recovery value are synthetic scenario inputs. | Public context cannot substitute for live occupancy, inventory, or approved hotel policy.","Recommend $150 Calabra or Palma dining credit for a new guest with a severity 3 housekeeping miss reported before checkout. Estimated internal cost is $38-$90, not an observed property margin. Rationale: hotel responsible failure, recoverable before checkout, high perceived value lower estimated cost. Recommendation stability is 100%. The closest alternative was $275 Surya Spa or Recovery Suite credit; the recommended gesture scored better on recovery fit, estimated cost, and operational constraints."
rec_00306,case_00306,TKT000306,PMS000951,loyalty_guest,design_leisure,770,1386,1.0,0.95,ltv_imputed;no_review_or_survey,valet_or_parking_delay,process,3,0.62,true,0.757,Santa Monica Proper Hotel,true,true,true,true,true,0.88,observed_public_property_context,0.56,0.18,sample_seed_review_taxonomy_prior,0.7,0.164,0.592,false,0.32,sample_seed_local_demand_context,0.81,true,825,815,1.012,213,1.203,0.92,sample_seed_public_rate_shape,0.2,false,parking_fee_waiver,110,20,rooftop_f_and_b_credit,Calabra or Palma dining credit,150,60,38,90,40,3,51.74,0.674,0.455,0.483,89,false,1.0,moderate,smp-public-context-v1.0.0,high_guest_relationship_value;recoverable_before_checkout;high_perceived_value_lower_estimated_cost;public_rate_pressure_changed_recovery,"Public rate pressure changed the recommendation: without this signal, the model would prefer parking or destination-fee waiver at $85.","[{""comp_code"": ""parking_fee_waiver"", ""comp_label"": ""parking or destination-fee waiver"", ""guest_facing_value"": 85, ""internal_cost_expected"": 15, ""internal_cost_high"": 30, ""internal_cost_low"": 7, ""policy_score"": 132.2}, {""comp_code"": ""lobby_lounge_credit"", ""comp_label"": ""Palma lounge credit"", ""guest_facing_value"": 100, ""internal_cost_expected"": 38, ""internal_cost_high"": 55, ""internal_cost_low"": 25, ""policy_score"": 129.9}]","{""fit_score"": 0.537, ""leakage_penalty"": 24.0, ""operational_penalty"": 0.0, ""perceived_value"": 187.5, ""policy_score"": 158.29}","Internal cost is a policy range, not observed property margin. | Guest relationship value and recovery value are synthetic scenario inputs. | Public context cannot substitute for live occupancy, inventory, or approved hotel policy.","Recommend $150 Calabra or Palma dining credit for a loyalty guest with a severity 3 valet or parking delay reported before checkout. Estimated internal cost is $38-$90, not an observed property margin. Rationale: high guest relationship value, recoverable before checkout, high perceived value lower estimated cost, public rate pressure changed recovery. Recommendation stability is 100%. The closest alternative was $85 parking or destination-fee waiver; the recommended gesture scored better on recovery fit, estimated cost, and operational constraints."
rec_00307,case_00307,TKT000307,PMS000437,event_or_suite_guest,business_traveler,5250,40830,1.0,0.95,,housekeeping_miss,outcome,3,0.9,false,0.765,Santa Monica Proper Hotel,true,true,true,true,true,0.88,observed_public_property_context,0.72,0.28,sample_seed_review_taxonomy_prior,0.48,0.056,0.432,false,0.32,sample_seed_local_demand_context,0.534,false,755,655,1.153,149,1.122,0.92,sample_seed_public_rate_shape,0.4,false,manager_note,0,0,future_stay_credit,future-stay credit,260,156,78,221,260,4,72.94,0.094,0.65,0.686,1655,false,1.0,high,smp-public-context-v1.0.0,high_guest_relationship_value;hotel_responsible_failure,,"[{""comp_code"": ""rooftop_f_and_b_credit"", ""comp_label"": ""Calabra or Palma dining credit"", ""guest_facing_value"": 180, ""internal_cost_expected"": 72, ""internal_cost_high"": 108, ""internal_cost_low"": 45, ""policy_score"": 107.9}, {""comp_code"": ""lobby_lounge_credit"", ""comp_label"": ""Palma lounge credit"", ""guest_facing_value"": 120, ""internal_cost_expected"": 46, ""internal_cost_high"": 66, ""internal_cost_low"": 30, ""policy_score"": 73.06}]","{""fit_score"": 0.76, ""leakage_penalty"": 85.8, ""operational_penalty"": 0.0, ""perceived_value"": 312.0, ""policy_score"": 188.28}","Internal cost is a policy range, not observed property margin. | Guest relationship value and recovery value are synthetic scenario inputs. | Public context cannot substitute for live occupancy, inventory, or approved hotel policy.","Recommend $260 future-stay credit for an event/suite guest with a severity 3 housekeeping miss reported after checkout. Estimated internal cost is $78-$221, not an observed property margin. Rationale: high guest relationship value, hotel responsible failure. Recommendation stability is 100%. The closest alternative was $180 Calabra or Palma dining credit; the recommended gesture scored better on recovery fit, estimated cost, and operational constraints."
rec_00308,case_00308,TKT000308,PMS000847,loyalty_guest,coastal_weekend,660,3340,1.0,0.95,severity_inferred,maintenance_issue,outcome,3,0.78,false,0.538,Santa Monica Proper Hotel,true,true,true,true,true,0.88,observed_public_property_context,0.69,0.28,sample_seed_review_taxonomy_prior,0.22,0.039,0.231,false,0.32,sample_seed_local_demand_context,0.514,false,750,695,1.079,145,1.096,0.92,sample_seed_public_rate_shape,0.2,false,spa_wellness_credit,225,124,spa_wellness_credit,Surya Spa or Recovery Suite credit,330,182,99,248,105,4,59.29,1,0.529,0.558,132,false,1.0,moderate,smp-public-context-v1.0.0,high_guest_relationship_value;hotel_responsible_failure;high_perceived_value_lower_estimated_cost,,"[{""comp_code"": ""room_upgrade"", ""comp_label"": ""room upgrade"", ""guest_facing_value"": 360, ""internal_cost_expected"": 90, ""internal_cost_high"": 234, ""internal_cost_low"": 29, ""policy_score"": 136.55}, {""comp_code"": ""future_stay_credit"", ""comp_label"": ""future-stay credit"", ""guest_facing_value"": 230, ""internal_cost_expected"": 138, ""internal_cost_high"": 196, ""internal_cost_low"": 69, ""policy_score"": 110.27}]","{""fit_score"": 0.521, ""leakage_penalty"": 72.8, ""operational_penalty"": 0.0, ""perceived_value"": 445.5, ""policy_score"": 182.21}","Internal cost is a policy range, not observed property margin. | Guest relationship value and recovery value are synthetic scenario inputs. | Public context cannot substitute for live occupancy, inventory, or approved hotel policy.","Recommend $330 Surya Spa or Recovery Suite credit for a loyalty guest with a severity 3 maintenance issue reported after checkout. Estimated internal cost is $99-$248, not an observed property margin. Rationale: high guest relationship value, hotel responsible failure, high perceived value lower estimated cost. Recommendation stability is 100%. The closest alternative was $360 room upgrade; the recommended gesture scored better on recovery fit, estimated cost, and operational constraints."
rec_00309,case_00309,TKT000309,PMS001027,new_guest,coastal_weekend,1420,2556,0.58,0.95,low_reservation_match_confidence;ltv_imputed;no_review_or_survey,room_assignment_expectation_gap,outcome,3,0.74,false,0.737,Santa Monica Proper Hotel,true,true,true,true,true,0.88,observed_public_property_context,0.68,0.28,sample_seed_review_taxonomy_prior,0.22,0.644,0.389,false,0.32,sample_seed_local_demand_context,0.296,false,695,765,0.908,101,0.985,0.92,sample_seed_public_rate_shape,0.12,false,rooftop_f_and_b_credit,155,62,room_upgrade,room upgrade,300,75,24,195,145,3,55.97,0.424,0.501,0.527,177,true,1.0,low,smp-public-context-v1.0.0,hotel_responsible_failure;high_perceived_value_lower_estimated_cost;manager_review_required,,"[{""comp_code"": ""rooftop_f_and_b_credit"", ""comp_label"": ""Calabra or Palma dining credit"", ""guest_facing_value"": 150, ""internal_cost_expected"": 60, ""internal_cost_high"": 90, ""internal_cost_low"": 38, ""policy_score"": 93.14}, {""comp_code"": ""spa_wellness_credit"", ""comp_label"": ""Surya Spa or Recovery Suite credit"", ""guest_facing_value"": 275, ""internal_cost_expected"": 151, ""internal_cost_high"": 206, ""internal_cost_low"": 82, ""policy_score"": 67.92}]","{""fit_score"": 0.963, ""leakage_penalty"": 25.5, ""operational_penalty"": 121.61, ""perceived_value"": 420.0, ""policy_score"": 277.66}","Internal cost is a policy range, not observed property margin. | Guest relationship value and recovery value are synthetic scenario inputs. | Public context cannot substitute for live occupancy, inventory, or approved hotel policy.","Recommend $300 room upgrade for a new guest with a severity 3 room assignment expectation gap reported after checkout. Estimated internal cost is $24-$195, not an observed property margin. Rationale: hotel responsible failure, high perceived value lower estimated cost, manager review required. Recommendation stability is 100%. The closest alternative was $150 Calabra or Palma dining credit; the recommended gesture scored better on recovery fit, estimated cost, and operational constraints."
rec_00310,case_00310,TKT000310,PMS001438,new_guest,business_traveler,2190,4250,0.78,0.95,severity_inferred;no_comp_record,housekeeping_miss,outcome,3,0.9,true,0.404,Santa Monica Proper Hotel,true,true,true,true,true,0.88,observed_public_property_context,0.72,0.28,sample_seed_review_taxonomy_prior,0.22,0.561,0.376,false,0.32,sample_seed_local_demand_context,0.138,false,655,630,1.04,72,0.928,0.92,sample_seed_public_rate_shape,0,false,,0,0,rooftop_f_and_b_credit,Calabra or Palma dining credit,150,60,38,90,150,3,56.53,0.213,0.506,0.533,282,false,0.852,moderate,smp-public-context-v1.0.0,hotel_responsible_failure;recoverable_before_checkout;high_perceived_value_lower_estimated_cost,,"[{""comp_code"": ""spa_wellness_credit"", ""comp_label"": ""Surya Spa or Recovery Suite credit"", ""guest_facing_value"": 275, ""internal_cost_expected"": 151, ""internal_cost_high"": 206, ""internal_cost_low"": 82, ""policy_score"": 81.89}, {""comp_code"": ""lobby_lounge_credit"", ""comp_label"": ""Palma lounge credit"", ""guest_facing_value"": 100, ""internal_cost_expected"": 38, ""internal_cost_high"": 55, ""internal_cost_low"": 25, ""policy_score"": 66.22}]","{""fit_score"": 0.537, ""leakage_penalty"": 15.0, ""operational_penalty"": 0.0, ""perceived_value"": 187.5, ""policy_score"": 98.89}","Internal cost is a policy range, not observed property margin. | Guest relationship value and recovery value are synthetic scenario inputs. | Public context cannot substitute for live occupancy, inventory, or approved hotel policy.","Recommend $150 Calabra or Palma dining credit for a new guest with a severity 3 housekeeping miss reported before checkout. Estimated internal cost is $38-$90, not an observed property margin. Rationale: hotel responsible failure, recoverable before checkout, high perceived value lower estimated cost. Recommendation stability is 85%. The closest alternative was $275 Surya Spa or Recovery Suite credit; the recommended gesture scored better on recovery fit, estimated cost, and operational constraints."
rec_00311,case_00311,TKT000311,PMS001192,returning_guest,coastal_weekend,690,2650,1.0,0.95,no_review_or_survey;no_comp_record,rooftop_pool_access_issue,process,3,0.64,false,0.635,Santa Monica Proper Hotel,true,true,true,true,true,0.88,observed_public_property_context,0.6,0.28,sample_seed_review_taxonomy_prior,0.48,0.14,0.4,false,0.32,sample_seed_local_demand_context,0.553,false,760,735,1.034,153,1.101,0.92,sample_seed_public_rate_shape,0,false,,0,0,rooftop_f_and_b_credit,Calabra or Palma dining credit,150,60,38,90,150,3,53.89,0.55,0.479,0.506,109,false,1.0,high,smp-public-context-v1.0.0,high_perceived_value_lower_estimated_cost,,"[{""comp_code"": ""spa_wellness_credit"", ""comp_label"": ""Surya Spa or Recovery Suite credit"", ""guest_facing_value"": 275, ""internal_cost_expected"": 151, ""internal_cost_high"": 206, ""internal_cost_low"": 82, ""policy_score"": 80.12}, {""comp_code"": ""lobby_lounge_credit"", ""comp_label"": ""Palma lounge credit"", ""guest_facing_value"": 100, ""internal_cost_expected"": 38, ""internal_cost_high"": 55, ""internal_cost_low"": 25, ""policy_score"": 65.1}]","{""fit_score"": 1.026, ""leakage_penalty"": 15.0, ""operational_penalty"": 0.0, ""perceived_value"": 187.5, ""policy_score"": 192.37}","Internal cost is a policy range, not observed property margin. | Guest relationship value and recovery value are synthetic scenario inputs. | Public context cannot substitute for live occupancy, inventory, or approved hotel policy.","Recommend $150 Calabra or Palma dining credit for a returning guest with a severity 3 rooftop pool access issue reported after checkout. Estimated internal cost is $38-$90, not an observed property margin. Rationale: high perceived value lower estimated cost. Recommendation stability is 100%. The closest alternative was $275 Surya Spa or Recovery Suite credit; the recommended gesture scored better on recovery fit, estimated cost, and operational constraints."
rec_00312,case_00312,TKT000312,PMS001368,returning_guest,event_or_wedding,4830,12320,0.78,0.95,no_comp_record,rooftop_pool_access_issue,process,2,0.64,false,0.32,Santa Monica Proper Hotel,true,true,true,true,true,0.88,observed_public_property_context,0.6,0.28,sample_seed_review_taxonomy_prior,0.22,0.045,0.185,false,0.32,sample_seed_local_demand_context,0.217,false,675,705,0.957,86,0.951,0.92,sample_seed_public_rate_shape,0,false,,0,0,rooftop_f_and_b_credit,Calabra or Palma dining credit,150,60,38,90,150,3,47.84,0.104,0.376,0.422,576,false,1.0,high,smp-public-context-v1.0.0,high_perceived_value_lower_estimated_cost,,"[{""comp_code"": ""spa_wellness_credit"", ""comp_label"": ""Surya Spa or Recovery Suite credit"", ""guest_facing_value"": 275, ""internal_cost_expected"": 151, ""internal_cost_high"": 206, ""internal_cost_low"": 82, ""policy_score"": 76.05}, {""comp_code"": ""lobby_lounge_credit"", ""comp_label"": ""Palma lounge credit"", ""guest_facing_value"": 100, ""internal_cost_expected"": 38, ""internal_cost_high"": 55, ""internal_cost_low"": 25, ""policy_score"": 62.53}]","{""fit_score"": 1.026, ""leakage_penalty"": 15.0, ""operational_penalty"": 0.0, ""perceived_value"": 187.5, ""policy_score"": 185.09}","Internal cost is a policy range, not observed property margin. | Guest relationship value and recovery value are synthetic scenario inputs. | Public context cannot substitute for live occupancy, inventory, or approved hotel policy.","Recommend $150 Calabra or Palma dining credit for a returning guest with a severity 2 rooftop pool access issue reported after checkout. Estimated internal cost is $38-$90, not an observed property margin. Rationale: high perceived value lower estimated cost. Recommendation stability is 100%. The closest alternative was $275 Surya Spa or Recovery Suite credit; the recommended gesture scored better on recovery fit, estimated cost, and operational constraints."
rec_00313,case_00313,TKT000313,PMS000636,new_guest,wellness_getaway,4380,7440,1.0,0.95,no_review_or_survey,housekeeping_miss,outcome,5,0.95,true,0.603,Santa Monica Proper Hotel,true,true,true,true,true,0.88,observed_public_property_context,0.72,0.28,sample_seed_review_taxonomy_prior,0.22,0.103,0.242,false,0.32,sample_seed_local_demand_context,0.316,false,700,640,1.094,105,1.016,0.92,sample_seed_public_rate_shape,0,false,rooftop_f_and_b_credit,170,68,future_stay_credit,future-stay credit,255,153,76,217,85,5,77.84,0.205,0.72,0.746,748,true,0.963,high,smp-public-context-v1.0.0,hotel_responsible_failure;high_severity_issue;high_review_risk;recoverable_before_checkout;manager_review_required,,"[{""comp_code"": ""rooftop_f_and_b_credit"", ""comp_label"": ""Calabra or Palma dining credit"", ""guest_facing_value"": 220, ""internal_cost_expected"": 88, ""internal_cost_high"": 132, ""internal_cost_low"": 55, ""policy_score"": 161.07}, {""comp_code"": ""spa_wellness_credit"", ""comp_label"": ""Surya Spa or Recovery Suite credit"", ""guest_facing_value"": 400, ""internal_cost_expected"": 220, ""internal_cost_high"": 300, ""internal_cost_low"": 120, ""policy_score"": 136.94}]","{""fit_score"": 0.56, ""leakage_penalty"": 38.25, ""operational_penalty"": 0.0, ""perceived_value"": 306.0, ""policy_score"": 165.07}","Internal cost is a policy range, not observed property margin. | Guest relationship value and recovery value are synthetic scenario inputs. | Public context cannot substitute for live occupancy, inventory, or approved hotel policy.","Recommend $255 future-stay credit for a new guest with a severity 5 housekeeping miss reported before checkout. Estimated internal cost is $76-$217, not an observed property margin. Rationale: hotel responsible failure, high severity issue, high review risk, recoverable before checkout. Recommendation stability is 96%. The closest alternative was $220 Calabra or Palma dining credit; the recommended gesture scored better on recovery fit, estimated cost, and operational constraints."
rec_00314,case_00314,TKT000314,PMS000520,new_guest,event_or_wedding,2250,4750,0.78,0.95,no_comp_record,room_readiness_delay,outcome,2,0.88,true,0.426,Santa Monica Proper Hotel,true,true,true,true,true,0.88,observed_public_property_context,0.74,0.28,sample_seed_review_taxonomy_prior,0.22,0.119,0.244,false,0.32,sample_seed_local_demand_context,0.158,false,660,645,1.023,76,0.932,0.92,sample_seed_public_rate_shape,0,false,,0,0,room_upgrade,room upgrade,300,75,24,195,300,3,49.48,0.288,0.407,0.447,260,false,0.778,moderate,smp-public-context-v1.0.0,hotel_responsible_failure;recoverable_before_checkout;high_perceived_value_lower_estimated_cost;property_fit_changed_recovery,"Property fit changed the recommendation: without this signal, the model would prefer late checkout at $85.","[{""comp_code"": ""late_checkout"", ""comp_label"": ""late checkout"", ""guest_facing_value"": 85, ""internal_cost_expected"": 17, ""internal_cost_high"": 38, ""internal_cost_low"": 7, ""policy_score"": 173.95}, {""comp_code"": ""rooftop_f_and_b_credit"", ""comp_label"": ""Calabra or Palma dining credit"", ""guest_facing_value"": 150, ""internal_cost_expected"": 60, ""internal_cost_high"": 90, ""internal_cost_low"": 38, ""policy_score"": 155.44}]","{""fit_score"": 0.514, ""leakage_penalty"": 18.75, ""operational_penalty"": 23.51, ""perceived_value"": 420.0, ""policy_score"": 175.53}","Internal cost is a policy range, not observed property margin. | Guest relationship value and recovery value are synthetic scenario inputs. | Public context cannot substitute for live occupancy, inventory, or approved hotel policy.","Recommend $300 room upgrade for a new guest with a severity 2 room readiness delay reported before checkout. Estimated internal cost is $24-$195, not an observed property margin. Rationale: hotel responsible failure, recoverable before checkout, high perceived value lower estimated cost, property fit changed recovery. Recommendation stability is 78%. The closest alternative was $85 late checkout; the recommended gesture scored better on recovery fit, estimated cost, and operational constraints."
rec_00315,case_00315,TKT000315,PMS000443,new_guest,design_leisure,2130,4030,1.0,0.95,no_review_or_survey,maintenance_issue,outcome,4,0.83,true,0.413,Santa Monica Proper Hotel,true,true,true,true,true,0.88,observed_public_property_context,0.69,0.28,sample_seed_review_taxonomy_prior,0.22,0.045,0.258,false,0.32,sample_seed_local_demand_context,0.613,false,775,760,1.02,166,1.122,0.92,sample_seed_public_rate_shape,0,false,rooftop_f_and_b_credit,145,58,spa_wellness_credit,Surya Spa or Recovery Suite credit,330,182,99,248,185,4,64.93,0.581,0.608,0.627,313,false,1.0,high,smp-public-context-v1.0.0,hotel_responsible_failure;high_severity_issue;recoverable_before_checkout;high_perceived_value_lower_estimated_cost,,"[{""comp_code"": ""room_upgrade"", ""comp_label"": ""room upgrade"", ""guest_facing_value"": 360, ""internal_cost_expected"": 90, ""internal_cost_high"": 234, ""internal_cost_low"": 29, ""policy_score"": 163.13}, {""comp_code"": ""future_stay_credit"", ""comp_label"": ""future-stay credit"", ""guest_facing_value"": 250, ""internal_cost_expected"": 150, ""internal_cost_high"": 212, ""internal_cost_low"": 75, ""policy_score"": 148.28}]","{""fit_score"": 0.521, ""leakage_penalty"": 45.5, ""operational_penalty"": 0.0, ""perceived_value"": 445.5, ""policy_score"": 217.7}","Internal cost is a policy range, not observed property margin. | Guest relationship value and recovery value are synthetic scenario inputs. | Public context cannot substitute for live occupancy, inventory, or approved hotel policy.","Recommend $330 Surya Spa or Recovery Suite credit for a new guest with a severity 4 maintenance issue reported before checkout. Estimated internal cost is $99-$248, not an observed property margin. Rationale: hotel responsible failure, high severity issue, recoverable before checkout, high perceived value lower estimated cost. Recommendation stability is 100%. The closest alternative was $360 room upgrade; the recommended gesture scored better on recovery fit, estimated cost, and operational constraints."
rec_00316,case_00316,TKT000316,PMS000818,returning_guest,coastal_weekend,2760,7780,1.0,0.95,no_comp_record,room_assignment_expectation_gap,outcome,4,0.79,true,0.952,Santa Monica Proper Hotel,true,true,true,true,true,0.88,observed_public_property_context,0.68,0.28,sample_seed_review_taxonomy_prior,0.22,0.345,0.321,false,0.32,sample_seed_local_demand_context,0.731,true,805,775,1.039,194,1.177,0.92,sample_seed_public_rate_shape,0,true,,0,0,future_stay_credit,future-stay credit,320,192,96,272,320,4,68.48,0.393,0.494,0.58,489,false,0.815,moderate,smp-public-context-v1.0.0,hotel_responsible_failure;high_severity_issue;recoverable_before_checkout;operational_pressure_changed_recovery;public_rate_pressure_changed_recovery,"Operational availability changed the recommendation: without this signal, the model would prefer room upgrade at $360. | Public rate pressure changed the recommendation: without this signal, the model would prefer room upgrade at $360.","[{""comp_code"": ""rooftop_f_and_b_credit"", ""comp_label"": ""Calabra or Palma dining credit"", ""guest_facing_value"": 180, ""internal_cost_expected"": 72, ""internal_cost_high"": 108, ""internal_cost_low"": 45, ""policy_score"": 190.58}, {""comp_code"": ""spa_wellness_credit"", ""comp_label"": ""Surya Spa or Recovery Suite credit"", ""guest_facing_value"": 330, ""internal_cost_expected"": 182, ""internal_cost_high"": 248, ""internal_cost_low"": 99, ""policy_score"": 170.87}]","{""fit_score"": 0.56, ""leakage_penalty"": 48.0, ""operational_penalty"": 0.0, ""perceived_value"": 384.0, ""policy_score"": 194.57}","Internal cost is a policy range, not observed property margin. | Guest relationship value and recovery value are synthetic scenario inputs. | Public context cannot substitute for live occupancy, inventory, or approved hotel policy.","Recommend $320 future-stay credit for a returning guest with a severity 4 room assignment expectation gap reported before checkout. Estimated internal cost is $96-$272, not an observed property margin. Rationale: hotel responsible failure, high severity issue, recoverable before checkout, operational pressure changed recovery. Recommendation stability is 82%. The closest alternative was $180 Calabra or Palma dining credit; the recommended gesture scored better on recovery fit, estimated cost, and operational constraints."
rec_00317,case_00317,TKT000317,PMS001558,new_guest,wellness_getaway,550,1070,1.0,0.95,severity_inferred;no_review_or_survey,valet_or_parking_delay,process,2,0.62,true,0.585,Santa Monica Proper Hotel,true,true,true,true,true,0.88,observed_public_property_context,0.56,0.18,sample_seed_review_taxonomy_prior,0.22,0.064,0.206,false,0.32,sample_seed_local_demand_context,0.395,false,720,760,0.947,120,1.026,0.92,sample_seed_public_rate_shape,0.2,false,amenity_gesture,60,27,parking_fee_waiver,parking or destination-fee waiver,75,14,6,26,15,2,40.08,0.28,0.337,0.366,50,false,1.0,moderate,smp-public-context-v1.0.0,recoverable_before_checkout;high_perceived_value_lower_estimated_cost,,"[{""comp_code"": ""rooftop_f_and_b_credit"", ""comp_label"": ""Calabra or Palma dining credit"", ""guest_facing_value"": 135, ""internal_cost_expected"": 54, ""internal_cost_high"": 81, ""internal_cost_low"": 34, ""policy_score"": 72.37}, {""comp_code"": ""lobby_lounge_credit"", ""comp_label"": ""Palma lounge credit"", ""guest_facing_value"": 90, ""internal_cost_expected"": 34, ""internal_cost_high"": 50, ""internal_cost_low"": 22, ""policy_score"": 48.7}]","{""fit_score"": 0.932, ""leakage_penalty"": 5.6, ""operational_penalty"": 0.0, ""perceived_value"": 86.25, ""policy_score"": 115.78}","Internal cost is a policy range, not observed property margin. | Guest relationship value and recovery value are synthetic scenario inputs. | Public context cannot substitute for live occupancy, inventory, or approved hotel policy.","Recommend $75 parking or destination-fee waiver for a new guest with a severity 2 valet or parking delay reported before checkout. Estimated internal cost is $6-$26, not an observed property margin. Rationale: recoverable before checkout, high perceived value lower estimated cost. Recommendation stability is 100%. The closest alternative was $135 Calabra or Palma dining credit; the recommended gesture scored better on recovery fit, estimated cost, and operational constraints."
rec_00318,case_00318,TKT000318,PMS001523,new_guest,coastal_weekend,940,1570,1.0,0.95,no_review_or_survey;no_comp_record,housekeeping_miss,outcome,1,0.9,false,0.45,Santa Monica Proper Hotel,true,true,true,true,true,0.88,observed_public_property_context,0.72,0.28,sample_seed_review_taxonomy_prior,0.22,0.082,0.237,false,0.32,sample_seed_local_demand_context,0.672,false,790,680,1.162,180,1.183,0.92,sample_seed_public_rate_shape,0,false,,0,0,rooftop_f_and_b_credit,Calabra or Palma dining credit,135,54,34,81,135,2,41.13,0.643,0.305,0.353,84,false,1.0,high,smp-public-context-v1.0.0,hotel_responsible_failure;high_perceived_value_lower_estimated_cost,,"[{""comp_code"": ""lobby_lounge_credit"", ""comp_label"": ""Palma lounge credit"", ""guest_facing_value"": 90, ""internal_cost_expected"": 34, ""internal_cost_high"": 50, ""internal_cost_low"": 22, ""policy_score"": 54.2}, {""comp_code"": ""amenity_gesture"", ""comp_label"": ""in-room amenity gesture"", ""guest_facing_value"": 50, ""internal_cost_expected"": 22, ""internal_cost_high"": 32, ""internal_cost_low"": 12, ""policy_score"": 46.18}]","{""fit_score"": 0.537, ""leakage_penalty"": 13.5, ""operational_penalty"": 0.0, ""perceived_value"": 168.75, ""policy_score"": 81.06}","Internal cost is a policy range, not observed property margin. | Guest relationship value and recovery value are synthetic scenario inputs. | Public context cannot substitute for live occupancy, inventory, or approved hotel policy.","Recommend $135 Calabra or Palma dining credit for a new guest with a severity 1 housekeeping miss reported after checkout. Estimated internal cost is $34-$81, not an observed property margin. Rationale: hotel responsible failure, high perceived value lower estimated cost. Recommendation stability is 100%. The closest alternative was $90 Palma lounge credit; the recommended gesture scored better on recovery fit, estimated cost, and operational constraints."
rec_00319,case_00319,TKT000319,PMS001391,new_guest,coastal_weekend,4130,7380,1.0,0.95,no_comp_record,maintenance_issue,outcome,3,0.78,false,0.844,Santa Monica Proper Hotel,true,true,true,true,true,0.88,observed_public_property_context,0.69,0.28,sample_seed_review_taxonomy_prior,0.7,0.051,0.535,false,0.32,sample_seed_local_demand_context,0.771,true,815,800,1.019,203,1.188,0.92,sample_seed_public_rate_shape,0,true,,0,0,spa_wellness_credit,Surya Spa or Recovery Suite credit,330,182,99,248,330,4,60.1,0.33,0.561,0.579,552,false,1.0,high,smp-public-context-v1.0.0,hotel_responsible_failure;high_perceived_value_lower_estimated_cost,,"[{""comp_code"": ""rooftop_f_and_b_credit"", ""comp_label"": ""Calabra or Palma dining credit"", ""guest_facing_value"": 180, ""internal_cost_expected"": 72, ""internal_cost_high"": 108, ""internal_cost_low"": 45, ""policy_score"": 187.78}, {""comp_code"": ""lobby_lounge_credit"", ""comp_label"": ""Palma lounge credit"", ""guest_facing_value"": 120, ""internal_cost_expected"": 46, ""internal_cost_high"": 66, ""internal_cost_low"": 30, ""policy_score"": 148.3}]","{""fit_score"": 0.521, ""leakage_penalty"": 45.5, ""operational_penalty"": 0.0, ""perceived_value"": 445.5, ""policy_score"": 278.66}","Internal cost is a policy range, not observed property margin. | Guest relationship value and recovery value are synthetic scenario inputs. | Public context cannot substitute for live occupancy, inventory, or approved hotel policy.","Recommend $330 Surya Spa or Recovery Suite credit for a new guest with a severity 3 maintenance issue reported after checkout. Estimated internal cost is $99-$248, not an observed property margin. Rationale: hotel responsible failure, high perceived value lower estimated cost. Recommendation stability is 100%. The closest alternative was $180 Calabra or Palma dining credit; the recommended gesture scored better on recovery fit, estimated cost, and operational constraints."
rec_00320,case_00320,TKT000320,PMS001416,new_guest,wellness_getaway,650,1090,1.0,0.95,,rooftop_pool_access_issue,process,1,0.64,false,0.365,Santa Monica Proper Hotel,true,true,true,true,true,0.88,observed_public_property_context,0.6,0.28,sample_seed_review_taxonomy_prior,0.22,0.065,0.211,false,0.32,sample_seed_local_demand_context,0.257,false,685,650,1.054,94,0.981,0.92,sample_seed_public_rate_shape,0.2,false,lobby_lounge_credit,90,34,rooftop_f_and_b_credit,Calabra or Palma dining credit,135,54,34,81,45,2,36.57,1,0.44,0.407,52,false,1.0,high,smp-public-context-v1.0.0,high_perceived_value_lower_estimated_cost,,"[{""comp_code"": ""lobby_lounge_credit"", ""comp_label"": ""Palma lounge credit"", ""guest_facing_value"": 90, ""internal_cost_expected"": 34, ""internal_cost_high"": 50, ""internal_cost_low"": 22, ""policy_score"": 47.36}, {""comp_code"": ""late_checkout"", ""comp_label"": ""late checkout"", ""guest_facing_value"": 75, ""internal_cost_expected"": 15, ""internal_cost_high"": 34, ""internal_cost_low"": 6, ""policy_score"": 39.67}]","{""fit_score"": 1.026, ""leakage_penalty"": 21.6, ""operational_penalty"": 0.0, ""perceived_value"": 168.75, ""policy_score"": 147.06}","Internal cost is a policy range, not observed property margin. | Guest relationship value and recovery value are synthetic scenario inputs. | Public context cannot substitute for live occupancy, inventory, or approved hotel policy.","Recommend $135 Calabra or Palma dining credit for a new guest with a severity 1 rooftop pool access issue reported after checkout. Estimated internal cost is $34-$81, not an observed property margin. Rationale: high perceived value lower estimated cost. Recommendation stability is 100%. The closest alternative was $90 Palma lounge credit; the recommended gesture scored better on recovery fit, estimated cost, and operational constraints."
rec_00321,case_00321,TKT000321,PMS000666,returning_guest,design_leisure,1680,3024,1.0,0.95,ltv_imputed;no_comp_record,spa_wellness_service_issue,process,2,0.74,false,0.611,Santa Monica Proper Hotel,true,true,true,true,true,0.88,observed_public_property_context,0.64,0.28,sample_seed_review_taxonomy_prior,0.48,0.044,0.401,false,0.32,sample_seed_local_demand_context,0.257,false,685,725,0.945,94,0.968,0.92,sample_seed_public_rate_shape,0,false,,0,0,spa_wellness_credit,Surya Spa or Recovery Suite credit,275,151,82,206,275,3,48.97,0.825,0.395,0.438,183,false,0.963,moderate,smp-public-context-v1.0.0,hotel_responsible_failure;high_perceived_value_lower_estimated_cost,,"[{""comp_code"": ""rooftop_f_and_b_credit"", ""comp_label"": ""Calabra or Palma dining credit"", ""guest_facing_value"": 150, ""internal_cost_expected"": 60, ""internal_cost_high"": 90, ""internal_cost_low"": 38, ""policy_score"": 94.13}, {""comp_code"": ""lobby_lounge_credit"", ""comp_label"": ""Palma lounge credit"", ""guest_facing_value"": 100, ""internal_cost_expected"": 38, ""internal_cost_high"": 55, ""internal_cost_low"": 25, ""policy_score"": 63.01}]","{""fit_score"": 1.043, ""leakage_penalty"": 37.75, ""operational_penalty"": 0.0, ""perceived_value"": 371.25, ""policy_score"": 358.04}","Internal cost is a policy range, not observed property margin. | Guest relationship value and recovery value are synthetic scenario inputs. | Public context cannot substitute for live occupancy, inventory, or approved hotel policy.","Recommend $275 Surya Spa or Recovery Suite credit for a returning guest with a severity 2 spa/wellness service issue reported after checkout. Estimated internal cost is $82-$206, not an observed property margin. Rationale: hotel responsible failure, high perceived value lower estimated cost. Recommendation stability is 96%. The closest alternative was $150 Calabra or Palma dining credit; the recommended gesture scored better on recovery fit, estimated cost, and operational constraints."
rec_00322,case_00322,TKT000322,PMS000163,returning_guest,wellness_getaway,700,1570,1.0,0.95,severity_inferred;no_review_or_survey;no_comp_record,f_and_b_service_lapse,process,2,0.7,true,0.55,Santa Monica Proper Hotel,true,true,true,true,true,0.88,observed_public_property_context,0.6,0.28,sample_seed_review_taxonomy_prior,0.48,0.062,0.419,false,0.32,sample_seed_local_demand_context,0.514,false,750,750,1.0,145,1.076,0.92,sample_seed_public_rate_shape,0,false,,0,0,rooftop_f_and_b_credit,Calabra or Palma dining credit,150,60,38,90,150,3,43.58,0.822,0.375,0.402,73,false,1.0,moderate,smp-public-context-v1.0.0,hotel_responsible_failure;recoverable_before_checkout;high_perceived_value_lower_estimated_cost,,"[{""comp_code"": ""spa_wellness_credit"", ""comp_label"": ""Surya Spa or Recovery Suite credit"", ""guest_facing_value"": 275, ""internal_cost_expected"": 151, ""internal_cost_high"": 206, ""internal_cost_low"": 82, ""policy_score"": 73.19}, {""comp_code"": ""lobby_lounge_credit"", ""comp_label"": ""Palma lounge credit"", ""guest_facing_value"": 100, ""internal_cost_expected"": 38, ""internal_cost_high"": 55, ""internal_cost_low"": 25, ""policy_score"": 60.73}]","{""fit_score"": 1.05, ""leakage_penalty"": 15.0, ""operational_penalty"": 0.0, ""perceived_value"": 187.5, ""policy_score"": 184.32}","Internal cost is a policy range, not observed property margin. | Guest relationship value and recovery value are synthetic scenario inputs. | Public context cannot substitute for live occupancy, inventory, or approved hotel policy.","Recommend $150 Calabra or Palma dining credit for a returning guest with a severity 2 F&B service lapse reported before checkout. Estimated internal cost is $38-$90, not an observed property margin. Rationale: hotel responsible failure, recoverable before checkout, high perceived value lower estimated cost. Recommendation stability is 100%. The closest alternative was $275 Surya Spa or Recovery Suite credit; the recommended gesture scored better on recovery fit, estimated cost, and operational constraints."
rec_00323,case_00323,TKT000323,PMS000649,new_guest,coastal_weekend,2160,3250,1.0,0.95,no_review_or_survey,maintenance_issue,outcome,4,0.83,true,0.659,Santa Monica Proper Hotel,true,true,true,true,true,0.88,observed_public_property_context,0.69,0.28,sample_seed_review_taxonomy_prior,0.22,0.425,0.299,false,0.32,sample_seed_local_demand_context,0.573,false,765,685,1.117,158,1.13,0.92,sample_seed_public_rate_shape,0,false,rooftop_f_and_b_credit,125,50,spa_wellness_credit,Surya Spa or Recovery Suite credit,330,182,99,248,205,4,65.23,0.607,0.608,0.628,300,false,1.0,high,smp-public-context-v1.0.0,hotel_responsible_failure;high_severity_issue;recoverable_before_checkout;high_perceived_value_lower_estimated_cost,,"[{""comp_code"": ""room_upgrade"", ""comp_label"": ""room upgrade"", ""guest_facing_value"": 360, ""internal_cost_expected"": 90, ""internal_cost_high"": 234, ""internal_cost_low"": 29, ""policy_score"": 150.41}, {""comp_code"": ""rooftop_f_and_b_credit"", ""comp_label"": ""Calabra or Palma dining credit"", ""guest_facing_value"": 180, ""internal_cost_expected"": 72, ""internal_cost_high"": 108, ""internal_cost_low"": 45, ""policy_score"": 123.68}]","{""fit_score"": 0.521, ""leakage_penalty"": 45.5, ""operational_penalty"": 0.0, ""perceived_value"": 445.5, ""policy_score"": 218.13}","Internal cost is a policy range, not observed property margin. | Guest relationship value and recovery value are synthetic scenario inputs. | Public context cannot substitute for live occupancy, inventory, or approved hotel policy.","Recommend $330 Surya Spa or Recovery Suite credit for a new guest with a severity 4 maintenance issue reported before checkout. Estimated internal cost is $99-$248, not an observed property margin. Rationale: hotel responsible failure, high severity issue, recoverable before checkout, high perceived value lower estimated cost. Recommendation stability is 100%. The closest alternative was $360 room upgrade; the recommended gesture scored better on recovery fit, estimated cost, and operational constraints."
rec_00324,case_00324,TKT000324,PMS001195,new_guest,design_leisure,1120,2016,1.0,0.95,ltv_imputed;no_review_or_survey,housekeeping_miss,outcome,5,0.95,true,0.71,Santa Monica Proper Hotel,true,true,true,true,true,0.88,observed_public_property_context,0.72,0.28,sample_seed_review_taxonomy_prior,0.22,0.036,0.204,false,0.32,sample_seed_local_demand_context,0.81,true,825,815,1.012,213,1.203,0.92,sample_seed_public_rate_shape,0.2,false,room_upgrade,360,90,rooftop_f_and_b_credit,Calabra or Palma dining credit,180,72,45,108,-180,4,75.38,0.383,0.72,0.735,188,false,1.0,moderate,smp-public-context-v1.0.0,hotel_responsible_failure;high_severity_issue;high_review_risk;recoverable_before_checkout;high_perceived_value_lower_estimated_cost,,"[{""comp_code"": ""spa_wellness_credit"", ""comp_label"": ""Surya Spa or Recovery Suite credit"", ""guest_facing_value"": 330, ""internal_cost_expected"": 182, ""internal_cost_high"": 248, ""internal_cost_low"": 99, ""policy_score"": 156.1}, {""comp_code"": ""lobby_lounge_credit"", ""comp_label"": ""Palma lounge credit"", ""guest_facing_value"": 120, ""internal_cost_expected"": 46, ""internal_cost_high"": 66, ""internal_cost_low"": 30, ""policy_score"": 152.61}]","{""fit_score"": 0.537, ""leakage_penalty"": 28.8, ""operational_penalty"": 0.0, ""perceived_value"": 225.0, ""policy_score"": 191.96}","Internal cost is a policy range, not observed property margin. | Guest relationship value and recovery value are synthetic scenario inputs. | Public context cannot substitute for live occupancy, inventory, or approved hotel policy.","Recommend $180 Calabra or Palma dining credit for a new guest with a severity 5 housekeeping miss reported before checkout. Estimated internal cost is $45-$108, not an observed property margin. Rationale: hotel responsible failure, high severity issue, high review risk, recoverable before checkout. Recommendation stability is 100%. The closest alternative was $330 Surya Spa or Recovery Suite credit; the recommended gesture scored better on recovery fit, estimated cost, and operational constraints."
rec_00325,case_00325,TKT000325,PMS000825,vip_guest,coastal_weekend,820,6220,1.0,0.95,no_comp_record,rooftop_pool_access_issue,process,2,0.64,true,0.328,Santa Monica Proper Hotel,true,true,true,true,true,0.88,observed_public_property_context,0.6,0.28,sample_seed_review_taxonomy_prior,0.48,0.09,0.41,false,0.32,sample_seed_local_demand_context,0.296,false,695,710,0.979,101,0.985,0.92,sample_seed_public_rate_shape,0,false,,0,0,rooftop_f_and_b_credit,Calabra or Palma dining credit,150,60,38,90,150,3,43.78,0.392,0.32,0.373,153,false,1.0,high,smp-public-context-v1.0.0,high_guest_relationship_value;recoverable_before_checkout;high_perceived_value_lower_estimated_cost,,"[{""comp_code"": ""spa_wellness_credit"", ""comp_label"": ""Surya Spa or Recovery Suite credit"", ""guest_facing_value"": 275, ""internal_cost_expected"": 151, ""internal_cost_high"": 206, ""internal_cost_low"": 82, ""policy_score"": 73.32}, {""comp_code"": ""lobby_lounge_credit"", ""comp_label"": ""Palma lounge credit"", ""guest_facing_value"": 100, ""internal_cost_expected"": 38, ""internal_cost_high"": 55, ""internal_cost_low"": 25, ""policy_score"": 60.81}]","{""fit_score"": 1.026, ""leakage_penalty"": 15.0, ""operational_penalty"": 0.0, ""perceived_value"": 187.5, ""policy_score"": 180.21}","Internal cost is a policy range, not observed property margin. | Guest relationship value and recovery value are synthetic scenario inputs. | Public context cannot substitute for live occupancy, inventory, or approved hotel policy.","Recommend $150 Calabra or Palma dining credit for a vip guest with a severity 2 rooftop pool access issue reported before checkout. Estimated internal cost is $38-$90, not an observed property margin. Rationale: high guest relationship value, recoverable before checkout, high perceived value lower estimated cost. Recommendation stability is 100%. The closest alternative was $275 Surya Spa or Recovery Suite credit; the recommended gesture scored better on recovery fit, estimated cost, and operational constraints."
rec_00326,case_00326,TKT000326,PMS001587,new_guest,family_beach_trip,1220,2640,1.0,0.95,no_review_or_survey,maintenance_issue,outcome,2,0.78,false,0.99,Santa Monica Proper Hotel,true,true,true,true,true,0.88,observed_public_property_context,0.69,0.28,sample_seed_review_taxonomy_prior,0.7,0.327,0.629,false,0.32,sample_seed_local_demand_context,1.0,true,895,890,1.006,268,1.282,0.92,sample_seed_public_rate_shape,0.2,false,lobby_lounge_credit,130,49,spa_wellness_credit,Surya Spa or Recovery Suite credit,275,151,82,206,145,3,47.9,1,0.401,0.436,138,false,0.963,high,smp-public-context-v1.0.0,hotel_responsible_failure;high_perceived_value_lower_estimated_cost,,"[{""comp_code"": ""rooftop_f_and_b_credit"", ""comp_label"": ""Calabra or Palma dining credit"", ""guest_facing_value"": 150, ""internal_cost_expected"": 60, ""internal_cost_high"": 90, ""internal_cost_low"": 38, ""policy_score"": 172.62}, {""comp_code"": ""lobby_lounge_credit"", ""comp_label"": ""Palma lounge credit"", ""guest_facing_value"": 100, ""internal_cost_expected"": 38, ""internal_cost_high"": 55, ""internal_cost_low"": 25, ""policy_score"": 145.02}]","{""fit_score"": 0.521, ""leakage_penalty"": 60.4, ""operational_penalty"": 0.0, ""perceived_value"": 371.25, ""policy_score"": 227.56}","Internal cost is a policy range, not observed property margin. | Guest relationship value and recovery value are synthetic scenario inputs. | Public context cannot substitute for live occupancy, inventory, or approved hotel policy.","Recommend $275 Surya Spa or Recovery Suite credit for a new guest with a severity 2 maintenance issue reported after checkout. Estimated internal cost is $82-$206, not an observed property margin. Rationale: hotel responsible failure, high perceived value lower estimated cost. Recommendation stability is 96%. The closest alternative was $150 Calabra or Palma dining credit; the recommended gesture scored better on recovery fit, estimated cost, and operational constraints."
rec_00327,case_00327,TKT000327,PMS000073,vip_guest,business_traveler,4760,26700,1.0,0.95,no_comp_record,valet_or_parking_delay,process,3,0.62,true,0.788,Santa Monica Proper Hotel,true,true,true,true,true,0.88,observed_public_property_context,0.56,0.18,sample_seed_review_taxonomy_prior,0.22,0.078,0.204,false,0.32,sample_seed_local_demand_context,0.356,false,710,695,1.022,112,1.015,0.92,sample_seed_public_rate_shape,0,false,,0,0,parking_fee_waiver,parking or destination-fee waiver,85,15,7,30,85,3,56.53,0.016,0.465,0.51,959,false,0.815,high,smp-public-context-v1.0.0,high_guest_relationship_value;recoverable_before_checkout;high_perceived_value_lower_estimated_cost,,"[{""comp_code"": ""rooftop_f_and_b_credit"", ""comp_label"": ""Calabra or Palma dining credit"", ""guest_facing_value"": 150, ""internal_cost_expected"": 60, ""internal_cost_high"": 90, ""internal_cost_low"": 38, ""policy_score"": 98.89}, {""comp_code"": ""spa_wellness_credit"", ""comp_label"": ""Surya Spa or Recovery Suite credit"", ""guest_facing_value"": 275, ""internal_cost_expected"": 151, ""internal_cost_high"": 206, ""internal_cost_low"": 82, ""policy_score"": 81.89}]","{""fit_score"": 0.932, ""leakage_penalty"": 3.75, ""operational_penalty"": 0.0, ""perceived_value"": 97.75, ""policy_score"": 137.18}","Internal cost is a policy range, not observed property margin. | Guest relationship value and recovery value are synthetic scenario inputs. | Public context cannot substitute for live occupancy, inventory, or approved hotel policy.","Recommend $85 parking or destination-fee waiver for a vip guest with a severity 3 valet or parking delay reported before checkout. Estimated internal cost is $7-$30, not an observed property margin. Rationale: high guest relationship value, recoverable before checkout, high perceived value lower estimated cost. Recommendation stability is 82%. The closest alternative was $150 Calabra or Palma dining credit; the recommended gesture scored better on recovery fit, estimated cost, and operational constraints."
rec_00328,case_00328,TKT000328,PMS000045,new_guest,design_leisure,1140,2190,1.0,0.95,,room_readiness_delay,outcome,5,0.93,true,0.32,Santa Monica Proper Hotel,true,true,true,true,true,0.88,observed_public_property_context,0.74,0.28,sample_seed_review_taxonomy_prior,0.22,0.144,0.287,false,0.32,sample_seed_local_demand_context,0.158,false,660,695,0.95,76,0.926,0.92,sample_seed_public_rate_shape,0,false,room_upgrade,260,65,room_upgrade,room upgrade,360,90,29,234,100,4,71.03,0.489,0.551,0.623,184,false,1.0,high,smp-public-context-v1.0.0,hotel_responsible_failure;high_severity_issue;recoverable_before_checkout;high_perceived_value_lower_estimated_cost,,"[{""comp_code"": ""late_checkout"", ""comp_label"": ""late checkout"", ""guest_facing_value"": 100, ""internal_cost_expected"": 20, ""internal_cost_high"": 45, ""internal_cost_low"": 8, ""policy_score"": 213.16}, {""comp_code"": ""rooftop_f_and_b_credit"", ""comp_label"": ""Calabra or Palma dining credit"", ""guest_facing_value"": 180, ""internal_cost_expected"": 72, ""internal_cost_high"": 108, ""internal_cost_low"": 45, ""policy_score"": 211.01}]","{""fit_score"": 0.514, ""leakage_penalty"": 22.5, ""operational_penalty"": 19.48, ""perceived_value"": 504.0, ""policy_score"": 254.24}","Internal cost is a policy range, not observed property margin. | Guest relationship value and recovery value are synthetic scenario inputs. | Public context cannot substitute for live occupancy, inventory, or approved hotel policy.","Recommend $360 room upgrade for a new guest with a severity 5 room readiness delay reported before checkout. Estimated internal cost is $29-$234, not an observed property margin. Rationale: hotel responsible failure, high severity issue, recoverable before checkout, high perceived value lower estimated cost. Recommendation stability is 100%. The closest alternative was $100 late checkout; the recommended gesture scored better on recovery fit, estimated cost, and operational constraints."
rec_00329,case_00329,TKT000329,PMS000661,returning_guest,coastal_weekend,5880,12610,1.0,0.95,,rooftop_pool_access_issue,process,1,0.64,true,0.659,Santa Monica Proper Hotel,true,true,true,true,true,0.88,observed_public_property_context,0.6,0.28,sample_seed_review_taxonomy_prior,0.22,0.425,0.299,false,0.32,sample_seed_local_demand_context,0.573,false,765,685,1.117,158,1.13,0.92,sample_seed_public_rate_shape,0.2,false,manager_note,0,0,rooftop_f_and_b_credit,Calabra or Palma dining credit,135,54,34,81,135,2,37.85,0.103,0.328,0.351,523,false,1.0,high,smp-public-context-v1.0.0,recoverable_before_checkout;high_perceived_value_lower_estimated_cost,,"[{""comp_code"": ""lobby_lounge_credit"", ""comp_label"": ""Palma lounge credit"", ""guest_facing_value"": 90, ""internal_cost_expected"": 34, ""internal_cost_high"": 50, ""internal_cost_low"": 22, ""policy_score"": 47.84}, {""comp_code"": ""amenity_gesture"", ""comp_label"": ""in-room amenity gesture"", ""guest_facing_value"": 50, ""internal_cost_expected"": 22, ""internal_cost_high"": 32, ""internal_cost_low"": 12, ""policy_score"": 35.45}]","{""fit_score"": 1.026, ""leakage_penalty"": 21.6, ""operational_penalty"": 0.0, ""perceived_value"": 168.75, ""policy_score"": 148.45}","Internal cost is a policy range, not observed property margin. | Guest relationship value and recovery value are synthetic scenario inputs. | Public context cannot substitute for live occupancy, inventory, or approved hotel policy.","Recommend $135 Calabra or Palma dining credit for a returning guest with a severity 1 rooftop pool access issue reported before checkout. Estimated internal cost is $34-$81, not an observed property margin. Rationale: recoverable before checkout, high perceived value lower estimated cost. Recommendation stability is 100%. The closest alternative was $90 Palma lounge credit; the recommended gesture scored better on recovery fit, estimated cost, and operational constraints."
rec_00330,case_00330,TKT000330,PMS000992,new_guest,business_traveler,2600,4320,1.0,0.95,,valet_or_parking_delay,process,3,0.62,true,0.698,Santa Monica Proper Hotel,true,true,true,true,true,0.88,observed_public_property_context,0.56,0.18,sample_seed_review_taxonomy_prior,0.22,0.026,0.243,false,0.32,sample_seed_local_demand_context,0.059,false,635,565,1.124,59,0.916,0.92,sample_seed_public_rate_shape,0,false,parking_fee_waiver,120,22,parking_fee_waiver,parking or destination-fee waiver,85,15,7,30,-35,3,49.73,0.053,0.42,0.455,282,false,1.0,high,smp-public-context-v1.0.0,recoverable_before_checkout;high_perceived_value_lower_estimated_cost,,"[{""comp_code"": ""rooftop_f_and_b_credit"", ""comp_label"": ""Calabra or Palma dining credit"", ""guest_facing_value"": 150, ""internal_cost_expected"": 60, ""internal_cost_high"": 90, ""internal_cost_low"": 38, ""policy_score"": 94.61}, {""comp_code"": ""spa_wellness_credit"", ""comp_label"": ""Surya Spa or Recovery Suite credit"", ""guest_facing_value"": 275, ""internal_cost_expected"": 151, ""internal_cost_high"": 206, ""internal_cost_low"": 82, ""policy_score"": 77.32}]","{""fit_score"": 0.932, ""leakage_penalty"": 3.75, ""operational_penalty"": 0.0, ""perceived_value"": 97.75, ""policy_score"": 133.31}","Internal cost is a policy range, not observed property margin. | Guest relationship value and recovery value are synthetic scenario inputs. | Public context cannot substitute for live occupancy, inventory, or approved hotel policy.","Recommend $85 parking or destination-fee waiver for a new guest with a severity 3 valet or parking delay reported before checkout. Estimated internal cost is $7-$30, not an observed property margin. Rationale: recoverable before checkout, high perceived value lower estimated cost. Recommendation stability is 100%. The closest alternative was $150 Calabra or Palma dining credit; the recommended gesture scored better on recovery fit, estimated cost, and operational constraints."
rec_00331,case_00331,TKT000331,PMS001589,returning_guest,design_leisure,1340,4340,1.0,0.95,no_review_or_survey,noise_disruption,process,4,0.53,false,0.568,Santa Monica Proper Hotel,true,true,true,true,true,0.88,observed_public_property_context,0.62,0.28,sample_seed_review_taxonomy_prior,0.22,0.176,0.28,false,0.32,sample_seed_local_demand_context,0.494,false,745,760,0.98,141,1.068,0.92,sample_seed_public_rate_shape,0.2,false,lobby_lounge_credit,75,28,spa_wellness_credit,Surya Spa or Recovery Suite credit,330,182,99,248,255,4,61.66,0.805,0.588,0.601,226,false,1.0,high,smp-public-context-v1.0.0,high_severity_issue;high_perceived_value_lower_estimated_cost,,"[{""comp_code"": ""late_checkout"", ""comp_label"": ""late checkout"", ""guest_facing_value"": 100, ""internal_cost_expected"": 20, ""internal_cost_high"": 45, ""internal_cost_low"": 8, ""policy_score"": 185.37}, {""comp_code"": ""future_stay_credit"", ""comp_label"": ""future-stay credit"", ""guest_facing_value"": 235, ""internal_cost_expected"": 141, ""internal_cost_high"": 200, ""internal_cost_low"": 70, ""policy_score"": 115.0}]","{""fit_score"": 0.718, ""leakage_penalty"": 72.8, ""operational_penalty"": 0.0, ""perceived_value"": 445.5, ""policy_score"": 280.87}","Internal cost is a policy range, not observed property margin. | Guest relationship value and recovery value are synthetic scenario inputs. | Public context cannot substitute for live occupancy, inventory, or approved hotel policy.","Recommend $330 Surya Spa or Recovery Suite credit for a returning guest with a severity 4 noise disruption reported after checkout. Estimated internal cost is $99-$248, not an observed property margin. Rationale: high severity issue, high perceived value lower estimated cost. Recommendation stability is 100%. The closest alternative was $100 late checkout; the recommended gesture scored better on recovery fit, estimated cost, and operational constraints."
rec_00332,case_00332,TKT000332,PMS000830,new_guest,family_beach_trip,630,850,1.0,0.95,,f_and_b_service_lapse,process,1,0.7,false,0.32,Santa Monica Proper Hotel,true,true,true,true,true,0.88,observed_public_property_context,0.6,0.28,sample_seed_review_taxonomy_prior,0.22,0.045,0.185,false,0.32,sample_seed_local_demand_context,0.217,false,675,705,0.957,86,0.951,0.92,sample_seed_public_rate_shape,0.2,false,rooftop_f_and_b_credit,180,72,rooftop_f_and_b_credit,Calabra or Palma dining credit,135,54,34,81,-45,2,37.5,1,0.352,0.362,49,false,1.0,high,smp-public-context-v1.0.0,hotel_responsible_failure;high_perceived_value_lower_estimated_cost,,"[{""comp_code"": ""lobby_lounge_credit"", ""comp_label"": ""Palma lounge credit"", ""guest_facing_value"": 90, ""internal_cost_expected"": 34, ""internal_cost_high"": 50, ""internal_cost_low"": 22, ""policy_score"": 47.71}, {""comp_code"": ""late_checkout"", ""comp_label"": ""late checkout"", ""guest_facing_value"": 75, ""internal_cost_expected"": 15, ""internal_cost_high"": 34, ""internal_cost_low"": 6, ""policy_score"": 40.81}]","{""fit_score"": 1.05, ""leakage_penalty"": 21.6, ""operational_penalty"": 0.0, ""perceived_value"": 168.75, ""policy_score"": 151.83}","Internal cost is a policy range, not observed property margin. | Guest relationship value and recovery value are synthetic scenario inputs. | Public context cannot substitute for live occupancy, inventory, or approved hotel policy.","Recommend $135 Calabra or Palma dining credit for a new guest with a severity 1 F&B service lapse reported after checkout. Estimated internal cost is $34-$81, not an observed property margin. Rationale: hotel responsible failure, high perceived value lower estimated cost. Recommendation stability is 100%. The closest alternative was $90 Palma lounge credit; the recommended gesture scored better on recovery fit, estimated cost, and operational constraints."
rec_00333,case_00333,TKT000333,PMS000391,returning_guest,business_traveler,1920,7380,1.0,0.95,no_review_or_survey,room_readiness_delay,outcome,4,0.93,true,0.551,Santa Monica Proper Hotel,true,true,true,true,true,0.88,observed_public_property_context,0.74,0.28,sample_seed_review_taxonomy_prior,0.7,0.123,0.615,false,0.32,sample_seed_local_demand_context,1.0,true,890,855,1.041,267,1.29,0.92,sample_seed_public_rate_shape,0,false,late_checkout,115,23,rooftop_f_and_b_credit,Calabra or Palma dining credit,180,72,45,108,65,4,68.74,0.185,0.622,0.651,389,false,1.0,moderate,smp-public-context-v1.0.0,hotel_responsible_failure;high_severity_issue;recoverable_before_checkout;high_perceived_value_lower_estimated_cost;public_rate_pressure_changed_recovery,"Public rate pressure changed the recommendation: without this signal, the model would prefer room upgrade at $360.","[{""comp_code"": ""lobby_lounge_credit"", ""comp_label"": ""Palma lounge credit"", ""guest_facing_value"": 120, ""internal_cost_expected"": 46, ""internal_cost_high"": 66, ""internal_cost_low"": 30, ""policy_score"": 215.33}, {""comp_code"": ""spa_wellness_credit"", ""comp_label"": ""Surya Spa or Recovery Suite credit"", ""guest_facing_value"": 330, ""internal_cost_expected"": 182, ""internal_cost_high"": 248, ""internal_cost_low"": 99, ""policy_score"": 194.79}]","{""fit_score"": 0.859, ""leakage_penalty"": 18.0, ""operational_penalty"": 0.0, ""perceived_value"": 225.0, ""policy_score"": 296.4}","Internal cost is a policy range, not observed property margin. | Guest relationship value and recovery value are synthetic scenario inputs. | Public context cannot substitute for live occupancy, inventory, or approved hotel policy.","Recommend $180 Calabra or Palma dining credit for a returning guest with a severity 4 room readiness delay reported before checkout. Estimated internal cost is $45-$108, not an observed property margin. Rationale: hotel responsible failure, high severity issue, recoverable before checkout, high perceived value lower estimated cost. Recommendation stability is 100%. The closest alternative was $120 Palma lounge credit; the recommended gesture scored better on recovery fit, estimated cost, and operational constraints."
rec_00334,case_00334,TKT000334,PMS000856,returning_guest,wellness_getaway,2840,6790,1.0,0.95,no_comp_record,rooftop_pool_access_issue,process,3,0.64,false,0.681,Santa Monica Proper Hotel,true,true,true,true,true,0.88,observed_public_property_context,0.6,0.28,sample_seed_review_taxonomy_prior,0.22,0.08,0.221,false,0.32,sample_seed_local_demand_context,0.85,true,835,810,1.031,223,1.225,0.92,sample_seed_public_rate_shape,0,false,,0,0,rooftop_f_and_b_credit,Calabra or Palma dining credit,150,60,38,90,150,3,55.21,0.157,0.464,0.504,382,false,1.0,high,smp-public-context-v1.0.0,high_perceived_value_lower_estimated_cost,,"[{""comp_code"": ""spa_wellness_credit"", ""comp_label"": ""Surya Spa or Recovery Suite credit"", ""guest_facing_value"": 275, ""internal_cost_expected"": 151, ""internal_cost_high"": 206, ""internal_cost_low"": 82, ""policy_score"": 155.94}, {""comp_code"": ""lobby_lounge_credit"", ""comp_label"": ""Palma lounge credit"", ""guest_facing_value"": 100, ""internal_cost_expected"": 38, ""internal_cost_high"": 55, ""internal_cost_low"": 25, ""policy_score"": 140.6}]","{""fit_score"": 1.026, ""leakage_penalty"": 15.0, ""operational_penalty"": 0.0, ""perceived_value"": 187.5, ""policy_score"": 268.89}","Internal cost is a policy range, not observed property margin. | Guest relationship value and recovery value are synthetic scenario inputs. | Public context cannot substitute for live occupancy, inventory, or approved hotel policy.","Recommend $150 Calabra or Palma dining credit for a returning guest with a severity 3 rooftop pool access issue reported after checkout. Estimated internal cost is $38-$90, not an observed property margin. Rationale: high perceived value lower estimated cost. Recommendation stability is 100%. The closest alternative was $275 Surya Spa or Recovery Suite credit; the recommended gesture scored better on recovery fit, estimated cost, and operational constraints."
rec_00335,case_00335,TKT000335,PMS000646,returning_guest,event_or_wedding,1860,5080,1.0,0.95,severity_inferred;no_comp_record,maintenance_issue,outcome,3,0.78,true,0.717,Santa Monica Proper Hotel,true,true,true,true,true,0.88,observed_public_property_context,0.69,0.28,sample_seed_review_taxonomy_prior,0.22,0.149,0.292,false,0.32,sample_seed_local_demand_context,0.178,false,665,645,1.031,79,0.942,0.92,sample_seed_public_rate_shape,0,false,,0,0,spa_wellness_credit,Surya Spa or Recovery Suite credit,330,182,99,248,330,4,59.34,0.645,0.465,0.523,282,false,1.0,moderate,smp-public-context-v1.0.0,hotel_responsible_failure;recoverable_before_checkout;high_perceived_value_lower_estimated_cost,,"[{""comp_code"": ""room_upgrade"", ""comp_label"": ""room upgrade"", ""guest_facing_value"": 360, ""internal_cost_expected"": 90, ""internal_cost_high"": 234, ""internal_cost_low"": 29, ""policy_score"": 140.27}, {""comp_code"": ""future_stay_credit"", ""comp_label"": ""future-stay credit"", ""guest_facing_value"": 215, ""internal_cost_expected"": 129, ""internal_cost_high"": 183, ""internal_cost_low"": 64, ""policy_score"": 122.47}]","{""fit_score"": 0.521, ""leakage_penalty"": 45.5, ""operational_penalty"": 0.0, ""perceived_value"": 445.5, ""policy_score"": 209.58}","Internal cost is a policy range, not observed property margin. | Guest relationship value and recovery value are synthetic scenario inputs. | Public context cannot substitute for live occupancy, inventory, or approved hotel policy.","Recommend $330 Surya Spa or Recovery Suite credit for a returning guest with a severity 3 maintenance issue reported before checkout. Estimated internal cost is $99-$248, not an observed property margin. Rationale: hotel responsible failure, recoverable before checkout, high perceived value lower estimated cost. Recommendation stability is 100%. The closest alternative was $360 room upgrade; the recommended gesture scored better on recovery fit, estimated cost, and operational constraints."
rec_00336,case_00336,TKT000336,PMS000176,new_guest,design_leisure,2520,4040,1.0,0.95,,housekeeping_miss,outcome,2,0.9,true,0.63,Santa Monica Proper Hotel,true,true,true,true,true,0.88,observed_public_property_context,0.72,0.28,sample_seed_review_taxonomy_prior,0.22,0.491,0.288,false,0.32,sample_seed_local_demand_context,0.0,false,590,605,0.975,47,0.86,0.92,sample_seed_public_rate_shape,0.2,false,rooftop_f_and_b_credit,160,64,rooftop_f_and_b_credit,Calabra or Palma dining credit,150,60,38,90,-10,3,48.16,0.229,0.418,0.447,262,false,1.0,high,smp-public-context-v1.0.0,hotel_responsible_failure;recoverable_before_checkout;high_perceived_value_lower_estimated_cost,,"[{""comp_code"": ""lobby_lounge_credit"", ""comp_label"": ""Palma lounge credit"", ""guest_facing_value"": 100, ""internal_cost_expected"": 38, ""internal_cost_high"": 55, ""internal_cost_low"": 25, ""policy_score"": 56.97}, {""comp_code"": ""spa_wellness_credit"", ""comp_label"": ""Surya Spa or Recovery Suite credit"", ""guest_facing_value"": 275, ""internal_cost_expected"": 151, ""internal_cost_high"": 206, ""internal_cost_low"": 82, ""policy_score"": 53.62}]","{""fit_score"": 0.537, ""leakage_penalty"": 24.0, ""operational_penalty"": 0.0, ""perceived_value"": 187.5, ""policy_score"": 84.63}","Internal cost is a policy range, not observed property margin. | Guest relationship value and recovery value are synthetic scenario inputs. | Public context cannot substitute for live occupancy, inventory, or approved hotel policy.","Recommend $150 Calabra or Palma dining credit for a new guest with a severity 2 housekeeping miss reported before checkout. Estimated internal cost is $38-$90, not an observed property margin. Rationale: hotel responsible failure, recoverable before checkout, high perceived value lower estimated cost. Recommendation stability is 100%. The closest alternative was $100 Palma lounge credit; the recommended gesture scored better on recovery fit, estimated cost, and operational constraints."
rec_00337,case_00337,TKT000337,PMS001324,vip_guest,coastal_weekend,2250,16310,1.0,0.95,no_review_or_survey,housekeeping_miss,outcome,4,0.95,true,0.603,Santa Monica Proper Hotel,true,true,true,true,true,0.88,observed_public_property_context,0.72,0.28,sample_seed_review_taxonomy_prior,0.22,0.159,0.265,false,0.32,sample_seed_local_demand_context,0.711,false,800,765,1.046,189,1.17,0.92,sample_seed_public_rate_shape,0.2,false,amenity_gesture,55,25,future_stay_credit,future-stay credit,260,156,78,221,205,4,75.55,0.222,0.616,0.679,703,false,1.0,high,smp-public-context-v1.0.0,high_guest_relationship_value;hotel_responsible_failure;high_severity_issue;recoverable_before_checkout,,"[{""comp_code"": ""rooftop_f_and_b_credit"", ""comp_label"": ""Calabra or Palma dining credit"", ""guest_facing_value"": 180, ""internal_cost_expected"": 72, ""internal_cost_high"": 108, ""internal_cost_low"": 45, ""policy_score"": 120.68}, {""comp_code"": ""spa_wellness_credit"", ""comp_label"": ""Surya Spa or Recovery Suite credit"", ""guest_facing_value"": 330, ""internal_cost_expected"": 182, ""internal_cost_high"": 248, ""internal_cost_low"": 99, ""policy_score"": 84.83}]","{""fit_score"": 0.78, ""leakage_penalty"": 62.4, ""operational_penalty"": 0.0, ""perceived_value"": 312.0, ""policy_score"": 222.86}","Internal cost is a policy range, not observed property margin. | Guest relationship value and recovery value are synthetic scenario inputs. | Public context cannot substitute for live occupancy, inventory, or approved hotel policy.","Recommend $260 future-stay credit for a vip guest with a severity 4 housekeeping miss reported before checkout. Estimated internal cost is $78-$221, not an observed property margin. Rationale: high guest relationship value, hotel responsible failure, high severity issue, recoverable before checkout. Recommendation stability is 100%. The closest alternative was $180 Calabra or Palma dining credit; the recommended gesture scored better on recovery fit, estimated cost, and operational constraints."
rec_00338,case_00338,TKT000338,PMS001138,new_guest,local_staycation,660,920,1.0,0.95,severity_inferred;no_review_or_survey;no_comp_record,housekeeping_miss,outcome,3,0.9,true,0.967,Santa Monica Proper Hotel,true,true,true,true,true,0.88,observed_public_property_context,0.72,0.28,sample_seed_review_taxonomy_prior,0.7,0.144,0.596,false,0.32,sample_seed_local_demand_context,0.909,true,850,805,1.056,238,1.256,0.92,sample_seed_public_rate_shape,0.2,true,,0,0,rooftop_f_and_b_credit,Calabra or Palma dining credit,150,60,38,90,150,3,56.38,0.769,0.513,0.536,78,false,1.0,moderate,smp-public-context-v1.0.0,hotel_responsible_failure;recoverable_before_checkout;high_perceived_value_lower_estimated_cost,,"[{""comp_code"": ""lobby_lounge_credit"", ""comp_label"": ""Palma lounge credit"", ""guest_facing_value"": 100, ""internal_cost_expected"": 38, ""internal_cost_high"": 55, ""internal_cost_low"": 25, ""policy_score"": 140.59}, {""comp_code"": ""spa_wellness_credit"", ""comp_label"": ""Surya Spa or Recovery Suite credit"", ""guest_facing_value"": 275, ""internal_cost_expected"": 151, ""internal_cost_high"": 206, ""internal_cost_low"": 82, ""policy_score"": 139.28}]","{""fit_score"": 0.537, ""leakage_penalty"": 24.0, ""operational_penalty"": 0.0, ""perceived_value"": 187.5, ""policy_score"": 169.94}","Internal cost is a policy range, not observed property margin. | Guest relationship value and recovery value are synthetic scenario inputs. | Public context cannot substitute for live occupancy, inventory, or approved hotel policy.","Recommend $150 Calabra or Palma dining credit for a new guest with a severity 3 housekeeping miss reported before checkout. Estimated internal cost is $38-$90, not an observed property margin. Rationale: hotel responsible failure, recoverable before checkout, high perceived value lower estimated cost. Recommendation stability is 100%. The closest alternative was $100 Palma lounge credit; the recommended gesture scored better on recovery fit, estimated cost, and operational constraints."
rec_00339,case_00339,TKT000339,PMS001011,vip_guest,coastal_weekend,3320,25740,0.78,0.95,no_review_or_survey;no_comp_record,f_and_b_service_lapse,process,2,0.7,true,0.99,Santa Monica Proper Hotel,true,true,true,true,true,0.88,observed_public_property_context,0.6,0.28,sample_seed_review_taxonomy_prior,0.7,0.327,0.629,false,0.32,sample_seed_local_demand_context,1.0,true,895,890,1.006,268,1.282,0.92,sample_seed_public_rate_shape,0,false,,0,0,rooftop_f_and_b_credit,Calabra or Palma dining credit,150,60,38,90,150,3,49.68,0.084,0.375,0.43,711,false,1.0,high,smp-public-context-v1.0.0,high_guest_relationship_value;hotel_responsible_failure;recoverable_before_checkout;high_perceived_value_lower_estimated_cost,,"[{""comp_code"": ""spa_wellness_credit"", ""comp_label"": ""Surya Spa or Recovery Suite credit"", ""guest_facing_value"": 275, ""internal_cost_expected"": 151, ""internal_cost_high"": 206, ""internal_cost_low"": 82, ""policy_score"": 165.45}, {""comp_code"": ""lobby_lounge_credit"", ""comp_label"": ""Palma lounge credit"", ""guest_facing_value"": 100, ""internal_cost_expected"": 38, ""internal_cost_high"": 55, ""internal_cost_low"": 25, ""policy_score"": 151.47}]","{""fit_score"": 1.05, ""leakage_penalty"": 15.0, ""operational_penalty"": 0.0, ""perceived_value"": 187.5, ""policy_score"": 279.99}","Internal cost is a policy range, not observed property margin. | Guest relationship value and recovery value are synthetic scenario inputs. | Public context cannot substitute for live occupancy, inventory, or approved hotel policy.","Recommend $150 Calabra or Palma dining credit for a vip guest with a severity 2 F&B service lapse reported before checkout. Estimated internal cost is $38-$90, not an observed property margin. Rationale: high guest relationship value, hotel responsible failure, recoverable before checkout, high perceived value lower estimated cost. Recommendation stability is 100%. The closest alternative was $275 Surya Spa or Recovery Suite credit; the recommended gesture scored better on recovery fit, estimated cost, and operational constraints."
rec_00340,case_00340,TKT000340,PMS001562,new_guest,design_leisure,1640,2000,1.0,0.95,severity_inferred;no_comp_record,housekeeping_miss,outcome,3,0.9,true,0.32,Santa Monica Proper Hotel,true,true,true,true,true,0.88,observed_public_property_context,0.72,0.28,sample_seed_review_taxonomy_prior,0.22,0.169,0.218,false,0.32,sample_seed_local_demand_context,0.0,false,595,635,0.937,48,0.86,0.92,sample_seed_public_rate_shape,0,false,,0,0,rooftop_f_and_b_credit,Calabra or Palma dining credit,180,72,45,108,180,4,58.58,0.369,0.474,0.524,195,false,1.0,moderate,smp-public-context-v1.0.0,hotel_responsible_failure;recoverable_before_checkout;high_perceived_value_lower_estimated_cost,,"[{""comp_code"": ""spa_wellness_credit"", ""comp_label"": ""Surya Spa or Recovery Suite credit"", ""guest_facing_value"": 330, ""internal_cost_expected"": 182, ""internal_cost_high"": 248, ""internal_cost_low"": 99, ""policy_score"": 98.44}, {""comp_code"": ""future_stay_credit"", ""comp_label"": ""future-stay credit"", ""guest_facing_value"": 150, ""internal_cost_expected"": 90, ""internal_cost_high"": 128, ""internal_cost_low"": 45, ""policy_score"": 84.97}]","{""fit_score"": 0.537, ""leakage_penalty"": 18.0, ""operational_penalty"": 0.0, ""perceived_value"": 225.0, ""policy_score"": 118.66}","Internal cost is a policy range, not observed property margin. | Guest relationship value and recovery value are synthetic scenario inputs. | Public context cannot substitute for live occupancy, inventory, or approved hotel policy.","Recommend $180 Calabra or Palma dining credit for a new guest with a severity 3 housekeeping miss reported before checkout. Estimated internal cost is $45-$108, not an observed property margin. Rationale: hotel responsible failure, recoverable before checkout, high perceived value lower estimated cost. Recommendation stability is 100%. The closest alternative was $330 Surya Spa or Recovery Suite credit; the recommended gesture scored better on recovery fit, estimated cost, and operational constraints."
rec_00341,case_00341,TKT000341,PMS001067,loyalty_guest,design_leisure,770,4900,0.78,0.95,no_comp_record,rooftop_pool_access_issue,process,3,0.64,false,0.79,Santa Monica Proper Hotel,true,true,true,true,true,0.88,observed_public_property_context,0.6,0.28,sample_seed_review_taxonomy_prior,0.22,0.442,0.36,false,0.32,sample_seed_local_demand_context,0.613,false,775,770,1.006,166,1.119,0.92,sample_seed_public_rate_shape,0,false,,0,0,rooftop_f_and_b_credit,Calabra or Palma dining credit,150,60,38,90,150,3,53.67,0.38,0.408,0.466,158,false,1.0,high,smp-public-context-v1.0.0,high_guest_relationship_value;high_perceived_value_lower_estimated_cost,,"[{""comp_code"": ""spa_wellness_credit"", ""comp_label"": ""Surya Spa or Recovery Suite credit"", ""guest_facing_value"": 275, ""internal_cost_expected"": 151, ""internal_cost_high"": 206, ""internal_cost_low"": 82, ""policy_score"": 79.97}, {""comp_code"": ""lobby_lounge_credit"", ""comp_label"": ""Palma lounge credit"", ""guest_facing_value"": 100, ""internal_cost_expected"": 38, ""internal_cost_high"": 55, ""internal_cost_low"": 25, ""policy_score"": 65.01}]","{""fit_score"": 1.026, ""leakage_penalty"": 15.0, ""operational_penalty"": 0.0, ""perceived_value"": 187.5, ""policy_score"": 192.1}","Internal cost is a policy range, not observed property margin. | Guest relationship value and recovery value are synthetic scenario inputs. | Public context cannot substitute for live occupancy, inventory, or approved hotel policy.","Recommend $150 Calabra or Palma dining credit for a loyalty guest with a severity 3 rooftop pool access issue reported after checkout. Estimated internal cost is $38-$90, not an observed property margin. Rationale: high guest relationship value, high perceived value lower estimated cost. Recommendation stability is 100%. The closest alternative was $275 Surya Spa or Recovery Suite credit; the recommended gesture scored better on recovery fit, estimated cost, and operational constraints."
rec_00342,case_00342,TKT000342,PMS000557,new_guest,design_leisure,1300,2340,1.0,0.95,ltv_imputed;no_review_or_survey,spa_wellness_service_issue,process,3,0.74,true,0.507,Santa Monica Proper Hotel,true,true,true,true,true,0.88,observed_public_property_context,0.64,0.28,sample_seed_review_taxonomy_prior,0.22,0.064,0.271,false,0.32,sample_seed_local_demand_context,0.356,false,710,665,1.068,112,1.026,0.92,sample_seed_public_rate_shape,0,false,room_upgrade,245,61,spa_wellness_credit,Surya Spa or Recovery Suite credit,275,151,82,206,30,3,53.36,0.974,0.49,0.51,155,false,1.0,moderate,smp-public-context-v1.0.0,hotel_responsible_failure;recoverable_before_checkout;high_perceived_value_lower_estimated_cost,,"[{""comp_code"": ""rooftop_f_and_b_credit"", ""comp_label"": ""Calabra or Palma dining credit"", ""guest_facing_value"": 150, ""internal_cost_expected"": 60, ""internal_cost_high"": 90, ""internal_cost_low"": 38, ""policy_score"": 96.9}, {""comp_code"": ""lobby_lounge_credit"", ""comp_label"": ""Palma lounge credit"", ""guest_facing_value"": 100, ""internal_cost_expected"": 38, ""internal_cost_high"": 55, ""internal_cost_low"": 25, ""policy_score"": 64.87}]","{""fit_score"": 1.043, ""leakage_penalty"": 37.75, ""operational_penalty"": 0.0, ""perceived_value"": 371.25, ""policy_score"": 368.66}","Internal cost is a policy range, not observed property margin. | Guest relationship value and recovery value are synthetic scenario inputs. | Public context cannot substitute for live occupancy, inventory, or approved hotel policy.","Recommend $275 Surya Spa or Recovery Suite credit for a new guest with a severity 3 spa/wellness service issue reported before checkout. Estimated internal cost is $82-$206, not an observed property margin. Rationale: hotel responsible failure, recoverable before checkout, high perceived value lower estimated cost. Recommendation stability is 100%. The closest alternative was $150 Calabra or Palma dining credit; the recommended gesture scored better on recovery fit, estimated cost, and operational constraints."
rec_00343,case_00343,TKT000343,PMS000432,returning_guest,coastal_weekend,5040,13050,1.0,0.95,no_review_or_survey;no_comp_record,spa_wellness_service_issue,process,3,0.74,true,0.923,Santa Monica Proper Hotel,true,true,true,true,true,0.88,observed_public_property_context,0.64,0.28,sample_seed_review_taxonomy_prior,0.7,0.095,0.553,false,0.32,sample_seed_local_demand_context,1.0,true,900,930,0.968,270,1.28,0.92,sample_seed_public_rate_shape,0,false,,0,0,spa_wellness_credit,Surya Spa or Recovery Suite credit,330,182,99,248,330,4,58.0,0.248,0.49,0.53,733,false,1.0,high,smp-public-context-v1.0.0,hotel_responsible_failure;recoverable_before_checkout;high_perceived_value_lower_estimated_cost,,"[{""comp_code"": ""rooftop_f_and_b_credit"", ""comp_label"": ""Calabra or Palma dining credit"", ""guest_facing_value"": 180, ""internal_cost_expected"": 72, ""internal_cost_high"": 108, ""internal_cost_low"": 45, ""policy_score"": 206.38}, {""comp_code"": ""lobby_lounge_credit"", ""comp_label"": ""Palma lounge credit"", ""guest_facing_value"": 120, ""internal_cost_expected"": 46, ""internal_cost_high"": 66, ""internal_cost_low"": 30, ""policy_score"": 167.42}]","{""fit_score"": 1.043, ""leakage_penalty"": 45.5, ""operational_penalty"": 0.0, ""perceived_value"": 445.5, ""policy_score"": 542.54}","Internal cost is a policy range, not observed property margin. | Guest relationship value and recovery value are synthetic scenario inputs. | Public context cannot substitute for live occupancy, inventory, or approved hotel policy.","Recommend $330 Surya Spa or Recovery Suite credit for a returning guest with a severity 3 spa/wellness service issue reported before checkout. Estimated internal cost is $99-$248, not an observed property margin. Rationale: hotel responsible failure, recoverable before checkout, high perceived value lower estimated cost. Recommendation stability is 100%. The closest alternative was $180 Calabra or Palma dining credit; the recommended gesture scored better on recovery fit, estimated cost, and operational constraints."
rec_00344,case_00344,TKT000344,PMS001403,new_guest,event_or_wedding,620,850,1.0,0.95,,rooftop_pool_access_issue,process,3,0.64,true,0.846,Santa Monica Proper Hotel,true,true,true,true,true,0.88,observed_public_property_context,0.6,0.28,sample_seed_review_taxonomy_prior,0.22,0.068,0.224,false,0.32,sample_seed_local_demand_context,0.178,false,665,705,0.943,79,0.935,0.92,sample_seed_public_rate_shape,0.2,false,late_checkout,95,19,rooftop_f_and_b_credit,Calabra or Palma dining credit,150,60,38,90,55,3,48.48,0.952,0.4,0.438,63,false,1.0,high,smp-public-context-v1.0.0,recoverable_before_checkout;high_perceived_value_lower_estimated_cost,,"[{""comp_code"": ""lobby_lounge_credit"", ""comp_label"": ""Palma lounge credit"", ""guest_facing_value"": 100, ""internal_cost_expected"": 38, ""internal_cost_high"": 55, ""internal_cost_low"": 25, ""policy_score"": 57.11}, {""comp_code"": ""spa_wellness_credit"", ""comp_label"": ""Surya Spa or Recovery Suite credit"", ""guest_facing_value"": 275, ""internal_cost_expected"": 151, ""internal_cost_high"": 206, ""internal_cost_low"": 82, ""policy_score"": 53.83}]","{""fit_score"": 1.026, ""leakage_penalty"": 24.0, ""operational_penalty"": 0.0, ""perceived_value"": 187.5, ""policy_score"": 176.86}","Internal cost is a policy range, not observed property margin. | Guest relationship value and recovery value are synthetic scenario inputs. | Public context cannot substitute for live occupancy, inventory, or approved hotel policy.","Recommend $150 Calabra or Palma dining credit for a new guest with a severity 3 rooftop pool access issue reported before checkout. Estimated internal cost is $38-$90, not an observed property margin. Rationale: recoverable before checkout, high perceived value lower estimated cost. Recommendation stability is 100%. The closest alternative was $100 Palma lounge credit; the recommended gesture scored better on recovery fit, estimated cost, and operational constraints."
rec_00345,case_00345,TKT000345,PMS000437,event_or_suite_guest,business_traveler,5250,40830,1.0,0.95,,valet_or_parking_delay,process,3,0.62,true,0.765,Santa Monica Proper Hotel,true,true,true,true,true,0.88,observed_public_property_context,0.56,0.18,sample_seed_review_taxonomy_prior,0.48,0.056,0.432,false,0.32,sample_seed_local_demand_context,0.534,false,755,655,1.153,149,1.122,0.92,sample_seed_public_rate_shape,0.4,false,parking_fee_waiver,120,22,future_stay_credit,future-stay credit,260,156,78,221,140,4,61.55,0.112,0.611,0.613,1397,false,0.926,high,smp-public-context-v1.0.0,high_guest_relationship_value;recoverable_before_checkout;guest_value_changed_recovery,"Guest relationship value changed the recommendation: without this signal, the model would prefer parking or destination-fee waiver at $85.","[{""comp_code"": ""parking_fee_waiver"", ""comp_label"": ""parking or destination-fee waiver"", ""guest_facing_value"": 100, ""internal_cost_expected"": 18, ""internal_cost_high"": 35, ""internal_cost_low"": 8, ""policy_score"": 151.32}, {""comp_code"": ""rooftop_f_and_b_credit"", ""comp_label"": ""Calabra or Palma dining credit"", ""guest_facing_value"": 180, ""internal_cost_expected"": 72, ""internal_cost_high"": 108, ""internal_cost_low"": 45, ""policy_score"": 99.3}]","{""fit_score"": 0.76, ""leakage_penalty"": 85.8, ""operational_penalty"": 0.0, ""perceived_value"": 312.0, ""policy_score"": 171.4}","Internal cost is a policy range, not observed property margin. | Guest relationship value and recovery value are synthetic scenario inputs. | Public context cannot substitute for live occupancy, inventory, or approved hotel policy.","Recommend $260 future-stay credit for an event/suite guest with a severity 3 valet or parking delay reported before checkout. Estimated internal cost is $78-$221, not an observed property margin. Rationale: high guest relationship value, recoverable before checkout, guest value changed recovery. Recommendation stability is 93%. The closest alternative was $100 parking or destination-fee waiver; the recommended gesture scored better on recovery fit, estimated cost, and operational constraints."
rec_00346,case_00346,TKT000346,PMS000447,new_guest,design_leisure,3600,5170,1.0,0.95,no_review_or_survey;no_comp_record,room_assignment_expectation_gap,outcome,2,0.74,true,0.44,Santa Monica Proper Hotel,true,true,true,true,true,0.88,observed_public_property_context,0.68,0.28,sample_seed_review_taxonomy_prior,0.22,0.078,0.215,false,0.32,sample_seed_local_demand_context,0.099,false,645,635,1.016,66,0.906,0.92,sample_seed_public_rate_shape,0,true,,0,0,room_upgrade,room upgrade,300,75,24,195,300,3,46.4,0.214,0.398,0.428,351,false,0.963,high,smp-public-context-v1.0.0,hotel_responsible_failure;recoverable_before_checkout;high_perceived_value_lower_estimated_cost,,"[{""comp_code"": ""rooftop_f_and_b_credit"", ""comp_label"": ""Calabra or Palma dining credit"", ""guest_facing_value"": 150, ""internal_cost_expected"": 60, ""internal_cost_high"": 90, ""internal_cost_low"": 38, ""policy_score"": 92.52}, {""comp_code"": ""spa_wellness_credit"", ""comp_label"": ""Surya Spa or Recovery Suite credit"", ""guest_facing_value"": 275, ""internal_cost_expected"": 151, ""internal_cost_high"": 206, ""internal_cost_low"": 82, ""policy_score"": 75.08}]","{""fit_score"": 0.963, ""leakage_penalty"": 18.75, ""operational_penalty"": 24.2, ""perceived_value"": 420.0, ""policy_score"": 357.62}","Internal cost is a policy range, not observed property margin. | Guest relationship value and recovery value are synthetic scenario inputs. | Public context cannot substitute for live occupancy, inventory, or approved hotel policy.","Recommend $300 room upgrade for a new guest with a severity 2 room assignment expectation gap reported before checkout. Estimated internal cost is $24-$195, not an observed property margin. Rationale: hotel responsible failure, recoverable before checkout, high perceived value lower estimated cost. Recommendation stability is 96%. The closest alternative was $150 Calabra or Palma dining credit; the recommended gesture scored better on recovery fit, estimated cost, and operational constraints."
rec_00347,case_00347,TKT000347,PMS001549,new_guest,family_beach_trip,820,1476,1.0,0.95,ltv_imputed;no_comp_record,rooftop_pool_access_issue,process,2,0.64,false,0.79,Santa Monica Proper Hotel,true,true,true,true,true,0.88,observed_public_property_context,0.6,0.28,sample_seed_review_taxonomy_prior,0.22,0.442,0.36,false,0.32,sample_seed_local_demand_context,0.613,false,775,770,1.006,166,1.119,0.92,sample_seed_public_rate_shape,0,false,,0,0,rooftop_f_and_b_credit,Calabra or Palma dining credit,150,60,38,90,150,3,44.89,0.732,0.424,0.435,82,false,1.0,moderate,smp-public-context-v1.0.0,high_perceived_value_lower_estimated_cost,,"[{""comp_code"": ""spa_wellness_credit"", ""comp_label"": ""Surya Spa or Recovery Suite credit"", ""guest_facing_value"": 275, ""internal_cost_expected"": 151, ""internal_cost_high"": 206, ""internal_cost_low"": 82, ""policy_score"": 74.07}, {""comp_code"": ""lobby_lounge_credit"", ""comp_label"": ""Palma lounge credit"", ""guest_facing_value"": 100, ""internal_cost_expected"": 38, ""internal_cost_high"": 55, ""internal_cost_low"": 25, ""policy_score"": 61.28}]","{""fit_score"": 1.026, ""leakage_penalty"": 15.0, ""operational_penalty"": 0.0, ""perceived_value"": 187.5, ""policy_score"": 181.54}","Internal cost is a policy range, not observed property margin. | Guest relationship value and recovery value are synthetic scenario inputs. | Public context cannot substitute for live occupancy, inventory, or approved hotel policy.","Recommend $150 Calabra or Palma dining credit for a new guest with a severity 2 rooftop pool access issue reported after checkout. Estimated internal cost is $38-$90, not an observed property margin. Rationale: high perceived value lower estimated cost. Recommendation stability is 100%. The closest alternative was $275 Surya Spa or Recovery Suite credit; the recommended gesture scored better on recovery fit, estimated cost, and operational constraints."
rec_00348,case_00348,TKT000348,PMS000611,new_guest,design_leisure,2730,4460,1.0,0.95,,valet_or_parking_delay,process,3,0.62,true,0.722,Santa Monica Proper Hotel,true,true,true,true,true,0.88,observed_public_property_context,0.56,0.18,sample_seed_review_taxonomy_prior,0.22,0.12,0.204,false,0.32,sample_seed_local_demand_context,0.534,false,755,715,1.056,149,1.098,0.92,sample_seed_public_rate_shape,0.2,false,parking_fee_waiver,100,18,parking_fee_waiver,parking or destination-fee waiver,85,15,7,30,-15,3,48.64,0.052,0.374,0.425,288,false,0.963,high,smp-public-context-v1.0.0,recoverable_before_checkout;high_perceived_value_lower_estimated_cost,,"[{""comp_code"": ""rooftop_f_and_b_credit"", ""comp_label"": ""Calabra or Palma dining credit"", ""guest_facing_value"": 150, ""internal_cost_expected"": 60, ""internal_cost_high"": 90, ""internal_cost_low"": 38, ""policy_score"": 84.93}, {""comp_code"": ""lobby_lounge_credit"", ""comp_label"": ""Palma lounge credit"", ""guest_facing_value"": 100, ""internal_cost_expected"": 38, ""internal_cost_high"": 55, ""internal_cost_low"": 25, ""policy_score"": 57.17}]","{""fit_score"": 0.932, ""leakage_penalty"": 6.0, ""operational_penalty"": 0.0, ""perceived_value"": 97.75, ""policy_score"": 130.44}","Internal cost is a policy range, not observed property margin. | Guest relationship value and recovery value are synthetic scenario inputs. | Public context cannot substitute for live occupancy, inventory, or approved hotel policy.","Recommend $85 parking or destination-fee waiver for a new guest with a severity 3 valet or parking delay reported before checkout. Estimated internal cost is $7-$30, not an observed property margin. Rationale: recoverable before checkout, high perceived value lower estimated cost. Recommendation stability is 96%. The closest alternative was $150 Calabra or Palma dining credit; the recommended gesture scored better on recovery fit, estimated cost, and operational constraints."
rec_00349,case_00349,TKT000349,PMS001359,new_guest,coastal_weekend,2320,3180,1.0,0.95,,f_and_b_service_lapse,process,2,0.7,false,0.765,Santa Monica Proper Hotel,true,true,true,true,true,0.88,observed_public_property_context,0.6,0.28,sample_seed_review_taxonomy_prior,0.48,0.056,0.432,false,0.32,sample_seed_local_demand_context,0.534,false,755,655,1.153,149,1.122,0.92,sample_seed_public_rate_shape,0.2,false,manager_note,0,0,rooftop_f_and_b_credit,Calabra or Palma dining credit,150,60,38,90,150,3,46.61,0.267,0.408,0.434,225,false,1.0,high,smp-public-context-v1.0.0,hotel_responsible_failure;high_perceived_value_lower_estimated_cost,,"[{""comp_code"": ""lobby_lounge_credit"", ""comp_label"": ""Palma lounge credit"", ""guest_facing_value"": 100, ""internal_cost_expected"": 38, ""internal_cost_high"": 55, ""internal_cost_low"": 25, ""policy_score"": 56.31}, {""comp_code"": ""spa_wellness_credit"", ""comp_label"": ""Surya Spa or Recovery Suite credit"", ""guest_facing_value"": 275, ""internal_cost_expected"": 151, ""internal_cost_high"": 206, ""internal_cost_low"": 82, ""policy_score"": 52.57}]","{""fit_score"": 1.05, ""leakage_penalty"": 24.0, ""operational_penalty"": 0.0, ""perceived_value"": 187.5, ""policy_score"": 179.05}","Internal cost is a policy range, not observed property margin. | Guest relationship value and recovery value are synthetic scenario inputs. | Public context cannot substitute for live occupancy, inventory, or approved hotel policy.","Recommend $150 Calabra or Palma dining credit for a new guest with a severity 2 F&B service lapse reported after checkout. Estimated internal cost is $38-$90, not an observed property margin. Rationale: hotel responsible failure, high perceived value lower estimated cost. Recommendation stability is 100%. The closest alternative was $100 Palma lounge credit; the recommended gesture scored better on recovery fit, estimated cost, and operational constraints."
rec_00350,case_00350,TKT000350,PMS000716,returning_guest,local_staycation,2190,5970,1.0,0.95,,room_readiness_delay,outcome,2,0.88,true,0.354,Santa Monica Proper Hotel,true,true,true,true,true,0.88,observed_public_property_context,0.74,0.28,sample_seed_review_taxonomy_prior,0.22,0.638,0.342,false,0.32,sample_seed_local_demand_context,0.336,false,705,760,0.928,109,1.001,0.92,sample_seed_public_rate_shape,0,false,rooftop_f_and_b_credit,185,74,room_upgrade,room upgrade,300,75,24,195,115,3,47.74,0.281,0.359,0.412,267,false,0.815,high,smp-public-context-v1.0.0,hotel_responsible_failure;recoverable_before_checkout;high_perceived_value_lower_estimated_cost;property_fit_changed_recovery,"Property fit changed the recommendation: without this signal, the model would prefer late checkout at $85.","[{""comp_code"": ""late_checkout"", ""comp_label"": ""late checkout"", ""guest_facing_value"": 85, ""internal_cost_expected"": 17, ""internal_cost_high"": 38, ""internal_cost_low"": 7, ""policy_score"": 173.2}, {""comp_code"": ""rooftop_f_and_b_credit"", ""comp_label"": ""Calabra or Palma dining credit"", ""guest_facing_value"": 150, ""internal_cost_expected"": 60, ""internal_cost_high"": 90, ""internal_cost_low"": 38, ""policy_score"": 153.69}]","{""fit_score"": 0.514, ""leakage_penalty"": 18.75, ""operational_penalty"": 21.98, ""perceived_value"": 420.0, ""policy_score"": 174.71}","Internal cost is a policy range, not observed property margin. | Guest relationship value and recovery value are synthetic scenario inputs. | Public context cannot substitute for live occupancy, inventory, or approved hotel policy.","Recommend $300 room upgrade for a returning guest with a severity 2 room readiness delay reported before checkout. Estimated internal cost is $24-$195, not an observed property margin. Rationale: hotel responsible failure, recoverable before checkout, high perceived value lower estimated cost, property fit changed recovery. Recommendation stability is 82%. The closest alternative was $85 late checkout; the recommended gesture scored better on recovery fit, estimated cost, and operational constraints."
rec_00351,case_00351,TKT000351,PMS000737,new_guest,coastal_weekend,2720,3540,1.0,0.95,no_review_or_survey,room_readiness_delay,outcome,4,0.93,false,0.484,Santa Monica Proper Hotel,true,true,true,true,true,0.88,observed_public_property_context,0.74,0.28,sample_seed_review_taxonomy_prior,0.48,0.039,0.414,false,0.32,sample_seed_local_demand_context,0.257,false,685,725,0.945,94,0.968,0.92,sample_seed_public_rate_shape,0.2,false,late_checkout,0,0,room_upgrade,room upgrade,360,90,29,234,360,4,69.67,0.231,0.622,0.656,390,false,0.926,high,smp-public-context-v1.0.0,hotel_responsible_failure;high_severity_issue;high_perceived_value_lower_estimated_cost,,"[{""comp_code"": ""late_checkout"", ""comp_label"": ""late checkout"", ""guest_facing_value"": 100, ""internal_cost_expected"": 20, ""internal_cost_high"": 45, ""internal_cost_low"": 8, ""policy_score"": 205.86}, {""comp_code"": ""rooftop_f_and_b_credit"", ""comp_label"": ""Calabra or Palma dining credit"", ""guest_facing_value"": 180, ""internal_cost_expected"": 72, ""internal_cost_high"": 108, ""internal_cost_low"": 45, ""policy_score"": 198.57}]","{""fit_score"": 0.514, ""leakage_penalty"": 36.0, ""operational_penalty"": 29.11, ""perceived_value"": 504.0, ""policy_score"": 228.91}","Internal cost is a policy range, not observed property margin. | Guest relationship value and recovery value are synthetic scenario inputs. | Public context cannot substitute for live occupancy, inventory, or approved hotel policy.","Recommend $360 room upgrade for a new guest with a severity 4 room readiness delay reported after checkout. Estimated internal cost is $29-$234, not an observed property margin. Rationale: hotel responsible failure, high severity issue, high perceived value lower estimated cost. Recommendation stability is 93%. The closest alternative was $100 late checkout; the recommended gesture scored better on recovery fit, estimated cost, and operational constraints."
rec_00352,case_00352,TKT000352,PMS000365,loyalty_guest,wellness_getaway,2130,8280,1.0,0.95,no_comp_record,maintenance_issue,outcome,2,0.78,true,0.694,Santa Monica Proper Hotel,true,true,true,true,true,0.88,observed_public_property_context,0.69,0.28,sample_seed_review_taxonomy_prior,0.22,0.107,0.271,false,0.32,sample_seed_local_demand_context,0.415,false,725,735,0.986,124,1.034,0.92,sample_seed_public_rate_shape,0,false,,0,0,spa_wellness_credit,Surya Spa or Recovery Suite credit,275,151,82,206,275,3,48.14,0.497,0.393,0.433,304,false,0.963,high,smp-public-context-v1.0.0,high_guest_relationship_value;hotel_responsible_failure;recoverable_before_checkout;high_perceived_value_lower_estimated_cost,,"[{""comp_code"": ""room_upgrade"", ""comp_label"": ""room upgrade"", ""guest_facing_value"": 300, ""internal_cost_expected"": 75, ""internal_cost_high"": 195, ""internal_cost_low"": 24, ""policy_score"": 100.57}, {""comp_code"": ""rooftop_f_and_b_credit"", ""comp_label"": ""Calabra or Palma dining credit"", ""guest_facing_value"": 150, ""internal_cost_expected"": 60, ""internal_cost_high"": 90, ""internal_cost_low"": 38, ""policy_score"": 93.61}]","{""fit_score"": 0.521, ""leakage_penalty"": 37.75, ""operational_penalty"": 0.0, ""perceived_value"": 371.25, ""policy_score"": 162.34}","Internal cost is a policy range, not observed property margin. | Guest relationship value and recovery value are synthetic scenario inputs. | Public context cannot substitute for live occupancy, inventory, or approved hotel policy.","Recommend $275 Surya Spa or Recovery Suite credit for a loyalty guest with a severity 2 maintenance issue reported before checkout. Estimated internal cost is $82-$206, not an observed property margin. Rationale: high guest relationship value, hotel responsible failure, recoverable before checkout, high perceived value lower estimated cost. Recommendation stability is 96%. The closest alternative was $300 room upgrade; the recommended gesture scored better on recovery fit, estimated cost, and operational constraints."
rec_00353,case_00353,TKT000353,PMS000054,loyalty_guest,business_traveler,1560,7090,1.0,0.95,no_review_or_survey,noise_disruption,process,2,0.48,true,0.752,Santa Monica Proper Hotel,true,true,true,true,true,0.88,observed_public_property_context,0.62,0.28,sample_seed_review_taxonomy_prior,0.7,0.065,0.525,false,0.32,sample_seed_local_demand_context,1.0,true,885,830,1.066,266,1.296,0.92,sample_seed_public_rate_shape,0.2,false,amenity_gesture,75,34,spa_wellness_credit,Surya Spa or Recovery Suite credit,275,151,82,206,200,3,42.36,0.716,0.381,0.4,211,false,0.667,moderate,smp-public-context-v1.0.0,high_guest_relationship_value;recoverable_before_checkout;high_perceived_value_lower_estimated_cost,,"[{""comp_code"": ""rooftop_f_and_b_credit"", ""comp_label"": ""Calabra or Palma dining credit"", ""guest_facing_value"": 150, ""internal_cost_expected"": 60, ""internal_cost_high"": 90, ""internal_cost_low"": 38, ""policy_score"": 169.13}, {""comp_code"": ""lobby_lounge_credit"", ""comp_label"": ""Palma lounge credit"", ""guest_facing_value"": 100, ""internal_cost_expected"": 38, ""internal_cost_high"": 55, ""internal_cost_low"": 25, ""policy_score"": 142.67}]","{""fit_score"": 0.718, ""leakage_penalty"": 60.4, ""operational_penalty"": 0.0, ""perceived_value"": 371.25, ""policy_score"": 291.39}","Internal cost is a policy range, not observed property margin. | Guest relationship value and recovery value are synthetic scenario inputs. | Public context cannot substitute for live occupancy, inventory, or approved hotel policy.","Recommend $275 Surya Spa or Recovery Suite credit for a loyalty guest with a severity 2 noise disruption reported before checkout. Estimated internal cost is $82-$206, not an observed property margin. Rationale: high guest relationship value, recoverable before checkout, high perceived value lower estimated cost. Recommendation stability is 67%. The closest alternative was $150 Calabra or Palma dining credit; the recommended gesture scored better on recovery fit, estimated cost, and operational constraints."
rec_00354,case_00354,TKT000354,PMS000311,loyalty_guest,local_staycation,2920,13590,1.0,0.95,no_review_or_survey,rooftop_pool_access_issue,process,2,0.64,true,0.624,Santa Monica Proper Hotel,true,true,true,true,true,0.88,observed_public_property_context,0.6,0.28,sample_seed_review_taxonomy_prior,0.78,0.12,0.643,false,0.32,sample_seed_local_demand_context,0.791,true,820,795,1.031,208,1.2,0.92,sample_seed_public_rate_shape,0.2,false,amenity_gesture,70,32,rooftop_f_and_b_credit,Calabra or Palma dining credit,150,60,38,90,80,3,46.81,0.136,0.375,0.417,441,false,1.0,high,smp-public-context-v1.0.0,high_guest_relationship_value;recoverable_before_checkout;high_perceived_value_lower_estimated_cost,,"[{""comp_code"": ""lobby_lounge_credit"", ""comp_label"": ""Palma lounge credit"", ""guest_facing_value"": 100, ""internal_cost_expected"": 38, ""internal_cost_high"": 55, ""internal_cost_low"": 25, ""policy_score"": 126.13}, {""comp_code"": ""spa_wellness_credit"", ""comp_label"": ""Surya Spa or Recovery Suite credit"", ""guest_facing_value"": 275, ""internal_cost_expected"": 151, ""internal_cost_high"": 206, ""internal_cost_low"": 82, ""policy_score"": 122.44}]","{""fit_score"": 1.026, ""leakage_penalty"": 24.0, ""operational_penalty"": 0.0, ""perceived_value"": 187.5, ""policy_score"": 244.59}","Internal cost is a policy range, not observed property margin. | Guest relationship value and recovery value are synthetic scenario inputs. | Public context cannot substitute for live occupancy, inventory, or approved hotel policy.","Recommend $150 Calabra or Palma dining credit for a loyalty guest with a severity 2 rooftop pool access issue reported before checkout. Estimated internal cost is $38-$90, not an observed property margin. Rationale: high guest relationship value, recoverable before checkout, high perceived value lower estimated cost. Recommendation stability is 100%. The closest alternative was $100 Palma lounge credit; the recommended gesture scored better on recovery fit, estimated cost, and operational constraints."
rec_00355,case_00355,TKT000355,PMS000027,new_guest,event_or_wedding,610,780,1.0,0.95,no_review_or_survey,room_readiness_delay,outcome,4,0.93,true,0.38,Santa Monica Proper Hotel,true,true,true,true,true,0.88,observed_public_property_context,0.74,0.28,sample_seed_review_taxonomy_prior,0.78,0.104,0.619,false,0.32,sample_seed_local_demand_context,0.85,true,835,785,1.064,223,1.233,0.92,sample_seed_public_rate_shape,0,false,partial_room_refund,475,475,rooftop_f_and_b_credit,Calabra or Palma dining credit,180,72,45,108,-295,4,66.3,0.867,0.622,0.64,83,false,1.0,moderate,smp-public-context-v1.0.0,hotel_responsible_failure;high_severity_issue;recoverable_before_checkout;high_perceived_value_lower_estimated_cost;public_rate_pressure_changed_recovery,"Public rate pressure changed the recommendation: without this signal, the model would prefer room upgrade at $360.","[{""comp_code"": ""lobby_lounge_credit"", ""comp_label"": ""Palma lounge credit"", ""guest_facing_value"": 120, ""internal_cost_expected"": 46, ""internal_cost_high"": 66, ""internal_cost_low"": 30, ""policy_score"": 200.29}, {""comp_code"": ""spa_wellness_credit"", ""comp_label"": ""Surya Spa or Recovery Suite credit"", ""guest_facing_value"": 330, ""internal_cost_expected"": 182, ""internal_cost_high"": 248, ""internal_cost_low"": 99, ""policy_score"": 179.6}]","{""fit_score"": 0.859, ""leakage_penalty"": 18.0, ""operational_penalty"": 0.0, ""perceived_value"": 225.0, ""policy_score"": 280.23}","Internal cost is a policy range, not observed property margin. | Guest relationship value and recovery value are synthetic scenario inputs. | Public context cannot substitute for live occupancy, inventory, or approved hotel policy.","Recommend $180 Calabra or Palma dining credit for a new guest with a severity 4 room readiness delay reported before checkout. Estimated internal cost is $45-$108, not an observed property margin. Rationale: hotel responsible failure, high severity issue, recoverable before checkout, high perceived value lower estimated cost. Recommendation stability is 100%. The closest alternative was $120 Palma lounge credit; the recommended gesture scored better on recovery fit, estimated cost, and operational constraints."
rec_00356,case_00356,TKT000356,PMS001146,new_guest,local_staycation,880,1780,1.0,0.95,severity_inferred;no_review_or_survey;no_comp_record,billing_or_fee_dispute,process,2,0.55,false,0.658,Santa Monica Proper Hotel,true,true,true,true,true,0.88,observed_public_property_context,0.58,0.28,sample_seed_review_taxonomy_prior,0.7,0.278,0.64,false,0.32,sample_seed_local_demand_context,1.0,true,925,875,1.057,278,1.294,0.92,sample_seed_public_rate_shape,0,false,,0,0,rooftop_f_and_b_credit,Calabra or Palma dining credit,150,60,38,90,150,3,42.32,0.698,0.37,0.394,86,false,1.0,moderate,smp-public-context-v1.0.0,high_perceived_value_lower_estimated_cost;public_rate_pressure_changed_recovery;property_fit_changed_recovery,"Public rate pressure changed the recommendation: without this signal, the model would prefer parking or destination-fee waiver at $85. | Property fit changed the recommendation: without this signal, the model would prefer Palma lounge credit at $100.","[{""comp_code"": ""lobby_lounge_credit"", ""comp_label"": ""Palma lounge credit"", ""guest_facing_value"": 100, ""internal_cost_expected"": 38, ""internal_cost_high"": 55, ""internal_cost_low"": 25, ""policy_score"": 171.0}, {""comp_code"": ""spa_wellness_credit"", ""comp_label"": ""Surya Spa or Recovery Suite credit"", ""guest_facing_value"": 275, ""internal_cost_expected"": 151, ""internal_cost_high"": 206, ""internal_cost_low"": 82, ""policy_score"": 160.5}]","{""fit_score"": 0.537, ""leakage_penalty"": 15.0, ""operational_penalty"": 0.0, ""perceived_value"": 187.5, ""policy_score"": 178.11}","Internal cost is a policy range, not observed property margin. | Guest relationship value and recovery value are synthetic scenario inputs. | Public context cannot substitute for live occupancy, inventory, or approved hotel policy.","Recommend $150 Calabra or Palma dining credit for a new guest with a severity 2 billing or fee dispute reported after checkout. Estimated internal cost is $38-$90, not an observed property margin. Rationale: high perceived value lower estimated cost, public rate pressure changed recovery, property fit changed recovery. Recommendation stability is 100%. The closest alternative was $100 Palma lounge credit; the recommended gesture scored better on recovery fit, estimated cost, and operational constraints."
rec_00357,case_00357,TKT000357,PMS001032,new_guest,coastal_weekend,590,860,1.0,0.95,no_review_or_survey,room_assignment_expectation_gap,outcome,4,0.79,true,0.868,Santa Monica Proper Hotel,true,true,true,true,true,0.88,observed_public_property_context,0.68,0.28,sample_seed_review_taxonomy_prior,0.7,0.069,0.547,false,0.32,sample_seed_local_demand_context,1.0,true,915,905,1.011,274,1.283,0.92,sample_seed_public_rate_shape,0.2,true,partial_room_refund,475,475,rooftop_f_and_b_credit,Calabra or Palma dining credit,180,72,45,108,-295,4,62.83,0.923,0.605,0.615,78,false,1.0,moderate,smp-public-context-v1.0.0,hotel_responsible_failure;high_severity_issue;recoverable_before_checkout;high_perceived_value_lower_estimated_cost;public_rate_pressure_changed_recovery,"Public rate pressure changed the recommendation: without this signal, the model would prefer room upgrade at $360.","[{""comp_code"": ""lobby_lounge_credit"", ""comp_label"": ""Palma lounge credit"", ""guest_facing_value"": 120, ""internal_cost_expected"": 46, ""internal_cost_high"": 66, ""internal_cost_low"": 30, ""policy_score"": 162.98}, {""comp_code"": ""spa_wellness_credit"", ""comp_label"": ""Surya Spa or Recovery Suite credit"", ""guest_facing_value"": 330, ""internal_cost_expected"": 182, ""internal_cost_high"": 248, ""internal_cost_low"": 99, ""policy_score"": 162.73}]","{""fit_score"": 0.537, ""leakage_penalty"": 28.8, ""operational_penalty"": 0.0, ""perceived_value"": 225.0, ""policy_score"": 199.23}","Internal cost is a policy range, not observed property margin. | Guest relationship value and recovery value are synthetic scenario inputs. | Public context cannot substitute for live occupancy, inventory, or approved hotel policy.","Recommend $180 Calabra or Palma dining credit for a new guest with a severity 4 room assignment expectation gap reported before checkout. Estimated internal cost is $45-$108, not an observed property margin. Rationale: hotel responsible failure, high severity issue, recoverable before checkout, high perceived value lower estimated cost. Recommendation stability is 100%. The closest alternative was $120 Palma lounge credit; the recommended gesture scored better on recovery fit, estimated cost, and operational constraints."
rec_00358,case_00358,TKT000358,PMS000651,loyalty_guest,design_leisure,1640,6590,1.0,0.95,no_review_or_survey;no_comp_record,valet_or_parking_delay,process,2,0.62,false,0.928,Santa Monica Proper Hotel,true,true,true,true,true,0.88,observed_public_property_context,0.56,0.18,sample_seed_review_taxonomy_prior,0.7,0.153,0.602,false,0.32,sample_seed_local_demand_context,1.0,true,935,870,1.075,280,1.299,0.92,sample_seed_public_rate_shape,0,false,,0,0,rooftop_f_and_b_credit,Calabra or Palma dining credit,150,60,38,90,150,3,46.0,0.264,0.337,0.392,227,false,1.0,moderate,smp-public-context-v1.0.0,high_guest_relationship_value;high_perceived_value_lower_estimated_cost;public_rate_pressure_changed_recovery,"Public rate pressure changed the recommendation: without this signal, the model would prefer parking or destination-fee waiver at $85.","[{""comp_code"": ""spa_wellness_credit"", ""comp_label"": ""Surya Spa or Recovery Suite credit"", ""guest_facing_value"": 275, ""internal_cost_expected"": 151, ""internal_cost_high"": 206, ""internal_cost_low"": 82, ""policy_score"": 162.97}, {""comp_code"": ""lobby_lounge_credit"", ""comp_label"": ""Palma lounge credit"", ""guest_facing_value"": 100, ""internal_cost_expected"": 38, ""internal_cost_high"": 55, ""internal_cost_low"": 25, ""policy_score"": 149.91}]","{""fit_score"": 0.537, ""leakage_penalty"": 15.0, ""operational_penalty"": 0.0, ""perceived_value"": 187.5, ""policy_score"": 180.43}","Internal cost is a policy range, not observed property margin. | Guest relationship value and recovery value are synthetic scenario inputs. | Public context cannot substitute for live occupancy, inventory, or approved hotel policy.","Recommend $150 Calabra or Palma dining credit for a loyalty guest with a severity 2 valet or parking delay reported after checkout. Estimated internal cost is $38-$90, not an observed property margin. Rationale: high guest relationship value, high perceived value lower estimated cost, public rate pressure changed recovery. Recommendation stability is 100%. The closest alternative was $275 Surya Spa or Recovery Suite credit; the recommended gesture scored better on recovery fit, estimated cost, and operational constraints."
rec_00359,case_00359,TKT000359,PMS001553,loyalty_guest,coastal_weekend,1460,6820,1.0,0.95,no_review_or_survey;no_comp_record,housekeeping_miss,outcome,3,0.9,true,0.631,Santa Monica Proper Hotel,true,true,true,true,true,0.88,observed_public_property_context,0.72,0.28,sample_seed_review_taxonomy_prior,0.48,0.074,0.434,false,0.32,sample_seed_local_demand_context,0.277,false,690,710,0.972,97,0.976,0.92,sample_seed_public_rate_shape,0,false,,0,0,future_stay_credit,future-stay credit,255,153,76,217,255,4,59.74,0.543,0.513,0.551,282,false,0.889,high,smp-public-context-v1.0.0,high_guest_relationship_value;hotel_responsible_failure;recoverable_before_checkout,,"[{""comp_code"": ""rooftop_f_and_b_credit"", ""comp_label"": ""Calabra or Palma dining credit"", ""guest_facing_value"": 180, ""internal_cost_expected"": 72, ""internal_cost_high"": 108, ""internal_cost_low"": 45, ""policy_score"": 119.53}, {""comp_code"": ""spa_wellness_credit"", ""comp_label"": ""Surya Spa or Recovery Suite credit"", ""guest_facing_value"": 330, ""internal_cost_expected"": 182, ""internal_cost_high"": 248, ""internal_cost_low"": 99, ""policy_score"": 99.38}]","{""fit_score"": 0.56, ""leakage_penalty"": 38.25, ""operational_penalty"": 0.0, ""perceived_value"": 306.0, ""policy_score"": 145.68}","Internal cost is a policy range, not observed property margin. | Guest relationship value and recovery value are synthetic scenario inputs. | Public context cannot substitute for live occupancy, inventory, or approved hotel policy.","Recommend $255 future-stay credit for a loyalty guest with a severity 3 housekeeping miss reported before checkout. Estimated internal cost is $76-$217, not an observed property margin. Rationale: high guest relationship value, hotel responsible failure, recoverable before checkout. Recommendation stability is 89%. The closest alternative was $180 Calabra or Palma dining credit; the recommended gesture scored better on recovery fit, estimated cost, and operational constraints."
rec_00360,case_00360,TKT000360,PMS001594,new_guest,wellness_getaway,1280,2304,1.0,0.95,ltv_imputed,noise_disruption,process,3,0.48,true,0.99,Santa Monica Proper Hotel,true,true,true,true,true,0.88,observed_public_property_context,0.62,0.28,sample_seed_review_taxonomy_prior,0.22,0.116,0.285,false,0.32,sample_seed_local_demand_context,0.83,true,830,785,1.057,218,1.223,0.92,sample_seed_public_rate_shape,0,false,lobby_lounge_credit,85,32,spa_wellness_credit,Surya Spa or Recovery Suite credit,275,151,82,206,190,3,47.65,1,0.47,0.473,136,false,0.963,moderate,smp-public-context-v1.0.0,recoverable_before_checkout;high_perceived_value_lower_estimated_cost,,"[{""comp_code"": ""rooftop_f_and_b_credit"", ""comp_label"": ""Calabra or Palma dining credit"", ""guest_facing_value"": 150, ""internal_cost_expected"": 60, ""internal_cost_high"": 90, ""internal_cost_low"": 38, ""policy_score"": 166.48}, {""comp_code"": ""lobby_lounge_credit"", ""comp_label"": ""Palma lounge credit"", ""guest_facing_value"": 100, ""internal_cost_expected"": 38, ""internal_cost_high"": 55, ""internal_cost_low"": 25, ""policy_score"": 135.63}]","{""fit_score"": 0.718, ""leakage_penalty"": 37.75, ""operational_penalty"": 0.0, ""perceived_value"": 371.25, ""policy_score"": 307.87}","Internal cost is a policy range, not observed property margin. | Guest relationship value and recovery value are synthetic scenario inputs. | Public context cannot substitute for live occupancy, inventory, or approved hotel policy.","Recommend $275 Surya Spa or Recovery Suite credit for a new guest with a severity 3 noise disruption reported before checkout. Estimated internal cost is $82-$206, not an observed property margin. Rationale: recoverable before checkout, high perceived value lower estimated cost. Recommendation stability is 96%. The closest alternative was $150 Calabra or Palma dining credit; the recommended gesture scored better on recovery fit, estimated cost, and operational constraints."
rec_00361,case_00361,TKT000361,PMS001373,new_guest,wellness_getaway,590,1280,1.0,0.95,no_comp_record,noise_disruption,process,3,0.48,false,0.774,Santa Monica Proper Hotel,true,true,true,true,true,0.88,observed_public_property_context,0.62,0.28,sample_seed_review_taxonomy_prior,0.22,0.142,0.293,false,0.32,sample_seed_local_demand_context,0.0,false,530,625,0.848,42,0.86,0.92,sample_seed_public_rate_shape,0,false,,0,0,spa_wellness_credit,Surya Spa or Recovery Suite credit,275,151,82,206,275,3,51.23,1,0.51,0.511,71,false,0.963,high,smp-public-context-v1.0.0,high_perceived_value_lower_estimated_cost,,"[{""comp_code"": ""late_checkout"", ""comp_label"": ""late checkout"", ""guest_facing_value"": 85, ""internal_cost_expected"": 17, ""internal_cost_high"": 38, ""internal_cost_low"": 7, ""policy_score"": 158.55}, {""comp_code"": ""rooftop_f_and_b_credit"", ""comp_label"": ""Calabra or Palma dining credit"", ""guest_facing_value"": 150, ""internal_cost_expected"": 60, ""internal_cost_high"": 90, ""internal_cost_low"": 38, ""policy_score"": 95.56}]","{""fit_score"": 0.718, ""leakage_penalty"": 37.75, ""operational_penalty"": 0.0, ""perceived_value"": 371.25, ""policy_score"": 240.66}","Internal cost is a policy range, not observed property margin. | Guest relationship value and recovery value are synthetic scenario inputs. | Public context cannot substitute for live occupancy, inventory, or approved hotel policy.","Recommend $275 Surya Spa or Recovery Suite credit for a new guest with a severity 3 noise disruption reported after checkout. Estimated internal cost is $82-$206, not an observed property margin. Rationale: high perceived value lower estimated cost. Recommendation stability is 96%. The closest alternative was $85 late checkout; the recommended gesture scored better on recovery fit, estimated cost, and operational constraints."
rec_00362,case_00362,TKT000362,PMS000780,returning_guest,design_leisure,1300,3430,1.0,0.95,no_review_or_survey,room_readiness_delay,outcome,4,0.93,true,0.38,Santa Monica Proper Hotel,true,true,true,true,true,0.88,observed_public_property_context,0.74,0.28,sample_seed_review_taxonomy_prior,0.22,0.093,0.275,false,0.32,sample_seed_local_demand_context,0.455,false,735,790,0.93,132,1.051,0.92,sample_seed_public_rate_shape,0.2,true,late_checkout,75,15,room_upgrade,room upgrade,360,90,29,234,285,4,67.72,0.405,0.622,0.647,222,false,0.926,high,smp-public-context-v1.0.0,hotel_responsible_failure;high_severity_issue;recoverable_before_checkout;high_perceived_value_lower_estimated_cost,,"[{""comp_code"": ""late_checkout"", ""comp_label"": ""late checkout"", ""guest_facing_value"": 100, ""internal_cost_expected"": 20, ""internal_cost_high"": 45, ""internal_cost_low"": 8, ""policy_score"": 206.55}, {""comp_code"": ""rooftop_f_and_b_credit"", ""comp_label"": ""Calabra or Palma dining credit"", ""guest_facing_value"": 180, ""internal_cost_expected"": 72, ""internal_cost_high"": 108, ""internal_cost_low"": 45, ""policy_score"": 196.21}]","{""fit_score"": 0.514, ""leakage_penalty"": 36.0, ""operational_penalty"": 21.98, ""perceived_value"": 504.0, ""policy_score"": 232.89}","Internal cost is a policy range, not observed property margin. | Guest relationship value and recovery value are synthetic scenario inputs. | Public context cannot substitute for live occupancy, inventory, or approved hotel policy.","Recommend $360 room upgrade for a returning guest with a severity 4 room readiness delay reported before checkout. Estimated internal cost is $29-$234, not an observed property margin. Rationale: hotel responsible failure, high severity issue, recoverable before checkout, high perceived value lower estimated cost. Recommendation stability is 93%. The closest alternative was $100 late checkout; the recommended gesture scored better on recovery fit, estimated cost, and operational constraints."
rec_00363,case_00363,TKT000363,PMS001053,new_guest,business_traveler,870,1310,1.0,0.95,,rooftop_pool_access_issue,process,3,0.64,true,0.752,Santa Monica Proper Hotel,true,true,true,true,true,0.88,observed_public_property_context,0.6,0.28,sample_seed_review_taxonomy_prior,0.7,0.065,0.525,false,0.32,sample_seed_local_demand_context,1.0,true,885,830,1.066,266,1.296,0.92,sample_seed_public_rate_shape,0,false,parking_fee_waiver,70,13,rooftop_f_and_b_credit,Calabra or Palma dining credit,150,60,38,90,80,3,48.64,0.667,0.36,0.417,90,false,1.0,high,smp-public-context-v1.0.0,recoverable_before_checkout;high_perceived_value_lower_estimated_cost,,"[{""comp_code"": ""spa_wellness_credit"", ""comp_label"": ""Surya Spa or Recovery Suite credit"", ""guest_facing_value"": 275, ""internal_cost_expected"": 151, ""internal_cost_high"": 206, ""internal_cost_low"": 82, ""policy_score"": 164.75}, {""comp_code"": ""lobby_lounge_credit"", ""comp_label"": ""Palma lounge credit"", ""guest_facing_value"": 100, ""internal_cost_expected"": 38, ""internal_cost_high"": 55, ""internal_cost_low"": 25, ""policy_score"": 151.03}]","{""fit_score"": 1.026, ""leakage_penalty"": 15.0, ""operational_penalty"": 0.0, ""perceived_value"": 187.5, ""policy_score"": 274.21}","Internal cost is a policy range, not observed property margin. | Guest relationship value and recovery value are synthetic scenario inputs. | Public context cannot substitute for live occupancy, inventory, or approved hotel policy.","Recommend $150 Calabra or Palma dining credit for a new guest with a severity 3 rooftop pool access issue reported before checkout. Estimated internal cost is $38-$90, not an observed property margin. Rationale: recoverable before checkout, high perceived value lower estimated cost. Recommendation stability is 100%. The closest alternative was $275 Surya Spa or Recovery Suite credit; the recommended gesture scored better on recovery fit, estimated cost, and operational constraints."
rec_00364,case_00364,TKT000364,PMS000086,vip_guest,wellness_getaway,5180,37480,1.0,0.95,no_review_or_survey;no_comp_record,room_readiness_delay,outcome,3,0.88,true,0.515,Santa Monica Proper Hotel,true,true,true,true,true,0.88,observed_public_property_context,0.74,0.28,sample_seed_review_taxonomy_prior,0.48,0.05,0.444,false,0.32,sample_seed_local_demand_context,0.455,false,735,710,1.035,132,1.06,0.92,sample_seed_public_rate_shape,0,false,,0,0,room_upgrade,room upgrade,360,90,29,234,360,4,64.54,0.065,0.518,0.575,1382,false,0.963,high,smp-public-context-v1.0.0,high_guest_relationship_value;hotel_responsible_failure;recoverable_before_checkout;high_perceived_value_lower_estimated_cost,,"[{""comp_code"": ""late_checkout"", ""comp_label"": ""late checkout"", ""guest_facing_value"": 100, ""internal_cost_expected"": 20, ""internal_cost_high"": 45, ""internal_cost_low"": 8, ""policy_score"": 203.9}, {""comp_code"": ""rooftop_f_and_b_credit"", ""comp_label"": ""Calabra or Palma dining credit"", ""guest_facing_value"": 180, ""internal_cost_expected"": 72, ""internal_cost_high"": 108, ""internal_cost_low"": 45, ""policy_score"": 203.17}]","{""fit_score"": 0.514, ""leakage_penalty"": 22.5, ""operational_penalty"": 31.04, ""perceived_value"": 504.0, ""policy_score"": 232.18}","Internal cost is a policy range, not observed property margin. | Guest relationship value and recovery value are synthetic scenario inputs. | Public context cannot substitute for live occupancy, inventory, or approved hotel policy.","Recommend $360 room upgrade for a vip guest with a severity 3 room readiness delay reported before checkout. Estimated internal cost is $29-$234, not an observed property margin. Rationale: high guest relationship value, hotel responsible failure, recoverable before checkout, high perceived value lower estimated cost. Recommendation stability is 96%. The closest alternative was $100 late checkout; the recommended gesture scored better on recovery fit, estimated cost, and operational constraints."
rec_00365,case_00365,TKT000365,PMS000357,returning_guest,design_leisure,2070,6670,0.78,0.95,no_review_or_survey;no_comp_record,room_readiness_delay,outcome,4,0.93,true,0.688,Santa Monica Proper Hotel,true,true,true,true,true,0.88,observed_public_property_context,0.74,0.28,sample_seed_review_taxonomy_prior,0.22,0.038,0.199,false,0.32,sample_seed_local_demand_context,1.0,true,890,790,1.127,267,1.312,0.92,sample_seed_public_rate_shape,0,false,,0,0,rooftop_f_and_b_credit,Calabra or Palma dining credit,180,72,45,108,180,4,68.54,0.186,0.622,0.651,387,false,1.0,moderate,smp-public-context-v1.0.0,hotel_responsible_failure;high_severity_issue;recoverable_before_checkout;high_perceived_value_lower_estimated_cost;public_rate_pressure_changed_recovery,"Public rate pressure changed the recommendation: without this signal, the model would prefer room upgrade at $360.","[{""comp_code"": ""lobby_lounge_credit"", ""comp_label"": ""Palma lounge credit"", ""guest_facing_value"": 120, ""internal_cost_expected"": 46, ""internal_cost_high"": 66, ""internal_cost_low"": 30, ""policy_score"": 215.18}, {""comp_code"": ""spa_wellness_credit"", ""comp_label"": ""Surya Spa or Recovery Suite credit"", ""guest_facing_value"": 330, ""internal_cost_expected"": 182, ""internal_cost_high"": 248, ""internal_cost_low"": 99, ""policy_score"": 194.63}]","{""fit_score"": 0.859, ""leakage_penalty"": 18.0, ""operational_penalty"": 0.0, ""perceived_value"": 225.0, ""policy_score"": 296.16}","Internal cost is a policy range, not observed property margin. | Guest relationship value and recovery value are synthetic scenario inputs. | Public context cannot substitute for live occupancy, inventory, or approved hotel policy.","Recommend $180 Calabra or Palma dining credit for a returning guest with a severity 4 room readiness delay reported before checkout. Estimated internal cost is $45-$108, not an observed property margin. Rationale: hotel responsible failure, high severity issue, recoverable before checkout, high perceived value lower estimated cost. Recommendation stability is 100%. The closest alternative was $120 Palma lounge credit; the recommended gesture scored better on recovery fit, estimated cost, and operational constraints."
rec_00366,case_00366,TKT000366,PMS001535,new_guest,event_or_wedding,640,740,1.0,0.95,no_review_or_survey;no_comp_record,rooftop_pool_access_issue,process,2,0.64,true,0.721,Santa Monica Proper Hotel,true,true,true,true,true,0.88,observed_public_property_context,0.6,0.28,sample_seed_review_taxonomy_prior,0.48,0.066,0.408,false,0.32,sample_seed_local_demand_context,0.593,true,770,835,0.922,162,1.109,0.92,sample_seed_public_rate_shape,0,false,,0,0,rooftop_f_and_b_credit,Calabra or Palma dining credit,150,60,38,90,150,3,43.73,1,0.375,0.403,56,false,1.0,high,smp-public-context-v1.0.0,recoverable_before_checkout;high_perceived_value_lower_estimated_cost,,"[{""comp_code"": ""spa_wellness_credit"", ""comp_label"": ""Surya Spa or Recovery Suite credit"", ""guest_facing_value"": 275, ""internal_cost_expected"": 151, ""internal_cost_high"": 206, ""internal_cost_low"": 82, ""policy_score"": 125.57}, {""comp_code"": ""lobby_lounge_credit"", ""comp_label"": ""Palma lounge credit"", ""guest_facing_value"": 100, ""internal_cost_expected"": 38, ""internal_cost_high"": 55, ""internal_cost_low"": 25, ""policy_score"": 113.07}]","{""fit_score"": 1.026, ""leakage_penalty"": 15.0, ""operational_penalty"": 0.0, ""perceived_value"": 187.5, ""policy_score"": 232.42}","Internal cost is a policy range, not observed property margin. | Guest relationship value and recovery value are synthetic scenario inputs. | Public context cannot substitute for live occupancy, inventory, or approved hotel policy.","Recommend $150 Calabra or Palma dining credit for a new guest with a severity 2 rooftop pool access issue reported before checkout. Estimated internal cost is $38-$90, not an observed property margin. Rationale: recoverable before checkout, high perceived value lower estimated cost. Recommendation stability is 100%. The closest alternative was $275 Surya Spa or Recovery Suite credit; the recommended gesture scored better on recovery fit, estimated cost, and operational constraints."
rec_00367,case_00367,TKT000367,PMS001160,new_guest,event_or_wedding,570,1020,1.0,0.95,no_review_or_survey,f_and_b_service_lapse,process,3,0.7,true,0.571,Santa Monica Proper Hotel,true,true,true,true,true,0.88,observed_public_property_context,0.6,0.28,sample_seed_review_taxonomy_prior,0.22,0.044,0.235,false,0.32,sample_seed_local_demand_context,0.119,false,650,640,1.016,69,0.914,0.92,sample_seed_public_rate_shape,0.2,true,late_checkout,90,18,rooftop_f_and_b_credit,Calabra or Palma dining credit,150,60,38,90,60,3,51.2,0.923,0.479,0.494,65,false,1.0,high,smp-public-context-v1.0.0,hotel_responsible_failure;recoverable_before_checkout;high_perceived_value_lower_estimated_cost,,"[{""comp_code"": ""lobby_lounge_credit"", ""comp_label"": ""Palma lounge credit"", ""guest_facing_value"": 100, ""internal_cost_expected"": 38, ""internal_cost_high"": 55, ""internal_cost_low"": 25, ""policy_score"": 58.26}, {""comp_code"": ""spa_wellness_credit"", ""comp_label"": ""Surya Spa or Recovery Suite credit"", ""guest_facing_value"": 275, ""internal_cost_expected"": 151, ""internal_cost_high"": 206, ""internal_cost_low"": 82, ""policy_score"": 55.66}]","{""fit_score"": 1.05, ""leakage_penalty"": 24.0, ""operational_penalty"": 0.0, ""perceived_value"": 187.5, ""policy_score"": 184.7}","Internal cost is a policy range, not observed property margin. | Guest relationship value and recovery value are synthetic scenario inputs. | Public context cannot substitute for live occupancy, inventory, or approved hotel policy.","Recommend $150 Calabra or Palma dining credit for a new guest with a severity 3 F&B service lapse reported before checkout. Estimated internal cost is $38-$90, not an observed property margin. Rationale: hotel responsible failure, recoverable before checkout, high perceived value lower estimated cost. Recommendation stability is 100%. The closest alternative was $100 Palma lounge credit; the recommended gesture scored better on recovery fit, estimated cost, and operational constraints."
rec_00368,case_00368,TKT000368,PMS001039,returning_guest,design_leisure,1540,3410,1.0,0.95,no_review_or_survey;no_comp_record,spa_wellness_service_issue,process,3,0.74,false,0.99,Santa Monica Proper Hotel,true,true,true,true,true,0.88,observed_public_property_context,0.64,0.28,sample_seed_review_taxonomy_prior,0.48,0.105,0.402,false,0.32,sample_seed_local_demand_context,0.949,true,860,920,0.935,248,1.258,0.92,sample_seed_public_rate_shape,0,false,,0,0,spa_wellness_credit,Surya Spa or Recovery Suite credit,275,151,82,206,275,3,56.96,0.726,0.49,0.526,208,false,1.0,high,smp-public-context-v1.0.0,hotel_responsible_failure;high_perceived_value_lower_estimated_cost,,"[{""comp_code"": ""rooftop_f_and_b_credit"", ""comp_label"": ""Calabra or Palma dining credit"", ""guest_facing_value"": 150, ""internal_cost_expected"": 60, ""internal_cost_high"": 90, ""internal_cost_low"": 38, ""policy_score"": 182.83}, {""comp_code"": ""lobby_lounge_credit"", ""comp_label"": ""Palma lounge credit"", ""guest_facing_value"": 100, ""internal_cost_expected"": 38, ""internal_cost_high"": 55, ""internal_cost_low"": 25, ""policy_score"": 150.06}]","{""fit_score"": 1.043, ""leakage_penalty"": 37.75, ""operational_penalty"": 0.0, ""perceived_value"": 371.25, ""policy_score"": 461.03}","Internal cost is a policy range, not observed property margin. | Guest relationship value and recovery value are synthetic scenario inputs. | Public context cannot substitute for live occupancy, inventory, or approved hotel policy.","Recommend $275 Surya Spa or Recovery Suite credit for a returning guest with a severity 3 spa/wellness service issue reported after checkout. Estimated internal cost is $82-$206, not an observed property margin. Rationale: hotel responsible failure, high perceived value lower estimated cost. Recommendation stability is 100%. The closest alternative was $150 Calabra or Palma dining credit; the recommended gesture scored better on recovery fit, estimated cost, and operational constraints."
rec_00369,case_00369,TKT000369,PMS000993,returning_guest,local_staycation,5740,10332,1.0,0.95,ltv_imputed;no_review_or_survey,maintenance_issue,outcome,3,0.78,true,0.422,Santa Monica Proper Hotel,true,true,true,true,true,0.88,observed_public_property_context,0.69,0.28,sample_seed_review_taxonomy_prior,0.82,0.154,0.701,true,0.32,sample_seed_local_demand_context,1.0,true,915,890,1.028,274,1.287,0.92,sample_seed_public_rate_shape,0.2,false,manager_note,0,0,spa_wellness_credit,Surya Spa or Recovery Suite credit,330,182,99,248,330,4,58.92,0.241,0.504,0.542,754,false,1.0,moderate,smp-public-context-v1.0.0,hotel_responsible_failure;recoverable_before_checkout;high_perceived_value_lower_estimated_cost,,"[{""comp_code"": ""rooftop_f_and_b_credit"", ""comp_label"": ""Calabra or Palma dining credit"", ""guest_facing_value"": 180, ""internal_cost_expected"": 72, ""internal_cost_high"": 108, ""internal_cost_low"": 45, ""policy_score"": 215.82}, {""comp_code"": ""lobby_lounge_credit"", ""comp_label"": ""Palma lounge credit"", ""guest_facing_value"": 120, ""internal_cost_expected"": 46, ""internal_cost_high"": 66, ""internal_cost_low"": 30, ""policy_score"": 180.53}]","{""fit_score"": 0.521, ""leakage_penalty"": 72.8, ""operational_penalty"": 0.0, ""perceived_value"": 445.5, ""policy_score"": 289.38}","Internal cost is a policy range, not observed property margin. | Guest relationship value and recovery value are synthetic scenario inputs. | Public context cannot substitute for live occupancy, inventory, or approved hotel policy.","Recommend $330 Surya Spa or Recovery Suite credit for a returning guest with a severity 3 maintenance issue reported before checkout. Estimated internal cost is $99-$248, not an observed property margin. Rationale: hotel responsible failure, recoverable before checkout, high perceived value lower estimated cost. Recommendation stability is 100%. The closest alternative was $180 Calabra or Palma dining credit; the recommended gesture scored better on recovery fit, estimated cost, and operational constraints."
rec_00370,case_00370,TKT000370,PMS000834,new_guest,wellness_getaway,2920,5070,1.0,0.95,,noise_disruption,process,3,0.48,false,0.92,Santa Monica Proper Hotel,true,true,true,true,true,0.88,observed_public_property_context,0.62,0.28,sample_seed_review_taxonomy_prior,0.7,0.138,0.532,false,0.32,sample_seed_local_demand_context,0.632,false,780,770,1.013,171,1.129,0.92,sample_seed_public_rate_shape,0.2,false,rooftop_f_and_b_credit,170,68,spa_wellness_credit,Surya Spa or Recovery Suite credit,275,151,82,206,105,3,54.21,0.433,0.494,0.516,349,false,1.0,high,smp-public-context-v1.0.0,high_perceived_value_lower_estimated_cost,,"[{""comp_code"": ""rooftop_f_and_b_credit"", ""comp_label"": ""Calabra or Palma dining credit"", ""guest_facing_value"": 150, ""internal_cost_expected"": 60, ""internal_cost_high"": 90, ""internal_cost_low"": 38, ""policy_score"": 88.43}, {""comp_code"": ""lobby_lounge_credit"", ""comp_label"": ""Palma lounge credit"", ""guest_facing_value"": 100, ""internal_cost_expected"": 38, ""internal_cost_high"": 55, ""internal_cost_low"": 25, ""policy_score"": 59.54}]","{""fit_score"": 0.718, ""leakage_penalty"": 60.4, ""operational_penalty"": 0.0, ""perceived_value"": 371.25, ""policy_score"": 222.98}","Internal cost is a policy range, not observed property margin. | Guest relationship value and recovery value are synthetic scenario inputs. | Public context cannot substitute for live occupancy, inventory, or approved hotel policy.","Recommend $275 Surya Spa or Recovery Suite credit for a new guest with a severity 3 noise disruption reported after checkout. Estimated internal cost is $82-$206, not an observed property margin. Rationale: high perceived value lower estimated cost. Recommendation stability is 100%. The closest alternative was $150 Calabra or Palma dining credit; the recommended gesture scored better on recovery fit, estimated cost, and operational constraints."
rec_00371,case_00371,TKT000371,PMS000134,loyalty_guest,design_leisure,1280,6220,1.0,0.95,severity_inferred;no_review_or_survey,maintenance_issue,outcome,3,0.78,true,0.622,Santa Monica Proper Hotel,true,true,true,true,true,0.88,observed_public_property_context,0.69,0.28,sample_seed_review_taxonomy_prior,0.48,0.134,0.462,false,0.32,sample_seed_local_demand_context,0.474,false,740,695,1.065,136,1.075,0.92,sample_seed_public_rate_shape,0.2,false,rooftop_f_and_b_credit,180,72,spa_wellness_credit,Surya Spa or Recovery Suite credit,275,151,82,206,95,3,57.35,0.624,0.504,0.535,242,false,1.0,moderate,smp-public-context-v1.0.0,high_guest_relationship_value;hotel_responsible_failure;recoverable_before_checkout;high_perceived_value_lower_estimated_cost,,"[{""comp_code"": ""room_upgrade"", ""comp_label"": ""room upgrade"", ""guest_facing_value"": 300, ""internal_cost_expected"": 75, ""internal_cost_high"": 195, ""internal_cost_low"": 24, ""policy_score"": 100.36}, {""comp_code"": ""rooftop_f_and_b_credit"", ""comp_label"": ""Calabra or Palma dining credit"", ""guest_facing_value"": 150, ""internal_cost_expected"": 60, ""internal_cost_high"": 90, ""internal_cost_low"": 38, ""policy_score"": 90.41}]","{""fit_score"": 0.521, ""leakage_penalty"": 60.4, ""operational_penalty"": 0.0, ""perceived_value"": 371.25, ""policy_score"": 150.83}","Internal cost is a policy range, not observed property margin. | Guest relationship value and recovery value are synthetic scenario inputs. | Public context cannot substitute for live occupancy, inventory, or approved hotel policy.","Recommend $275 Surya Spa or Recovery Suite credit for a loyalty guest with a severity 3 maintenance issue reported before checkout. Estimated internal cost is $82-$206, not an observed property margin. Rationale: high guest relationship value, hotel responsible failure, recoverable before checkout, high perceived value lower estimated cost. Recommendation stability is 100%. The closest alternative was $300 room upgrade; the recommended gesture scored better on recovery fit, estimated cost, and operational constraints."
rec_00372,case_00372,TKT000372,PMS001238,returning_guest,design_leisure,750,2220,1.0,0.95,,room_readiness_delay,outcome,4,0.93,true,0.99,Santa Monica Proper Hotel,true,true,true,true,true,0.88,observed_public_property_context,0.74,0.28,sample_seed_review_taxonomy_prior,0.7,0.327,0.629,false,0.32,sample_seed_local_demand_context,1.0,true,895,890,1.006,268,1.282,0.92,sample_seed_public_rate_shape,0,false,rooftop_f_and_b_credit,200,80,rooftop_f_and_b_credit,Calabra or Palma dining credit,180,72,45,108,-20,4,67.7,0.537,0.543,0.603,134,false,1.0,high,smp-public-context-v1.0.0,hotel_responsible_failure;high_severity_issue;recoverable_before_checkout;high_perceived_value_lower_estimated_cost,,"[{""comp_code"": ""lobby_lounge_credit"", ""comp_label"": ""Palma lounge credit"", ""guest_facing_value"": 120, ""internal_cost_expected"": 46, ""internal_cost_high"": 66, ""internal_cost_low"": 30, ""policy_score"": 214.55}, {""comp_code"": ""future_stay_credit"", ""comp_label"": ""future-stay credit"", ""guest_facing_value"": 260, ""internal_cost_expected"": 156, ""internal_cost_high"": 221, ""internal_cost_low"": 78, ""policy_score"": 206.29}]","{""fit_score"": 0.859, ""leakage_penalty"": 18.0, ""operational_penalty"": 0.0, ""perceived_value"": 225.0, ""policy_score"": 295.15}","Internal cost is a policy range, not observed property margin. | Guest relationship value and recovery value are synthetic scenario inputs. | Public context cannot substitute for live occupancy, inventory, or approved hotel policy.","Recommend $180 Calabra or Palma dining credit for a returning guest with a severity 4 room readiness delay reported before checkout. Estimated internal cost is $45-$108, not an observed property margin. Rationale: hotel responsible failure, high severity issue, recoverable before checkout, high perceived value lower estimated cost. Recommendation stability is 100%. The closest alternative was $120 Palma lounge credit; the recommended gesture scored better on recovery fit, estimated cost, and operational constraints."
rec_00373,case_00373,TKT000373,PMS001572,new_guest,wellness_getaway,2960,5810,1.0,0.95,,maintenance_issue,outcome,3,0.78,false,0.757,Santa Monica Proper Hotel,true,true,true,true,true,0.88,observed_public_property_context,0.69,0.28,sample_seed_review_taxonomy_prior,0.22,0.271,0.318,false,0.32,sample_seed_local_demand_context,0.336,false,705,700,1.007,109,1.003,0.92,sample_seed_public_rate_shape,0.2,false,amenity_gesture,80,36,spa_wellness_credit,Surya Spa or Recovery Suite credit,275,151,82,206,195,3,56.31,0.396,0.425,0.487,381,false,1.0,high,smp-public-context-v1.0.0,hotel_responsible_failure;high_perceived_value_lower_estimated_cost,,"[{""comp_code"": ""rooftop_f_and_b_credit"", ""comp_label"": ""Calabra or Palma dining credit"", ""guest_facing_value"": 150, ""internal_cost_expected"": 60, ""internal_cost_high"": 90, ""internal_cost_low"": 38, ""policy_score"": 89.76}, {""comp_code"": ""lobby_lounge_credit"", ""comp_label"": ""Palma lounge credit"", ""guest_facing_value"": 100, ""internal_cost_expected"": 38, ""internal_cost_high"": 55, ""internal_cost_low"": 25, ""policy_score"": 60.43}]","{""fit_score"": 0.521, ""leakage_penalty"": 60.4, ""operational_penalty"": 0.0, ""perceived_value"": 371.25, ""policy_score"": 149.57}","Internal cost is a policy range, not observed property margin. | Guest relationship value and recovery value are synthetic scenario inputs. | Public context cannot substitute for live occupancy, inventory, or approved hotel policy.","Recommend $275 Surya Spa or Recovery Suite credit for a new guest with a severity 3 maintenance issue reported after checkout. Estimated internal cost is $82-$206, not an observed property margin. Rationale: hotel responsible failure, high perceived value lower estimated cost. Recommendation stability is 100%. The closest alternative was $150 Calabra or Palma dining credit; the recommended gesture scored better on recovery fit, estimated cost, and operational constraints."
rec_00374,case_00374,TKT000374,PMS000044,new_guest,wellness_getaway,3400,4620,1.0,0.95,,billing_or_fee_dispute,process,3,0.55,false,0.558,Santa Monica Proper Hotel,true,true,true,true,true,0.88,observed_public_property_context,0.58,0.28,sample_seed_review_taxonomy_prior,0.22,0.131,0.273,false,0.32,sample_seed_local_demand_context,0.079,false,640,640,1.0,62,0.893,0.92,sample_seed_public_rate_shape,0.2,false,manager_note,0,0,parking_fee_waiver,parking or destination-fee waiver,85,15,7,30,85,3,51.02,0.042,0.386,0.442,360,false,1.0,high,smp-public-context-v1.0.0,high_perceived_value_lower_estimated_cost,,"[{""comp_code"": ""rooftop_f_and_b_credit"", ""comp_label"": ""Calabra or Palma dining credit"", ""guest_facing_value"": 150, ""internal_cost_expected"": 60, ""internal_cost_high"": 90, ""internal_cost_low"": 38, ""policy_score"": 86.43}, {""comp_code"": ""lobby_lounge_credit"", ""comp_label"": ""Palma lounge credit"", ""guest_facing_value"": 100, ""internal_cost_expected"": 38, ""internal_cost_high"": 55, ""internal_cost_low"": 25, ""policy_score"": 82.11}]","{""fit_score"": 0.683, ""leakage_penalty"": 6.0, ""operational_penalty"": 0.0, ""perceived_value"": 97.75, ""policy_score"": 107.05}","Internal cost is a policy range, not observed property margin. | Guest relationship value and recovery value are synthetic scenario inputs. | Public context cannot substitute for live occupancy, inventory, or approved hotel policy.","Recommend $85 parking or destination-fee waiver for a new guest with a severity 3 billing or fee dispute reported after checkout. Estimated internal cost is $7-$30, not an observed property margin. Rationale: high perceived value lower estimated cost. Recommendation stability is 100%. The closest alternative was $150 Calabra or Palma dining credit; the recommended gesture scored better on recovery fit, estimated cost, and operational constraints."
rec_00375,case_00375,TKT000375,PMS001163,new_guest,local_staycation,1890,3070,1.0,0.95,severity_inferred,housekeeping_miss,outcome,3,0.9,true,0.765,Santa Monica Proper Hotel,true,true,true,true,true,0.88,observed_public_property_context,0.72,0.28,sample_seed_review_taxonomy_prior,0.48,0.056,0.432,false,0.32,sample_seed_local_demand_context,0.534,false,755,655,1.153,149,1.122,0.92,sample_seed_public_rate_shape,0.2,true,late_checkout,100,20,rooftop_f_and_b_credit,Calabra or Palma dining credit,150,60,38,90,50,3,57.42,0.255,0.53,0.55,235,false,1.0,moderate,smp-public-context-v1.0.0,hotel_responsible_failure;recoverable_before_checkout;high_perceived_value_lower_estimated_cost,,"[{""comp_code"": ""lobby_lounge_credit"", ""comp_label"": ""Palma lounge credit"", ""guest_facing_value"": 100, ""internal_cost_expected"": 38, ""internal_cost_high"": 55, ""internal_cost_low"": 25, ""policy_score"": 60.9}, {""comp_code"": ""spa_wellness_credit"", ""comp_label"": ""Surya Spa or Recovery Suite credit"", ""guest_facing_value"": 275, ""internal_cost_expected"": 151, ""internal_cost_high"": 206, ""internal_cost_low"": 82, ""policy_score"": 59.84}]","{""fit_score"": 0.537, ""leakage_penalty"": 24.0, ""operational_penalty"": 0.0, ""perceived_value"": 187.5, ""policy_score"": 90.45}","Internal cost is a policy range, not observed property margin. | Guest relationship value and recovery value are synthetic scenario inputs. | Public context cannot substitute for live occupancy, inventory, or approved hotel policy.","Recommend $150 Calabra or Palma dining credit for a new guest with a severity 3 housekeeping miss reported before checkout. Estimated internal cost is $38-$90, not an observed property margin. Rationale: hotel responsible failure, recoverable before checkout, high perceived value lower estimated cost. Recommendation stability is 100%. The closest alternative was $100 Palma lounge credit; the recommended gesture scored better on recovery fit, estimated cost, and operational constraints."
rec_00376,case_00376,TKT000376,PMS000123,new_guest,business_traveler,2800,3740,1.0,0.95,no_review_or_survey,noise_disruption,process,2,0.48,true,0.323,Santa Monica Proper Hotel,true,true,true,true,true,0.88,observed_public_property_context,0.62,0.28,sample_seed_review_taxonomy_prior,0.22,0.152,0.259,false,0.32,sample_seed_local_demand_context,0.257,false,685,670,1.022,94,0.973,0.92,sample_seed_public_rate_shape,0.2,false,manager_note,0,0,late_checkout,late checkout,75,15,6,34,75,2,40.44,0.064,0.381,0.392,234,false,0.889,high,smp-public-context-v1.0.0,recoverable_before_checkout;high_perceived_value_lower_estimated_cost,,"[{""comp_code"": ""rooftop_f_and_b_credit"", ""comp_label"": ""Calabra or Palma dining credit"", ""guest_facing_value"": 135, ""internal_cost_expected"": 54, ""internal_cost_high"": 81, ""internal_cost_low"": 34, ""policy_score"": 72.57}, {""comp_code"": ""lobby_lounge_credit"", ""comp_label"": ""Palma lounge credit"", ""guest_facing_value"": 90, ""internal_cost_expected"": 34, ""internal_cost_high"": 50, ""internal_cost_low"": 22, ""policy_score"": 48.83}]","{""fit_score"": 0.849, ""leakage_penalty"": 6.0, ""operational_penalty"": 6.26, ""perceived_value"": 108.75, ""policy_score"": 145.69}","Internal cost is a policy range, not observed property margin. | Guest relationship value and recovery value are synthetic scenario inputs. | Public context cannot substitute for live occupancy, inventory, or approved hotel policy.","Recommend $75 late checkout for a new guest with a severity 2 noise disruption reported before checkout. Estimated internal cost is $6-$34, not an observed property margin. Rationale: recoverable before checkout, high perceived value lower estimated cost. Recommendation stability is 89%. The closest alternative was $135 Calabra or Palma dining credit; the recommended gesture scored better on recovery fit, estimated cost, and operational constraints."
rec_00377,case_00377,TKT000377,PMS000946,returning_guest,wellness_getaway,2430,9970,0.78,0.95,,room_readiness_delay,outcome,3,0.88,true,0.665,Santa Monica Proper Hotel,true,true,true,true,true,0.88,observed_public_property_context,0.74,0.28,sample_seed_review_taxonomy_prior,0.22,0.126,0.289,false,0.32,sample_seed_local_demand_context,0.0,false,620,565,1.097,50,0.884,0.92,sample_seed_public_rate_shape,0.2,false,rooftop_f_and_b_credit,145,58,room_upgrade,room upgrade,360,90,29,234,215,4,58.64,0.208,0.495,0.536,433,false,0.667,moderate,smp-public-context-v1.0.0,hotel_responsible_failure;recoverable_before_checkout;high_perceived_value_lower_estimated_cost;property_fit_changed_recovery,"Property fit changed the recommendation: without this signal, the model would prefer late checkout at $100.","[{""comp_code"": ""late_checkout"", ""comp_label"": ""late checkout"", ""guest_facing_value"": 100, ""internal_cost_expected"": 20, ""internal_cost_high"": 45, ""internal_cost_low"": 8, ""policy_score"": 194.11}, {""comp_code"": ""future_stay_credit"", ""comp_label"": ""future-stay credit"", ""guest_facing_value"": 285, ""internal_cost_expected"": 171, ""internal_cost_high"": 242, ""internal_cost_low"": 86, ""policy_score"": 186.92}]","{""fit_score"": 0.514, ""leakage_penalty"": 36.0, ""operational_penalty"": 36.58, ""perceived_value"": 504.0, ""policy_score"": 203.6}","Internal cost is a policy range, not observed property margin. | Guest relationship value and recovery value are synthetic scenario inputs. | Public context cannot substitute for live occupancy, inventory, or approved hotel policy.","Recommend $360 room upgrade for a returning guest with a severity 3 room readiness delay reported before checkout. Estimated internal cost is $29-$234, not an observed property margin. Rationale: hotel responsible failure, recoverable before checkout, high perceived value lower estimated cost, property fit changed recovery. Recommendation stability is 67%. The closest alternative was $100 late checkout; the recommended gesture scored better on recovery fit, estimated cost, and operational constraints."
rec_00378,case_00378,TKT000378,PMS000776,loyalty_guest,coastal_weekend,2840,16350,1.0,0.95,no_review_or_survey;no_comp_record,f_and_b_service_lapse,process,2,0.7,false,0.505,Santa Monica Proper Hotel,true,true,true,true,true,0.88,observed_public_property_context,0.6,0.28,sample_seed_review_taxonomy_prior,0.48,0.669,0.51,false,0.32,sample_seed_local_demand_context,0.494,false,745,725,1.028,141,1.075,0.92,sample_seed_public_rate_shape,0,false,,0,0,rooftop_f_and_b_credit,Calabra or Palma dining credit,150,60,38,90,150,3,49.89,0.117,0.375,0.431,512,false,1.0,high,smp-public-context-v1.0.0,high_guest_relationship_value;hotel_responsible_failure;high_perceived_value_lower_estimated_cost,,"[{""comp_code"": ""spa_wellness_credit"", ""comp_label"": ""Surya Spa or Recovery Suite credit"", ""guest_facing_value"": 275, ""internal_cost_expected"": 151, ""internal_cost_high"": 206, ""internal_cost_low"": 82, ""policy_score"": 77.43}, {""comp_code"": ""lobby_lounge_credit"", ""comp_label"": ""Palma lounge credit"", ""guest_facing_value"": 100, ""internal_cost_expected"": 38, ""internal_cost_high"": 55, ""internal_cost_low"": 25, ""policy_score"": 63.4}]","{""fit_score"": 1.05, ""leakage_penalty"": 15.0, ""operational_penalty"": 0.0, ""perceived_value"": 187.5, ""policy_score"": 192.08}","Internal cost is a policy range, not observed property margin. | Guest relationship value and recovery value are synthetic scenario inputs. | Public context cannot substitute for live occupancy, inventory, or approved hotel policy.","Recommend $150 Calabra or Palma dining credit for a loyalty guest with a severity 2 F&B service lapse reported after checkout. Estimated internal cost is $38-$90, not an observed property margin. Rationale: high guest relationship value, hotel responsible failure, high perceived value lower estimated cost. Recommendation stability is 100%. The closest alternative was $275 Surya Spa or Recovery Suite credit; the recommended gesture scored better on recovery fit, estimated cost, and operational constraints."
rec_00379,case_00379,TKT000379,PMS000609,new_guest,wellness_getaway,1160,2210,1.0,0.95,,spa_wellness_service_issue,process,3,0.74,true,0.478,Santa Monica Proper Hotel,true,true,true,true,true,0.88,observed_public_property_context,0.64,0.28,sample_seed_review_taxonomy_prior,0.48,0.054,0.443,false,0.32,sample_seed_local_demand_context,0.593,false,770,700,1.1,162,1.134,0.92,sample_seed_public_rate_shape,0,false,amenity_gesture,60,27,spa_wellness_credit,Surya Spa or Recovery Suite credit,275,151,82,206,215,3,53.19,1,0.451,0.487,140,false,1.0,high,smp-public-context-v1.0.0,hotel_responsible_failure;recoverable_before_checkout;high_perceived_value_lower_estimated_cost,,"[{""comp_code"": ""rooftop_f_and_b_credit"", ""comp_label"": ""Calabra or Palma dining credit"", ""guest_facing_value"": 150, ""internal_cost_expected"": 60, ""internal_cost_high"": 90, ""internal_cost_low"": 38, ""policy_score"": 96.79}, {""comp_code"": ""lobby_lounge_credit"", ""comp_label"": ""Palma lounge credit"", ""guest_facing_value"": 100, ""internal_cost_expected"": 38, ""internal_cost_high"": 55, ""internal_cost_low"": 25, ""policy_score"": 64.8}]","{""fit_score"": 1.043, ""leakage_penalty"": 37.75, ""operational_penalty"": 0.0, ""perceived_value"": 371.25, ""policy_score"": 368.25}","Internal cost is a policy range, not observed property margin. | Guest relationship value and recovery value are synthetic scenario inputs. | Public context cannot substitute for live occupancy, inventory, or approved hotel policy.","Recommend $275 Surya Spa or Recovery Suite credit for a new guest with a severity 3 spa/wellness service issue reported before checkout. Estimated internal cost is $82-$206, not an observed property margin. Rationale: hotel responsible failure, recoverable before checkout, high perceived value lower estimated cost. Recommendation stability is 100%. The closest alternative was $150 Calabra or Palma dining credit; the recommended gesture scored better on recovery fit, estimated cost, and operational constraints."
rec_00380,case_00380,TKT000380,PMS000537,returning_guest,coastal_weekend,2480,10050,1.0,0.95,no_review_or_survey,valet_or_parking_delay,process,4,0.67,true,0.972,Santa Monica Proper Hotel,true,true,true,true,true,0.88,observed_public_property_context,0.56,0.18,sample_seed_review_taxonomy_prior,0.22,0.082,0.231,false,0.32,sample_seed_local_demand_context,0.237,false,680,735,0.925,90,0.96,0.92,sample_seed_public_rate_shape,0.2,false,room_upgrade,330,82,parking_fee_waiver,parking or destination-fee waiver,100,18,8,35,-230,4,62.41,0.039,0.573,0.596,467,false,1.0,high,smp-public-context-v1.0.0,high_severity_issue;recoverable_before_checkout;high_perceived_value_lower_estimated_cost,,"[{""comp_code"": ""rooftop_f_and_b_credit"", ""comp_label"": ""Calabra or Palma dining credit"", ""guest_facing_value"": 180, ""internal_cost_expected"": 72, ""internal_cost_high"": 108, ""internal_cost_low"": 45, ""policy_score"": 110.75}, {""comp_code"": ""future_stay_credit"", ""comp_label"": ""future-stay credit"", ""guest_facing_value"": 215, ""internal_cost_expected"": 129, ""internal_cost_high"": 183, ""internal_cost_low"": 64, ""policy_score"": 105.89}]","{""fit_score"": 0.932, ""leakage_penalty"": 7.2, ""operational_penalty"": 0.0, ""perceived_value"": 115.0, ""policy_score"": 154.59}","Internal cost is a policy range, not observed property margin. | Guest relationship value and recovery value are synthetic scenario inputs. | Public context cannot substitute for live occupancy, inventory, or approved hotel policy.","Recommend $100 parking or destination-fee waiver for a returning guest with a severity 4 valet or parking delay reported before checkout. Estimated internal cost is $8-$35, not an observed property margin. Rationale: high severity issue, recoverable before checkout, high perceived value lower estimated cost. Recommendation stability is 100%. The closest alternative was $180 Calabra or Palma dining credit; the recommended gesture scored better on recovery fit, estimated cost, and operational constraints."
rec_00381,case_00381,TKT000381,PMS001345,returning_guest,design_leisure,2650,10430,1.0,0.95,no_review_or_survey;no_comp_record,housekeeping_miss,outcome,3,0.9,true,0.354,Santa Monica Proper Hotel,true,true,true,true,true,0.88,observed_public_property_context,0.72,0.28,sample_seed_review_taxonomy_prior,0.22,0.638,0.342,false,0.32,sample_seed_local_demand_context,0.336,false,705,760,0.928,109,1.001,0.92,sample_seed_public_rate_shape,0,false,,0,0,rooftop_f_and_b_credit,Calabra or Palma dining credit,180,72,45,108,180,4,59.73,0.153,0.513,0.551,471,false,1.0,high,smp-public-context-v1.0.0,hotel_responsible_failure;recoverable_before_checkout;high_perceived_value_lower_estimated_cost;property_fit_changed_recovery,"Property fit changed the recommendation: without this signal, the model would prefer future-stay credit at $185.","[{""comp_code"": ""future_stay_credit"", ""comp_label"": ""future-stay credit"", ""guest_facing_value"": 185, ""internal_cost_expected"": 111, ""internal_cost_high"": 157, ""internal_cost_low"": 56, ""policy_score"": 105.68}, {""comp_code"": ""spa_wellness_credit"", ""comp_label"": ""Surya Spa or Recovery Suite credit"", ""guest_facing_value"": 330, ""internal_cost_expected"": 182, ""internal_cost_high"": 248, ""internal_cost_low"": 99, ""policy_score"": 99.37}]","{""fit_score"": 0.537, ""leakage_penalty"": 18.0, ""operational_penalty"": 0.0, ""perceived_value"": 225.0, ""policy_score"": 119.53}","Internal cost is a policy range, not observed property margin. | Guest relationship value and recovery value are synthetic scenario inputs. | Public context cannot substitute for live occupancy, inventory, or approved hotel policy.","Recommend $180 Calabra or Palma dining credit for a returning guest with a severity 3 housekeeping miss reported before checkout. Estimated internal cost is $45-$108, not an observed property margin. Rationale: hotel responsible failure, recoverable before checkout, high perceived value lower estimated cost, property fit changed recovery. Recommendation stability is 100%. The closest alternative was $185 future-stay credit; the recommended gesture scored better on recovery fit, estimated cost, and operational constraints."
rec_00382,case_00382,TKT000382,PMS001504,new_guest,wellness_getaway,880,1130,1.0,0.95,,maintenance_issue,outcome,5,0.83,true,0.774,Santa Monica Proper Hotel,true,true,true,true,true,0.88,observed_public_property_context,0.69,0.28,sample_seed_review_taxonomy_prior,0.22,0.142,0.293,false,0.32,sample_seed_local_demand_context,0.0,false,530,625,0.848,42,0.86,0.92,sample_seed_public_rate_shape,0.2,false,future_stay_credit,350,210,spa_wellness_credit,Surya Spa or Recovery Suite credit,330,182,99,248,-20,4,70.28,1,0.633,0.664,127,false,1.0,high,smp-public-context-v1.0.0,hotel_responsible_failure;high_severity_issue;recoverable_before_checkout;high_perceived_value_lower_estimated_cost,,"[{""comp_code"": ""rooftop_f_and_b_credit"", ""comp_label"": ""Calabra or Palma dining credit"", ""guest_facing_value"": 180, ""internal_cost_expected"": 72, ""internal_cost_high"": 108, ""internal_cost_low"": 45, ""policy_score"": 116.7}, {""comp_code"": ""future_stay_credit"", ""comp_label"": ""future-stay credit"", ""guest_facing_value"": 155, ""internal_cost_expected"": 93, ""internal_cost_high"": 132, ""internal_cost_low"": 46, ""policy_score"": 81.46}]","{""fit_score"": 0.521, ""leakage_penalty"": 72.8, ""operational_penalty"": 0.0, ""perceived_value"": 445.5, ""policy_score"": 198.16}","Internal cost is a policy range, not observed property margin. | Guest relationship value and recovery value are synthetic scenario inputs. | Public context cannot substitute for live occupancy, inventory, or approved hotel policy.","Recommend $330 Surya Spa or Recovery Suite credit for a new guest with a severity 5 maintenance issue reported before checkout. Estimated internal cost is $99-$248, not an observed property margin. Rationale: hotel responsible failure, high severity issue, recoverable before checkout, high perceived value lower estimated cost. Recommendation stability is 100%. The closest alternative was $180 Calabra or Palma dining credit; the recommended gesture scored better on recovery fit, estimated cost, and operational constraints."
rec_00383,case_00383,TKT000383,PMS000582,new_guest,coastal_weekend,720,1370,1.0,0.95,no_review_or_survey;no_comp_record,noise_disruption,process,1,0.48,true,0.504,Santa Monica Proper Hotel,true,true,true,true,true,0.88,observed_public_property_context,0.62,0.28,sample_seed_review_taxonomy_prior,0.48,0.145,0.423,false,0.32,sample_seed_local_demand_context,0.711,false,800,800,1.0,189,1.159,0.92,sample_seed_public_rate_shape,0,false,,0,0,late_checkout,late checkout,75,15,6,34,75,2,30.13,0.306,0.277,0.288,49,false,0.963,high,smp-public-context-v1.0.0,recoverable_before_checkout;high_perceived_value_lower_estimated_cost,,"[{""comp_code"": ""rooftop_f_and_b_credit"", ""comp_label"": ""Calabra or Palma dining credit"", ""guest_facing_value"": 135, ""internal_cost_expected"": 54, ""internal_cost_high"": 81, ""internal_cost_low"": 34, ""policy_score"": 74.83}, {""comp_code"": ""lobby_lounge_credit"", ""comp_label"": ""Palma lounge credit"", ""guest_facing_value"": 90, ""internal_cost_expected"": 34, ""internal_cost_high"": 50, ""internal_cost_low"": 22, ""policy_score"": 50.0}]","{""fit_score"": 0.849, ""leakage_penalty"": 3.75, ""operational_penalty"": 9.88, ""perceived_value"": 108.75, ""policy_score"": 138.38}","Internal cost is a policy range, not observed property margin. | Guest relationship value and recovery value are synthetic scenario inputs. | Public context cannot substitute for live occupancy, inventory, or approved hotel policy.","Recommend $75 late checkout for a new guest with a severity 1 noise disruption reported before checkout. Estimated internal cost is $6-$34, not an observed property margin. Rationale: recoverable before checkout, high perceived value lower estimated cost. Recommendation stability is 96%. The closest alternative was $135 Calabra or Palma dining credit; the recommended gesture scored better on recovery fit, estimated cost, and operational constraints."
rec_00384,case_00384,TKT000384,PMS000267,new_guest,coastal_weekend,540,910,1.0,0.95,severity_inferred,valet_or_parking_delay,process,2,0.62,true,0.593,Santa Monica Proper Hotel,true,true,true,true,true,0.88,observed_public_property_context,0.56,0.18,sample_seed_review_taxonomy_prior,0.48,0.021,0.442,false,0.32,sample_seed_local_demand_context,0.534,false,755,690,1.094,149,1.108,0.92,sample_seed_public_rate_shape,0,true,lobby_lounge_credit,125,48,parking_fee_waiver,parking or destination-fee waiver,75,14,6,26,-50,2,41.43,0.286,0.429,0.422,49,false,1.0,moderate,smp-public-context-v1.0.0,recoverable_before_checkout;high_perceived_value_lower_estimated_cost,,"[{""comp_code"": ""rooftop_f_and_b_credit"", ""comp_label"": ""Calabra or Palma dining credit"", ""guest_facing_value"": 135, ""internal_cost_expected"": 54, ""internal_cost_high"": 81, ""internal_cost_low"": 34, ""policy_score"": 81.23}, {""comp_code"": ""lobby_lounge_credit"", ""comp_label"": ""Palma lounge credit"", ""guest_facing_value"": 90, ""internal_cost_expected"": 34, ""internal_cost_high"": 50, ""internal_cost_low"": 22, ""policy_score"": 54.31}]","{""fit_score"": 0.932, ""leakage_penalty"": 3.5, ""operational_penalty"": 0.0, ""perceived_value"": 86.25, ""policy_score"": 118.56}","Internal cost is a policy range, not observed property margin. | Guest relationship value and recovery value are synthetic scenario inputs. | Public context cannot substitute for live occupancy, inventory, or approved hotel policy.","Recommend $75 parking or destination-fee waiver for a new guest with a severity 2 valet or parking delay reported before checkout. Estimated internal cost is $6-$26, not an observed property margin. Rationale: recoverable before checkout, high perceived value lower estimated cost. Recommendation stability is 100%. The closest alternative was $135 Calabra or Palma dining credit; the recommended gesture scored better on recovery fit, estimated cost, and operational constraints."
rec_00385,case_00385,TKT000385,PMS000612,vip_guest,local_staycation,1500,11370,1.0,0.95,severity_inferred;no_review_or_survey,maintenance_issue,outcome,3,0.78,true,0.783,Santa Monica Proper Hotel,true,true,true,true,true,0.88,observed_public_property_context,0.69,0.28,sample_seed_review_taxonomy_prior,0.22,0.071,0.229,false,0.32,sample_seed_local_demand_context,0.296,false,695,690,1.007,101,0.986,0.92,sample_seed_public_rate_shape,0.4,false,parking_fee_waiver,115,21,future_stay_credit,future-stay credit,260,156,78,221,145,4,59.01,0.415,0.504,0.543,376,false,0.815,moderate,smp-public-context-v1.0.0,high_guest_relationship_value;hotel_responsible_failure;recoverable_before_checkout,,"[{""comp_code"": ""spa_wellness_credit"", ""comp_label"": ""Surya Spa or Recovery Suite credit"", ""guest_facing_value"": 330, ""internal_cost_expected"": 182, ""internal_cost_high"": 248, ""internal_cost_low"": 99, ""policy_score"": 154.5}, {""comp_code"": ""rooftop_f_and_b_credit"", ""comp_label"": ""Calabra or Palma dining credit"", ""guest_facing_value"": 180, ""internal_cost_expected"": 72, ""internal_cost_high"": 108, ""internal_cost_low"": 45, ""policy_score"": 97.38}]","{""fit_score"": 0.78, ""leakage_penalty"": 85.8, ""operational_penalty"": 0.0, ""perceived_value"": 312.0, ""policy_score"": 174.31}","Internal cost is a policy range, not observed property margin. | Guest relationship value and recovery value are synthetic scenario inputs. | Public context cannot substitute for live occupancy, inventory, or approved hotel policy.","Recommend $260 future-stay credit for a vip guest with a severity 3 maintenance issue reported before checkout. Estimated internal cost is $78-$221, not an observed property margin. Rationale: high guest relationship value, hotel responsible failure, recoverable before checkout. Recommendation stability is 82%. The closest alternative was $330 Surya Spa or Recovery Suite credit; the recommended gesture scored better on recovery fit, estimated cost, and operational constraints."
rec_00386,case_00386,TKT000386,PMS000082,returning_guest,event_or_wedding,2220,4890,1.0,0.95,no_review_or_survey;no_comp_record,valet_or_parking_delay,process,2,0.62,true,0.841,Santa Monica Proper Hotel,true,true,true,true,true,0.88,observed_public_property_context,0.56,0.18,sample_seed_review_taxonomy_prior,0.22,0.142,0.25,false,0.32,sample_seed_local_demand_context,0.593,false,770,810,0.951,162,1.109,0.92,sample_seed_public_rate_shape,0,false,,0,0,parking_fee_waiver,parking or destination-fee waiver,85,15,7,30,85,3,44.34,0.064,0.337,0.385,233,false,1.0,high,smp-public-context-v1.0.0,recoverable_before_checkout;high_perceived_value_lower_estimated_cost,,"[{""comp_code"": ""rooftop_f_and_b_credit"", ""comp_label"": ""Calabra or Palma dining credit"", ""guest_facing_value"": 150, ""internal_cost_expected"": 60, ""internal_cost_high"": 90, ""internal_cost_low"": 38, ""policy_score"": 91.22}, {""comp_code"": ""spa_wellness_credit"", ""comp_label"": ""Surya Spa or Recovery Suite credit"", ""guest_facing_value"": 275, ""internal_cost_expected"": 151, ""internal_cost_high"": 206, ""internal_cost_low"": 82, ""policy_score"": 73.7}]","{""fit_score"": 0.932, ""leakage_penalty"": 3.75, ""operational_penalty"": 0.0, ""perceived_value"": 97.75, ""policy_score"": 130.24}","Internal cost is a policy range, not observed property margin. | Guest relationship value and recovery value are synthetic scenario inputs. | Public context cannot substitute for live occupancy, inventory, or approved hotel policy.","Recommend $85 parking or destination-fee waiver for a returning guest with a severity 2 valet or parking delay reported before checkout. Estimated internal cost is $7-$30, not an observed property margin. Rationale: recoverable before checkout, high perceived value lower estimated cost. Recommendation stability is 100%. The closest alternative was $150 Calabra or Palma dining credit; the recommended gesture scored better on recovery fit, estimated cost, and operational constraints."
rec_00387,case_00387,TKT000387,PMS000990,new_guest,wellness_getaway,1770,2630,1.0,0.95,no_review_or_survey,room_assignment_expectation_gap,outcome,4,0.79,false,0.649,Santa Monica Proper Hotel,true,true,true,true,true,0.88,observed_public_property_context,0.68,0.28,sample_seed_review_taxonomy_prior,0.22,0.066,0.251,false,0.32,sample_seed_local_demand_context,0.119,false,650,635,1.024,69,0.916,0.92,sample_seed_public_rate_shape,0.2,false,rooftop_f_and_b_credit,175,70,room_upgrade,room upgrade,360,90,29,234,185,4,66.13,0.363,0.605,0.63,248,false,1.0,high,smp-public-context-v1.0.0,hotel_responsible_failure;high_severity_issue;high_perceived_value_lower_estimated_cost,,"[{""comp_code"": ""rooftop_f_and_b_credit"", ""comp_label"": ""Calabra or Palma dining credit"", ""guest_facing_value"": 180, ""internal_cost_expected"": 72, ""internal_cost_high"": 108, ""internal_cost_low"": 45, ""policy_score"": 113.56}, {""comp_code"": ""future_stay_credit"", ""comp_label"": ""future-stay credit"", ""guest_facing_value"": 205, ""internal_cost_expected"": 123, ""internal_cost_high"": 174, ""internal_cost_low"": 62, ""policy_score"": 104.17}]","{""fit_score"": 0.963, ""leakage_penalty"": 36.0, ""operational_penalty"": 35.7, ""perceived_value"": 504.0, ""policy_score"": 468.86}","Internal cost is a policy range, not observed property margin. | Guest relationship value and recovery value are synthetic scenario inputs. | Public context cannot substitute for live occupancy, inventory, or approved hotel policy.","Recommend $360 room upgrade for a new guest with a severity 4 room assignment expectation gap reported after checkout. Estimated internal cost is $29-$234, not an observed property margin. Rationale: hotel responsible failure, high severity issue, high perceived value lower estimated cost. Recommendation stability is 100%. The closest alternative was $180 Calabra or Palma dining credit; the recommended gesture scored better on recovery fit, estimated cost, and operational constraints."
rec_00388,case_00388,TKT000388,PMS000898,loyalty_guest,wellness_getaway,1120,5470,1.0,0.95,,f_and_b_service_lapse,process,2,0.7,true,0.573,Santa Monica Proper Hotel,true,true,true,true,true,0.88,observed_public_property_context,0.6,0.28,sample_seed_review_taxonomy_prior,0.22,0.155,0.273,false,0.32,sample_seed_local_demand_context,0.02,false,625,630,0.992,53,0.868,0.92,sample_seed_public_rate_shape,0.2,false,rooftop_f_and_b_credit,115,46,rooftop_f_and_b_credit,Calabra or Palma dining credit,150,60,38,90,35,3,46.51,0.349,0.4,0.429,172,false,1.0,high,smp-public-context-v1.0.0,high_guest_relationship_value;hotel_responsible_failure;recoverable_before_checkout;high_perceived_value_lower_estimated_cost,,"[{""comp_code"": ""lobby_lounge_credit"", ""comp_label"": ""Palma lounge credit"", ""guest_facing_value"": 100, ""internal_cost_expected"": 38, ""internal_cost_high"": 55, ""internal_cost_low"": 25, ""policy_score"": 56.27}, {""comp_code"": ""spa_wellness_credit"", ""comp_label"": ""Surya Spa or Recovery Suite credit"", ""guest_facing_value"": 275, ""internal_cost_expected"": 151, ""internal_cost_high"": 206, ""internal_cost_low"": 82, ""policy_score"": 52.51}]","{""fit_score"": 1.05, ""leakage_penalty"": 24.0, ""operational_penalty"": 0.0, ""perceived_value"": 187.5, ""policy_score"": 178.92}","Internal cost is a policy range, not observed property margin. | Guest relationship value and recovery value are synthetic scenario inputs. | Public context cannot substitute for live occupancy, inventory, or approved hotel policy.","Recommend $150 Calabra or Palma dining credit for a loyalty guest with a severity 2 F&B service lapse reported before checkout. Estimated internal cost is $38-$90, not an observed property margin. Rationale: high guest relationship value, hotel responsible failure, recoverable before checkout, high perceived value lower estimated cost. Recommendation stability is 100%. The closest alternative was $100 Palma lounge credit; the recommended gesture scored better on recovery fit, estimated cost, and operational constraints."
rec_00389,case_00389,TKT000389,PMS001073,vip_guest,wellness_getaway,680,4070,1.0,0.95,severity_inferred,billing_or_fee_dispute,process,2,0.55,true,0.99,Santa Monica Proper Hotel,true,true,true,true,true,0.88,observed_public_property_context,0.58,0.28,sample_seed_review_taxonomy_prior,0.7,0.056,0.53,false,0.32,sample_seed_local_demand_context,0.632,false,780,770,1.013,171,1.129,0.92,sample_seed_public_rate_shape,0.2,true,amenity_gesture,70,32,parking_fee_waiver,parking or destination-fee waiver,85,15,7,30,15,3,47.55,0.126,0.394,0.431,119,false,1.0,moderate,smp-public-context-v1.0.0,high_guest_relationship_value;recoverable_before_checkout;high_perceived_value_lower_estimated_cost,,"[{""comp_code"": ""rooftop_f_and_b_credit"", ""comp_label"": ""Calabra or Palma dining credit"", ""guest_facing_value"": 150, ""internal_cost_expected"": 60, ""internal_cost_high"": 90, ""internal_cost_low"": 38, ""policy_score"": 84.24}, {""comp_code"": ""lobby_lounge_credit"", ""comp_label"": ""Palma lounge credit"", ""guest_facing_value"": 100, ""internal_cost_expected"": 38, ""internal_cost_high"": 55, ""internal_cost_low"": 25, ""policy_score"": 80.13}]","{""fit_score"": 0.683, ""leakage_penalty"": 6.0, ""operational_penalty"": 0.0, ""perceived_value"": 97.75, ""policy_score"": 105.6}","Internal cost is a policy range, not observed property margin. | Guest relationship value and recovery value are synthetic scenario inputs. | Public context cannot substitute for live occupancy, inventory, or approved hotel policy.","Recommend $85 parking or destination-fee waiver for a vip guest with a severity 2 billing or fee dispute reported before checkout. Estimated internal cost is $7-$30, not an observed property margin. Rationale: high guest relationship value, recoverable before checkout, high perceived value lower estimated cost. Recommendation stability is 100%. The closest alternative was $150 Calabra or Palma dining credit; the recommended gesture scored better on recovery fit, estimated cost, and operational constraints."
rec_00390,case_00390,TKT000390,PMS001075,loyalty_guest,event_or_wedding,3320,12990,1.0,0.95,no_review_or_survey;no_comp_record,f_and_b_service_lapse,process,2,0.7,true,0.464,Santa Monica Proper Hotel,true,true,true,true,true,0.88,observed_public_property_context,0.6,0.28,sample_seed_review_taxonomy_prior,0.22,0.159,0.228,false,0.32,sample_seed_local_demand_context,0.613,false,775,775,1.0,166,1.117,0.92,sample_seed_public_rate_shape,0,false,,0,0,rooftop_f_and_b_credit,Calabra or Palma dining credit,150,60,38,90,150,3,47.69,0.128,0.375,0.421,470,false,1.0,high,smp-public-context-v1.0.0,high_guest_relationship_value;hotel_responsible_failure;recoverable_before_checkout;high_perceived_value_lower_estimated_cost,,"[{""comp_code"": ""spa_wellness_credit"", ""comp_label"": ""Surya Spa or Recovery Suite credit"", ""guest_facing_value"": 275, ""internal_cost_expected"": 151, ""internal_cost_high"": 206, ""internal_cost_low"": 82, ""policy_score"": 75.95}, {""comp_code"": ""lobby_lounge_credit"", ""comp_label"": ""Palma lounge credit"", ""guest_facing_value"": 100, ""internal_cost_expected"": 38, ""internal_cost_high"": 55, ""internal_cost_low"": 25, ""policy_score"": 62.47}]","{""fit_score"": 1.05, ""leakage_penalty"": 15.0, ""operational_penalty"": 0.0, ""perceived_value"": 187.5, ""policy_score"": 189.38}","Internal cost is a policy range, not observed property margin. | Guest relationship value and recovery value are synthetic scenario inputs. | Public context cannot substitute for live occupancy, inventory, or approved hotel policy.","Recommend $150 Calabra or Palma dining credit for a loyalty guest with a severity 2 F&B service lapse reported before checkout. Estimated internal cost is $38-$90, not an observed property margin. Rationale: high guest relationship value, hotel responsible failure, recoverable before checkout, high perceived value lower estimated cost. Recommendation stability is 100%. The closest alternative was $275 Surya Spa or Recovery Suite credit; the recommended gesture scored better on recovery fit, estimated cost, and operational constraints."
rec_00391,case_00391,TKT000391,PMS000810,new_guest,local_staycation,650,1340,1.0,0.95,no_review_or_survey;no_comp_record,rooftop_pool_access_issue,process,1,0.64,true,0.659,Santa Monica Proper Hotel,true,true,true,true,true,0.88,observed_public_property_context,0.6,0.28,sample_seed_review_taxonomy_prior,0.22,0.425,0.299,false,0.32,sample_seed_local_demand_context,0.573,false,765,685,1.117,158,1.13,0.92,sample_seed_public_rate_shape,0,false,,0,0,rooftop_f_and_b_credit,Calabra or Palma dining credit,135,54,34,81,135,2,32.84,1,0.272,0.297,50,false,1.0,high,smp-public-context-v1.0.0,recoverable_before_checkout;high_perceived_value_lower_estimated_cost,,"[{""comp_code"": ""lobby_lounge_credit"", ""comp_label"": ""Palma lounge credit"", ""guest_facing_value"": 90, ""internal_cost_expected"": 34, ""internal_cost_high"": 50, ""internal_cost_low"": 22, ""policy_score"": 51.03}, {""comp_code"": ""amenity_gesture"", ""comp_label"": ""in-room amenity gesture"", ""guest_facing_value"": 50, ""internal_cost_expected"": 22, ""internal_cost_high"": 32, ""internal_cost_low"": 12, ""policy_score"": 37.27}]","{""fit_score"": 1.026, ""leakage_penalty"": 13.5, ""operational_penalty"": 0.0, ""perceived_value"": 168.75, ""policy_score"": 151.12}","Internal cost is a policy range, not observed property margin. | Guest relationship value and recovery value are synthetic scenario inputs. | Public context cannot substitute for live occupancy, inventory, or approved hotel policy.","Recommend $135 Calabra or Palma dining credit for a new guest with a severity 1 rooftop pool access issue reported before checkout. Estimated internal cost is $34-$81, not an observed property margin. Rationale: recoverable before checkout, high perceived value lower estimated cost. Recommendation stability is 100%. The closest alternative was $90 Palma lounge credit; the recommended gesture scored better on recovery fit, estimated cost, and operational constraints."
rec_00392,case_00392,TKT000392,PMS000642,event_or_suite_guest,event_or_wedding,2380,14510,1.0,0.95,no_comp_record,maintenance_issue,outcome,5,0.83,true,0.99,Santa Monica Proper Hotel,true,true,true,true,true,0.88,observed_public_property_context,0.69,0.28,sample_seed_review_taxonomy_prior,0.7,0.033,0.545,false,0.32,sample_seed_local_demand_context,1.0,true,895,885,1.011,268,1.283,0.92,sample_seed_public_rate_shape,0,false,,0,0,future_stay_credit,future-stay credit,415,249,124,353,415,5,77.56,0.361,0.737,0.754,689,true,0.963,high,smp-public-context-v1.0.0,high_guest_relationship_value;hotel_responsible_failure;high_severity_issue;high_review_risk;recoverable_before_checkout;manager_review_required,,"[{""comp_code"": ""spa_wellness_credit"", ""comp_label"": ""Surya Spa or Recovery Suite credit"", ""guest_facing_value"": 400, ""internal_cost_expected"": 220, ""internal_cost_high"": 300, ""internal_cost_low"": 120, ""policy_score"": 373.05}, {""comp_code"": ""rooftop_f_and_b_credit"", ""comp_label"": ""Calabra or Palma dining credit"", ""guest_facing_value"": 220, ""internal_cost_expected"": 88, ""internal_cost_high"": 132, ""internal_cost_low"": 55, ""policy_score"": 248.97}]","{""fit_score"": 0.76, ""leakage_penalty"": 62.25, ""operational_penalty"": 0.0, ""perceived_value"": 498.0, ""policy_score"": 386.15}","Internal cost is a policy range, not observed property margin. | Guest relationship value and recovery value are synthetic scenario inputs. | Public context cannot substitute for live occupancy, inventory, or approved hotel policy.","Recommend $415 future-stay credit for an event/suite guest with a severity 5 maintenance issue reported before checkout. Estimated internal cost is $124-$353, not an observed property margin. Rationale: high guest relationship value, hotel responsible failure, high severity issue, high review risk. Recommendation stability is 96%. The closest alternative was $400 Surya Spa or Recovery Suite credit; the recommended gesture scored better on recovery fit, estimated cost, and operational constraints."
rec_00393,case_00393,TKT000393,PMS001442,new_guest,wellness_getaway,1160,2088,1.0,0.95,ltv_imputed;no_review_or_survey;no_comp_record,housekeeping_miss,outcome,4,0.95,false,0.32,Santa Monica Proper Hotel,true,true,true,true,true,0.88,observed_public_property_context,0.72,0.28,sample_seed_review_taxonomy_prior,0.82,0.086,0.647,false,0.32,sample_seed_local_demand_context,0.553,true,760,820,0.927,153,1.092,0.92,sample_seed_public_rate_shape,0,false,,0,0,rooftop_f_and_b_credit,Calabra or Palma dining credit,180,72,45,108,180,4,69.19,0.402,0.616,0.65,179,false,1.0,moderate,smp-public-context-v1.0.0,hotel_responsible_failure;high_severity_issue;high_perceived_value_lower_estimated_cost,,"[{""comp_code"": ""spa_wellness_credit"", ""comp_label"": ""Surya Spa or Recovery Suite credit"", ""guest_facing_value"": 330, ""internal_cost_expected"": 182, ""internal_cost_high"": 248, ""internal_cost_low"": 99, ""policy_score"": 155.75}, {""comp_code"": ""lobby_lounge_credit"", ""comp_label"": ""Palma lounge credit"", ""guest_facing_value"": 120, ""internal_cost_expected"": 46, ""internal_cost_high"": 66, ""internal_cost_low"": 30, ""policy_score"": 133.7}]","{""fit_score"": 0.537, ""leakage_penalty"": 18.0, ""operational_penalty"": 0.0, ""perceived_value"": 225.0, ""policy_score"": 175.42}","Internal cost is a policy range, not observed property margin. | Guest relationship value and recovery value are synthetic scenario inputs. | Public context cannot substitute for live occupancy, inventory, or approved hotel policy.","Recommend $180 Calabra or Palma dining credit for a new guest with a severity 4 housekeeping miss reported after checkout. Estimated internal cost is $45-$108, not an observed property margin. Rationale: hotel responsible failure, high severity issue, high perceived value lower estimated cost. Recommendation stability is 100%. The closest alternative was $330 Surya Spa or Recovery Suite credit; the recommended gesture scored better on recovery fit, estimated cost, and operational constraints."
rec_00394,case_00394,TKT000394,PMS000865,returning_guest,coastal_weekend,2800,10780,1.0,0.95,no_review_or_survey,rooftop_pool_access_issue,process,3,0.64,false,0.826,Santa Monica Proper Hotel,true,true,true,true,true,0.88,observed_public_property_context,0.6,0.28,sample_seed_review_taxonomy_prior,0.48,0.166,0.438,false,0.32,sample_seed_local_demand_context,1.0,true,875,895,0.978,262,1.28,0.92,sample_seed_public_rate_shape,0.2,false,late_checkout,65,13,rooftop_f_and_b_credit,Calabra or Palma dining credit,150,60,38,90,85,3,56.41,0.129,0.479,0.517,466,false,1.0,high,smp-public-context-v1.0.0,high_perceived_value_lower_estimated_cost,,"[{""comp_code"": ""lobby_lounge_credit"", ""comp_label"": ""Palma lounge credit"", ""guest_facing_value"": 100, ""internal_cost_expected"": 38, ""internal_cost_high"": 55, ""internal_cost_low"": 25, ""policy_score"": 148.63}, {""comp_code"": ""spa_wellness_credit"", ""comp_label"": ""Surya Spa or Recovery Suite credit"", ""guest_facing_value"": 275, ""internal_cost_expected"": 151, ""internal_cost_high"": 206, ""internal_cost_low"": 82, ""policy_score"": 147.32}]","{""fit_score"": 1.026, ""leakage_penalty"": 24.0, ""operational_penalty"": 0.0, ""perceived_value"": 187.5, ""policy_score"": 274.56}","Internal cost is a policy range, not observed property margin. | Guest relationship value and recovery value are synthetic scenario inputs. | Public context cannot substitute for live occupancy, inventory, or approved hotel policy.","Recommend $150 Calabra or Palma dining credit for a returning guest with a severity 3 rooftop pool access issue reported after checkout. Estimated internal cost is $38-$90, not an observed property margin. Rationale: high perceived value lower estimated cost. Recommendation stability is 100%. The closest alternative was $100 Palma lounge credit; the recommended gesture scored better on recovery fit, estimated cost, and operational constraints."
rec_00395,case_00395,TKT000395,PMS001382,new_guest,local_staycation,480,710,1.0,0.95,no_comp_record,billing_or_fee_dispute,process,2,0.55,false,0.638,Santa Monica Proper Hotel,true,true,true,true,true,0.88,observed_public_property_context,0.58,0.28,sample_seed_review_taxonomy_prior,0.22,0.176,0.243,false,0.32,sample_seed_local_demand_context,0.0,false,545,600,0.908,44,0.86,0.92,sample_seed_public_rate_shape,0,false,,0,0,parking_fee_waiver,parking or destination-fee waiver,85,15,7,30,85,3,42.73,0.349,0.362,0.391,43,false,1.0,high,smp-public-context-v1.0.0,high_perceived_value_lower_estimated_cost,,"[{""comp_code"": ""rooftop_f_and_b_credit"", ""comp_label"": ""Calabra or Palma dining credit"", ""guest_facing_value"": 150, ""internal_cost_expected"": 60, ""internal_cost_high"": 90, ""internal_cost_low"": 38, ""policy_score"": 90.21}, {""comp_code"": ""lobby_lounge_credit"", ""comp_label"": ""Palma lounge credit"", ""guest_facing_value"": 100, ""internal_cost_expected"": 38, ""internal_cost_high"": 55, ""internal_cost_low"": 25, ""policy_score"": 83.08}]","{""fit_score"": 0.683, ""leakage_penalty"": 3.75, ""operational_penalty"": 0.0, ""perceived_value"": 97.75, ""policy_score"": 105.84}","Internal cost is a policy range, not observed property margin. | Guest relationship value and recovery value are synthetic scenario inputs. | Public context cannot substitute for live occupancy, inventory, or approved hotel policy.","Recommend $85 parking or destination-fee waiver for a new guest with a severity 2 billing or fee dispute reported after checkout. Estimated internal cost is $7-$30, not an observed property margin. Rationale: high perceived value lower estimated cost. Recommendation stability is 100%. The closest alternative was $150 Calabra or Palma dining credit; the recommended gesture scored better on recovery fit, estimated cost, and operational constraints."
rec_00396,case_00396,TKT000396,PMS000375,returning_guest,design_leisure,1860,3348,1.0,0.95,ltv_imputed,room_assignment_expectation_gap,outcome,2,0.74,true,0.853,Santa Monica Proper Hotel,true,true,true,true,true,0.88,observed_public_property_context,0.68,0.28,sample_seed_review_taxonomy_prior,0.22,0.067,0.246,false,0.32,sample_seed_local_demand_context,0.395,false,720,780,0.923,120,1.026,0.92,sample_seed_public_rate_shape,0,true,lobby_lounge_credit,130,49,room_upgrade,room upgrade,300,75,24,195,170,3,45.57,0.397,0.334,0.389,189,false,0.963,moderate,smp-public-context-v1.0.0,hotel_responsible_failure;recoverable_before_checkout;high_perceived_value_lower_estimated_cost,,"[{""comp_code"": ""rooftop_f_and_b_credit"", ""comp_label"": ""Calabra or Palma dining credit"", ""guest_facing_value"": 150, ""internal_cost_expected"": 60, ""internal_cost_high"": 90, ""internal_cost_low"": 38, ""policy_score"": 91.99}, {""comp_code"": ""spa_wellness_credit"", ""comp_label"": ""Surya Spa or Recovery Suite credit"", ""guest_facing_value"": 275, ""internal_cost_expected"": 151, ""internal_cost_high"": 206, ""internal_cost_low"": 82, ""policy_score"": 74.52}]","{""fit_score"": 0.963, ""leakage_penalty"": 18.75, ""operational_penalty"": 140.75, ""perceived_value"": 420.0, ""policy_score"": 238.97}","Internal cost is a policy range, not observed property margin. | Guest relationship value and recovery value are synthetic scenario inputs. | Public context cannot substitute for live occupancy, inventory, or approved hotel policy.","Recommend $300 room upgrade for a returning guest with a severity 2 room assignment expectation gap reported before checkout. Estimated internal cost is $24-$195, not an observed property margin. Rationale: hotel responsible failure, recoverable before checkout, high perceived value lower estimated cost. Recommendation stability is 96%. The closest alternative was $150 Calabra or Palma dining credit; the recommended gesture scored better on recovery fit, estimated cost, and operational constraints."
rec_00397,case_00397,TKT000397,PMS000109,new_guest,wellness_getaway,2800,5040,1.0,0.95,severity_inferred;ltv_imputed,noise_disruption,process,2,0.48,true,0.967,Santa Monica Proper Hotel,true,true,true,true,true,0.88,observed_public_property_context,0.62,0.28,sample_seed_review_taxonomy_prior,0.7,0.144,0.596,false,0.32,sample_seed_local_demand_context,0.909,true,850,805,1.056,238,1.256,0.92,sample_seed_public_rate_shape,0.2,false,lobby_lounge_credit,115,44,rooftop_f_and_b_credit,Calabra or Palma dining credit,135,54,34,81,20,2,41.98,0.206,0.382,0.399,262,false,0.667,moderate,smp-public-context-v1.0.0,recoverable_before_checkout;high_perceived_value_lower_estimated_cost,,"[{""comp_code"": ""lobby_lounge_credit"", ""comp_label"": ""Palma lounge credit"", ""guest_facing_value"": 90, ""internal_cost_expected"": 34, ""internal_cost_high"": 50, ""internal_cost_low"": 22, ""policy_score"": 129.56}, {""comp_code"": ""amenity_gesture"", ""comp_label"": ""in-room amenity gesture"", ""guest_facing_value"": 50, ""internal_cost_expected"": 22, ""internal_cost_high"": 32, ""internal_cost_low"": 12, ""policy_score"": 122.01}]","{""fit_score"": 0.537, ""leakage_penalty"": 21.6, ""operational_penalty"": 0.0, ""perceived_value"": 168.75, ""policy_score"": 153.58}","Internal cost is a policy range, not observed property margin. | Guest relationship value and recovery value are synthetic scenario inputs. | Public context cannot substitute for live occupancy, inventory, or approved hotel policy.","Recommend $135 Calabra or Palma dining credit for a new guest with a severity 2 noise disruption reported before checkout. Estimated internal cost is $34-$81, not an observed property margin. Rationale: recoverable before checkout, high perceived value lower estimated cost. Recommendation stability is 67%. The closest alternative was $90 Palma lounge credit; the recommended gesture scored better on recovery fit, estimated cost, and operational constraints."
rec_00398,case_00398,TKT000398,PMS001422,new_guest,business_traveler,580,730,1.0,0.95,no_review_or_survey,housekeeping_miss,outcome,2,0.9,true,0.403,Santa Monica Proper Hotel,true,true,true,true,true,0.88,observed_public_property_context,0.72,0.28,sample_seed_review_taxonomy_prior,0.22,0.09,0.205,false,0.32,sample_seed_local_demand_context,0.0,false,605,610,0.992,48,0.86,0.92,sample_seed_public_rate_shape,0.2,false,manager_note,0,0,rooftop_f_and_b_credit,Calabra or Palma dining credit,150,60,38,90,150,3,47.64,1,0.409,0.439,56,false,1.0,high,smp-public-context-v1.0.0,hotel_responsible_failure;recoverable_before_checkout;high_perceived_value_lower_estimated_cost,,"[{""comp_code"": ""lobby_lounge_credit"", ""comp_label"": ""Palma lounge credit"", ""guest_facing_value"": 100, ""internal_cost_expected"": 38, ""internal_cost_high"": 55, ""internal_cost_low"": 25, ""policy_score"": 56.75}, {""comp_code"": ""spa_wellness_credit"", ""comp_label"": ""Surya Spa or Recovery Suite credit"", ""guest_facing_value"": 275, ""internal_cost_expected"": 151, ""internal_cost_high"": 206, ""internal_cost_low"": 82, ""policy_score"": 53.27}]","{""fit_score"": 0.537, ""leakage_penalty"": 24.0, ""operational_penalty"": 0.0, ""perceived_value"": 187.5, ""policy_score"": 84.3}","Internal cost is a policy range, not observed property margin. | Guest relationship value and recovery value are synthetic scenario inputs. | Public context cannot substitute for live occupancy, inventory, or approved hotel policy.","Recommend $150 Calabra or Palma dining credit for a new guest with a severity 2 housekeeping miss reported before checkout. Estimated internal cost is $38-$90, not an observed property margin. Rationale: hotel responsible failure, recoverable before checkout, high perceived value lower estimated cost. Recommendation stability is 100%. The closest alternative was $100 Palma lounge credit; the recommended gesture scored better on recovery fit, estimated cost, and operational constraints."
rec_00399,case_00399,TKT000399,PMS000248,returning_guest,coastal_weekend,610,2340,1.0,0.95,,housekeeping_miss,outcome,2,0.9,true,0.695,Santa Monica Proper Hotel,true,true,true,true,true,0.88,observed_public_property_context,0.72,0.28,sample_seed_review_taxonomy_prior,0.22,0.613,0.368,false,0.32,sample_seed_local_demand_context,0.277,false,690,680,1.015,97,0.98,0.92,sample_seed_public_rate_shape,0,true,amenity_gesture,60,27,rooftop_f_and_b_credit,Calabra or Palma dining credit,150,60,38,90,90,3,51.1,0.652,0.45,0.477,92,false,0.963,high,smp-public-context-v1.0.0,hotel_responsible_failure;recoverable_before_checkout;high_perceived_value_lower_estimated_cost,,"[{""comp_code"": ""spa_wellness_credit"", ""comp_label"": ""Surya Spa or Recovery Suite credit"", ""guest_facing_value"": 275, ""internal_cost_expected"": 151, ""internal_cost_high"": 206, ""internal_cost_low"": 82, ""policy_score"": 78.24}, {""comp_code"": ""lobby_lounge_credit"", ""comp_label"": ""Palma lounge credit"", ""guest_facing_value"": 100, ""internal_cost_expected"": 38, ""internal_cost_high"": 55, ""internal_cost_low"": 25, ""policy_score"": 63.92}]","{""fit_score"": 0.537, ""leakage_penalty"": 15.0, ""operational_penalty"": 0.0, ""perceived_value"": 187.5, ""policy_score"": 95.48}","Internal cost is a policy range, not observed property margin. | Guest relationship value and recovery value are synthetic scenario inputs. | Public context cannot substitute for live occupancy, inventory, or approved hotel policy.","Recommend $150 Calabra or Palma dining credit for a returning guest with a severity 2 housekeeping miss reported before checkout. Estimated internal cost is $38-$90, not an observed property margin. Rationale: hotel responsible failure, recoverable before checkout, high perceived value lower estimated cost. Recommendation stability is 96%. The closest alternative was $275 Surya Spa or Recovery Suite credit; the recommended gesture scored better on recovery fit, estimated cost, and operational constraints."
rec_00400,case_00400,TKT000400,PMS000138,returning_guest,event_or_wedding,1710,6460,1.0,0.95,,maintenance_issue,outcome,2,0.78,true,0.757,Santa Monica Proper Hotel,true,true,true,true,true,0.88,observed_public_property_context,0.69,0.28,sample_seed_review_taxonomy_prior,0.7,0.164,0.592,false,0.32,sample_seed_local_demand_context,0.81,true,825,815,1.012,213,1.203,0.92,sample_seed_public_rate_shape,0.2,true,late_checkout,105,21,spa_wellness_credit,Surya Spa or Recovery Suite credit,275,151,82,206,170,3,47.51,0.637,0.377,0.421,237,false,0.963,high,smp-public-context-v1.0.0,hotel_responsible_failure;recoverable_before_checkout;high_perceived_value_lower_estimated_cost,,"[{""comp_code"": ""rooftop_f_and_b_credit"", ""comp_label"": ""Calabra or Palma dining credit"", ""guest_facing_value"": 150, ""internal_cost_expected"": 60, ""internal_cost_high"": 90, ""internal_cost_low"": 38, ""policy_score"": 155.63}, {""comp_code"": ""lobby_lounge_credit"", ""comp_label"": ""Palma lounge credit"", ""guest_facing_value"": 100, ""internal_cost_expected"": 38, ""internal_cost_high"": 55, ""internal_cost_low"": 25, ""policy_score"": 128.1}]","{""fit_score"": 0.521, ""leakage_penalty"": 60.4, ""operational_penalty"": 0.0, ""perceived_value"": 371.25, ""policy_score"": 210.34}","Internal cost is a policy range, not observed property margin. | Guest relationship value and recovery value are synthetic scenario inputs. | Public context cannot substitute for live occupancy, inventory, or approved hotel policy.","Recommend $275 Surya Spa or Recovery Suite credit for a returning guest with a severity 2 maintenance issue reported before checkout. Estimated internal cost is $82-$206, not an observed property margin. Rationale: hotel responsible failure, recoverable before checkout, high perceived value lower estimated cost. Recommendation stability is 96%. The closest alternative was $150 Calabra or Palma dining credit; the recommended gesture scored better on recovery fit, estimated cost, and operational constraints."
rec_00401,case_00401,TKT000401,PMS001504,new_guest,wellness_getaway,880,1130,1.0,0.95,,housekeeping_miss,outcome,5,0.95,true,0.774,Santa Monica Proper Hotel,true,true,true,true,true,0.88,observed_public_property_context,0.72,0.28,sample_seed_review_taxonomy_prior,0.22,0.142,0.293,false,0.32,sample_seed_local_demand_context,0.0,false,530,625,0.848,42,0.86,0.92,sample_seed_public_rate_shape,0.2,false,future_stay_credit,350,210,rooftop_f_and_b_credit,Calabra or Palma dining credit,180,72,45,108,-170,4,72.68,0.55,0.642,0.68,131,false,1.0,high,smp-public-context-v1.0.0,hotel_responsible_failure;high_severity_issue;recoverable_before_checkout;high_perceived_value_lower_estimated_cost,,"[{""comp_code"": ""future_stay_credit"", ""comp_label"": ""future-stay credit"", ""guest_facing_value"": 155, ""internal_cost_expected"": 93, ""internal_cost_high"": 132, ""internal_cost_low"": 46, ""policy_score"": 83.03}, {""comp_code"": ""spa_wellness_credit"", ""comp_label"": ""Surya Spa or Recovery Suite credit"", ""guest_facing_value"": 330, ""internal_cost_expected"": 182, ""internal_cost_high"": 248, ""internal_cost_low"": 99, ""policy_score"": 82.51}]","{""fit_score"": 0.537, ""leakage_penalty"": 28.8, ""operational_penalty"": 0.0, ""perceived_value"": 225.0, ""policy_score"": 118.51}","Internal cost is a policy range, not observed property margin. | Guest relationship value and recovery value are synthetic scenario inputs. | Public context cannot substitute for live occupancy, inventory, or approved hotel policy.","Recommend $180 Calabra or Palma dining credit for a new guest with a severity 5 housekeeping miss reported before checkout. Estimated internal cost is $45-$108, not an observed property margin. Rationale: hotel responsible failure, high severity issue, recoverable before checkout, high perceived value lower estimated cost. Recommendation stability is 100%. The closest alternative was $155 future-stay credit; the recommended gesture scored better on recovery fit, estimated cost, and operational constraints."
rec_00402,case_00402,TKT000402,PMS000660,returning_guest,wellness_getaway,3990,8660,1.0,0.95,severity_inferred;no_comp_record,noise_disruption,process,2,0.48,true,0.354,Santa Monica Proper Hotel,true,true,true,true,true,0.88,observed_public_property_context,0.62,0.28,sample_seed_review_taxonomy_prior,0.22,0.638,0.342,false,0.32,sample_seed_local_demand_context,0.336,false,705,760,0.928,109,1.001,0.92,sample_seed_public_rate_shape,0,false,,0,0,spa_wellness_credit,Surya Spa or Recovery Suite credit,275,151,82,206,275,3,43.93,0.365,0.398,0.417,414,false,0.926,moderate,smp-public-context-v1.0.0,recoverable_before_checkout;high_perceived_value_lower_estimated_cost,,"[{""comp_code"": ""late_checkout"", ""comp_label"": ""late checkout"", ""guest_facing_value"": 85, ""internal_cost_expected"": 17, ""internal_cost_high"": 38, ""internal_cost_low"": 7, ""policy_score"": 160.52}, {""comp_code"": ""rooftop_f_and_b_credit"", ""comp_label"": ""Calabra or Palma dining credit"", ""guest_facing_value"": 150, ""internal_cost_expected"": 60, ""internal_cost_high"": 90, ""internal_cost_low"": 38, ""policy_score"": 90.96}]","{""fit_score"": 0.718, ""leakage_penalty"": 37.75, ""operational_penalty"": 0.0, ""perceived_value"": 371.25, ""policy_score"": 228.5}","Internal cost is a policy range, not observed property margin. | Guest relationship value and recovery value are synthetic scenario inputs. | Public context cannot substitute for live occupancy, inventory, or approved hotel policy.","Recommend $275 Surya Spa or Recovery Suite credit for a returning guest with a severity 2 noise disruption reported before checkout. Estimated internal cost is $82-$206, not an observed property margin. Rationale: recoverable before checkout, high perceived value lower estimated cost. Recommendation stability is 93%. The closest alternative was $85 late checkout; the recommended gesture scored better on recovery fit, estimated cost, and operational constraints."
rec_00403,case_00403,TKT000403,PMS000793,new_guest,event_or_wedding,3600,5770,1.0,0.95,no_review_or_survey;no_comp_record,room_readiness_delay,outcome,5,0.93,true,0.788,Santa Monica Proper Hotel,true,true,true,true,true,0.88,observed_public_property_context,0.74,0.28,sample_seed_review_taxonomy_prior,0.22,0.078,0.204,false,0.32,sample_seed_local_demand_context,0.356,false,710,695,1.022,112,1.015,0.92,sample_seed_public_rate_shape,0,false,,0,0,partial_room_refund,partial room refund,205,205,205,205,205,5,77.04,0.342,0.726,0.746,599,true,0.815,high,smp-public-context-v1.0.0,hotel_responsible_failure;high_severity_issue;high_review_risk;recoverable_before_checkout;manager_review_required;operational_pressure_changed_recovery,"Operational availability changed the recommendation: without this signal, the model would prefer room upgrade at $435.","[{""comp_code"": ""rooftop_f_and_b_credit"", ""comp_label"": ""Calabra or Palma dining credit"", ""guest_facing_value"": 220, ""internal_cost_expected"": 88, ""internal_cost_high"": 132, ""internal_cost_low"": 55, ""policy_score"": 265.04}, {""comp_code"": ""room_upgrade"", ""comp_label"": ""room upgrade"", ""guest_facing_value"": 435, ""internal_cost_expected"": 109, ""internal_cost_high"": 283, ""internal_cost_low"": 35, ""policy_score"": 212.42}]","{""fit_score"": 0.82, ""leakage_penalty"": 98.72, ""operational_penalty"": 0.0, ""perceived_value"": 205.0, ""policy_score"": 99.89}","Internal cost is a policy range, not observed property margin. | Guest relationship value and recovery value are synthetic scenario inputs. | Public context cannot substitute for live occupancy, inventory, or approved hotel policy.","Recommend $205 partial room refund for a new guest with a severity 5 room readiness delay reported before checkout. Estimated internal cost is $205-$205, not an observed property margin. Rationale: hotel responsible failure, high severity issue, high review risk, recoverable before checkout. Recommendation stability is 82%. The closest alternative was $220 Calabra or Palma dining credit; the recommended gesture scored better on recovery fit, estimated cost, and operational constraints."
rec_00404,case_00404,TKT000404,PMS000961,new_guest,event_or_wedding,2320,3250,1.0,0.95,no_review_or_survey;no_comp_record,billing_or_fee_dispute,process,3,0.55,false,0.765,Santa Monica Proper Hotel,true,true,true,true,true,0.88,observed_public_property_context,0.58,0.28,sample_seed_review_taxonomy_prior,0.48,0.056,0.432,false,0.32,sample_seed_local_demand_context,0.534,false,755,655,1.153,149,1.122,0.92,sample_seed_public_rate_shape,0,false,,0,0,parking_fee_waiver,parking or destination-fee waiver,85,15,7,30,85,3,52.14,0.059,0.473,0.495,253,false,1.0,high,smp-public-context-v1.0.0,high_perceived_value_lower_estimated_cost,,"[{""comp_code"": ""rooftop_f_and_b_credit"", ""comp_label"": ""Calabra or Palma dining credit"", ""guest_facing_value"": 150, ""internal_cost_expected"": 60, ""internal_cost_high"": 90, ""internal_cost_low"": 38, ""policy_score"": 96.13}, {""comp_code"": ""lobby_lounge_credit"", ""comp_label"": ""Palma lounge credit"", ""guest_facing_value"": 100, ""internal_cost_expected"": 38, ""internal_cost_high"": 55, ""internal_cost_low"": 25, ""policy_score"": 88.45}]","{""fit_score"": 0.683, ""leakage_penalty"": 3.75, ""operational_penalty"": 0.0, ""perceived_value"": 97.75, ""policy_score"": 109.76}","Internal cost is a policy range, not observed property margin. | Guest relationship value and recovery value are synthetic scenario inputs. | Public context cannot substitute for live occupancy, inventory, or approved hotel policy.","Recommend $85 parking or destination-fee waiver for a new guest with a severity 3 billing or fee dispute reported after checkout. Estimated internal cost is $7-$30, not an observed property margin. Rationale: high perceived value lower estimated cost. Recommendation stability is 100%. The closest alternative was $150 Calabra or Palma dining credit; the recommended gesture scored better on recovery fit, estimated cost, and operational constraints."
rec_00405,case_00405,TKT000405,PMS000315,new_guest,wellness_getaway,2160,3750,1.0,0.95,no_comp_record,spa_wellness_service_issue,process,5,0.79,false,0.542,Santa Monica Proper Hotel,true,true,true,true,true,0.88,observed_public_property_context,0.64,0.28,sample_seed_review_taxonomy_prior,0.22,0.076,0.211,false,0.32,sample_seed_local_demand_context,0.889,true,845,820,1.03,233,1.241,0.92,sample_seed_public_rate_shape,0,false,,0,0,spa_wellness_credit,Surya Spa or Recovery Suite credit,330,182,99,248,330,4,72.89,0.523,0.635,0.677,348,false,1.0,high,smp-public-context-v1.0.0,hotel_responsible_failure;high_severity_issue;high_perceived_value_lower_estimated_cost,,"[{""comp_code"": ""rooftop_f_and_b_credit"", ""comp_label"": ""Calabra or Palma dining credit"", ""guest_facing_value"": 180, ""internal_cost_expected"": 72, ""internal_cost_high"": 108, ""internal_cost_low"": 45, ""policy_score"": 207.84}, {""comp_code"": ""lobby_lounge_credit"", ""comp_label"": ""Palma lounge credit"", ""guest_facing_value"": 120, ""internal_cost_expected"": 46, ""internal_cost_high"": 66, ""internal_cost_low"": 30, ""policy_score"": 165.21}]","{""fit_score"": 1.043, ""leakage_penalty"": 45.5, ""operational_penalty"": 0.0, ""perceived_value"": 445.5, ""policy_score"": 575.98}","Internal cost is a policy range, not observed property margin. | Guest relationship value and recovery value are synthetic scenario inputs. | Public context cannot substitute for live occupancy, inventory, or approved hotel policy.","Recommend $330 Surya Spa or Recovery Suite credit for a new guest with a severity 5 spa/wellness service issue reported after checkout. Estimated internal cost is $99-$248, not an observed property margin. Rationale: hotel responsible failure, high severity issue, high perceived value lower estimated cost. Recommendation stability is 100%. The closest alternative was $180 Calabra or Palma dining credit; the recommended gesture scored better on recovery fit, estimated cost, and operational constraints."
rec_00406,case_00406,TKT000406,PMS000854,vip_guest,business_traveler,960,1728,1.0,0.95,ltv_imputed,maintenance_issue,outcome,5,0.83,true,0.783,Santa Monica Proper Hotel,true,true,true,true,true,0.88,observed_public_property_context,0.69,0.28,sample_seed_review_taxonomy_prior,0.22,0.071,0.229,false,0.32,sample_seed_local_demand_context,0.296,false,695,690,1.007,101,0.986,0.92,sample_seed_public_rate_shape,0.2,false,rooftop_f_and_b_credit,120,48,future_stay_credit,future-stay credit,335,201,100,285,215,4,75.98,1,0.705,0.73,163,false,1.0,moderate,smp-public-context-v1.0.0,high_guest_relationship_value;hotel_responsible_failure;high_severity_issue;high_review_risk;recoverable_before_checkout,,"[{""comp_code"": ""spa_wellness_credit"", ""comp_label"": ""Surya Spa or Recovery Suite credit"", ""guest_facing_value"": 330, ""internal_cost_expected"": 182, ""internal_cost_high"": 248, ""internal_cost_low"": 99, ""policy_score"": 206.44}, {""comp_code"": ""rooftop_f_and_b_credit"", ""comp_label"": ""Calabra or Palma dining credit"", ""guest_facing_value"": 180, ""internal_cost_expected"": 72, ""internal_cost_high"": 108, ""internal_cost_low"": 45, ""policy_score"": 121.0}]","{""fit_score"": 0.78, ""leakage_penalty"": 80.4, ""operational_penalty"": 0.0, ""perceived_value"": 402.0, ""policy_score"": 287.99}","Internal cost is a policy range, not observed property margin. | Guest relationship value and recovery value are synthetic scenario inputs. | Public context cannot substitute for live occupancy, inventory, or approved hotel policy.","Recommend $335 future-stay credit for a vip guest with a severity 5 maintenance issue reported before checkout. Estimated internal cost is $100-$285, not an observed property margin. Rationale: high guest relationship value, hotel responsible failure, high severity issue, high review risk. Recommendation stability is 100%. The closest alternative was $330 Surya Spa or Recovery Suite credit; the recommended gesture scored better on recovery fit, estimated cost, and operational constraints."
rec_00407,case_00407,TKT000407,PMS000563,new_guest,business_traveler,3760,7500,1.0,0.95,,room_readiness_delay,outcome,4,0.93,false,0.99,Santa Monica Proper Hotel,true,true,true,true,true,0.88,observed_public_property_context,0.74,0.28,sample_seed_review_taxonomy_prior,0.7,0.29,0.562,false,0.32,sample_seed_local_demand_context,0.949,true,860,830,1.036,248,1.267,0.92,sample_seed_public_rate_shape,0,false,rooftop_f_and_b_credit,190,76,rooftop_f_and_b_credit,Calabra or Palma dining credit,180,72,45,108,-10,4,69.72,0.12,0.583,0.634,602,false,1.0,moderate,smp-public-context-v1.0.0,hotel_responsible_failure;high_severity_issue;high_perceived_value_lower_estimated_cost;public_rate_pressure_changed_recovery;property_fit_changed_recovery,"Public rate pressure changed the recommendation: without this signal, the model would prefer future-stay credit at $330. | Property fit changed the recommendation: without this signal, the model would prefer future-stay credit at $330.","[{""comp_code"": ""future_stay_credit"", ""comp_label"": ""future-stay credit"", ""guest_facing_value"": 330, ""internal_cost_expected"": 198, ""internal_cost_high"": 280, ""internal_cost_low"": 99, ""policy_score"": 265.33}, {""comp_code"": ""lobby_lounge_credit"", ""comp_label"": ""Palma lounge credit"", ""guest_facing_value"": 120, ""internal_cost_expected"": 46, ""internal_cost_high"": 66, ""internal_cost_low"": 30, ""policy_score"": 211.56}]","{""fit_score"": 0.859, ""leakage_penalty"": 18.0, ""operational_penalty"": 0.0, ""perceived_value"": 225.0, ""policy_score"": 293.09}","Internal cost is a policy range, not observed property margin. | Guest relationship value and recovery value are synthetic scenario inputs. | Public context cannot substitute for live occupancy, inventory, or approved hotel policy.","Recommend $180 Calabra or Palma dining credit for a new guest with a severity 4 room readiness delay reported after checkout. Estimated internal cost is $45-$108, not an observed property margin. Rationale: hotel responsible failure, high severity issue, high perceived value lower estimated cost, public rate pressure changed recovery. Recommendation stability is 100%. The closest alternative was $330 future-stay credit; the recommended gesture scored better on recovery fit, estimated cost, and operational constraints."
rec_00408,case_00408,TKT000408,PMS000958,new_guest,coastal_weekend,1240,2560,1.0,0.95,,housekeeping_miss,outcome,3,0.9,true,0.685,Santa Monica Proper Hotel,true,true,true,true,true,0.88,observed_public_property_context,0.72,0.28,sample_seed_review_taxonomy_prior,0.22,0.079,0.25,false,0.32,sample_seed_local_demand_context,0.277,false,690,745,0.926,97,0.976,0.92,sample_seed_public_rate_shape,0,false,late_checkout,90,18,rooftop_f_and_b_credit,Calabra or Palma dining credit,150,60,38,90,60,3,55.47,0.375,0.442,0.493,160,false,0.889,high,smp-public-context-v1.0.0,hotel_responsible_failure;recoverable_before_checkout;high_perceived_value_lower_estimated_cost,,"[{""comp_code"": ""spa_wellness_credit"", ""comp_label"": ""Surya Spa or Recovery Suite credit"", ""guest_facing_value"": 275, ""internal_cost_expected"": 151, ""internal_cost_high"": 206, ""internal_cost_low"": 82, ""policy_score"": 81.18}, {""comp_code"": ""lobby_lounge_credit"", ""comp_label"": ""Palma lounge credit"", ""guest_facing_value"": 100, ""internal_cost_expected"": 38, ""internal_cost_high"": 55, ""internal_cost_low"": 25, ""policy_score"": 65.77}]","{""fit_score"": 0.537, ""leakage_penalty"": 15.0, ""operational_penalty"": 0.0, ""perceived_value"": 187.5, ""policy_score"": 98.23}","Internal cost is a policy range, not observed property margin. | Guest relationship value and recovery value are synthetic scenario inputs. | Public context cannot substitute for live occupancy, inventory, or approved hotel policy.","Recommend $150 Calabra or Palma dining credit for a new guest with a severity 3 housekeeping miss reported before checkout. Estimated internal cost is $38-$90, not an observed property margin. Rationale: hotel responsible failure, recoverable before checkout, high perceived value lower estimated cost. Recommendation stability is 89%. The closest alternative was $275 Surya Spa or Recovery Suite credit; the recommended gesture scored better on recovery fit, estimated cost, and operational constraints."
rec_00409,case_00409,TKT000409,PMS000900,new_guest,local_staycation,1320,1850,1.0,0.95,,maintenance_issue,outcome,5,0.83,false,0.764,Santa Monica Proper Hotel,true,true,true,true,true,0.88,observed_public_property_context,0.69,0.28,sample_seed_review_taxonomy_prior,0.48,0.155,0.447,false,0.32,sample_seed_local_demand_context,0.731,true,805,815,0.988,194,1.167,0.92,sample_seed_public_rate_shape,0,false,spa_wellness_credit,375,206,spa_wellness_credit,Surya Spa or Recovery Suite credit,330,182,99,248,-45,4,73.69,0.897,0.609,0.667,203,false,1.0,high,smp-public-context-v1.0.0,hotel_responsible_failure;high_severity_issue;high_perceived_value_lower_estimated_cost,,"[{""comp_code"": ""rooftop_f_and_b_credit"", ""comp_label"": ""Calabra or Palma dining credit"", ""guest_facing_value"": 180, ""internal_cost_expected"": 72, ""internal_cost_high"": 108, ""internal_cost_low"": 45, ""policy_score"": 194.52}, {""comp_code"": ""lobby_lounge_credit"", ""comp_label"": ""Palma lounge credit"", ""guest_facing_value"": 120, ""internal_cost_expected"": 46, ""internal_cost_high"": 66, ""internal_cost_low"": 30, ""policy_score"": 151.69}]","{""fit_score"": 0.521, ""leakage_penalty"": 45.5, ""operational_penalty"": 0.0, ""perceived_value"": 445.5, ""policy_score"": 294.86}","Internal cost is a policy range, not observed property margin. | Guest relationship value and recovery value are synthetic scenario inputs. | Public context cannot substitute for live occupancy, inventory, or approved hotel policy.","Recommend $330 Surya Spa or Recovery Suite credit for a new guest with a severity 5 maintenance issue reported after checkout. Estimated internal cost is $99-$248, not an observed property margin. Rationale: hotel responsible failure, high severity issue, high perceived value lower estimated cost. Recommendation stability is 100%. The closest alternative was $180 Calabra or Palma dining credit; the recommended gesture scored better on recovery fit, estimated cost, and operational constraints."
rec_00410,case_00410,TKT000410,PMS000058,new_guest,design_leisure,1500,2930,0.78,0.95,no_review_or_survey;no_comp_record,room_readiness_delay,outcome,2,0.88,true,0.32,Santa Monica Proper Hotel,true,true,true,true,true,0.88,observed_public_property_context,0.74,0.28,sample_seed_review_taxonomy_prior,0.22,0.077,0.206,false,0.32,sample_seed_local_demand_context,0.692,false,795,740,1.074,185,1.169,0.92,sample_seed_public_rate_shape,0.2,false,,0,0,late_checkout,late checkout,85,17,7,38,85,3,48.06,0.103,0.415,0.445,165,false,0.889,high,smp-public-context-v1.0.0,hotel_responsible_failure;recoverable_before_checkout;high_perceived_value_lower_estimated_cost,,"[{""comp_code"": ""room_upgrade"", ""comp_label"": ""room upgrade"", ""guest_facing_value"": 300, ""internal_cost_expected"": 75, ""internal_cost_high"": 195, ""internal_cost_low"": 24, ""policy_score"": 167.82}, {""comp_code"": ""rooftop_f_and_b_credit"", ""comp_label"": ""Calabra or Palma dining credit"", ""guest_facing_value"": 150, ""internal_cost_expected"": 60, ""internal_cost_high"": 90, ""internal_cost_low"": 38, ""policy_score"": 145.01}]","{""fit_score"": 0.932, ""leakage_penalty"": 6.8, ""operational_penalty"": 5.91, ""perceived_value"": 123.25, ""policy_score"": 172.16}","Internal cost is a policy range, not observed property margin. | Guest relationship value and recovery value are synthetic scenario inputs. | Public context cannot substitute for live occupancy, inventory, or approved hotel policy.","Recommend $85 late checkout for a new guest with a severity 2 room readiness delay reported before checkout. Estimated internal cost is $7-$38, not an observed property margin. Rationale: hotel responsible failure, recoverable before checkout, high perceived value lower estimated cost. Recommendation stability is 89%. The closest alternative was $300 room upgrade; the recommended gesture scored better on recovery fit, estimated cost, and operational constraints."
rec_00411,case_00411,TKT000411,PMS001524,returning_guest,wellness_getaway,780,2360,1.0,0.95,no_review_or_survey,rooftop_pool_access_issue,process,3,0.64,true,0.933,Santa Monica Proper Hotel,true,true,true,true,true,0.88,observed_public_property_context,0.6,0.28,sample_seed_review_taxonomy_prior,0.7,0.17,0.537,false,0.32,sample_seed_local_demand_context,0.889,true,845,865,0.977,233,1.234,0.92,sample_seed_public_rate_shape,0.2,true,amenity_gesture,75,34,rooftop_f_and_b_credit,Calabra or Palma dining credit,150,60,38,90,75,3,51.65,0.561,0.479,0.496,107,false,1.0,high,smp-public-context-v1.0.0,recoverable_before_checkout;high_perceived_value_lower_estimated_cost,,"[{""comp_code"": ""lobby_lounge_credit"", ""comp_label"": ""Palma lounge credit"", ""guest_facing_value"": 100, ""internal_cost_expected"": 38, ""internal_cost_high"": 55, ""internal_cost_low"": 25, ""policy_score"": 136.82}, {""comp_code"": ""spa_wellness_credit"", ""comp_label"": ""Surya Spa or Recovery Suite credit"", ""guest_facing_value"": 275, ""internal_cost_expected"": 151, ""internal_cost_high"": 206, ""internal_cost_low"": 82, ""policy_score"": 134.33}]","{""fit_score"": 1.026, ""leakage_penalty"": 24.0, ""operational_penalty"": 0.0, ""perceived_value"": 187.5, ""policy_score"": 259.05}","Internal cost is a policy range, not observed property margin. | Guest relationship value and recovery value are synthetic scenario inputs. | Public context cannot substitute for live occupancy, inventory, or approved hotel policy.","Recommend $150 Calabra or Palma dining credit for a returning guest with a severity 3 rooftop pool access issue reported before checkout. Estimated internal cost is $38-$90, not an observed property margin. Rationale: recoverable before checkout, high perceived value lower estimated cost. Recommendation stability is 100%. The closest alternative was $100 Palma lounge credit; the recommended gesture scored better on recovery fit, estimated cost, and operational constraints."
rec_00412,case_00412,TKT000412,PMS000310,loyalty_guest,event_or_wedding,2040,7170,1.0,0.95,,f_and_b_service_lapse,process,3,0.7,true,0.669,Santa Monica Proper Hotel,true,true,true,true,true,0.88,observed_public_property_context,0.6,0.28,sample_seed_review_taxonomy_prior,0.48,0.114,0.407,false,0.32,sample_seed_local_demand_context,0.237,false,680,620,1.097,90,0.984,0.92,sample_seed_public_rate_shape,0,false,rooftop_f_and_b_credit,215,86,rooftop_f_and_b_credit,Calabra or Palma dining credit,150,60,38,90,-65,3,54.37,0.191,0.464,0.5,314,false,1.0,high,smp-public-context-v1.0.0,high_guest_relationship_value;hotel_responsible_failure;recoverable_before_checkout;high_perceived_value_lower_estimated_cost,,"[{""comp_code"": ""spa_wellness_credit"", ""comp_label"": ""Surya Spa or Recovery Suite credit"", ""guest_facing_value"": 275, ""internal_cost_expected"": 151, ""internal_cost_high"": 206, ""internal_cost_low"": 82, ""policy_score"": 80.44}, {""comp_code"": ""lobby_lounge_credit"", ""comp_label"": ""Palma lounge credit"", ""guest_facing_value"": 100, ""internal_cost_expected"": 38, ""internal_cost_high"": 55, ""internal_cost_low"": 25, ""policy_score"": 65.3}]","{""fit_score"": 1.05, ""leakage_penalty"": 15.0, ""operational_penalty"": 0.0, ""perceived_value"": 187.5, ""policy_score"": 197.6}","Internal cost is a policy range, not observed property margin. | Guest relationship value and recovery value are synthetic scenario inputs. | Public context cannot substitute for live occupancy, inventory, or approved hotel policy.","Recommend $150 Calabra or Palma dining credit for a loyalty guest with a severity 3 F&B service lapse reported before checkout. Estimated internal cost is $38-$90, not an observed property margin. Rationale: high guest relationship value, hotel responsible failure, recoverable before checkout, high perceived value lower estimated cost. Recommendation stability is 100%. The closest alternative was $275 Surya Spa or Recovery Suite credit; the recommended gesture scored better on recovery fit, estimated cost, and operational constraints."
rec_00413,case_00413,TKT000413,PMS001177,new_guest,business_traveler,2190,2730,1.0,0.95,,rooftop_pool_access_issue,process,1,0.64,true,0.486,Santa Monica Proper Hotel,true,true,true,true,true,0.88,observed_public_property_context,0.6,0.28,sample_seed_review_taxonomy_prior,0.22,0.084,0.22,false,0.32,sample_seed_local_demand_context,0.0,false,580,645,0.899,46,0.86,0.92,sample_seed_public_rate_shape,0.2,false,rooftop_f_and_b_credit,185,74,rooftop_f_and_b_credit,Calabra or Palma dining credit,135,54,34,81,-50,2,34.33,0.353,0.304,0.322,153,false,1.0,high,smp-public-context-v1.0.0,recoverable_before_checkout;high_perceived_value_lower_estimated_cost,,"[{""comp_code"": ""lobby_lounge_credit"", ""comp_label"": ""Palma lounge credit"", ""guest_facing_value"": 90, ""internal_cost_expected"": 34, ""internal_cost_high"": 50, ""internal_cost_low"": 22, ""policy_score"": 46.5}, {""comp_code"": ""late_checkout"", ""comp_label"": ""late checkout"", ""guest_facing_value"": 75, ""internal_cost_expected"": 15, ""internal_cost_high"": 34, ""internal_cost_low"": 6, ""policy_score"": 36.73}]","{""fit_score"": 1.026, ""leakage_penalty"": 21.6, ""operational_penalty"": 0.0, ""perceived_value"": 168.75, ""policy_score"": 144.64}","Internal cost is a policy range, not observed property margin. | Guest relationship value and recovery value are synthetic scenario inputs. | Public context cannot substitute for live occupancy, inventory, or approved hotel policy.","Recommend $135 Calabra or Palma dining credit for a new guest with a severity 1 rooftop pool access issue reported before checkout. Estimated internal cost is $34-$81, not an observed property margin. Rationale: recoverable before checkout, high perceived value lower estimated cost. Recommendation stability is 100%. The closest alternative was $90 Palma lounge credit; the recommended gesture scored better on recovery fit, estimated cost, and operational constraints."
rec_00414,case_00414,TKT000414,PMS000510,new_guest,coastal_weekend,1800,3490,0.58,0.95,low_reservation_match_confidence;no_review_or_survey,room_assignment_expectation_gap,outcome,3,0.74,true,0.622,Santa Monica Proper Hotel,true,true,true,true,true,0.88,observed_public_property_context,0.68,0.28,sample_seed_review_taxonomy_prior,0.22,0.031,0.179,false,0.32,sample_seed_local_demand_context,0.553,false,760,720,1.056,153,1.106,0.92,sample_seed_public_rate_shape,0.12,false,late_checkout,75,15,room_upgrade,room upgrade,300,75,24,195,225,3,54.43,0.336,0.501,0.52,223,true,1.0,low,smp-public-context-v1.0.0,hotel_responsible_failure;recoverable_before_checkout;high_perceived_value_lower_estimated_cost;manager_review_required,,"[{""comp_code"": ""rooftop_f_and_b_credit"", ""comp_label"": ""Calabra or Palma dining credit"", ""guest_facing_value"": 150, ""internal_cost_expected"": 60, ""internal_cost_high"": 90, ""internal_cost_low"": 38, ""policy_score"": 92.17}, {""comp_code"": ""spa_wellness_credit"", ""comp_label"": ""Surya Spa or Recovery Suite credit"", ""guest_facing_value"": 275, ""internal_cost_expected"": 151, ""internal_cost_high"": 206, ""internal_cost_low"": 82, ""policy_score"": 66.89}]","{""fit_score"": 0.963, ""leakage_penalty"": 25.5, ""operational_penalty"": 34.21, ""perceived_value"": 420.0, ""policy_score"": 361.16}","Internal cost is a policy range, not observed property margin. | Guest relationship value and recovery value are synthetic scenario inputs. | Public context cannot substitute for live occupancy, inventory, or approved hotel policy.","Recommend $300 room upgrade for a new guest with a severity 3 room assignment expectation gap reported before checkout. Estimated internal cost is $24-$195, not an observed property margin. Rationale: hotel responsible failure, recoverable before checkout, high perceived value lower estimated cost, manager review required. Recommendation stability is 100%. The closest alternative was $150 Calabra or Palma dining credit; the recommended gesture scored better on recovery fit, estimated cost, and operational constraints."
rec_00415,case_00415,TKT000415,PMS000118,returning_guest,business_traveler,2430,7480,1.0,0.95,,noise_disruption,process,3,0.48,false,0.868,Santa Monica Proper Hotel,true,true,true,true,true,0.88,observed_public_property_context,0.62,0.28,sample_seed_review_taxonomy_prior,0.7,0.069,0.547,false,0.32,sample_seed_local_demand_context,1.0,true,915,905,1.011,274,1.283,0.92,sample_seed_public_rate_shape,0.2,false,amenity_gesture,65,29,spa_wellness_credit,Surya Spa or Recovery Suite credit,275,151,82,206,210,3,52.95,0.439,0.358,0.435,344,false,1.0,high,smp-public-context-v1.0.0,high_perceived_value_lower_estimated_cost,,"[{""comp_code"": ""rooftop_f_and_b_credit"", ""comp_label"": ""Calabra or Palma dining credit"", ""guest_facing_value"": 150, ""internal_cost_expected"": 60, ""internal_cost_high"": 90, ""internal_cost_low"": 38, ""policy_score"": 175.8}, {""comp_code"": ""lobby_lounge_credit"", ""comp_label"": ""Palma lounge credit"", ""guest_facing_value"": 100, ""internal_cost_expected"": 38, ""internal_cost_high"": 55, ""internal_cost_low"": 25, ""policy_score"": 147.16}]","{""fit_score"": 0.718, ""leakage_penalty"": 60.4, ""operational_penalty"": 0.0, ""perceived_value"": 371.25, ""policy_score"": 309.04}","Internal cost is a policy range, not observed property margin. | Guest relationship value and recovery value are synthetic scenario inputs. | Public context cannot substitute for live occupancy, inventory, or approved hotel policy.","Recommend $275 Surya Spa or Recovery Suite credit for a returning guest with a severity 3 noise disruption reported after checkout. Estimated internal cost is $82-$206, not an observed property margin. Rationale: high perceived value lower estimated cost. Recommendation stability is 100%. The closest alternative was $150 Calabra or Palma dining credit; the recommended gesture scored better on recovery fit, estimated cost, and operational constraints."
rec_00416,case_00416,TKT000416,PMS001254,loyalty_guest,coastal_weekend,4920,8856,1.0,0.95,ltv_imputed,room_readiness_delay,outcome,2,0.88,true,0.659,Santa Monica Proper Hotel,true,true,true,true,true,0.88,observed_public_property_context,0.74,0.28,sample_seed_review_taxonomy_prior,0.22,0.425,0.299,false,0.32,sample_seed_local_demand_context,0.573,false,765,685,1.117,158,1.13,0.92,sample_seed_public_rate_shape,0,false,manager_note,0,0,late_checkout,late checkout,85,17,7,38,85,3,53.16,0.029,0.463,0.494,583,false,0.852,moderate,smp-public-context-v1.0.0,high_guest_relationship_value;hotel_responsible_failure;recoverable_before_checkout;high_perceived_value_lower_estimated_cost,,"[{""comp_code"": ""room_upgrade"", ""comp_label"": ""room upgrade"", ""guest_facing_value"": 300, ""internal_cost_expected"": 75, ""internal_cost_high"": 195, ""internal_cost_low"": 24, ""policy_score"": 167.76}, {""comp_code"": ""rooftop_f_and_b_credit"", ""comp_label"": ""Calabra or Palma dining credit"", ""guest_facing_value"": 150, ""internal_cost_expected"": 60, ""internal_cost_high"": 90, ""internal_cost_low"": 38, ""policy_score"": 159.15}]","{""fit_score"": 0.932, ""leakage_penalty"": 4.25, ""operational_penalty"": 11.86, ""perceived_value"": 123.25, ""policy_score"": 172.42}","Internal cost is a policy range, not observed property margin. | Guest relationship value and recovery value are synthetic scenario inputs. | Public context cannot substitute for live occupancy, inventory, or approved hotel policy.","Recommend $85 late checkout for a loyalty guest with a severity 2 room readiness delay reported before checkout. Estimated internal cost is $7-$38, not an observed property margin. Rationale: high guest relationship value, hotel responsible failure, recoverable before checkout, high perceived value lower estimated cost. Recommendation stability is 85%. The closest alternative was $300 room upgrade; the recommended gesture scored better on recovery fit, estimated cost, and operational constraints."
rec_00417,case_00417,TKT000417,PMS000906,new_guest,business_traveler,2800,5560,0.78,0.95,no_comp_record,valet_or_parking_delay,process,1,0.62,true,0.659,Santa Monica Proper Hotel,true,true,true,true,true,0.88,observed_public_property_context,0.56,0.18,sample_seed_review_taxonomy_prior,0.22,0.425,0.299,false,0.32,sample_seed_local_demand_context,0.573,false,765,685,1.117,158,1.13,0.92,sample_seed_public_rate_shape,0,false,,0,0,parking_fee_waiver,parking or destination-fee waiver,75,14,6,26,75,2,34.58,0.063,0.247,0.291,222,false,1.0,high,smp-public-context-v1.0.0,recoverable_before_checkout;high_perceived_value_lower_estimated_cost,,"[{""comp_code"": ""rooftop_f_and_b_credit"", ""comp_label"": ""Calabra or Palma dining credit"", ""guest_facing_value"": 135, ""internal_cost_expected"": 54, ""internal_cost_high"": 81, ""internal_cost_low"": 34, ""policy_score"": 77.35}, {""comp_code"": ""lobby_lounge_credit"", ""comp_label"": ""Palma lounge credit"", ""guest_facing_value"": 90, ""internal_cost_expected"": 34, ""internal_cost_high"": 50, ""internal_cost_low"": 22, ""policy_score"": 51.7}]","{""fit_score"": 0.932, ""leakage_penalty"": 3.5, ""operational_penalty"": 0.0, ""perceived_value"": 86.25, ""policy_score"": 115.12}","Internal cost is a policy range, not observed property margin. | Guest relationship value and recovery value are synthetic scenario inputs. | Public context cannot substitute for live occupancy, inventory, or approved hotel policy.","Recommend $75 parking or destination-fee waiver for a new guest with a severity 1 valet or parking delay reported before checkout. Estimated internal cost is $6-$26, not an observed property margin. Rationale: recoverable before checkout, high perceived value lower estimated cost. Recommendation stability is 100%. The closest alternative was $135 Calabra or Palma dining credit; the recommended gesture scored better on recovery fit, estimated cost, and operational constraints."
rec_00418,case_00418,TKT000418,PMS000848,new_guest,design_leisure,1830,3820,1.0,0.95,no_review_or_survey;no_comp_record,housekeeping_miss,outcome,2,0.9,false,0.912,Santa Monica Proper Hotel,true,true,true,true,true,0.88,observed_public_property_context,0.72,0.28,sample_seed_review_taxonomy_prior,0.22,0.445,0.313,false,0.32,sample_seed_local_demand_context,0.771,true,815,785,1.038,203,1.193,0.92,sample_seed_public_rate_shape,0,false,,0,0,rooftop_f_and_b_credit,Calabra or Palma dining credit,150,60,38,90,150,3,50.77,0.276,0.409,0.453,217,false,1.0,high,smp-public-context-v1.0.0,hotel_responsible_failure;high_perceived_value_lower_estimated_cost,,"[{""comp_code"": ""spa_wellness_credit"", ""comp_label"": ""Surya Spa or Recovery Suite credit"", ""guest_facing_value"": 275, ""internal_cost_expected"": 151, ""internal_cost_high"": 206, ""internal_cost_low"": 82, ""policy_score"": 145.99}, {""comp_code"": ""lobby_lounge_credit"", ""comp_label"": ""Palma lounge credit"", ""guest_facing_value"": 100, ""internal_cost_expected"": 38, ""internal_cost_high"": 55, ""internal_cost_low"": 25, ""policy_score"": 131.75}]","{""fit_score"": 0.537, ""leakage_penalty"": 15.0, ""operational_penalty"": 0.0, ""perceived_value"": 187.5, ""policy_score"": 163.24}","Internal cost is a policy range, not observed property margin. | Guest relationship value and recovery value are synthetic scenario inputs. | Public context cannot substitute for live occupancy, inventory, or approved hotel policy.","Recommend $150 Calabra or Palma dining credit for a new guest with a severity 2 housekeeping miss reported after checkout. Estimated internal cost is $38-$90, not an observed property margin. Rationale: hotel responsible failure, high perceived value lower estimated cost. Recommendation stability is 100%. The closest alternative was $275 Surya Spa or Recovery Suite credit; the recommended gesture scored better on recovery fit, estimated cost, and operational constraints."
rec_00419,case_00419,TKT000419,PMS001074,new_guest,coastal_weekend,2560,4380,1.0,0.95,no_review_or_survey,housekeeping_miss,outcome,4,0.95,true,0.75,Santa Monica Proper Hotel,true,true,true,true,true,0.88,observed_public_property_context,0.72,0.28,sample_seed_review_taxonomy_prior,0.48,0.021,0.388,false,0.32,sample_seed_local_demand_context,1.0,true,980,955,1.026,294,1.286,0.92,sample_seed_public_rate_shape,0,false,lobby_lounge_credit,100,38,rooftop_f_and_b_credit,Calabra or Palma dining credit,180,72,45,108,80,4,67.6,0.189,0.616,0.643,381,false,1.0,moderate,smp-public-context-v1.0.0,hotel_responsible_failure;high_severity_issue;recoverable_before_checkout;high_perceived_value_lower_estimated_cost;public_rate_pressure_changed_recovery,"Public rate pressure changed the recommendation: without this signal, the model would prefer future-stay credit at $225.","[{""comp_code"": ""spa_wellness_credit"", ""comp_label"": ""Surya Spa or Recovery Suite credit"", ""guest_facing_value"": 330, ""internal_cost_expected"": 182, ""internal_cost_high"": 248, ""internal_cost_low"": 99, ""policy_score"": 193.87}, {""comp_code"": ""lobby_lounge_credit"", ""comp_label"": ""Palma lounge credit"", ""guest_facing_value"": 120, ""internal_cost_expected"": 46, ""internal_cost_high"": 66, ""internal_cost_low"": 30, ""policy_score"": 172.3}]","{""fit_score"": 0.537, ""leakage_penalty"": 18.0, ""operational_penalty"": 0.0, ""perceived_value"": 225.0, ""policy_score"": 213.63}","Internal cost is a policy range, not observed property margin. | Guest relationship value and recovery value are synthetic scenario inputs. | Public context cannot substitute for live occupancy, inventory, or approved hotel policy.","Recommend $180 Calabra or Palma dining credit for a new guest with a severity 4 housekeeping miss reported before checkout. Estimated internal cost is $45-$108, not an observed property margin. Rationale: hotel responsible failure, high severity issue, recoverable before checkout, high perceived value lower estimated cost. Recommendation stability is 100%. The closest alternative was $330 Surya Spa or Recovery Suite credit; the recommended gesture scored better on recovery fit, estimated cost, and operational constraints."
rec_00420,case_00420,TKT000420,PMS001486,new_guest,design_leisure,4270,7740,1.0,0.95,no_comp_record,room_readiness_delay,outcome,2,0.88,true,0.597,Santa Monica Proper Hotel,true,true,true,true,true,0.88,observed_public_property_context,0.74,0.28,sample_seed_review_taxonomy_prior,0.48,0.143,0.437,false,0.32,sample_seed_local_demand_context,0.415,false,725,675,1.074,124,1.053,0.92,sample_seed_public_rate_shape,0,false,,0,0,late_checkout,late checkout,85,17,7,38,85,3,50.45,0.035,0.311,0.398,481,false,0.926,high,smp-public-context-v1.0.0,hotel_responsible_failure;recoverable_before_checkout;high_perceived_value_lower_estimated_cost,,"[{""comp_code"": ""room_upgrade"", ""comp_label"": ""room upgrade"", ""guest_facing_value"": 300, ""internal_cost_expected"": 75, ""internal_cost_high"": 195, ""internal_cost_low"": 24, ""policy_score"": 165.73}, {""comp_code"": ""rooftop_f_and_b_credit"", ""comp_label"": ""Calabra or Palma dining credit"", ""guest_facing_value"": 150, ""internal_cost_expected"": 60, ""internal_cost_high"": 90, ""internal_cost_low"": 38, ""policy_score"": 156.42}]","{""fit_score"": 0.932, ""leakage_penalty"": 4.25, ""operational_penalty"": 11.33, ""perceived_value"": 123.25, ""policy_score"": 171.01}","Internal cost is a policy range, not observed property margin. | Guest relationship value and recovery value are synthetic scenario inputs. | Public context cannot substitute for live occupancy, inventory, or approved hotel policy.","Recommend $85 late checkout for a new guest with a severity 2 room readiness delay reported before checkout. Estimated internal cost is $7-$38, not an observed property margin. Rationale: hotel responsible failure, recoverable before checkout, high perceived value lower estimated cost. Recommendation stability is 93%. The closest alternative was $300 room upgrade; the recommended gesture scored better on recovery fit, estimated cost, and operational constraints."
rec_00421,case_00421,TKT000421,PMS001381,returning_guest,local_staycation,1890,6120,1.0,0.95,,room_readiness_delay,outcome,2,0.88,true,0.32,Santa Monica Proper Hotel,true,true,true,true,true,0.88,observed_public_property_context,0.74,0.28,sample_seed_review_taxonomy_prior,0.22,0.145,0.248,false,0.32,sample_seed_local_demand_context,0.0,false,595,710,0.838,48,0.86,0.92,sample_seed_public_rate_shape,0.2,false,late_checkout,80,16,late_checkout,late checkout,85,17,7,38,5,3,47.68,0.069,0.351,0.408,246,false,0.926,high,smp-public-context-v1.0.0,hotel_responsible_failure;recoverable_before_checkout;high_perceived_value_lower_estimated_cost,,"[{""comp_code"": ""room_upgrade"", ""comp_label"": ""room upgrade"", ""guest_facing_value"": 300, ""internal_cost_expected"": 75, ""internal_cost_high"": 195, ""internal_cost_low"": 24, ""policy_score"": 166.56}, {""comp_code"": ""rooftop_f_and_b_credit"", ""comp_label"": ""Calabra or Palma dining credit"", ""guest_facing_value"": 150, ""internal_cost_expected"": 60, ""internal_cost_high"": 90, ""internal_cost_low"": 38, ""policy_score"": 144.63}]","{""fit_score"": 0.932, ""leakage_penalty"": 6.8, ""operational_penalty"": 6.15, ""perceived_value"": 123.25, ""policy_score"": 171.65}","Internal cost is a policy range, not observed property margin. | Guest relationship value and recovery value are synthetic scenario inputs. | Public context cannot substitute for live occupancy, inventory, or approved hotel policy.","Recommend $85 late checkout for a returning guest with a severity 2 room readiness delay reported before checkout. Estimated internal cost is $7-$38, not an observed property margin. Rationale: hotel responsible failure, recoverable before checkout, high perceived value lower estimated cost. Recommendation stability is 93%. The closest alternative was $300 room upgrade; the recommended gesture scored better on recovery fit, estimated cost, and operational constraints."
rec_00422,case_00422,TKT000422,PMS000352,new_guest,wellness_getaway,3240,4050,1.0,0.95,no_review_or_survey,noise_disruption,process,3,0.48,true,0.496,Santa Monica Proper Hotel,true,true,true,true,true,0.88,observed_public_property_context,0.62,0.28,sample_seed_review_taxonomy_prior,0.48,0.051,0.456,false,0.32,sample_seed_local_demand_context,0.336,false,705,680,1.037,109,1.01,0.92,sample_seed_public_rate_shape,0.2,false,manager_note,0,0,spa_wellness_credit,Surya Spa or Recovery Suite credit,275,151,82,206,275,3,49.58,0.462,0.485,0.49,327,false,0.963,high,smp-public-context-v1.0.0,recoverable_before_checkout;high_perceived_value_lower_estimated_cost,,"[{""comp_code"": ""late_checkout"", ""comp_label"": ""late checkout"", ""guest_facing_value"": 85, ""internal_cost_expected"": 17, ""internal_cost_high"": 38, ""internal_cost_low"": 7, ""policy_score"": 158.91}, {""comp_code"": ""rooftop_f_and_b_credit"", ""comp_label"": ""Calabra or Palma dining credit"", ""guest_facing_value"": 150, ""internal_cost_expected"": 60, ""internal_cost_high"": 90, ""internal_cost_low"": 38, ""policy_score"": 85.52}]","{""fit_score"": 0.718, ""leakage_penalty"": 60.4, ""operational_penalty"": 0.0, ""perceived_value"": 371.25, ""policy_score"": 215.26}","Internal cost is a policy range, not observed property margin. | Guest relationship value and recovery value are synthetic scenario inputs. | Public context cannot substitute for live occupancy, inventory, or approved hotel policy.","Recommend $275 Surya Spa or Recovery Suite credit for a new guest with a severity 3 noise disruption reported before checkout. Estimated internal cost is $82-$206, not an observed property margin. Rationale: recoverable before checkout, high perceived value lower estimated cost. Recommendation stability is 96%. The closest alternative was $85 late checkout; the recommended gesture scored better on recovery fit, estimated cost, and operational constraints."
rec_00423,case_00423,TKT000423,PMS001226,new_guest,business_traveler,2160,3370,1.0,0.95,no_comp_record;missing_public_pricing_context;missing_local_demand_context,housekeeping_miss,outcome,3,0.9,true,0.65,Santa Monica Proper Hotel,true,true,true,true,true,0.88,observed_public_property_context,0.72,0.28,sample_seed_review_taxonomy_prior,0.0,0.0,0.35,false,0.0,missing_local_demand_context,0.5,false,0,0,1.0,0,1.0,0.0,missing_public_pricing_context,0,false,,0,0,rooftop_f_and_b_credit,Calabra or Palma dining credit,150,60,38,90,150,3,54.86,0.236,0.498,0.521,254,false,1.0,high,smp-public-context-v1.0.0,hotel_responsible_failure;recoverable_before_checkout;high_perceived_value_lower_estimated_cost,,"[{""comp_code"": ""spa_wellness_credit"", ""comp_label"": ""Surya Spa or Recovery Suite credit"", ""guest_facing_value"": 275, ""internal_cost_expected"": 151, ""internal_cost_high"": 206, ""internal_cost_low"": 82, ""policy_score"": 80.77}, {""comp_code"": ""lobby_lounge_credit"", ""comp_label"": ""Palma lounge credit"", ""guest_facing_value"": 100, ""internal_cost_expected"": 38, ""internal_cost_high"": 55, ""internal_cost_low"": 25, ""policy_score"": 65.51}]","{""fit_score"": 0.537, ""leakage_penalty"": 15.0, ""operational_penalty"": 0.0, ""perceived_value"": 187.5, ""policy_score"": 97.84}","Internal cost is a policy range, not observed property margin. | Guest relationship value and recovery value are synthetic scenario inputs. | Public context cannot substitute for live occupancy, inventory, or approved hotel policy.","Recommend $150 Calabra or Palma dining credit for a new guest with a severity 3 housekeeping miss reported before checkout. Estimated internal cost is $38-$90, not an observed property margin. Rationale: hotel responsible failure, recoverable before checkout, high perceived value lower estimated cost. Recommendation stability is 100%. The closest alternative was $275 Surya Spa or Recovery Suite credit; the recommended gesture scored better on recovery fit, estimated cost, and operational constraints."
rec_00424,case_00424,TKT000424,PMS001526,vip_guest,wellness_getaway,1940,13020,0.78,0.95,no_review_or_survey,room_assignment_expectation_gap,outcome,3,0.74,true,0.505,Santa Monica Proper Hotel,true,true,true,true,true,0.88,observed_public_property_context,0.68,0.28,sample_seed_review_taxonomy_prior,0.22,0.045,0.262,false,0.32,sample_seed_local_demand_context,0.158,false,660,615,1.073,76,0.945,0.92,sample_seed_public_rate_shape,0.2,false,rooftop_f_and_b_credit,145,58,room_upgrade,room upgrade,360,90,29,234,215,4,59.16,0.199,0.501,0.542,453,false,1.0,high,smp-public-context-v1.0.0,high_guest_relationship_value;hotel_responsible_failure;recoverable_before_checkout;high_perceived_value_lower_estimated_cost,,"[{""comp_code"": ""future_stay_credit"", ""comp_label"": ""future-stay credit"", ""guest_facing_value"": 340, ""internal_cost_expected"": 204, ""internal_cost_high"": 289, ""internal_cost_low"": 102, ""policy_score"": 258.84}, {""comp_code"": ""rooftop_f_and_b_credit"", ""comp_label"": ""Calabra or Palma dining credit"", ""guest_facing_value"": 180, ""internal_cost_expected"": 72, ""internal_cost_high"": 108, ""internal_cost_low"": 45, ""policy_score"": 108.3}]","{""fit_score"": 0.963, ""leakage_penalty"": 36.0, ""operational_penalty"": 27.77, ""perceived_value"": 504.0, ""policy_score"": 455.62}","Internal cost is a policy range, not observed property margin. | Guest relationship value and recovery value are synthetic scenario inputs. | Public context cannot substitute for live occupancy, inventory, or approved hotel policy.","Recommend $360 room upgrade for a vip guest with a severity 3 room assignment expectation gap reported before checkout. Estimated internal cost is $29-$234, not an observed property margin. Rationale: high guest relationship value, hotel responsible failure, recoverable before checkout, high perceived value lower estimated cost. Recommendation stability is 100%. The closest alternative was $340 future-stay credit; the recommended gesture scored better on recovery fit, estimated cost, and operational constraints."
rec_00425,case_00425,TKT000425,PMS000434,new_guest,wellness_getaway,630,870,1.0,0.95,severity_inferred,housekeeping_miss,outcome,3,0.9,false,0.967,Santa Monica Proper Hotel,true,true,true,true,true,0.88,observed_public_property_context,0.72,0.28,sample_seed_review_taxonomy_prior,0.7,0.144,0.596,false,0.32,sample_seed_local_demand_context,0.909,true,850,805,1.056,238,1.256,0.92,sample_seed_public_rate_shape,0,false,partial_room_refund,320,320,rooftop_f_and_b_credit,Calabra or Palma dining credit,180,72,45,108,-140,4,59.33,0.923,0.554,0.572,78,false,1.0,moderate,smp-public-context-v1.0.0,hotel_responsible_failure;high_perceived_value_lower_estimated_cost;public_rate_pressure_changed_recovery,"Public rate pressure changed the recommendation: without this signal, the model would prefer future-stay credit at $220.","[{""comp_code"": ""spa_wellness_credit"", ""comp_label"": ""Surya Spa or Recovery Suite credit"", ""guest_facing_value"": 330, ""internal_cost_expected"": 182, ""internal_cost_high"": 248, ""internal_cost_low"": 99, ""policy_score"": 179.18}, {""comp_code"": ""lobby_lounge_credit"", ""comp_label"": ""Palma lounge credit"", ""guest_facing_value"": 120, ""internal_cost_expected"": 46, ""internal_cost_high"": 66, ""internal_cost_low"": 30, ""policy_score"": 160.07}]","{""fit_score"": 0.537, ""leakage_penalty"": 18.0, ""operational_penalty"": 0.0, ""perceived_value"": 225.0, ""policy_score"": 199.36}","Internal cost is a policy range, not observed property margin. | Guest relationship value and recovery value are synthetic scenario inputs. | Public context cannot substitute for live occupancy, inventory, or approved hotel policy.","Recommend $180 Calabra or Palma dining credit for a new guest with a severity 3 housekeeping miss reported after checkout. Estimated internal cost is $45-$108, not an observed property margin. Rationale: hotel responsible failure, high perceived value lower estimated cost, public rate pressure changed recovery. Recommendation stability is 100%. The closest alternative was $330 Surya Spa or Recovery Suite credit; the recommended gesture scored better on recovery fit, estimated cost, and operational constraints."
rec_00426,case_00426,TKT000426,PMS000696,returning_guest,business_traveler,730,2550,0.78,0.95,no_comp_record,f_and_b_service_lapse,process,3,0.7,true,0.652,Santa Monica Proper Hotel,true,true,true,true,true,0.88,observed_public_property_context,0.6,0.28,sample_seed_review_taxonomy_prior,0.48,0.029,0.384,false,0.32,sample_seed_local_demand_context,0.632,false,780,765,1.02,171,1.131,0.92,sample_seed_public_rate_shape,0,false,,0,0,rooftop_f_and_b_credit,Calabra or Palma dining credit,150,60,38,90,150,3,51.02,0.571,0.392,0.445,105,false,1.0,high,smp-public-context-v1.0.0,hotel_responsible_failure;recoverable_before_checkout;high_perceived_value_lower_estimated_cost,,"[{""comp_code"": ""spa_wellness_credit"", ""comp_label"": ""Surya Spa or Recovery Suite credit"", ""guest_facing_value"": 275, ""internal_cost_expected"": 151, ""internal_cost_high"": 206, ""internal_cost_low"": 82, ""policy_score"": 78.19}, {""comp_code"": ""lobby_lounge_credit"", ""comp_label"": ""Palma lounge credit"", ""guest_facing_value"": 100, ""internal_cost_expected"": 38, ""internal_cost_high"": 55, ""internal_cost_low"": 25, ""policy_score"": 63.88}]","{""fit_score"": 1.05, ""leakage_penalty"": 15.0, ""operational_penalty"": 0.0, ""perceived_value"": 187.5, ""policy_score"": 193.48}","Internal cost is a policy range, not observed property margin. | Guest relationship value and recovery value are synthetic scenario inputs. | Public context cannot substitute for live occupancy, inventory, or approved hotel policy.","Recommend $150 Calabra or Palma dining credit for a returning guest with a severity 3 F&B service lapse reported before checkout. Estimated internal cost is $38-$90, not an observed property margin. Rationale: hotel responsible failure, recoverable before checkout, high perceived value lower estimated cost. Recommendation stability is 100%. The closest alternative was $275 Surya Spa or Recovery Suite credit; the recommended gesture scored better on recovery fit, estimated cost, and operational constraints."
rec_00427,case_00427,TKT000427,PMS001571,new_guest,design_leisure,1400,2620,1.0,0.95,,room_readiness_delay,outcome,4,0.93,true,0.624,Santa Monica Proper Hotel,true,true,true,true,true,0.88,observed_public_property_context,0.74,0.28,sample_seed_review_taxonomy_prior,0.7,0.146,0.612,false,0.32,sample_seed_local_demand_context,1.0,true,905,865,1.046,272,1.292,0.92,sample_seed_public_rate_shape,0,false,room_upgrade,260,65,rooftop_f_and_b_credit,Calabra or Palma dining credit,180,72,45,108,-80,4,65.78,0.346,0.551,0.599,208,false,1.0,moderate,smp-public-context-v1.0.0,hotel_responsible_failure;high_severity_issue;recoverable_before_checkout;high_perceived_value_lower_estimated_cost;public_rate_pressure_changed_recovery,"Public rate pressure changed the recommendation: without this signal, the model would prefer room upgrade at $360.","[{""comp_code"": ""lobby_lounge_credit"", ""comp_label"": ""Palma lounge credit"", ""guest_facing_value"": 120, ""internal_cost_expected"": 46, ""internal_cost_high"": 66, ""internal_cost_low"": 30, ""policy_score"": 213.12}, {""comp_code"": ""spa_wellness_credit"", ""comp_label"": ""Surya Spa or Recovery Suite credit"", ""guest_facing_value"": 330, ""internal_cost_expected"": 182, ""internal_cost_high"": 248, ""internal_cost_low"": 99, ""policy_score"": 192.41}]","{""fit_score"": 0.859, ""leakage_penalty"": 18.0, ""operational_penalty"": 0.0, ""perceived_value"": 225.0, ""policy_score"": 292.83}","Internal cost is a policy range, not observed property margin. | Guest relationship value and recovery value are synthetic scenario inputs. | Public context cannot substitute for live occupancy, inventory, or approved hotel policy.","Recommend $180 Calabra or Palma dining credit for a new guest with a severity 4 room readiness delay reported before checkout. Estimated internal cost is $45-$108, not an observed property margin. Rationale: hotel responsible failure, high severity issue, recoverable before checkout, high perceived value lower estimated cost. Recommendation stability is 100%. The closest alternative was $120 Palma lounge credit; the recommended gesture scored better on recovery fit, estimated cost, and operational constraints."
rec_00428,case_00428,TKT000428,PMS001031,new_guest,wellness_getaway,810,940,1.0,0.95,,noise_disruption,process,3,0.48,true,0.442,Santa Monica Proper Hotel,true,true,true,true,true,0.88,observed_public_property_context,0.62,0.28,sample_seed_review_taxonomy_prior,0.22,0.114,0.256,false,0.32,sample_seed_local_demand_context,0.415,false,725,780,0.929,124,1.034,0.92,sample_seed_public_rate_shape,0,false,late_checkout,95,19,spa_wellness_credit,Surya Spa or Recovery Suite credit,275,151,82,206,180,3,46.19,1,0.366,0.409,75,false,0.963,high,smp-public-context-v1.0.0,recoverable_before_checkout;high_perceived_value_lower_estimated_cost,,"[{""comp_code"": ""late_checkout"", ""comp_label"": ""late checkout"", ""guest_facing_value"": 85, ""internal_cost_expected"": 17, ""internal_cost_high"": 38, ""internal_cost_low"": 7, ""policy_score"": 161.19}, {""comp_code"": ""rooftop_f_and_b_credit"", ""comp_label"": ""Calabra or Palma dining credit"", ""guest_facing_value"": 150, ""internal_cost_expected"": 60, ""internal_cost_high"": 90, ""internal_cost_low"": 38, ""policy_score"": 92.39}]","{""fit_score"": 0.718, ""leakage_penalty"": 37.75, ""operational_penalty"": 0.0, ""perceived_value"": 371.25, ""policy_score"": 232.26}","Internal cost is a policy range, not observed property margin. | Guest relationship value and recovery value are synthetic scenario inputs. | Public context cannot substitute for live occupancy, inventory, or approved hotel policy.","Recommend $275 Surya Spa or Recovery Suite credit for a new guest with a severity 3 noise disruption reported before checkout. Estimated internal cost is $82-$206, not an observed property margin. Rationale: recoverable before checkout, high perceived value lower estimated cost. Recommendation stability is 96%. The closest alternative was $85 late checkout; the recommended gesture scored better on recovery fit, estimated cost, and operational constraints."
rec_00429,case_00429,TKT000429,PMS000052,new_guest,coastal_weekend,3840,5180,1.0,0.95,no_comp_record,rooftop_pool_access_issue,process,2,0.64,true,0.923,Santa Monica Proper Hotel,true,true,true,true,true,0.88,observed_public_property_context,0.6,0.28,sample_seed_review_taxonomy_prior,0.22,0.125,0.26,false,0.32,sample_seed_local_demand_context,0.415,false,725,745,0.973,124,1.034,0.92,sample_seed_public_rate_shape,0,true,,0,0,rooftop_f_and_b_credit,Calabra or Palma dining credit,150,60,38,90,150,3,44.9,0.168,0.424,0.435,357,false,1.0,high,smp-public-context-v1.0.0,recoverable_before_checkout;high_perceived_value_lower_estimated_cost,,"[{""comp_code"": ""spa_wellness_credit"", ""comp_label"": ""Surya Spa or Recovery Suite credit"", ""guest_facing_value"": 275, ""internal_cost_expected"": 151, ""internal_cost_high"": 206, ""internal_cost_low"": 82, ""policy_score"": 74.07}, {""comp_code"": ""lobby_lounge_credit"", ""comp_label"": ""Palma lounge credit"", ""guest_facing_value"": 100, ""internal_cost_expected"": 38, ""internal_cost_high"": 55, ""internal_cost_low"": 25, ""policy_score"": 61.29}]","{""fit_score"": 1.026, ""leakage_penalty"": 15.0, ""operational_penalty"": 0.0, ""perceived_value"": 187.5, ""policy_score"": 181.55}","Internal cost is a policy range, not observed property margin. | Guest relationship value and recovery value are synthetic scenario inputs. | Public context cannot substitute for live occupancy, inventory, or approved hotel policy.","Recommend $150 Calabra or Palma dining credit for a new guest with a severity 2 rooftop pool access issue reported before checkout. Estimated internal cost is $38-$90, not an observed property margin. Rationale: recoverable before checkout, high perceived value lower estimated cost. Recommendation stability is 100%. The closest alternative was $275 Surya Spa or Recovery Suite credit; the recommended gesture scored better on recovery fit, estimated cost, and operational constraints."
rec_00430,case_00430,TKT000430,PMS001173,new_guest,design_leisure,3040,3410,1.0,0.95,no_review_or_survey,housekeeping_miss,outcome,3,0.9,true,0.32,Santa Monica Proper Hotel,true,true,true,true,true,0.88,observed_public_property_context,0.72,0.28,sample_seed_review_taxonomy_prior,0.22,0.144,0.287,false,0.32,sample_seed_local_demand_context,0.158,false,660,695,0.95,76,0.926,0.92,sample_seed_public_rate_shape,0.2,false,rooftop_f_and_b_credit,150,60,future_stay_credit,future-stay credit,265,159,80,225,115,4,60.71,0.432,0.513,0.555,368,false,0.889,high,smp-public-context-v1.0.0,hotel_responsible_failure;recoverable_before_checkout,,"[{""comp_code"": ""rooftop_f_and_b_credit"", ""comp_label"": ""Calabra or Palma dining credit"", ""guest_facing_value"": 180, ""internal_cost_expected"": 72, ""internal_cost_high"": 108, ""internal_cost_low"": 45, ""policy_score"": 109.47}, {""comp_code"": ""lobby_lounge_credit"", ""comp_label"": ""Palma lounge credit"", ""guest_facing_value"": 120, ""internal_cost_expected"": 46, ""internal_cost_high"": 66, ""internal_cost_low"": 30, ""policy_score"": 73.74}]","{""fit_score"": 0.56, ""leakage_penalty"": 63.6, ""operational_penalty"": 0.0, ""perceived_value"": 318.0, ""policy_score"": 128.63}","Internal cost is a policy range, not observed property margin. | Guest relationship value and recovery value are synthetic scenario inputs. | Public context cannot substitute for live occupancy, inventory, or approved hotel policy.","Recommend $265 future-stay credit for a new guest with a severity 3 housekeeping miss reported before checkout. Estimated internal cost is $80-$225, not an observed property margin. Rationale: hotel responsible failure, recoverable before checkout. Recommendation stability is 89%. The closest alternative was $180 Calabra or Palma dining credit; the recommended gesture scored better on recovery fit, estimated cost, and operational constraints."
