audit_id,recovery_case_id,service_ticket_id,pms_reservation_id,audit_class,audit_flags,recommended_action,guest_tier,traveler_segment,failure_category,severity,recovery_need_score,review_risk_score,stay_value,estimated_lifetime_value,public_rate_pressure_index,high_demand_rate_flag,target_public_rate,comp_set_median_rate,rate_context_confidence,pricing_provenance,actual_comp_codes_normalized,actual_comp_face_value,actual_comp_internal_cost,recommended_comp_code,recommended_comp_label,recommended_comp_value,recommended_internal_cost,recommended_internal_cost_low,recommended_internal_cost_high,recommended_minus_actual_value,internal_cost_delta,manager_review_flag,decision_confidence,recommendation_stability,policy_id,policy_version,reservation_match_confidence,crm_match_confidence,data_quality_flags,recommendation_reason_codes
audit_00001,case_00001,TKT000001,PMS001443,data_quality_hold,no_historical_comp_record,Resolve source matching or missing reference action before comparing policies.,new_guest,coastal_weekend,housekeeping_miss,3,58.44,0.354,3540,7590,0.198,false,670,720,0.92,sample_seed_public_rate_shape,,0,0,rooftop_f_and_b_credit,Calabra or Palma dining credit,180,72,45,108,180,72,false,high,0.889,intelligent_generosity,smp-public-context-v1.0.0,1.0,0.95,no_comp_record,hotel_responsible_failure;high_perceived_value_lower_estimated_cost;property_fit_changed_recovery
audit_00002,case_00002,TKT000002,PMS000013,over_comped,high_severity,Review downward variance between the matched synthetic action and context-engine recommendation.,returning_guest,design_leisure,housekeeping_miss,4,68.48,0.546,980,3640,0.455,false,735,735,0.92,sample_seed_public_rate_shape,partial_room_refund,465,465,rooftop_f_and_b_credit,Calabra or Palma dining credit,180,72,45,108,-285,-393,false,high,1.0,intelligent_generosity,smp-public-context-v1.0.0,1.0,0.95,,hotel_responsible_failure;high_severity_issue;recoverable_before_checkout;high_perceived_value_lower_estimated_cost;property_fit_changed_recovery
audit_00003,case_00003,TKT000003,PMS000837,over_comped,,Review downward variance between the matched synthetic action and context-engine recommendation.,returning_guest,design_leisure,f_and_b_service_lapse,3,56.87,0.479,5460,16040,0.257,false,685,725,0.92,sample_seed_public_rate_shape,room_upgrade,275,69,rooftop_f_and_b_credit,Calabra or Palma dining credit,150,60,38,90,-125,-9,false,high,1.0,intelligent_generosity,smp-public-context-v1.0.0,1.0,0.95,no_review_or_survey,hotel_responsible_failure;recoverable_before_checkout;high_perceived_value_lower_estimated_cost
audit_00004,case_00004,TKT000004,PMS001087,over_comped,severity_inferred,Review downward variance between the matched synthetic action and context-engine recommendation.,new_guest,coastal_weekend,valet_or_parking_delay,2,41.04,0.337,1500,3050,0.455,false,735,690,0.92,sample_seed_public_rate_shape,spa_wellness_credit,365,201,parking_fee_waiver,parking or destination-fee waiver,75,14,6,26,-290,-187,false,moderate,1.0,intelligent_generosity,smp-public-context-v1.0.0,1.0,0.95,severity_inferred;no_review_or_survey,recoverable_before_checkout;high_perceived_value_lower_estimated_cost
audit_00005,case_00005,TKT000005,PMS001405,aligned_recovery,high_severity,Matched synthetic action and context-engine recommendation are within the diagnostic tolerance.,new_guest,business_traveler,housekeeping_miss,4,71.12,0.616,3800,7670,0.613,false,775,785,0.92,sample_seed_public_rate_shape,room_upgrade,280,70,future_stay_credit,future-stay credit,330,198,99,280,50,128,false,high,0.963,intelligent_generosity,smp-public-context-v1.0.0,1.0,0.95,no_review_or_survey,hotel_responsible_failure;high_severity_issue
audit_00006,case_00006,TKT000006,PMS001383,data_quality_hold,no_historical_comp_record,Resolve source matching or missing reference action before comparing policies.,returning_guest,coastal_weekend,billing_or_fee_dispute,2,42.03,0.338,1500,5340,0.573,false,765,685,0.92,sample_seed_public_rate_shape,,0,0,parking_fee_waiver,parking or destination-fee waiver,85,15,7,30,85,15,false,high,1.0,intelligent_generosity,smp-public-context-v1.0.0,1.0,0.95,no_comp_record,high_perceived_value_lower_estimated_cost
audit_00007,case_00007,TKT000007,PMS000553,under_recovered,,Review upward variance between the matched synthetic action and context-engine recommendation.,new_guest,business_traveler,room_readiness_delay,3,62.4,0.518,2940,3810,0.692,false,795,735,0.92,sample_seed_public_rate_shape,amenity_gesture,65,29,future_stay_credit,future-stay credit,345,207,104,293,280,178,false,high,0.963,intelligent_generosity,smp-public-context-v1.0.0,1.0,0.95,no_review_or_survey,hotel_responsible_failure;recoverable_before_checkout
audit_00008,case_00008,TKT000008,PMS001239,aligned_recovery,,Matched synthetic action and context-engine recommendation are within the diagnostic tolerance.,new_guest,design_leisure,noise_disruption,3,51.01,0.47,1830,3250,0.375,false,715,720,0.92,sample_seed_public_rate_shape,manager_note,0,0,spa_wellness_credit,Surya Spa or Recovery Suite credit,275,151,82,206,275,151,false,high,0.963,intelligent_generosity,smp-public-context-v1.0.0,1.0,0.95,,high_perceived_value_lower_estimated_cost
audit_00009,case_00009,TKT000009,PMS000232,aligned_recovery,,Matched synthetic action and context-engine recommendation are within the diagnostic tolerance.,new_guest,local_staycation,rooftop_pool_access_issue,2,43.33,0.352,4690,7750,0.375,false,715,650,0.92,sample_seed_public_rate_shape,rooftop_f_and_b_credit,115,46,rooftop_f_and_b_credit,Calabra or Palma dining credit,150,60,38,90,35,14,false,high,1.0,intelligent_generosity,smp-public-context-v1.0.0,1.0,0.95,,recoverable_before_checkout;high_perceived_value_lower_estimated_cost
audit_00010,case_00010,TKT000010,PMS000817,data_quality_hold,no_historical_comp_record,Resolve source matching or missing reference action before comparing policies.,loyalty_guest,event_or_wedding,room_readiness_delay,1,42.96,0.383,1260,7190,0.81,true,825,855,0.92,sample_seed_public_rate_shape,,0,0,rooftop_f_and_b_credit,Calabra or Palma dining credit,150,60,38,90,150,60,false,moderate,1.0,intelligent_generosity,smp-public-context-v1.0.0,1.0,0.95,no_comp_record,high_guest_relationship_value;hotel_responsible_failure;recoverable_before_checkout;high_perceived_value_lower_estimated_cost;public_rate_pressure_changed_recovery
audit_00011,case_00011,TKT000011,PMS001392,data_quality_hold,no_historical_comp_record,Resolve source matching or missing reference action before comparing policies.,new_guest,business_traveler,f_and_b_service_lapse,2,49.14,0.352,3200,6060,0.02,false,625,630,0.92,sample_seed_public_rate_shape,,0,0,rooftop_f_and_b_credit,Calabra or Palma dining credit,150,60,38,90,150,60,false,high,1.0,intelligent_generosity,smp-public-context-v1.0.0,1.0,0.95,no_comp_record,hotel_responsible_failure;recoverable_before_checkout;high_perceived_value_lower_estimated_cost
audit_00012,case_00012,TKT000012,PMS001069,aligned_recovery,,Matched synthetic action and context-engine recommendation are within the diagnostic tolerance.,new_guest,business_traveler,noise_disruption,1,30.04,0.277,630,1010,0.652,false,785,710,0.92,sample_seed_public_rate_shape,amenity_gesture,65,29,late_checkout,late checkout,75,15,6,34,10,-14,false,high,0.926,intelligent_generosity,smp-public-context-v1.0.0,1.0,0.95,no_review_or_survey,recoverable_before_checkout;high_perceived_value_lower_estimated_cost
audit_00013,case_00013,TKT000013,PMS000371,data_quality_hold,no_historical_comp_record,Resolve source matching or missing reference action before comparing policies.,new_guest,business_traveler,room_readiness_delay,3,59.93,0.487,5250,6400,0.81,true,825,745,0.92,sample_seed_public_rate_shape,,0,0,rooftop_f_and_b_credit,Calabra or Palma dining credit,180,72,45,108,180,72,false,moderate,1.0,intelligent_generosity,smp-public-context-v1.0.0,1.0,0.95,no_comp_record,hotel_responsible_failure;recoverable_before_checkout;high_perceived_value_lower_estimated_cost;public_rate_pressure_changed_recovery
audit_00014,case_00014,TKT000014,PMS000290,data_quality_hold,severity_inferred;no_historical_comp_record,Resolve source matching or missing reference action before comparing policies.,new_guest,family_beach_trip,billing_or_fee_dispute,2,43.25,0.37,2120,3816,0.553,false,760,710,0.92,sample_seed_public_rate_shape,,0,0,parking_fee_waiver,parking or destination-fee waiver,85,15,7,30,85,15,false,moderate,1.0,intelligent_generosity,smp-public-context-v1.0.0,1.0,0.95,severity_inferred;ltv_imputed;no_review_or_survey;no_comp_record,high_perceived_value_lower_estimated_cost
audit_00015,case_00015,TKT000015,PMS001595,data_quality_hold,no_historical_comp_record,Resolve source matching or missing reference action before comparing policies.,returning_guest,design_leisure,room_assignment_expectation_gap,3,58.05,0.501,1590,3470,0.356,false,710,665,0.92,sample_seed_public_rate_shape,,0,0,rooftop_f_and_b_credit,Calabra or Palma dining credit,180,72,45,108,180,72,false,high,1.0,intelligent_generosity,smp-public-context-v1.0.0,0.78,0.95,no_review_or_survey;no_comp_record,hotel_responsible_failure;high_perceived_value_lower_estimated_cost;property_fit_changed_recovery
audit_00016,case_00016,TKT000016,PMS001079,under_recovered,high_severity,Review upward variance between the matched synthetic action and context-engine recommendation.,returning_guest,business_traveler,room_assignment_expectation_gap,4,66.94,0.605,800,2940,0.356,false,710,695,0.92,sample_seed_public_rate_shape,late_checkout,85,17,future_stay_credit,future-stay credit,280,168,84,238,195,151,false,high,0.963,intelligent_generosity,smp-public-context-v1.0.0,1.0,0.95,no_review_or_survey,hotel_responsible_failure;high_severity_issue
audit_00017,case_00017,TKT000017,PMS001299,aligned_recovery,,Matched synthetic action and context-engine recommendation are within the diagnostic tolerance.,returning_guest,wellness_getaway,f_and_b_service_lapse,2,43.54,0.375,610,1710,0.87,true,840,815,0.92,sample_seed_public_rate_shape,amenity_gesture,50,22,rooftop_f_and_b_credit,Calabra or Palma dining credit,150,60,38,90,100,38,false,high,1.0,intelligent_generosity,smp-public-context-v1.0.0,1.0,0.95,no_review_or_survey,hotel_responsible_failure;recoverable_before_checkout;high_perceived_value_lower_estimated_cost
audit_00018,case_00018,TKT000018,PMS000841,aligned_recovery,high_severity,Matched synthetic action and context-engine recommendation are within the diagnostic tolerance.,returning_guest,family_beach_trip,f_and_b_service_lapse,5,70.47,0.592,1280,4970,0.652,false,785,695,0.92,sample_seed_public_rate_shape,rooftop_f_and_b_credit,115,46,rooftop_f_and_b_credit,Calabra or Palma dining credit,180,72,45,108,65,26,false,high,1.0,intelligent_generosity,smp-public-context-v1.0.0,1.0,0.95,,hotel_responsible_failure;high_severity_issue;recoverable_before_checkout;high_perceived_value_lower_estimated_cost
audit_00019,case_00019,TKT000019,PMS000355,aligned_recovery,high_severity,Matched synthetic action and context-engine recommendation are within the diagnostic tolerance.,returning_guest,coastal_weekend,room_readiness_delay,4,67.98,0.622,1320,5470,0.652,false,785,745,0.92,sample_seed_public_rate_shape,room_upgrade,410,102,rooftop_f_and_b_credit,Calabra or Palma dining credit,180,72,45,108,-230,-30,false,high,0.852,intelligent_generosity,smp-public-context-v1.0.0,1.0,0.95,no_review_or_survey,hotel_responsible_failure;high_severity_issue;recoverable_before_checkout;high_perceived_value_lower_estimated_cost;operational_pressure_changed_recovery;property_fit_changed_recovery
audit_00020,case_00020,TKT000020,PMS000239,data_quality_hold,no_historical_comp_record;high_severity,Resolve source matching or missing reference action before comparing policies.,vip_guest,coastal_weekend,room_assignment_expectation_gap,4,68.06,0.605,1640,12010,0.553,false,760,745,0.92,sample_seed_public_rate_shape,,0,0,room_upgrade,room upgrade,360,90,29,234,360,90,false,high,1.0,intelligent_generosity,smp-public-context-v1.0.0,1.0,0.95,no_review_or_survey;no_comp_record,high_guest_relationship_value;hotel_responsible_failure;high_severity_issue;recoverable_before_checkout;high_perceived_value_lower_estimated_cost
audit_00021,case_00021,TKT000021,PMS000794,aligned_recovery,,Matched synthetic action and context-engine recommendation are within the diagnostic tolerance.,returning_guest,coastal_weekend,valet_or_parking_delay,3,54.97,0.455,1500,3990,0.632,false,780,770,0.92,sample_seed_public_rate_shape,parking_fee_waiver,0,0,parking_fee_waiver,parking or destination-fee waiver,85,15,7,30,85,15,false,high,1.0,intelligent_generosity,smp-public-context-v1.0.0,1.0,0.95,no_review_or_survey,recoverable_before_checkout;high_perceived_value_lower_estimated_cost
audit_00022,case_00022,TKT000022,PMS001399,data_quality_hold,severity_inferred;no_historical_comp_record,Resolve source matching or missing reference action before comparing policies.,returning_guest,business_traveler,room_assignment_expectation_gap,3,53.58,0.47,1160,2940,0.0,false,560,580,0.92,sample_seed_public_rate_shape,,0,0,room_upgrade,room upgrade,300,75,24,195,300,75,false,moderate,1.0,intelligent_generosity,smp-public-context-v1.0.0,1.0,0.95,severity_inferred;no_comp_record,hotel_responsible_failure;recoverable_before_checkout;high_perceived_value_lower_estimated_cost
audit_00023,case_00023,TKT000023,PMS000336,data_quality_hold,no_historical_comp_record;high_severity,Resolve source matching or missing reference action before comparing policies.,new_guest,event_or_wedding,maintenance_issue,4,67.99,0.608,2160,4700,1.0,true,980,955,0.92,sample_seed_public_rate_shape,,0,0,spa_wellness_credit,Surya Spa or Recovery Suite credit,330,182,99,248,330,182,false,moderate,1.0,intelligent_generosity,smp-public-context-v1.0.0,1.0,0.95,no_review_or_survey;no_comp_record,hotel_responsible_failure;high_severity_issue;recoverable_before_checkout;high_perceived_value_lower_estimated_cost;public_rate_pressure_changed_recovery
audit_00024,case_00024,TKT000024,PMS000146,aligned_recovery,,Matched synthetic action and context-engine recommendation are within the diagnostic tolerance.,new_guest,wellness_getaway,rooftop_pool_access_issue,2,44.29,0.416,1800,3710,0.534,false,755,690,0.92,sample_seed_public_rate_shape,manager_note,0,0,rooftop_f_and_b_credit,Calabra or Palma dining credit,150,60,38,90,150,60,false,high,1.0,intelligent_generosity,smp-public-context-v1.0.0,1.0,0.95,,high_perceived_value_lower_estimated_cost
audit_00025,case_00025,TKT000025,PMS001547,data_quality_hold,no_historical_comp_record;high_severity,Resolve source matching or missing reference action before comparing policies.,event_or_suite_guest,wellness_getaway,housekeeping_miss,4,71.63,0.594,2160,16840,1.0,true,885,830,0.92,sample_seed_public_rate_shape,,0,0,future_stay_credit,future-stay credit,380,228,114,323,380,228,false,high,0.963,intelligent_generosity,smp-public-context-v1.0.0,1.0,0.95,no_comp_record,high_guest_relationship_value;hotel_responsible_failure;high_severity_issue;recoverable_before_checkout
audit_00026,case_00026,TKT000026,PMS000673,data_quality_hold,no_historical_comp_record,Resolve source matching or missing reference action before comparing policies.,new_guest,coastal_weekend,f_and_b_service_lapse,1,33.38,0.288,2010,2590,0.375,false,715,650,0.92,sample_seed_public_rate_shape,,0,0,rooftop_f_and_b_credit,Calabra or Palma dining credit,135,54,34,81,135,54,false,high,1.0,intelligent_generosity,smp-public-context-v1.0.0,1.0,0.95,no_comp_record,hotel_responsible_failure;recoverable_before_checkout;high_perceived_value_lower_estimated_cost
audit_00027,case_00027,TKT000027,PMS000156,aligned_recovery,,Matched synthetic action and context-engine recommendation are within the diagnostic tolerance.,new_guest,event_or_wedding,housekeeping_miss,3,60.72,0.513,720,1280,0.04,false,630,650,0.92,sample_seed_public_rate_shape,rooftop_f_and_b_credit,170,68,future_stay_credit,future-stay credit,250,150,75,212,80,82,false,high,0.889,intelligent_generosity,smp-public-context-v1.0.0,1.0,0.95,no_review_or_survey,hotel_responsible_failure
audit_00028,case_00028,TKT000028,PMS001144,data_quality_hold,no_historical_comp_record,Resolve source matching or missing reference action before comparing policies.,loyalty_guest,coastal_weekend,valet_or_parking_delay,3,56.72,0.52,2400,8450,0.375,false,715,700,0.92,sample_seed_public_rate_shape,,0,0,parking_fee_waiver,parking or destination-fee waiver,85,15,7,30,85,15,false,high,0.852,intelligent_generosity,smp-public-context-v1.0.0,1.0,0.95,no_comp_record,high_guest_relationship_value;high_perceived_value_lower_estimated_cost
audit_00029,case_00029,TKT000029,PMS000088,data_quality_hold,no_historical_comp_record;high_severity,Resolve source matching or missing reference action before comparing policies.,new_guest,family_beach_trip,room_assignment_expectation_gap,5,70.25,0.574,1440,2920,0.0,false,560,575,0.92,sample_seed_public_rate_shape,,0,0,room_upgrade,room upgrade,360,90,29,234,360,90,false,high,1.0,intelligent_generosity,smp-public-context-v1.0.0,1.0,0.95,no_comp_record,hotel_responsible_failure;high_severity_issue;recoverable_before_checkout;high_perceived_value_lower_estimated_cost
audit_00030,case_00030,TKT000030,PMS001522,data_quality_hold,no_historical_comp_record,Resolve source matching or missing reference action before comparing policies.,new_guest,design_leisure,maintenance_issue,3,53.74,0.449,1180,1440,0.593,true,770,835,0.92,sample_seed_public_rate_shape,,0,0,spa_wellness_credit,Surya Spa or Recovery Suite credit,275,151,82,206,275,151,false,high,1.0,intelligent_generosity,smp-public-context-v1.0.0,1.0,0.95,no_comp_record,hotel_responsible_failure;recoverable_before_checkout;high_perceived_value_lower_estimated_cost
audit_00031,case_00031,TKT000031,PMS001133,aligned_recovery,,Matched synthetic action and context-engine recommendation are within the diagnostic tolerance.,new_guest,coastal_weekend,spa_wellness_service_issue,3,52.37,0.467,1440,2560,0.02,false,625,690,0.92,sample_seed_public_rate_shape,room_upgrade,330,82,spa_wellness_credit,Surya Spa or Recovery Suite credit,275,151,82,206,-55,69,false,high,0.963,intelligent_generosity,smp-public-context-v1.0.0,1.0,0.95,,hotel_responsible_failure;recoverable_before_checkout;high_perceived_value_lower_estimated_cost
audit_00032,case_00032,TKT000032,PMS000678,aligned_recovery,high_severity,Matched synthetic action and context-engine recommendation are within the diagnostic tolerance.,returning_guest,event_or_wedding,room_readiness_delay,4,69.82,0.559,3200,12400,1.0,true,895,885,0.92,sample_seed_public_rate_shape,late_checkout,105,21,rooftop_f_and_b_credit,Calabra or Palma dining credit,180,72,45,108,75,51,false,moderate,1.0,intelligent_generosity,smp-public-context-v1.0.0,1.0,0.95,,hotel_responsible_failure;high_severity_issue;recoverable_before_checkout;high_perceived_value_lower_estimated_cost;public_rate_pressure_changed_recovery
audit_00033,case_00033,TKT000033,PMS000330,under_recovered,severity_inferred,Review upward variance between the matched synthetic action and context-engine recommendation.,new_guest,business_traveler,room_readiness_delay,3,60.79,0.518,3650,5000,0.613,false,775,740,0.92,sample_seed_public_rate_shape,lobby_lounge_credit,80,30,rooftop_f_and_b_credit,Calabra or Palma dining credit,180,72,45,108,100,42,false,moderate,1.0,intelligent_generosity,smp-public-context-v1.0.0,0.78,0.95,severity_inferred;no_review_or_survey,hotel_responsible_failure;high_perceived_value_lower_estimated_cost;property_fit_changed_recovery
audit_00034,case_00034,TKT000034,PMS000056,data_quality_hold,severity_inferred;no_historical_comp_record,Resolve source matching or missing reference action before comparing policies.,vip_guest,coastal_weekend,spa_wellness_service_issue,3,60.11,0.451,2850,23380,1.0,true,895,875,0.92,sample_seed_public_rate_shape,,0,0,spa_wellness_credit,Surya Spa or Recovery Suite credit,330,182,99,248,330,182,false,moderate,1.0,intelligent_generosity,smp-public-context-v1.0.0,1.0,0.95,severity_inferred;no_comp_record,high_guest_relationship_value;hotel_responsible_failure;recoverable_before_checkout;high_perceived_value_lower_estimated_cost
audit_00035,case_00035,TKT000035,PMS001310,data_quality_hold,no_historical_comp_record,Resolve source matching or missing reference action before comparing policies.,loyalty_guest,family_beach_trip,f_and_b_service_lapse,3,55.02,0.392,820,4730,0.079,false,640,630,0.92,sample_seed_public_rate_shape,,0,0,rooftop_f_and_b_credit,Calabra or Palma dining credit,150,60,38,90,150,60,false,high,1.0,intelligent_generosity,smp-public-context-v1.0.0,1.0,0.95,no_comp_record,high_guest_relationship_value;hotel_responsible_failure;high_perceived_value_lower_estimated_cost
audit_00036,case_00036,TKT000036,PMS001548,data_quality_hold,no_historical_comp_record,Resolve source matching or missing reference action before comparing policies.,new_guest,local_staycation,maintenance_issue,3,54.0,0.504,680,1060,0.356,false,710,720,0.92,sample_seed_public_rate_shape,,0,0,spa_wellness_credit,Surya Spa or Recovery Suite credit,275,151,82,206,275,151,false,high,1.0,intelligent_generosity,smp-public-context-v1.0.0,1.0,0.95,no_review_or_survey;no_comp_record,hotel_responsible_failure;recoverable_before_checkout;high_perceived_value_lower_estimated_cost
audit_00037,case_00037,TKT000037,PMS000857,data_quality_hold,no_historical_comp_record,Resolve source matching or missing reference action before comparing policies.,loyalty_guest,coastal_weekend,housekeeping_miss,3,64.43,0.513,3900,14230,1.0,true,900,910,0.92,sample_seed_public_rate_shape,,0,0,rooftop_f_and_b_credit,Calabra or Palma dining credit,180,72,45,108,180,72,false,moderate,1.0,intelligent_generosity,smp-public-context-v1.0.0,0.78,0.95,no_review_or_survey;no_comp_record,high_guest_relationship_value;hotel_responsible_failure;high_perceived_value_lower_estimated_cost;public_rate_pressure_changed_recovery
audit_00038,case_00038,TKT000038,PMS001227,aligned_recovery,,Matched synthetic action and context-engine recommendation are within the diagnostic tolerance.,loyalty_guest,local_staycation,valet_or_parking_delay,3,54.66,0.411,3750,13480,0.692,false,795,735,0.92,sample_seed_public_rate_shape,parking_fee_waiver,0,0,parking_fee_waiver,parking or destination-fee waiver,85,15,7,30,85,15,false,high,1.0,intelligent_generosity,smp-public-context-v1.0.0,1.0,0.95,,high_guest_relationship_value;recoverable_before_checkout;high_perceived_value_lower_estimated_cost
audit_00039,case_00039,TKT000039,PMS001137,aligned_recovery,,Matched synthetic action and context-engine recommendation are within the diagnostic tolerance.,returning_guest,local_staycation,housekeeping_miss,3,57.74,0.513,730,2690,0.85,true,835,840,0.92,sample_seed_public_rate_shape,rooftop_f_and_b_credit,160,64,rooftop_f_and_b_credit,Calabra or Palma dining credit,150,60,38,90,-10,-4,false,high,1.0,intelligent_generosity,smp-public-context-v1.0.0,1.0,0.95,no_review_or_survey,hotel_responsible_failure;recoverable_before_checkout;high_perceived_value_lower_estimated_cost
audit_00040,case_00040,TKT000040,PMS000518,over_comped,,Review downward variance between the matched synthetic action and context-engine recommendation.,returning_guest,design_leisure,maintenance_issue,3,57.73,0.504,660,2660,0.474,false,740,715,0.92,sample_seed_public_rate_shape,room_upgrade,420,105,spa_wellness_credit,Surya Spa or Recovery Suite credit,275,151,82,206,-145,46,false,high,1.0,intelligent_generosity,smp-public-context-v1.0.0,1.0,0.95,no_review_or_survey,hotel_responsible_failure;high_perceived_value_lower_estimated_cost
audit_00041,case_00041,TKT000041,PMS000488,data_quality_hold,no_historical_comp_record,Resolve source matching or missing reference action before comparing policies.,returning_guest,local_staycation,noise_disruption,3,53.54,0.485,4620,18220,0.771,true,815,740,0.92,sample_seed_public_rate_shape,,0,0,spa_wellness_credit,Surya Spa or Recovery Suite credit,275,151,82,206,275,151,false,high,1.0,intelligent_generosity,smp-public-context-v1.0.0,1.0,0.95,no_review_or_survey;no_comp_record,recoverable_before_checkout;high_perceived_value_lower_estimated_cost
audit_00042,case_00042,TKT000042,PMS001167,under_recovered,,Review upward variance between the matched synthetic action and context-engine recommendation.,loyalty_guest,wellness_getaway,room_assignment_expectation_gap,3,58.68,0.501,3240,15430,0.514,false,750,730,0.92,sample_seed_public_rate_shape,late_checkout,85,17,room_upgrade,room upgrade,360,90,29,234,275,73,false,high,1.0,intelligent_generosity,smp-public-context-v1.0.0,1.0,0.95,no_review_or_survey,high_guest_relationship_value;hotel_responsible_failure;recoverable_before_checkout;high_perceived_value_lower_estimated_cost
audit_00043,case_00043,TKT000043,PMS001376,aligned_recovery,severity_inferred,Matched synthetic action and context-engine recommendation are within the diagnostic tolerance.,event_or_suite_guest,coastal_weekend,f_and_b_service_lapse,2,53.84,0.48,3800,24230,0.138,false,655,630,0.92,sample_seed_public_rate_shape,rooftop_f_and_b_credit,130,52,rooftop_f_and_b_credit,Calabra or Palma dining credit,150,60,38,90,20,8,false,moderate,0.963,intelligent_generosity,smp-public-context-v1.0.0,1.0,0.95,severity_inferred,high_guest_relationship_value;hotel_responsible_failure;recoverable_before_checkout;high_perceived_value_lower_estimated_cost
audit_00044,case_00044,TKT000044,PMS000570,under_recovered,high_severity,Review upward variance between the matched synthetic action and context-engine recommendation.,vip_guest,family_beach_trip,f_and_b_service_lapse,4,67.26,0.583,2260,16410,0.0,false,540,575,0.92,sample_seed_public_rate_shape,lobby_lounge_credit,95,36,future_stay_credit,future-stay credit,395,237,118,336,300,201,false,high,0.963,intelligent_generosity,smp-public-context-v1.0.0,1.0,0.95,no_review_or_survey,high_guest_relationship_value;hotel_responsible_failure;high_severity_issue;recoverable_before_checkout
audit_00045,case_00045,TKT000045,PMS000126,aligned_recovery,,Matched synthetic action and context-engine recommendation are within the diagnostic tolerance.,new_guest,business_traveler,maintenance_issue,3,54.42,0.465,680,900,0.494,false,745,780,0.92,sample_seed_public_rate_shape,parking_fee_waiver,85,15,spa_wellness_credit,Surya Spa or Recovery Suite credit,275,151,82,206,190,136,false,high,1.0,intelligent_generosity,smp-public-context-v1.0.0,1.0,0.95,,hotel_responsible_failure;recoverable_before_checkout;high_perceived_value_lower_estimated_cost
audit_00046,case_00046,TKT000046,PMS000705,data_quality_hold,no_historical_comp_record,Resolve source matching or missing reference action before comparing policies.,vip_guest,event_or_wedding,f_and_b_service_lapse,2,45.9,0.328,960,5720,0.415,false,725,775,0.92,sample_seed_public_rate_shape,,0,0,rooftop_f_and_b_credit,Calabra or Palma dining credit,150,60,38,90,150,60,false,high,1.0,intelligent_generosity,smp-public-context-v1.0.0,1.0,0.95,no_comp_record,high_guest_relationship_value;hotel_responsible_failure;recoverable_before_checkout;high_perceived_value_lower_estimated_cost
audit_00047,case_00047,TKT000047,PMS000031,aligned_recovery,,Matched synthetic action and context-engine recommendation are within the diagnostic tolerance.,returning_guest,local_staycation,f_and_b_service_lapse,2,46.98,0.32,2160,6730,1.0,true,905,865,0.92,sample_seed_public_rate_shape,lobby_lounge_credit,85,32,rooftop_f_and_b_credit,Calabra or Palma dining credit,150,60,38,90,65,28,false,high,1.0,intelligent_generosity,smp-public-context-v1.0.0,0.78,0.95,,hotel_responsible_failure;high_perceived_value_lower_estimated_cost
audit_00048,case_00048,TKT000048,PMS000941,data_quality_hold,no_historical_comp_record,Resolve source matching or missing reference action before comparing policies.,new_guest,design_leisure,noise_disruption,3,51.27,0.55,980,2020,0.534,false,755,730,0.92,sample_seed_public_rate_shape,,0,0,spa_wellness_credit,Surya Spa or Recovery Suite credit,275,151,82,206,275,151,false,high,0.963,intelligent_generosity,smp-public-context-v1.0.0,1.0,0.95,no_comp_record,high_perceived_value_lower_estimated_cost
audit_00049,case_00049,TKT000049,PMS000528,data_quality_hold,weak_identity_or_reservation_match;severity_inferred;no_historical_comp_record;manager_review_model_flag;low_decision_confidence,Resolve source matching or missing reference action before comparing policies.,new_guest,business_traveler,maintenance_issue,3,55.82,0.504,2900,5920,0.257,false,685,650,0.92,sample_seed_public_rate_shape,,0,0,spa_wellness_credit,Surya Spa or Recovery Suite credit,275,151,82,206,275,151,true,low,1.0,intelligent_generosity,smp-public-context-v1.0.0,0.58,0.95,low_reservation_match_confidence;severity_inferred;no_review_or_survey;no_comp_record,hotel_responsible_failure;recoverable_before_checkout;high_perceived_value_lower_estimated_cost;manager_review_required
audit_00050,case_00050,TKT000050,PMS000293,data_quality_hold,no_historical_comp_record,Resolve source matching or missing reference action before comparing policies.,new_guest,coastal_weekend,spa_wellness_service_issue,2,47.52,0.451,2520,2790,0.0,false,540,575,0.92,sample_seed_public_rate_shape,,0,0,spa_wellness_credit,Surya Spa or Recovery Suite credit,275,151,82,206,275,151,false,high,0.963,intelligent_generosity,smp-public-context-v1.0.0,1.0,0.95,no_comp_record,hotel_responsible_failure;recoverable_before_checkout;high_perceived_value_lower_estimated_cost
audit_00051,case_00051,TKT000051,PMS000020,under_recovered,,Review upward variance between the matched synthetic action and context-engine recommendation.,vip_guest,local_staycation,housekeeping_miss,3,66.99,0.513,5250,44140,0.079,false,640,665,0.92,sample_seed_public_rate_shape,amenity_gesture,65,29,future_stay_credit,future-stay credit,260,156,78,221,195,127,false,high,0.963,intelligent_generosity,smp-public-context-v1.0.0,1.0,0.95,no_review_or_survey,high_guest_relationship_value;hotel_responsible_failure
audit_00052,case_00052,TKT000052,PMS000789,data_quality_hold,no_historical_comp_record,Resolve source matching or missing reference action before comparing policies.,returning_guest,wellness_getaway,billing_or_fee_dispute,1,35.65,0.266,740,2140,0.889,true,845,895,0.92,sample_seed_public_rate_shape,,0,0,rooftop_f_and_b_credit,Calabra or Palma dining credit,135,54,34,81,135,54,false,moderate,1.0,intelligent_generosity,smp-public-context-v1.0.0,1.0,0.95,no_review_or_survey;no_comp_record,recoverable_before_checkout;high_perceived_value_lower_estimated_cost;public_rate_pressure_changed_recovery;property_fit_changed_recovery
audit_00053,case_00053,TKT000053,PMS001478,data_quality_hold,no_historical_comp_record;high_severity,Resolve source matching or missing reference action before comparing policies.,returning_guest,coastal_weekend,room_readiness_delay,4,70.95,0.622,5460,12320,0.237,false,680,705,0.92,sample_seed_public_rate_shape,,0,0,future_stay_credit,future-stay credit,275,165,82,234,275,165,false,high,0.852,intelligent_generosity,smp-public-context-v1.0.0,0.78,0.95,no_review_or_survey;no_comp_record,hotel_responsible_failure;high_severity_issue;recoverable_before_checkout;operational_pressure_changed_recovery
audit_00054,case_00054,TKT000054,PMS001191,aligned_recovery,severity_inferred,Matched synthetic action and context-engine recommendation are within the diagnostic tolerance.,new_guest,business_traveler,housekeeping_miss,3,57.06,0.513,1500,2700,0.059,false,635,680,0.92,sample_seed_public_rate_shape,rooftop_f_and_b_credit,185,74,rooftop_f_and_b_credit,Calabra or Palma dining credit,150,60,38,90,-35,-14,false,moderate,1.0,intelligent_generosity,smp-public-context-v1.0.0,1.0,0.95,severity_inferred;ltv_imputed;no_review_or_survey,hotel_responsible_failure;recoverable_before_checkout;high_perceived_value_lower_estimated_cost
audit_00055,case_00055,TKT000055,PMS000403,data_quality_hold,no_historical_comp_record,Resolve source matching or missing reference action before comparing policies.,loyalty_guest,design_leisure,noise_disruption,2,44.17,0.374,1760,10590,0.415,false,725,665,0.92,sample_seed_public_rate_shape,,0,0,spa_wellness_credit,Surya Spa or Recovery Suite credit,275,151,82,206,275,151,false,high,0.926,intelligent_generosity,smp-public-context-v1.0.0,1.0,0.95,no_comp_record,high_guest_relationship_value;high_perceived_value_lower_estimated_cost
audit_00056,case_00056,TKT000056,PMS000684,aligned_recovery,,Matched synthetic action and context-engine recommendation are within the diagnostic tolerance.,new_guest,coastal_weekend,room_readiness_delay,3,60.69,0.479,2100,4030,0.692,false,795,735,0.92,sample_seed_public_rate_shape,parking_fee_waiver,115,21,rooftop_f_and_b_credit,Calabra or Palma dining credit,180,72,45,108,65,51,false,high,1.0,intelligent_generosity,smp-public-context-v1.0.0,1.0,0.95,,hotel_responsible_failure;high_perceived_value_lower_estimated_cost;property_fit_changed_recovery
audit_00057,case_00057,TKT000057,PMS001015,data_quality_hold,no_historical_comp_record,Resolve source matching or missing reference action before comparing policies.,new_guest,family_beach_trip,valet_or_parking_delay,2,44.72,0.337,4690,6910,0.494,false,745,760,0.92,sample_seed_public_rate_shape,,0,0,parking_fee_waiver,parking or destination-fee waiver,85,15,7,30,85,15,false,high,1.0,intelligent_generosity,smp-public-context-v1.0.0,1.0,0.95,no_review_or_survey;no_comp_record,recoverable_before_checkout;high_perceived_value_lower_estimated_cost
audit_00058,case_00058,TKT000058,PMS001315,aligned_recovery,high_severity,Matched synthetic action and context-engine recommendation are within the diagnostic tolerance.,new_guest,family_beach_trip,room_assignment_expectation_gap,4,65.84,0.605,1080,2090,0.553,false,760,735,0.92,sample_seed_public_rate_shape,room_upgrade,410,102,room_upgrade,room upgrade,360,90,29,234,-50,-12,false,high,1.0,intelligent_generosity,smp-public-context-v1.0.0,1.0,0.95,no_review_or_survey,hotel_responsible_failure;high_severity_issue;recoverable_before_checkout;high_perceived_value_lower_estimated_cost
audit_00059,case_00059,TKT000059,PMS000954,aligned_recovery,,Matched synthetic action and context-engine recommendation are within the diagnostic tolerance.,returning_guest,wellness_getaway,housekeeping_miss,3,57.11,0.466,1710,3620,0.217,false,675,705,0.92,sample_seed_public_rate_shape,parking_fee_waiver,105,19,rooftop_f_and_b_credit,Calabra or Palma dining credit,150,60,38,90,45,41,false,high,1.0,intelligent_generosity,smp-public-context-v1.0.0,1.0,0.95,,hotel_responsible_failure;recoverable_before_checkout;high_perceived_value_lower_estimated_cost
audit_00060,case_00060,TKT000060,PMS000752,data_quality_hold,no_historical_comp_record,Resolve source matching or missing reference action before comparing policies.,returning_guest,coastal_weekend,room_assignment_expectation_gap,3,57.17,0.501,1240,4190,0.514,true,750,840,0.92,sample_seed_public_rate_shape,,0,0,rooftop_f_and_b_credit,Calabra or Palma dining credit,150,60,38,90,150,60,false,high,1.0,intelligent_generosity,smp-public-context-v1.0.0,1.0,0.95,no_review_or_survey;no_comp_record,hotel_responsible_failure;high_perceived_value_lower_estimated_cost
audit_00061,case_00061,TKT000061,PMS000103,aligned_recovery,,Matched synthetic action and context-engine recommendation are within the diagnostic tolerance.,new_guest,business_traveler,housekeeping_miss,3,56.9,0.546,540,980,0.395,false,720,760,0.92,sample_seed_public_rate_shape,rooftop_f_and_b_credit,160,64,rooftop_f_and_b_credit,Calabra or Palma dining credit,150,60,38,90,-10,-4,false,high,1.0,intelligent_generosity,smp-public-context-v1.0.0,1.0,0.95,,hotel_responsible_failure;recoverable_before_checkout;high_perceived_value_lower_estimated_cost
audit_00062,case_00062,TKT000062,PMS001285,data_quality_hold,no_historical_comp_record,Resolve source matching or missing reference action before comparing policies.,new_guest,business_traveler,billing_or_fee_dispute,3,50.02,0.473,1650,2460,0.791,true,820,795,0.92,sample_seed_public_rate_shape,,0,0,rooftop_f_and_b_credit,Calabra or Palma dining credit,150,60,38,90,150,60,false,moderate,1.0,intelligent_generosity,smp-public-context-v1.0.0,0.78,0.95,no_review_or_survey;no_comp_record,recoverable_before_checkout;high_perceived_value_lower_estimated_cost;public_rate_pressure_changed_recovery;property_fit_changed_recovery
audit_00063,case_00063,TKT000063,PMS000326,aligned_recovery,high_severity,Matched synthetic action and context-engine recommendation are within the diagnostic tolerance.,new_guest,wellness_getaway,room_readiness_delay,4,66.78,0.511,2190,4560,0.929,true,855,760,0.92,sample_seed_public_rate_shape,lobby_lounge_credit,95,36,rooftop_f_and_b_credit,Calabra or Palma dining credit,180,72,45,108,85,36,false,high,1.0,intelligent_generosity,smp-public-context-v1.0.0,1.0,0.95,,hotel_responsible_failure;high_severity_issue;high_perceived_value_lower_estimated_cost
audit_00064,case_00064,TKT000064,PMS001473,aligned_recovery,severity_inferred,Matched synthetic action and context-engine recommendation are within the diagnostic tolerance.,new_guest,business_traveler,f_and_b_service_lapse,2,45.48,0.375,1420,2900,0.474,false,740,785,0.92,sample_seed_public_rate_shape,manager_note,0,0,rooftop_f_and_b_credit,Calabra or Palma dining credit,150,60,38,90,150,60,false,moderate,1.0,intelligent_generosity,smp-public-context-v1.0.0,1.0,0.95,severity_inferred;no_review_or_survey,hotel_responsible_failure;high_perceived_value_lower_estimated_cost
audit_00065,case_00065,TKT000065,PMS000230,over_comped,high_severity,Review downward variance between the matched synthetic action and context-engine recommendation.,new_guest,wellness_getaway,billing_or_fee_dispute,5,63.68,0.546,430,750,1.0,true,1035,1030,0.92,sample_seed_public_rate_shape,partial_room_refund,340,340,rooftop_f_and_b_credit,Calabra or Palma dining credit,180,72,45,108,-160,-268,false,high,1.0,intelligent_generosity,smp-public-context-v1.0.0,0.78,0.95,,high_severity_issue;recoverable_before_checkout;high_perceived_value_lower_estimated_cost;property_fit_changed_recovery
audit_00066,case_00066,TKT000066,PMS000852,data_quality_hold,no_historical_comp_record,Resolve source matching or missing reference action before comparing policies.,loyalty_guest,business_traveler,noise_disruption,3,53.15,0.485,1240,5830,0.0,false,540,575,0.92,sample_seed_public_rate_shape,,0,0,spa_wellness_credit,Surya Spa or Recovery Suite credit,275,151,82,206,275,151,false,high,1.0,intelligent_generosity,smp-public-context-v1.0.0,1.0,0.95,no_review_or_survey;no_comp_record,high_guest_relationship_value;high_perceived_value_lower_estimated_cost
audit_00067,case_00067,TKT000067,PMS000883,aligned_recovery,,Matched synthetic action and context-engine recommendation are within the diagnostic tolerance.,new_guest,wellness_getaway,f_and_b_service_lapse,3,52.0,0.479,1340,2520,0.395,false,720,760,0.92,sample_seed_public_rate_shape,parking_fee_waiver,85,15,rooftop_f_and_b_credit,Calabra or Palma dining credit,150,60,38,90,65,45,false,high,1.0,intelligent_generosity,smp-public-context-v1.0.0,1.0,0.95,no_review_or_survey,hotel_responsible_failure;recoverable_before_checkout;high_perceived_value_lower_estimated_cost
audit_00068,case_00068,TKT000068,PMS000899,over_comped,,Review downward variance between the matched synthetic action and context-engine recommendation.,new_guest,coastal_weekend,room_readiness_delay,3,62.83,0.518,1800,3570,0.988,true,870,820,0.92,sample_seed_public_rate_shape,room_upgrade,330,82,rooftop_f_and_b_credit,Calabra or Palma dining credit,180,72,45,108,-150,-10,false,high,1.0,intelligent_generosity,smp-public-context-v1.0.0,1.0,0.95,no_review_or_survey,hotel_responsible_failure;high_perceived_value_lower_estimated_cost
audit_00069,case_00069,TKT000069,PMS000015,under_recovered,,Review upward variance between the matched synthetic action and context-engine recommendation.,returning_guest,wellness_getaway,rooftop_pool_access_issue,3,57.97,0.48,2840,11350,0.85,true,835,840,0.92,sample_seed_public_rate_shape,amenity_gesture,40,18,rooftop_f_and_b_credit,Calabra or Palma dining credit,150,60,38,90,110,42,false,high,1.0,intelligent_generosity,smp-public-context-v1.0.0,1.0,0.95,,recoverable_before_checkout;high_perceived_value_lower_estimated_cost
audit_00070,case_00070,TKT000070,PMS000689,data_quality_hold,severity_inferred;no_historical_comp_record,Resolve source matching or missing reference action before comparing policies.,new_guest,business_traveler,f_and_b_service_lapse,2,46.87,0.375,1260,2450,0.593,false,770,705,0.92,sample_seed_public_rate_shape,,0,0,rooftop_f_and_b_credit,Calabra or Palma dining credit,150,60,38,90,150,60,false,moderate,1.0,intelligent_generosity,smp-public-context-v1.0.0,1.0,0.95,severity_inferred;no_review_or_survey;no_comp_record,hotel_responsible_failure;recoverable_before_checkout;high_perceived_value_lower_estimated_cost
audit_00071,case_00071,TKT000071,PMS000080,aligned_recovery,,Matched synthetic action and context-engine recommendation are within the diagnostic tolerance.,new_guest,local_staycation,maintenance_issue,2,49.35,0.401,2680,4824,0.02,false,625,630,0.92,sample_seed_public_rate_shape,lobby_lounge_credit,95,36,spa_wellness_credit,Surya Spa or Recovery Suite credit,275,151,82,206,180,115,false,moderate,0.963,intelligent_generosity,smp-public-context-v1.0.0,1.0,0.95,ltv_imputed;no_review_or_survey,hotel_responsible_failure;high_perceived_value_lower_estimated_cost
audit_00072,case_00072,TKT000072,PMS000349,data_quality_hold,no_historical_comp_record,Resolve source matching or missing reference action before comparing policies.,vip_guest,coastal_weekend,spa_wellness_service_issue,3,56.45,0.49,730,4840,0.929,true,855,760,0.92,sample_seed_public_rate_shape,,0,0,spa_wellness_credit,Surya Spa or Recovery Suite credit,275,151,82,206,275,151,false,high,1.0,intelligent_generosity,smp-public-context-v1.0.0,1.0,0.95,no_review_or_survey;no_comp_record,high_guest_relationship_value;hotel_responsible_failure;recoverable_before_checkout;high_perceived_value_lower_estimated_cost
audit_00073,case_00073,TKT000073,PMS001104,data_quality_hold,no_historical_comp_record,Resolve source matching or missing reference action before comparing policies.,loyalty_guest,wellness_getaway,rooftop_pool_access_issue,1,36.37,0.272,1420,8780,0.593,false,770,725,0.92,sample_seed_public_rate_shape,,0,0,rooftop_f_and_b_credit,Calabra or Palma dining credit,135,54,34,81,135,54,false,high,1.0,intelligent_generosity,smp-public-context-v1.0.0,1.0,0.95,no_review_or_survey;no_comp_record,high_guest_relationship_value;recoverable_before_checkout;high_perceived_value_lower_estimated_cost
audit_00074,case_00074,TKT000074,PMS001316,data_quality_hold,no_historical_comp_record,Resolve source matching or missing reference action before comparing policies.,new_guest,design_leisure,valet_or_parking_delay,3,54.39,0.455,2400,4230,0.474,false,740,640,0.92,sample_seed_public_rate_shape,,0,0,parking_fee_waiver,parking or destination-fee waiver,85,15,7,30,85,15,false,high,1.0,intelligent_generosity,smp-public-context-v1.0.0,1.0,0.95,no_review_or_survey;no_comp_record,high_perceived_value_lower_estimated_cost
audit_00075,case_00075,TKT000075,PMS000410,data_quality_hold,weak_identity_or_reservation_match;severity_inferred;no_historical_comp_record;manager_review_model_flag;low_decision_confidence,Resolve source matching or missing reference action before comparing policies.,loyalty_guest,business_traveler,room_assignment_expectation_gap,3,55.75,0.501,690,1242,0.514,false,750,730,0.92,sample_seed_public_rate_shape,,0,0,room_upgrade,room upgrade,300,75,24,195,300,75,true,low,1.0,intelligent_generosity,smp-public-context-v1.0.0,0.58,0.95,low_reservation_match_confidence;severity_inferred;ltv_imputed;no_review_or_survey;no_comp_record,high_guest_relationship_value;hotel_responsible_failure;recoverable_before_checkout;high_perceived_value_lower_estimated_cost;manager_review_required
audit_00076,case_00076,TKT000076,PMS000574,manager_review_required,manager_review_model_flag;high_review_risk;high_severity,"Route to manager because severity, guest value, spend, or policy variance is high.",event_or_suite_guest,local_staycation,housekeeping_miss,5,83.88,0.72,5320,40550,0.87,true,840,815,0.92,sample_seed_public_rate_shape,future_stay_credit,375,225,partial_room_refund,partial room refund,450,450,450,450,75,225,true,high,0.963,intelligent_generosity,smp-public-context-v1.0.0,1.0,0.95,no_review_or_survey,high_guest_relationship_value;hotel_responsible_failure;high_severity_issue;high_review_risk;recoverable_before_checkout;manager_review_required
audit_00077,case_00077,TKT000077,PMS000604,over_comped,severity_inferred,Review downward variance between the matched synthetic action and context-engine recommendation.,loyalty_guest,business_traveler,valet_or_parking_delay,2,45.14,0.337,3160,12820,0.257,false,685,650,0.92,sample_seed_public_rate_shape,spa_wellness_credit,385,212,parking_fee_waiver,parking or destination-fee waiver,85,15,7,30,-300,-197,false,moderate,1.0,intelligent_generosity,smp-public-context-v1.0.0,1.0,0.95,severity_inferred;no_review_or_survey,high_guest_relationship_value;recoverable_before_checkout;high_perceived_value_lower_estimated_cost
audit_00078,case_00078,TKT000078,PMS000748,data_quality_hold,severity_inferred;no_historical_comp_record,Resolve source matching or missing reference action before comparing policies.,new_guest,business_traveler,valet_or_parking_delay,2,41.68,0.337,2730,4250,0.059,false,635,560,0.92,sample_seed_public_rate_shape,,0,0,parking_fee_waiver,parking or destination-fee waiver,75,14,6,26,75,14,false,moderate,1.0,intelligent_generosity,smp-public-context-v1.0.0,1.0,0.95,severity_inferred;no_review_or_survey;no_comp_record,recoverable_before_checkout;high_perceived_value_lower_estimated_cost
audit_00079,case_00079,TKT000079,PMS000275,aligned_recovery,,Matched synthetic action and context-engine recommendation are within the diagnostic tolerance.,vip_guest,coastal_weekend,rooftop_pool_access_issue,2,49.27,0.375,3900,27050,0.474,false,740,695,0.92,sample_seed_public_rate_shape,parking_fee_waiver,85,15,rooftop_f_and_b_credit,Calabra or Palma dining credit,150,60,38,90,65,45,false,high,1.0,intelligent_generosity,smp-public-context-v1.0.0,1.0,0.95,no_review_or_survey,high_guest_relationship_value;recoverable_before_checkout;high_perceived_value_lower_estimated_cost
audit_00080,case_00080,TKT000080,PMS001246,under_recovered,,Review upward variance between the matched synthetic action and context-engine recommendation.,returning_guest,design_leisure,maintenance_issue,3,57.1,0.504,2700,8340,0.079,false,640,630,0.92,sample_seed_public_rate_shape,amenity_gesture,0,0,spa_wellness_credit,Surya Spa or Recovery Suite credit,275,151,82,206,275,151,false,high,1.0,intelligent_generosity,smp-public-context-v1.0.0,1.0,0.95,no_review_or_survey,hotel_responsible_failure;recoverable_before_checkout;high_perceived_value_lower_estimated_cost
audit_00081,case_00081,TKT000081,PMS000806,under_recovered,,Review upward variance between the matched synthetic action and context-engine recommendation.,new_guest,business_traveler,room_readiness_delay,3,59.89,0.518,1120,2030,0.573,false,765,745,0.92,sample_seed_public_rate_shape,manager_note,0,0,room_upgrade,room upgrade,360,90,29,234,360,90,false,high,0.815,intelligent_generosity,smp-public-context-v1.0.0,1.0,0.95,no_review_or_survey,hotel_responsible_failure;recoverable_before_checkout;high_perceived_value_lower_estimated_cost;property_fit_changed_recovery
audit_00082,case_00082,TKT000082,PMS000046,under_recovered,high_severity,Review upward variance between the matched synthetic action and context-engine recommendation.,returning_guest,wellness_getaway,maintenance_issue,4,65.59,0.569,2680,4824,0.257,false,685,670,0.92,sample_seed_public_rate_shape,late_checkout,0,0,spa_wellness_credit,Surya Spa or Recovery Suite credit,330,182,99,248,330,182,false,moderate,1.0,intelligent_generosity,smp-public-context-v1.0.0,1.0,0.95,ltv_imputed,hotel_responsible_failure;high_severity_issue;recoverable_before_checkout;high_perceived_value_lower_estimated_cost
audit_00083,case_00083,TKT000083,PMS000734,aligned_recovery,,Matched synthetic action and context-engine recommendation are within the diagnostic tolerance.,new_guest,wellness_getaway,noise_disruption,2,41.72,0.381,4130,5140,0.0,false,590,605,0.92,sample_seed_public_rate_shape,rooftop_f_and_b_credit,140,56,late_checkout,late checkout,75,15,6,34,-65,-41,false,moderate,0.667,intelligent_generosity,smp-public-context-v1.0.0,1.0,0.95,no_review_or_survey,recoverable_before_checkout;high_perceived_value_lower_estimated_cost
audit_00084,case_00084,TKT000084,PMS000254,data_quality_hold,no_historical_comp_record;high_severity,Resolve source matching or missing reference action before comparing policies.,new_guest,design_leisure,housekeeping_miss,4,66.23,0.458,2640,4752,0.613,false,775,785,0.92,sample_seed_public_rate_shape,,0,0,future_stay_credit,future-stay credit,230,138,69,196,230,138,false,moderate,0.926,intelligent_generosity,smp-public-context-v1.0.0,1.0,0.95,ltv_imputed;no_comp_record,hotel_responsible_failure;high_severity_issue;recoverable_before_checkout
audit_00085,case_00085,TKT000085,PMS001437,aligned_recovery,severity_inferred,Matched synthetic action and context-engine recommendation are within the diagnostic tolerance.,returning_guest,wellness_getaway,noise_disruption,2,47.59,0.414,3710,10430,0.711,false,800,795,0.92,sample_seed_public_rate_shape,lobby_lounge_credit,0,0,spa_wellness_credit,Surya Spa or Recovery Suite credit,275,151,82,206,275,151,false,moderate,0.963,intelligent_generosity,smp-public-context-v1.0.0,1.0,0.95,severity_inferred,recoverable_before_checkout;high_perceived_value_lower_estimated_cost
audit_00086,case_00086,TKT000086,PMS001297,under_recovered,severity_inferred,Review upward variance between the matched synthetic action and context-engine recommendation.,vip_guest,design_leisure,room_assignment_expectation_gap,3,60.81,0.501,2060,12300,0.652,false,785,725,0.92,sample_seed_public_rate_shape,rooftop_f_and_b_credit,190,76,future_stay_credit,future-stay credit,360,216,108,306,170,140,false,moderate,0.926,intelligent_generosity,smp-public-context-v1.0.0,0.78,0.95,severity_inferred;no_review_or_survey,high_guest_relationship_value;hotel_responsible_failure
audit_00087,case_00087,TKT000087,PMS000823,data_quality_hold,severity_inferred;no_historical_comp_record,Resolve source matching or missing reference action before comparing policies.,vip_guest,business_traveler,valet_or_parking_delay,2,48.04,0.337,4050,26590,0.494,false,745,720,0.92,sample_seed_public_rate_shape,,0,0,parking_fee_waiver,parking or destination-fee waiver,85,15,7,30,85,15,false,moderate,1.0,intelligent_generosity,smp-public-context-v1.0.0,0.78,0.95,severity_inferred;no_review_or_survey;no_comp_record,high_guest_relationship_value;recoverable_before_checkout;high_perceived_value_lower_estimated_cost
audit_00088,case_00088,TKT000088,PMS000508,data_quality_hold,no_historical_comp_record,Resolve source matching or missing reference action before comparing policies.,new_guest,design_leisure,room_assignment_expectation_gap,3,56.22,0.501,3990,6650,0.514,false,750,750,0.92,sample_seed_public_rate_shape,,0,0,room_upgrade,room upgrade,300,75,24,195,300,75,false,high,1.0,intelligent_generosity,smp-public-context-v1.0.0,1.0,0.95,no_review_or_survey;no_comp_record,hotel_responsible_failure;recoverable_before_checkout;high_perceived_value_lower_estimated_cost
audit_00089,case_00089,TKT000089,PMS000638,data_quality_hold,no_historical_comp_record;high_severity,Resolve source matching or missing reference action before comparing policies.,new_guest,business_traveler,housekeeping_miss,4,67.59,0.57,3600,6050,0.356,false,710,665,0.92,sample_seed_public_rate_shape,,0,0,future_stay_credit,future-stay credit,250,150,75,212,250,150,false,high,0.963,intelligent_generosity,smp-public-context-v1.0.0,1.0,0.95,no_comp_record,hotel_responsible_failure;high_severity_issue;recoverable_before_checkout
audit_00090,case_00090,TKT000090,PMS000316,over_comped,severity_inferred,Review downward variance between the matched synthetic action and context-engine recommendation.,loyalty_guest,business_traveler,f_and_b_service_lapse,2,52.63,0.375,1840,11540,1.0,true,945,915,0.92,sample_seed_public_rate_shape,partial_room_refund,300,300,rooftop_f_and_b_credit,Calabra or Palma dining credit,150,60,38,90,-150,-240,false,moderate,1.0,intelligent_generosity,smp-public-context-v1.0.0,1.0,0.95,severity_inferred;no_review_or_survey,high_guest_relationship_value;hotel_responsible_failure;high_perceived_value_lower_estimated_cost
audit_00091,case_00091,TKT000091,PMS001319,aligned_recovery,,Matched synthetic action and context-engine recommendation are within the diagnostic tolerance.,returning_guest,wellness_getaway,room_assignment_expectation_gap,3,54.54,0.501,870,2670,0.87,true,840,850,0.92,sample_seed_public_rate_shape,late_checkout,110,22,rooftop_f_and_b_credit,Calabra or Palma dining credit,150,60,38,90,40,38,false,moderate,1.0,intelligent_generosity,smp-public-context-v1.0.0,0.78,0.95,no_review_or_survey,hotel_responsible_failure;recoverable_before_checkout;high_perceived_value_lower_estimated_cost;public_rate_pressure_changed_recovery
audit_00092,case_00092,TKT000092,PMS000581,over_comped,,Review downward variance between the matched synthetic action and context-engine recommendation.,loyalty_guest,design_leisure,rooftop_pool_access_issue,1,40.15,0.272,4690,23030,0.593,false,770,705,0.92,sample_seed_public_rate_shape,room_upgrade,300,75,rooftop_f_and_b_credit,Calabra or Palma dining credit,135,54,34,81,-165,-21,false,high,1.0,intelligent_generosity,smp-public-context-v1.0.0,1.0,0.95,no_review_or_survey,high_guest_relationship_value;recoverable_before_checkout;high_perceived_value_lower_estimated_cost
audit_00093,case_00093,TKT000093,PMS001493,aligned_recovery,,Matched synthetic action and context-engine recommendation are within the diagnostic tolerance.,new_guest,design_leisure,room_readiness_delay,3,57.38,0.518,2070,2670,0.889,true,845,810,0.92,sample_seed_public_rate_shape,rooftop_f_and_b_credit,115,46,rooftop_f_and_b_credit,Calabra or Palma dining credit,150,60,38,90,35,14,false,high,1.0,intelligent_generosity,smp-public-context-v1.0.0,1.0,0.95,no_review_or_survey,hotel_responsible_failure;recoverable_before_checkout;high_perceived_value_lower_estimated_cost
audit_00094,case_00094,TKT000094,PMS000965,data_quality_hold,weak_identity_or_reservation_match;manager_review_model_flag;low_decision_confidence,Resolve source matching or missing reference action before comparing policies.,returning_guest,design_leisure,f_and_b_service_lapse,3,54.75,0.479,610,2460,1.0,true,895,885,0.92,sample_seed_public_rate_shape,manager_note,0,0,rooftop_f_and_b_credit,Calabra or Palma dining credit,150,60,38,90,150,60,true,low,1.0,intelligent_generosity,smp-public-context-v1.0.0,0.58,0.95,low_reservation_match_confidence;no_review_or_survey,hotel_responsible_failure;high_perceived_value_lower_estimated_cost;manager_review_required
audit_00095,case_00095,TKT000095,PMS000595,data_quality_hold,no_historical_comp_record;high_severity,Resolve source matching or missing reference action before comparing policies.,loyalty_guest,local_staycation,billing_or_fee_dispute,4,63.1,0.577,2640,10540,0.415,false,725,775,0.92,sample_seed_public_rate_shape,,0,0,future_stay_credit,future-stay credit,310,186,93,264,310,186,false,high,0.963,intelligent_generosity,smp-public-context-v1.0.0,1.0,0.95,no_review_or_survey;no_comp_record,high_guest_relationship_value;high_severity_issue;recoverable_before_checkout
audit_00096,case_00096,TKT000096,PMS000659,data_quality_hold,weak_identity_or_reservation_match;no_historical_comp_record;manager_review_model_flag;low_decision_confidence,Resolve source matching or missing reference action before comparing policies.,new_guest,wellness_getaway,maintenance_issue,2,50.74,0.401,3500,5830,0.0,false,620,645,0.92,sample_seed_public_rate_shape,,0,0,spa_wellness_credit,Surya Spa or Recovery Suite credit,275,151,82,206,275,151,true,low,0.963,intelligent_generosity,smp-public-context-v1.0.0,0.58,0.95,low_reservation_match_confidence;no_review_or_survey;no_comp_record,hotel_responsible_failure;recoverable_before_checkout;high_perceived_value_lower_estimated_cost;manager_review_required
audit_00097,case_00097,TKT000097,PMS000831,data_quality_hold,no_historical_comp_record,Resolve source matching or missing reference action before comparing policies.,new_guest,local_staycation,f_and_b_service_lapse,3,51.7,0.479,1340,1630,0.652,false,785,710,0.92,sample_seed_public_rate_shape,,0,0,rooftop_f_and_b_credit,Calabra or Palma dining credit,150,60,38,90,150,60,false,high,1.0,intelligent_generosity,smp-public-context-v1.0.0,1.0,0.95,no_review_or_survey;no_comp_record,hotel_responsible_failure;recoverable_before_checkout;high_perceived_value_lower_estimated_cost
audit_00098,case_00098,TKT000098,PMS001097,aligned_recovery,,Matched synthetic action and context-engine recommendation are within the diagnostic tolerance.,new_guest,business_traveler,rooftop_pool_access_issue,3,50.55,0.479,700,1190,0.632,false,780,705,0.92,sample_seed_public_rate_shape,parking_fee_waiver,0,0,rooftop_f_and_b_credit,Calabra or Palma dining credit,150,60,38,90,150,60,false,high,1.0,intelligent_generosity,smp-public-context-v1.0.0,1.0,0.95,no_review_or_survey,recoverable_before_checkout;high_perceived_value_lower_estimated_cost
audit_00099,case_00099,TKT000099,PMS000631,data_quality_hold,no_historical_comp_record,Resolve source matching or missing reference action before comparing policies.,event_or_suite_guest,wellness_getaway,room_readiness_delay,3,64.46,0.518,4080,25030,0.613,false,775,750,0.92,sample_seed_public_rate_shape,,0,0,future_stay_credit,future-stay credit,355,213,106,302,355,213,false,high,0.926,intelligent_generosity,smp-public-context-v1.0.0,1.0,0.95,no_review_or_survey;no_comp_record,high_guest_relationship_value;hotel_responsible_failure;recoverable_before_checkout
audit_00100,case_00100,TKT000100,PMS000408,over_comped,high_severity,Review downward variance between the matched synthetic action and context-engine recommendation.,new_guest,coastal_weekend,billing_or_fee_dispute,4,61.69,0.577,1560,3410,0.731,true,805,795,0.92,sample_seed_public_rate_shape,room_upgrade,285,71,rooftop_f_and_b_credit,Calabra or Palma dining credit,180,72,45,108,-105,1,false,moderate,1.0,intelligent_generosity,smp-public-context-v1.0.0,1.0,0.95,no_review_or_survey,high_severity_issue;high_perceived_value_lower_estimated_cost;public_rate_pressure_changed_recovery;property_fit_changed_recovery
audit_00101,case_00101,TKT000101,PMS000037,under_recovered,,Review upward variance between the matched synthetic action and context-engine recommendation.,new_guest,wellness_getaway,housekeeping_miss,3,60.58,0.513,3000,4710,0.534,false,755,765,0.92,sample_seed_public_rate_shape,manager_note,0,0,future_stay_credit,future-stay credit,260,156,78,221,260,156,false,high,0.889,intelligent_generosity,smp-public-context-v1.0.0,1.0,0.95,no_review_or_survey,hotel_responsible_failure
audit_00102,case_00102,TKT000102,PMS001208,aligned_recovery,high_review_risk;high_severity,Matched synthetic action and context-engine recommendation are within the diagnostic tolerance.,new_guest,event_or_wedding,room_readiness_delay,5,75.4,0.726,1290,2710,0.0,false,605,540,0.92,sample_seed_public_rate_shape,partial_room_refund,435,435,room_upgrade,room upgrade,360,90,29,234,-75,-345,false,high,1.0,intelligent_generosity,smp-public-context-v1.0.0,1.0,0.95,no_review_or_survey,hotel_responsible_failure;high_severity_issue;high_review_risk;recoverable_before_checkout;high_perceived_value_lower_estimated_cost
audit_00103,case_00103,TKT000103,PMS001070,under_recovered,high_severity,Review upward variance between the matched synthetic action and context-engine recommendation.,new_guest,design_leisure,maintenance_issue,4,69.63,0.608,960,1530,0.375,false,715,700,0.92,sample_seed_public_rate_shape,spa_wellness_credit,230,127,spa_wellness_credit,Surya Spa or Recovery Suite credit,330,182,99,248,100,55,false,high,1.0,intelligent_generosity,smp-public-context-v1.0.0,1.0,0.95,no_review_or_survey,hotel_responsible_failure;high_severity_issue;high_perceived_value_lower_estimated_cost
audit_00104,case_00104,TKT000104,PMS000439,aligned_recovery,,Matched synthetic action and context-engine recommendation are within the diagnostic tolerance.,new_guest,business_traveler,billing_or_fee_dispute,3,50.05,0.498,1560,3140,0.277,false,690,745,0.92,sample_seed_public_rate_shape,parking_fee_waiver,100,18,parking_fee_waiver,parking or destination-fee waiver,85,15,7,30,-15,-3,false,high,1.0,intelligent_generosity,smp-public-context-v1.0.0,1.0,0.95,,recoverable_before_checkout;high_perceived_value_lower_estimated_cost
audit_00105,case_00105,TKT000105,PMS000452,aligned_recovery,severity_inferred,Matched synthetic action and context-engine recommendation are within the diagnostic tolerance.,new_guest,coastal_weekend,f_and_b_service_lapse,2,45.98,0.432,1420,2650,0.119,false,650,590,0.92,sample_seed_public_rate_shape,rooftop_f_and_b_credit,185,74,rooftop_f_and_b_credit,Calabra or Palma dining credit,150,60,38,90,-35,-14,false,moderate,1.0,intelligent_generosity,smp-public-context-v1.0.0,1.0,0.95,severity_inferred,hotel_responsible_failure;recoverable_before_checkout;high_perceived_value_lower_estimated_cost
audit_00106,case_00106,TKT000106,PMS000006,aligned_recovery,,Matched synthetic action and context-engine recommendation are within the diagnostic tolerance.,loyalty_guest,business_traveler,room_readiness_delay,2,50.16,0.415,840,3550,1.0,true,1010,965,0.92,sample_seed_public_rate_shape,amenity_gesture,0,0,rooftop_f_and_b_credit,Calabra or Palma dining credit,150,60,38,90,150,60,false,high,1.0,intelligent_generosity,smp-public-context-v1.0.0,1.0,0.95,no_review_or_survey,high_guest_relationship_value;hotel_responsible_failure;recoverable_before_checkout;high_perceived_value_lower_estimated_cost
audit_00107,case_00107,TKT000107,PMS001451,aligned_recovery,,Matched synthetic action and context-engine recommendation are within the diagnostic tolerance.,returning_guest,business_traveler,noise_disruption,3,54.41,0.558,4200,16070,0.04,false,630,640,0.92,sample_seed_public_rate_shape,late_checkout,0,0,spa_wellness_credit,Surya Spa or Recovery Suite credit,275,151,82,206,275,151,false,high,1.0,intelligent_generosity,smp-public-context-v1.0.0,1.0,0.95,,recoverable_before_checkout;high_perceived_value_lower_estimated_cost
audit_00108,case_00108,TKT000108,PMS000067,data_quality_hold,severity_inferred;no_historical_comp_record,Resolve source matching or missing reference action before comparing policies.,new_guest,local_staycation,room_assignment_expectation_gap,3,59.02,0.501,2920,6410,0.85,true,835,810,0.92,sample_seed_public_rate_shape,,0,0,rooftop_f_and_b_credit,Calabra or Palma dining credit,180,72,45,108,180,72,false,moderate,1.0,intelligent_generosity,smp-public-context-v1.0.0,1.0,0.95,severity_inferred;no_review_or_survey;no_comp_record,hotel_responsible_failure;recoverable_before_checkout;high_perceived_value_lower_estimated_cost;public_rate_pressure_changed_recovery
audit_00109,case_00109,TKT000109,PMS001148,data_quality_hold,no_historical_comp_record,Resolve source matching or missing reference action before comparing policies.,returning_guest,family_beach_trip,f_and_b_service_lapse,1,36.04,0.248,3700,10170,0.178,false,665,635,0.92,sample_seed_public_rate_shape,,0,0,rooftop_f_and_b_credit,Calabra or Palma dining credit,135,54,34,81,135,54,false,high,1.0,intelligent_generosity,smp-public-context-v1.0.0,1.0,0.95,no_comp_record,hotel_responsible_failure;recoverable_before_checkout;high_perceived_value_lower_estimated_cost
audit_00110,case_00110,TKT000110,PMS000409,under_recovered,,Review upward variance between the matched synthetic action and context-engine recommendation.,vip_guest,coastal_weekend,room_assignment_expectation_gap,3,59.77,0.501,2820,17260,0.494,false,745,720,0.92,sample_seed_public_rate_shape,amenity_gesture,55,25,room_upgrade,room upgrade,360,90,29,234,305,65,false,high,1.0,intelligent_generosity,smp-public-context-v1.0.0,1.0,0.95,no_review_or_survey,high_guest_relationship_value;hotel_responsible_failure;recoverable_before_checkout;high_perceived_value_lower_estimated_cost
audit_00111,case_00111,TKT000111,PMS001532,aligned_recovery,,Matched synthetic action and context-engine recommendation are within the diagnostic tolerance.,new_guest,business_traveler,room_readiness_delay,2,48.83,0.455,3450,5070,0.81,true,825,815,0.92,sample_seed_public_rate_shape,late_checkout,100,20,rooftop_f_and_b_credit,Calabra or Palma dining credit,150,60,38,90,50,40,false,moderate,1.0,intelligent_generosity,smp-public-context-v1.0.0,0.78,0.95,,hotel_responsible_failure;recoverable_before_checkout;high_perceived_value_lower_estimated_cost;public_rate_pressure_changed_recovery
audit_00112,case_00112,TKT000112,PMS000720,under_recovered,,Review upward variance between the matched synthetic action and context-engine recommendation.,returning_guest,wellness_getaway,room_assignment_expectation_gap,3,56.3,0.526,2160,8840,0.534,false,755,710,0.92,sample_seed_public_rate_shape,late_checkout,65,13,room_upgrade,room upgrade,300,75,24,195,235,62,false,high,1.0,intelligent_generosity,smp-public-context-v1.0.0,1.0,0.95,,hotel_responsible_failure;recoverable_before_checkout;high_perceived_value_lower_estimated_cost
audit_00113,case_00113,TKT000113,PMS000858,data_quality_hold,no_historical_comp_record;high_severity,Resolve source matching or missing reference action before comparing policies.,new_guest,local_staycation,billing_or_fee_dispute,4,63.78,0.577,4200,8590,0.257,false,685,725,0.92,sample_seed_public_rate_shape,,0,0,parking_fee_waiver,parking or destination-fee waiver,100,18,8,35,100,18,false,high,0.889,intelligent_generosity,smp-public-context-v1.0.0,1.0,0.95,no_review_or_survey;no_comp_record,high_severity_issue;high_perceived_value_lower_estimated_cost
audit_00114,case_00114,TKT000114,PMS000670,under_recovered,high_severity,Review upward variance between the matched synthetic action and context-engine recommendation.,new_guest,coastal_weekend,room_assignment_expectation_gap,4,63.66,0.605,1540,1730,0.553,false,760,710,0.92,sample_seed_public_rate_shape,lobby_lounge_credit,140,53,room_upgrade,room upgrade,360,90,29,234,220,37,false,high,1.0,intelligent_generosity,smp-public-context-v1.0.0,1.0,0.95,no_review_or_survey,hotel_responsible_failure;high_severity_issue;recoverable_before_checkout;high_perceived_value_lower_estimated_cost
audit_00115,case_00115,TKT000115,PMS000002,under_recovered,,Review upward variance between the matched synthetic action and context-engine recommendation.,loyalty_guest,business_traveler,room_assignment_expectation_gap,3,56.12,0.501,1420,2556,0.356,false,710,665,0.92,sample_seed_public_rate_shape,amenity_gesture,65,29,room_upgrade,room upgrade,300,75,24,195,235,46,false,moderate,1.0,intelligent_generosity,smp-public-context-v1.0.0,1.0,0.95,ltv_imputed;no_review_or_survey,high_guest_relationship_value;hotel_responsible_failure;recoverable_before_checkout;high_perceived_value_lower_estimated_cost
audit_00116,case_00116,TKT000116,PMS001322,aligned_recovery,severity_inferred,Matched synthetic action and context-engine recommendation are within the diagnostic tolerance.,loyalty_guest,wellness_getaway,noise_disruption,2,47.73,0.381,3450,21150,1.0,true,935,870,0.92,sample_seed_public_rate_shape,partial_room_refund,0,0,spa_wellness_credit,Surya Spa or Recovery Suite credit,275,151,82,206,275,151,false,moderate,0.963,intelligent_generosity,smp-public-context-v1.0.0,1.0,0.95,severity_inferred;no_review_or_survey,high_guest_relationship_value;high_perceived_value_lower_estimated_cost
audit_00117,case_00117,TKT000117,PMS000493,data_quality_hold,no_historical_comp_record,Resolve source matching or missing reference action before comparing policies.,returning_guest,wellness_getaway,f_and_b_service_lapse,3,54.78,0.479,2790,8180,0.692,false,795,800,0.92,sample_seed_public_rate_shape,,0,0,rooftop_f_and_b_credit,Calabra or Palma dining credit,150,60,38,90,150,60,false,high,1.0,intelligent_generosity,smp-public-context-v1.0.0,1.0,0.95,no_review_or_survey;no_comp_record,hotel_responsible_failure;recoverable_before_checkout;high_perceived_value_lower_estimated_cost
audit_00118,case_00118,TKT000118,PMS001325,data_quality_hold,no_historical_comp_record;high_severity,Resolve source matching or missing reference action before comparing policies.,new_guest,coastal_weekend,room_assignment_expectation_gap,4,64.73,0.526,4020,7380,0.158,false,660,705,0.92,sample_seed_public_rate_shape,,0,0,room_upgrade,room upgrade,360,90,29,234,360,90,false,high,1.0,intelligent_generosity,smp-public-context-v1.0.0,0.78,0.95,no_comp_record,hotel_responsible_failure;high_severity_issue;recoverable_before_checkout;high_perceived_value_lower_estimated_cost
audit_00119,case_00119,TKT000119,PMS000974,data_quality_hold,no_historical_comp_record;high_severity,Resolve source matching or missing reference action before comparing policies.,vip_guest,design_leisure,maintenance_issue,4,74.33,0.529,3640,20510,0.514,false,750,745,0.92,sample_seed_public_rate_shape,,0,0,future_stay_credit,future-stay credit,320,192,96,272,320,192,false,high,1.0,intelligent_generosity,smp-public-context-v1.0.0,1.0,0.95,no_comp_record,high_guest_relationship_value;hotel_responsible_failure;high_severity_issue
audit_00120,case_00120,TKT000120,PMS000162,data_quality_hold,severity_inferred;no_historical_comp_record,Resolve source matching or missing reference action before comparing policies.,returning_guest,family_beach_trip,billing_or_fee_dispute,2,48.62,0.37,6230,23220,0.613,false,775,775,0.92,sample_seed_public_rate_shape,,0,0,parking_fee_waiver,parking or destination-fee waiver,85,15,7,30,85,15,false,moderate,0.963,intelligent_generosity,smp-public-context-v1.0.0,1.0,0.95,severity_inferred;no_review_or_survey;no_comp_record,high_perceived_value_lower_estimated_cost
audit_00121,case_00121,TKT000121,PMS000986,aligned_recovery,,Matched synthetic action and context-engine recommendation are within the diagnostic tolerance.,new_guest,business_traveler,room_assignment_expectation_gap,3,53.28,0.39,2040,3672,1.0,true,965,925,0.92,sample_seed_public_rate_shape,late_checkout,80,16,rooftop_f_and_b_credit,Calabra or Palma dining credit,150,60,38,90,70,44,false,moderate,1.0,intelligent_generosity,smp-public-context-v1.0.0,1.0,0.95,ltv_imputed,hotel_responsible_failure;recoverable_before_checkout;high_perceived_value_lower_estimated_cost;public_rate_pressure_changed_recovery
audit_00122,case_00122,TKT000122,PMS000523,under_recovered,high_review_risk;high_severity,Review upward variance between the matched synthetic action and context-engine recommendation.,returning_guest,coastal_weekend,maintenance_issue,5,74.1,0.712,750,2070,0.296,false,695,690,0.92,sample_seed_public_rate_shape,rooftop_f_and_b_credit,130,52,spa_wellness_credit,Surya Spa or Recovery Suite credit,330,182,99,248,200,130,false,high,1.0,intelligent_generosity,smp-public-context-v1.0.0,1.0,0.95,no_review_or_survey,hotel_responsible_failure;high_severity_issue;high_review_risk;recoverable_before_checkout;high_perceived_value_lower_estimated_cost
audit_00123,case_00123,TKT000123,PMS001465,aligned_recovery,high_severity,Matched synthetic action and context-engine recommendation are within the diagnostic tolerance.,new_guest,local_staycation,room_readiness_delay,5,75.55,0.655,4260,7668,0.593,false,770,700,0.92,sample_seed_public_rate_shape,future_stay_credit,350,210,room_upgrade,room upgrade,360,90,29,234,10,-120,false,moderate,1.0,intelligent_generosity,smp-public-context-v1.0.0,1.0,0.95,ltv_imputed,hotel_responsible_failure;high_severity_issue;recoverable_before_checkout;high_perceived_value_lower_estimated_cost
audit_00124,case_00124,TKT000124,PMS001448,data_quality_hold,severity_inferred;no_historical_comp_record,Resolve source matching or missing reference action before comparing policies.,loyalty_guest,wellness_getaway,maintenance_issue,3,58.76,0.457,680,3710,0.217,false,675,625,0.92,sample_seed_public_rate_shape,,0,0,spa_wellness_credit,Surya Spa or Recovery Suite credit,330,182,99,248,330,182,false,moderate,1.0,intelligent_generosity,smp-public-context-v1.0.0,1.0,0.95,severity_inferred;no_comp_record,high_guest_relationship_value;hotel_responsible_failure;high_perceived_value_lower_estimated_cost
audit_00125,case_00125,TKT000125,PMS001292,over_comped,high_severity,Review downward variance between the matched synthetic action and context-engine recommendation.,new_guest,event_or_wedding,f_and_b_service_lapse,4,59.14,0.456,2360,3600,1.0,true,895,890,0.92,sample_seed_public_rate_shape,room_upgrade,275,69,rooftop_f_and_b_credit,Calabra or Palma dining credit,180,72,45,108,-95,3,false,high,1.0,intelligent_generosity,smp-public-context-v1.0.0,1.0,0.95,,hotel_responsible_failure;high_severity_issue;recoverable_before_checkout;high_perceived_value_lower_estimated_cost
audit_00126,case_00126,TKT000126,PMS000418,aligned_recovery,,Matched synthetic action and context-engine recommendation are within the diagnostic tolerance.,new_guest,business_traveler,noise_disruption,3,50.92,0.485,5040,6920,0.751,true,810,660,0.92,sample_seed_public_rate_shape,rooftop_f_and_b_credit,175,70,spa_wellness_credit,Surya Spa or Recovery Suite credit,275,151,82,206,100,81,false,high,0.963,intelligent_generosity,smp-public-context-v1.0.0,0.78,0.95,no_review_or_survey,recoverable_before_checkout;high_perceived_value_lower_estimated_cost
audit_00127,case_00127,TKT000127,PMS001145,data_quality_hold,no_historical_comp_record,Resolve source matching or missing reference action before comparing policies.,new_guest,family_beach_trip,room_assignment_expectation_gap,3,53.83,0.501,1340,2180,0.059,false,635,570,0.92,sample_seed_public_rate_shape,,0,0,room_upgrade,room upgrade,300,75,24,195,300,75,false,high,1.0,intelligent_generosity,smp-public-context-v1.0.0,1.0,0.95,no_review_or_survey;no_comp_record,hotel_responsible_failure;recoverable_before_checkout;high_perceived_value_lower_estimated_cost
audit_00128,case_00128,TKT000128,PMS000457,aligned_recovery,,Matched synthetic action and context-engine recommendation are within the diagnostic tolerance.,new_guest,coastal_weekend,housekeeping_miss,3,57.24,0.513,1800,2730,0.514,false,750,730,0.92,sample_seed_public_rate_shape,late_checkout,75,15,rooftop_f_and_b_credit,Calabra or Palma dining credit,150,60,38,90,75,45,false,high,1.0,intelligent_generosity,smp-public-context-v1.0.0,1.0,0.95,no_review_or_survey,hotel_responsible_failure;recoverable_before_checkout;high_perceived_value_lower_estimated_cost
audit_00129,case_00129,TKT000129,PMS000872,aligned_recovery,,Matched synthetic action and context-engine recommendation are within the diagnostic tolerance.,new_guest,design_leisure,spa_wellness_service_issue,3,53.57,0.443,1200,2160,0.791,true,820,760,0.92,sample_seed_public_rate_shape,lobby_lounge_credit,115,44,spa_wellness_credit,Surya Spa or Recovery Suite credit,275,151,82,206,160,107,false,moderate,1.0,intelligent_generosity,smp-public-context-v1.0.0,1.0,0.95,ltv_imputed,hotel_responsible_failure;high_perceived_value_lower_estimated_cost
audit_00130,case_00130,TKT000130,PMS000078,aligned_recovery,,Matched synthetic action and context-engine recommendation are within the diagnostic tolerance.,vip_guest,wellness_getaway,f_and_b_service_lapse,3,60.15,0.528,3280,22850,0.0,false,600,625,0.92,sample_seed_public_rate_shape,rooftop_f_and_b_credit,190,76,rooftop_f_and_b_credit,Calabra or Palma dining credit,180,72,45,108,-10,-4,false,high,1.0,intelligent_generosity,smp-public-context-v1.0.0,1.0,0.95,,high_guest_relationship_value;hotel_responsible_failure;recoverable_before_checkout;high_perceived_value_lower_estimated_cost;property_fit_changed_recovery
audit_00131,case_00131,TKT000131,PMS000247,data_quality_hold,no_historical_comp_record,Resolve source matching or missing reference action before comparing policies.,new_guest,wellness_getaway,room_readiness_delay,3,57.61,0.518,2200,3900,1.0,true,895,875,0.92,sample_seed_public_rate_shape,,0,0,rooftop_f_and_b_credit,Calabra or Palma dining credit,150,60,38,90,150,60,false,moderate,1.0,intelligent_generosity,smp-public-context-v1.0.0,1.0,0.95,no_review_or_survey;no_comp_record,hotel_responsible_failure;recoverable_before_checkout;high_perceived_value_lower_estimated_cost;public_rate_pressure_changed_recovery
audit_00132,case_00132,TKT000132,PMS000385,data_quality_hold,severity_inferred;no_historical_comp_record,Resolve source matching or missing reference action before comparing policies.,returning_guest,coastal_weekend,valet_or_parking_delay,2,48.23,0.374,4130,8590,0.415,false,725,695,0.92,sample_seed_public_rate_shape,,0,0,parking_fee_waiver,parking or destination-fee waiver,85,15,7,30,85,15,false,moderate,1.0,intelligent_generosity,smp-public-context-v1.0.0,0.78,0.95,severity_inferred;no_comp_record,recoverable_before_checkout;high_perceived_value_lower_estimated_cost
audit_00133,case_00133,TKT000133,PMS001454,data_quality_hold,no_historical_comp_record;high_severity,Resolve source matching or missing reference action before comparing policies.,new_guest,design_leisure,room_assignment_expectation_gap,4,64.6,0.605,2600,4800,1.0,true,880,860,0.92,sample_seed_public_rate_shape,,0,0,rooftop_f_and_b_credit,Calabra or Palma dining credit,180,72,45,108,180,72,false,moderate,1.0,intelligent_generosity,smp-public-context-v1.0.0,1.0,0.95,no_review_or_survey;no_comp_record,hotel_responsible_failure;high_severity_issue;recoverable_before_checkout;high_perceived_value_lower_estimated_cost;public_rate_pressure_changed_recovery
audit_00134,case_00134,TKT000134,PMS000242,aligned_recovery,,Matched synthetic action and context-engine recommendation are within the diagnostic tolerance.,loyalty_guest,event_or_wedding,rooftop_pool_access_issue,3,56.22,0.479,1520,7460,1.0,true,925,875,0.92,sample_seed_public_rate_shape,amenity_gesture,65,29,rooftop_f_and_b_credit,Calabra or Palma dining credit,150,60,38,90,85,31,false,high,1.0,intelligent_generosity,smp-public-context-v1.0.0,1.0,0.95,no_review_or_survey,high_guest_relationship_value;high_perceived_value_lower_estimated_cost
audit_00135,case_00135,TKT000135,PMS001332,data_quality_hold,no_historical_comp_record;high_severity,Resolve source matching or missing reference action before comparing policies.,new_guest,event_or_wedding,valet_or_parking_delay,4,60.34,0.565,2670,3780,0.731,true,805,770,0.92,sample_seed_public_rate_shape,,0,0,rooftop_f_and_b_credit,Calabra or Palma dining credit,180,72,45,108,180,72,false,moderate,0.889,intelligent_generosity,smp-public-context-v1.0.0,1.0,0.95,no_comp_record,high_severity_issue;recoverable_before_checkout;high_perceived_value_lower_estimated_cost;public_rate_pressure_changed_recovery;property_fit_changed_recovery
audit_00136,case_00136,TKT000136,PMS000341,data_quality_hold,no_historical_comp_record,Resolve source matching or missing reference action before comparing policies.,loyalty_guest,design_leisure,rooftop_pool_access_issue,1,34.66,0.264,1340,2412,0.178,false,665,635,0.92,sample_seed_public_rate_shape,,0,0,rooftop_f_and_b_credit,Calabra or Palma dining credit,135,54,34,81,135,54,false,moderate,1.0,intelligent_generosity,smp-public-context-v1.0.0,1.0,0.95,ltv_imputed;no_comp_record,high_guest_relationship_value;recoverable_before_checkout;high_perceived_value_lower_estimated_cost
audit_00137,case_00137,TKT000137,PMS000175,data_quality_hold,weak_identity_or_reservation_match;severity_inferred;manager_review_model_flag;low_decision_confidence,Resolve source matching or missing reference action before comparing policies.,vip_guest,coastal_weekend,room_assignment_expectation_gap,3,56.45,0.501,650,1170,0.02,false,625,630,0.92,sample_seed_public_rate_shape,rooftop_f_and_b_credit,160,64,room_upgrade,room upgrade,300,75,24,195,140,11,true,low,1.0,intelligent_generosity,smp-public-context-v1.0.0,0.58,0.95,low_reservation_match_confidence;severity_inferred;ltv_imputed;no_review_or_survey,high_guest_relationship_value;hotel_responsible_failure;recoverable_before_checkout;high_perceived_value_lower_estimated_cost;manager_review_required
audit_00138,case_00138,TKT000138,PMS000867,data_quality_hold,no_historical_comp_record;high_severity,Resolve source matching or missing reference action before comparing policies.,loyalty_guest,design_leisure,spa_wellness_service_issue,4,66.67,0.594,2010,8720,0.336,false,705,670,0.92,sample_seed_public_rate_shape,,0,0,spa_wellness_credit,Surya Spa or Recovery Suite credit,330,182,99,248,330,182,false,high,1.0,intelligent_generosity,smp-public-context-v1.0.0,0.78,0.95,no_review_or_survey;no_comp_record,high_guest_relationship_value;hotel_responsible_failure;high_severity_issue;recoverable_before_checkout;high_perceived_value_lower_estimated_cost
audit_00139,case_00139,TKT000139,PMS000011,aligned_recovery,,Matched synthetic action and context-engine recommendation are within the diagnostic tolerance.,returning_guest,event_or_wedding,room_readiness_delay,3,55.52,0.423,750,2400,0.711,false,800,720,0.92,sample_seed_public_rate_shape,lobby_lounge_credit,110,42,rooftop_f_and_b_credit,Calabra or Palma dining credit,150,60,38,90,40,18,false,high,0.963,intelligent_generosity,smp-public-context-v1.0.0,1.0,0.95,,hotel_responsible_failure;recoverable_before_checkout;high_perceived_value_lower_estimated_cost;operational_pressure_changed_recovery
audit_00140,case_00140,TKT000140,PMS001168,data_quality_hold,no_historical_comp_record,Resolve source matching or missing reference action before comparing policies.,vip_guest,coastal_weekend,f_and_b_service_lapse,3,55.54,0.479,890,6510,1.0,true,880,860,0.92,sample_seed_public_rate_shape,,0,0,rooftop_f_and_b_credit,Calabra or Palma dining credit,150,60,38,90,150,60,false,high,1.0,intelligent_generosity,smp-public-context-v1.0.0,1.0,0.95,no_review_or_survey;no_comp_record,high_guest_relationship_value;hotel_responsible_failure;recoverable_before_checkout;high_perceived_value_lower_estimated_cost
audit_00141,case_00141,TKT000141,PMS000236,aligned_recovery,,Matched synthetic action and context-engine recommendation are within the diagnostic tolerance.,loyalty_guest,coastal_weekend,rooftop_pool_access_issue,3,53.37,0.479,1280,5190,0.296,false,695,765,0.92,sample_seed_public_rate_shape,late_checkout,105,21,rooftop_f_and_b_credit,Calabra or Palma dining credit,150,60,38,90,45,39,false,high,1.0,intelligent_generosity,smp-public-context-v1.0.0,1.0,0.95,no_review_or_survey,high_guest_relationship_value;recoverable_before_checkout;high_perceived_value_lower_estimated_cost
audit_00142,case_00142,TKT000142,PMS000214,under_recovered,high_severity,Review upward variance between the matched synthetic action and context-engine recommendation.,new_guest,business_traveler,noise_disruption,4,56.22,0.566,1400,2980,1.0,true,885,870,0.92,sample_seed_public_rate_shape,lobby_lounge_credit,75,28,spa_wellness_credit,Surya Spa or Recovery Suite credit,275,151,82,206,200,123,false,high,1.0,intelligent_generosity,smp-public-context-v1.0.0,1.0,0.95,,high_severity_issue;recoverable_before_checkout;high_perceived_value_lower_estimated_cost
audit_00143,case_00143,TKT000143,PMS000378,data_quality_hold,no_historical_comp_record,Resolve source matching or missing reference action before comparing policies.,loyalty_guest,local_staycation,valet_or_parking_delay,2,43.57,0.337,1240,5360,0.079,false,640,665,0.92,sample_seed_public_rate_shape,,0,0,parking_fee_waiver,parking or destination-fee waiver,85,15,7,30,85,15,false,high,1.0,intelligent_generosity,smp-public-context-v1.0.0,1.0,0.95,no_review_or_survey;no_comp_record,high_guest_relationship_value;recoverable_before_checkout;high_perceived_value_lower_estimated_cost
audit_00144,case_00144,TKT000144,PMS000144,data_quality_hold,no_historical_comp_record;high_severity,Resolve source matching or missing reference action before comparing policies.,new_guest,local_staycation,housekeeping_miss,4,64.57,0.562,620,1180,0.613,false,775,770,0.92,sample_seed_public_rate_shape,,0,0,future_stay_credit,future-stay credit,215,129,64,183,215,129,false,high,0.889,intelligent_generosity,smp-public-context-v1.0.0,1.0,0.95,no_comp_record,hotel_responsible_failure;high_severity_issue;recoverable_before_checkout
audit_00145,case_00145,TKT000145,PMS001028,aligned_recovery,high_severity,Matched synthetic action and context-engine recommendation are within the diagnostic tolerance.,new_guest,business_traveler,housekeeping_miss,4,66.2,0.616,790,930,1.0,true,900,910,0.92,sample_seed_public_rate_shape,spa_wellness_credit,395,217,rooftop_f_and_b_credit,Calabra or Palma dining credit,180,72,45,108,-215,-145,false,moderate,1.0,intelligent_generosity,smp-public-context-v1.0.0,1.0,0.95,no_review_or_survey,hotel_responsible_failure;high_severity_issue;recoverable_before_checkout;high_perceived_value_lower_estimated_cost;public_rate_pressure_changed_recovery
audit_00146,case_00146,TKT000146,PMS000024,aligned_recovery,high_severity,Matched synthetic action and context-engine recommendation are within the diagnostic tolerance.,new_guest,business_traveler,maintenance_issue,4,63.28,0.497,1440,3070,0.158,false,660,635,0.92,sample_seed_public_rate_shape,room_upgrade,300,75,spa_wellness_credit,Surya Spa or Recovery Suite credit,330,182,99,248,30,107,false,high,1.0,intelligent_generosity,smp-public-context-v1.0.0,1.0,0.95,,hotel_responsible_failure;high_severity_issue;recoverable_before_checkout;high_perceived_value_lower_estimated_cost
audit_00147,case_00147,TKT000147,PMS000778,over_comped,high_severity,Review downward variance between the matched synthetic action and context-engine recommendation.,new_guest,local_staycation,housekeeping_miss,4,66.32,0.546,1780,2720,1.0,true,900,930,0.92,sample_seed_public_rate_shape,room_upgrade,265,66,rooftop_f_and_b_credit,Calabra or Palma dining credit,180,72,45,108,-85,6,false,moderate,1.0,intelligent_generosity,smp-public-context-v1.0.0,1.0,0.95,,hotel_responsible_failure;high_severity_issue;recoverable_before_checkout;high_perceived_value_lower_estimated_cost;public_rate_pressure_changed_recovery;property_fit_changed_recovery
audit_00148,case_00148,TKT000148,PMS000533,data_quality_hold,no_historical_comp_record,Resolve source matching or missing reference action before comparing policies.,new_guest,design_leisure,f_and_b_service_lapse,3,52.42,0.432,1300,2610,0.158,false,660,680,0.92,sample_seed_public_rate_shape,,0,0,rooftop_f_and_b_credit,Calabra or Palma dining credit,150,60,38,90,150,60,false,high,1.0,intelligent_generosity,smp-public-context-v1.0.0,1.0,0.95,no_comp_record,hotel_responsible_failure;recoverable_before_checkout;high_perceived_value_lower_estimated_cost
audit_00149,case_00149,TKT000149,PMS001466,aligned_recovery,,Matched synthetic action and context-engine recommendation are within the diagnostic tolerance.,new_guest,business_traveler,spa_wellness_service_issue,3,53.07,0.49,960,1570,0.158,false,660,695,0.92,sample_seed_public_rate_shape,amenity_gesture,70,32,spa_wellness_credit,Surya Spa or Recovery Suite credit,275,151,82,206,205,119,false,high,1.0,intelligent_generosity,smp-public-context-v1.0.0,1.0,0.95,no_review_or_survey,hotel_responsible_failure;recoverable_before_checkout;high_perceived_value_lower_estimated_cost
audit_00150,case_00150,TKT000150,PMS001156,data_quality_hold,no_historical_comp_record,Resolve source matching or missing reference action before comparing policies.,new_guest,coastal_weekend,noise_disruption,1,31.12,0.277,1860,2720,0.178,false,665,645,0.92,sample_seed_public_rate_shape,,0,0,late_checkout,late checkout,75,15,6,34,75,15,false,high,0.926,intelligent_generosity,smp-public-context-v1.0.0,1.0,0.95,no_review_or_survey;no_comp_record,recoverable_before_checkout;high_perceived_value_lower_estimated_cost
audit_00151,case_00151,TKT000151,PMS000345,data_quality_hold,no_historical_comp_record,Resolve source matching or missing reference action before comparing policies.,new_guest,design_leisure,housekeeping_miss,3,58.95,0.513,3500,6040,0.711,false,800,730,0.92,sample_seed_public_rate_shape,,0,0,future_stay_credit,future-stay credit,245,147,74,208,245,147,false,high,0.815,intelligent_generosity,smp-public-context-v1.0.0,1.0,0.95,no_review_or_survey;no_comp_record,hotel_responsible_failure;recoverable_before_checkout
audit_00152,case_00152,TKT000152,PMS001377,aligned_recovery,severity_inferred,Matched synthetic action and context-engine recommendation are within the diagnostic tolerance.,new_guest,design_leisure,maintenance_issue,3,56.81,0.497,3360,6610,0.415,false,725,695,0.92,sample_seed_public_rate_shape,rooftop_f_and_b_credit,180,72,spa_wellness_credit,Surya Spa or Recovery Suite credit,275,151,82,206,95,79,false,moderate,1.0,intelligent_generosity,smp-public-context-v1.0.0,1.0,0.95,severity_inferred,hotel_responsible_failure;recoverable_before_checkout;high_perceived_value_lower_estimated_cost
audit_00153,case_00153,TKT000153,PMS000077,data_quality_hold,no_historical_comp_record,Resolve source matching or missing reference action before comparing policies.,returning_guest,family_beach_trip,housekeeping_miss,2,52.73,0.409,4900,15610,0.0,false,585,535,0.92,sample_seed_public_rate_shape,,0,0,rooftop_f_and_b_credit,Calabra or Palma dining credit,150,60,38,90,150,60,false,high,0.963,intelligent_generosity,smp-public-context-v1.0.0,1.0,0.95,no_review_or_survey;no_comp_record,hotel_responsible_failure;recoverable_before_checkout;high_perceived_value_lower_estimated_cost
audit_00154,case_00154,TKT000154,PMS000198,data_quality_hold,no_historical_comp_record,Resolve source matching or missing reference action before comparing policies.,returning_guest,coastal_weekend,room_assignment_expectation_gap,2,48.67,0.398,550,2190,0.81,true,825,855,0.92,sample_seed_public_rate_shape,,0,0,rooftop_f_and_b_credit,Calabra or Palma dining credit,150,60,38,90,150,60,false,moderate,1.0,intelligent_generosity,smp-public-context-v1.0.0,1.0,0.95,no_review_or_survey;no_comp_record,hotel_responsible_failure;recoverable_before_checkout;high_perceived_value_lower_estimated_cost;public_rate_pressure_changed_recovery
audit_00155,case_00155,TKT000155,PMS000377,aligned_recovery,high_severity,Matched synthetic action and context-engine recommendation are within the diagnostic tolerance.,vip_guest,family_beach_trip,spa_wellness_service_issue,5,73.66,0.491,2280,19280,0.632,false,780,745,0.92,sample_seed_public_rate_shape,spa_wellness_credit,395,217,spa_wellness_credit,Surya Spa or Recovery Suite credit,330,182,99,248,-65,-35,false,high,1.0,intelligent_generosity,smp-public-context-v1.0.0,1.0,0.95,,high_guest_relationship_value;hotel_responsible_failure;high_severity_issue;recoverable_before_checkout;high_perceived_value_lower_estimated_cost
audit_00156,case_00156,TKT000156,PMS000454,aligned_recovery,,Matched synthetic action and context-engine recommendation are within the diagnostic tolerance.,new_guest,design_leisure,valet_or_parking_delay,3,53.21,0.42,2700,3380,0.277,false,690,710,0.92,sample_seed_public_rate_shape,parking_fee_waiver,95,17,parking_fee_waiver,parking or destination-fee waiver,85,15,7,30,-10,-2,false,high,0.963,intelligent_generosity,smp-public-context-v1.0.0,1.0,0.95,,recoverable_before_checkout;high_perceived_value_lower_estimated_cost
audit_00157,case_00157,TKT000157,PMS000990,aligned_recovery,,Matched synthetic action and context-engine recommendation are within the diagnostic tolerance.,new_guest,wellness_getaway,room_assignment_expectation_gap,2,45.27,0.398,1770,2630,0.119,false,650,635,0.92,sample_seed_public_rate_shape,rooftop_f_and_b_credit,175,70,room_upgrade,room upgrade,300,75,24,195,125,5,false,high,0.963,intelligent_generosity,smp-public-context-v1.0.0,1.0,0.95,no_review_or_survey,hotel_responsible_failure;recoverable_before_checkout;high_perceived_value_lower_estimated_cost
audit_00158,case_00158,TKT000158,PMS001273,aligned_recovery,high_severity,Matched synthetic action and context-engine recommendation are within the diagnostic tolerance.,returning_guest,wellness_getaway,f_and_b_service_lapse,4,65.76,0.583,2070,4480,0.534,false,755,710,0.92,sample_seed_public_rate_shape,lobby_lounge_credit,135,51,rooftop_f_and_b_credit,Calabra or Palma dining credit,180,72,45,108,45,21,false,high,1.0,intelligent_generosity,smp-public-context-v1.0.0,1.0,0.95,no_review_or_survey,hotel_responsible_failure;high_severity_issue;high_perceived_value_lower_estimated_cost
audit_00159,case_00159,TKT000159,PMS000007,data_quality_hold,no_historical_comp_record,Resolve source matching or missing reference action before comparing policies.,loyalty_guest,design_leisure,room_assignment_expectation_gap,2,48.43,0.398,820,1476,0.04,false,630,650,0.92,sample_seed_public_rate_shape,,0,0,room_upgrade,room upgrade,300,75,24,195,300,75,false,moderate,0.963,intelligent_generosity,smp-public-context-v1.0.0,1.0,0.95,ltv_imputed;no_review_or_survey;no_comp_record,high_guest_relationship_value;hotel_responsible_failure;recoverable_before_checkout;high_perceived_value_lower_estimated_cost
audit_00160,case_00160,TKT000160,PMS000808,aligned_recovery,,Matched synthetic action and context-engine recommendation are within the diagnostic tolerance.,new_guest,event_or_wedding,rooftop_pool_access_issue,2,41.82,0.375,1100,1980,0.553,false,760,735,0.92,sample_seed_public_rate_shape,parking_fee_waiver,85,15,rooftop_f_and_b_credit,Calabra or Palma dining credit,135,54,34,81,50,39,false,moderate,1.0,intelligent_generosity,smp-public-context-v1.0.0,1.0,0.95,ltv_imputed;no_review_or_survey,recoverable_before_checkout;high_perceived_value_lower_estimated_cost
audit_00161,case_00161,TKT000161,PMS001259,under_recovered,high_severity,Review upward variance between the matched synthetic action and context-engine recommendation.,new_guest,business_traveler,room_assignment_expectation_gap,4,63.57,0.606,560,1130,0.553,true,760,820,0.92,sample_seed_public_rate_shape,spa_wellness_credit,0,0,room_upgrade,room upgrade,360,90,29,234,360,90,false,high,0.926,intelligent_generosity,smp-public-context-v1.0.0,1.0,0.95,,hotel_responsible_failure;high_severity_issue;recoverable_before_checkout;high_perceived_value_lower_estimated_cost
audit_00162,case_00162,TKT000162,PMS000775,aligned_recovery,severity_inferred,Matched synthetic action and context-engine recommendation are within the diagnostic tolerance.,new_guest,coastal_weekend,housekeeping_miss,3,56.59,0.513,900,1510,0.198,false,670,690,0.92,sample_seed_public_rate_shape,amenity_gesture,75,34,rooftop_f_and_b_credit,Calabra or Palma dining credit,150,60,38,90,75,26,false,moderate,1.0,intelligent_generosity,smp-public-context-v1.0.0,1.0,0.95,severity_inferred;no_review_or_survey,hotel_responsible_failure;recoverable_before_checkout;high_perceived_value_lower_estimated_cost
audit_00163,case_00163,TKT000163,PMS001021,data_quality_hold,no_historical_comp_record;high_severity,Resolve source matching or missing reference action before comparing policies.,new_guest,coastal_weekend,housekeeping_miss,4,67.58,0.616,2100,3220,0.0,false,580,560,0.92,sample_seed_public_rate_shape,,0,0,future_stay_credit,future-stay credit,245,147,74,208,245,147,false,high,0.926,intelligent_generosity,smp-public-context-v1.0.0,0.78,0.95,no_review_or_survey;no_comp_record,hotel_responsible_failure;high_severity_issue;recoverable_before_checkout
audit_00164,case_00164,TKT000164,PMS000989,aligned_recovery,,Matched synthetic action and context-engine recommendation are within the diagnostic tolerance.,new_guest,business_traveler,valet_or_parking_delay,3,50.03,0.455,1740,2770,0.534,false,755,730,0.92,sample_seed_public_rate_shape,parking_fee_waiver,90,16,parking_fee_waiver,parking or destination-fee waiver,85,15,7,30,-5,-1,false,high,1.0,intelligent_generosity,smp-public-context-v1.0.0,0.78,0.95,no_review_or_survey,recoverable_before_checkout;high_perceived_value_lower_estimated_cost
audit_00165,case_00165,TKT000165,PMS000979,data_quality_hold,no_historical_comp_record,Resolve source matching or missing reference action before comparing policies.,new_guest,coastal_weekend,maintenance_issue,3,55.67,0.504,1800,3350,0.336,false,705,670,0.92,sample_seed_public_rate_shape,,0,0,spa_wellness_credit,Surya Spa or Recovery Suite credit,275,151,82,206,275,151,false,high,1.0,intelligent_generosity,smp-public-context-v1.0.0,0.78,0.95,no_review_or_survey;no_comp_record,hotel_responsible_failure;recoverable_before_checkout;high_perceived_value_lower_estimated_cost
audit_00166,case_00166,TKT000166,PMS000845,data_quality_hold,no_historical_comp_record;high_severity,Resolve source matching or missing reference action before comparing policies.,new_guest,local_staycation,room_assignment_expectation_gap,4,66.16,0.605,1400,2070,0.198,false,670,690,0.92,sample_seed_public_rate_shape,,0,0,room_upgrade,room upgrade,360,90,29,234,360,90,false,high,1.0,intelligent_generosity,smp-public-context-v1.0.0,1.0,0.95,no_review_or_survey;no_comp_record,hotel_responsible_failure;high_severity_issue;recoverable_before_checkout;high_perceived_value_lower_estimated_cost
audit_00167,case_00167,TKT000167,PMS000637,aligned_recovery,high_severity,Matched synthetic action and context-engine recommendation are within the diagnostic tolerance.,new_guest,design_leisure,spa_wellness_service_issue,5,71.02,0.547,3200,5760,0.692,false,795,770,0.92,sample_seed_public_rate_shape,partial_room_refund,270,270,spa_wellness_credit,Surya Spa or Recovery Suite credit,330,182,99,248,60,-88,false,moderate,1.0,intelligent_generosity,smp-public-context-v1.0.0,1.0,0.95,ltv_imputed,hotel_responsible_failure;high_severity_issue;recoverable_before_checkout;high_perceived_value_lower_estimated_cost
audit_00168,case_00168,TKT000168,PMS000698,data_quality_hold,weak_identity_or_reservation_match;severity_inferred;no_historical_comp_record;manager_review_model_flag;low_decision_confidence,Resolve source matching or missing reference action before comparing policies.,loyalty_guest,coastal_weekend,room_assignment_expectation_gap,3,60.36,0.501,6300,36520,0.138,false,655,630,0.92,sample_seed_public_rate_shape,,0,0,room_upgrade,room upgrade,360,90,29,234,360,90,true,low,1.0,intelligent_generosity,smp-public-context-v1.0.0,0.58,0.95,low_reservation_match_confidence;severity_inferred;no_review_or_survey;no_comp_record,high_guest_relationship_value;hotel_responsible_failure;recoverable_before_checkout;high_perceived_value_lower_estimated_cost;manager_review_required
audit_00169,case_00169,TKT000169,PMS000522,aligned_recovery,high_severity,Matched synthetic action and context-engine recommendation are within the diagnostic tolerance.,new_guest,business_traveler,housekeeping_miss,4,66.36,0.616,980,1400,0.158,false,660,635,0.92,sample_seed_public_rate_shape,late_checkout,110,22,rooftop_f_and_b_credit,Calabra or Palma dining credit,180,72,45,108,70,50,false,high,1.0,intelligent_generosity,smp-public-context-v1.0.0,1.0,0.95,no_review_or_survey,hotel_responsible_failure;high_severity_issue;recoverable_before_checkout;high_perceived_value_lower_estimated_cost;property_fit_changed_recovery
audit_00170,case_00170,TKT000170,PMS001304,under_recovered,,Review upward variance between the matched synthetic action and context-engine recommendation.,returning_guest,family_beach_trip,room_readiness_delay,3,58.97,0.479,2070,4790,0.692,false,795,790,0.92,sample_seed_public_rate_shape,amenity_gesture,50,22,rooftop_f_and_b_credit,Calabra or Palma dining credit,180,72,45,108,130,50,false,high,1.0,intelligent_generosity,smp-public-context-v1.0.0,1.0,0.95,,hotel_responsible_failure;high_perceived_value_lower_estimated_cost;property_fit_changed_recovery
audit_00171,case_00171,TKT000171,,data_quality_hold,weak_identity_or_reservation_match;manager_review_model_flag;low_decision_confidence;high_severity,Resolve source matching or missing reference action before comparing policies.,new_guest,local_staycation,room_readiness_delay,4,65.7,0.622,0,1820,0.751,true,810,660,0.92,sample_seed_public_rate_shape,late_checkout,80,16,rooftop_f_and_b_credit,Calabra or Palma dining credit,180,72,45,108,100,56,true,low,1.0,intelligent_generosity,smp-public-context-v1.0.0,0.0,0.95,unmatched_reservation;no_review_or_survey,hotel_responsible_failure;high_severity_issue;recoverable_before_checkout;high_perceived_value_lower_estimated_cost;manager_review_required;public_rate_pressure_changed_recovery
audit_00172,case_00172,TKT000172,PMS001323,aligned_recovery,,Matched synthetic action and context-engine recommendation are within the diagnostic tolerance.,loyalty_guest,business_traveler,noise_disruption,1,37.86,0.278,2340,9880,0.613,false,775,775,0.92,sample_seed_public_rate_shape,amenity_gesture,50,22,rooftop_f_and_b_credit,Calabra or Palma dining credit,135,54,34,81,85,32,false,high,0.963,intelligent_generosity,smp-public-context-v1.0.0,1.0,0.95,,high_guest_relationship_value;high_perceived_value_lower_estimated_cost
audit_00173,case_00173,TKT000173,PMS000863,over_comped,high_severity,Review downward variance between the matched synthetic action and context-engine recommendation.,loyalty_guest,local_staycation,valet_or_parking_delay,4,65.73,0.493,2340,8440,0.059,false,635,680,0.92,sample_seed_public_rate_shape,partial_room_refund,355,355,future_stay_credit,future-stay credit,275,165,82,234,-80,-190,false,high,0.889,intelligent_generosity,smp-public-context-v1.0.0,1.0,0.95,,high_guest_relationship_value;high_severity_issue;recoverable_before_checkout
audit_00174,case_00174,TKT000174,PMS000195,under_recovered,high_severity,Review upward variance between the matched synthetic action and context-engine recommendation.,new_guest,coastal_weekend,maintenance_issue,4,67.3,0.608,2560,3070,1.0,true,900,865,0.92,sample_seed_public_rate_shape,late_checkout,95,19,spa_wellness_credit,Surya Spa or Recovery Suite credit,330,182,99,248,235,163,false,high,1.0,intelligent_generosity,smp-public-context-v1.0.0,1.0,0.95,no_review_or_survey,hotel_responsible_failure;high_severity_issue;high_perceived_value_lower_estimated_cost
audit_00175,case_00175,TKT000175,PMS000117,under_recovered,high_severity,Review upward variance between the matched synthetic action and context-engine recommendation.,new_guest,event_or_wedding,noise_disruption,4,59.78,0.588,3720,5660,0.553,true,760,820,0.92,sample_seed_public_rate_shape,late_checkout,75,15,spa_wellness_credit,Surya Spa or Recovery Suite credit,330,182,99,248,255,167,false,high,1.0,intelligent_generosity,smp-public-context-v1.0.0,1.0,0.95,no_review_or_survey,high_severity_issue;recoverable_before_checkout;high_perceived_value_lower_estimated_cost
audit_00176,case_00176,TKT000176,PMS000253,manager_review_required,manager_review_model_flag;high_severity,"Route to manager because severity, guest value, spend, or policy variance is high.",returning_guest,coastal_weekend,maintenance_issue,5,78.13,0.673,7070,26270,1.0,true,910,945,0.92,sample_seed_public_rate_shape,partial_room_refund,0,0,spa_wellness_credit,Surya Spa or Recovery Suite credit,400,220,120,300,400,220,true,high,1.0,intelligent_generosity,smp-public-context-v1.0.0,1.0,0.95,,hotel_responsible_failure;high_severity_issue;recoverable_before_checkout;high_perceived_value_lower_estimated_cost;manager_review_required
audit_00177,case_00177,TKT000177,PMS001117,aligned_recovery,,Matched synthetic action and context-engine recommendation are within the diagnostic tolerance.,new_guest,coastal_weekend,room_assignment_expectation_gap,3,55.6,0.501,650,1360,0.553,false,760,785,0.92,sample_seed_public_rate_shape,amenity_gesture,75,34,rooftop_f_and_b_credit,Calabra or Palma dining credit,150,60,38,90,75,26,false,high,0.963,intelligent_generosity,smp-public-context-v1.0.0,1.0,0.95,no_review_or_survey,hotel_responsible_failure;high_perceived_value_lower_estimated_cost
audit_00178,case_00178,TKT000178,PMS001501,data_quality_hold,no_historical_comp_record,Resolve source matching or missing reference action before comparing policies.,new_guest,wellness_getaway,rooftop_pool_access_issue,3,51.88,0.479,2220,3670,0.138,false,655,630,0.92,sample_seed_public_rate_shape,,0,0,rooftop_f_and_b_credit,Calabra or Palma dining credit,150,60,38,90,150,60,false,high,1.0,intelligent_generosity,smp-public-context-v1.0.0,0.78,0.95,no_review_or_survey;no_comp_record,recoverable_before_checkout;high_perceived_value_lower_estimated_cost
audit_00179,case_00179,TKT000179,PMS000579,data_quality_hold,no_historical_comp_record,Resolve source matching or missing reference action before comparing policies.,new_guest,business_traveler,room_readiness_delay,1,39.14,0.311,1640,1840,0.593,false,770,725,0.92,sample_seed_public_rate_shape,,0,0,rooftop_f_and_b_credit,Calabra or Palma dining credit,135,54,34,81,135,54,false,high,0.963,intelligent_generosity,smp-public-context-v1.0.0,1.0,0.95,no_review_or_survey;no_comp_record,hotel_responsible_failure;recoverable_before_checkout;high_perceived_value_lower_estimated_cost;operational_pressure_changed_recovery
audit_00180,case_00180,TKT000180,PMS000269,aligned_recovery,severity_inferred,Matched synthetic action and context-engine recommendation are within the diagnostic tolerance.,event_or_suite_guest,local_staycation,room_readiness_delay,3,62.64,0.431,4640,35430,1.0,true,890,810,0.92,sample_seed_public_rate_shape,rooftop_f_and_b_credit,170,68,rooftop_f_and_b_credit,Calabra or Palma dining credit,180,72,45,108,10,4,false,moderate,0.852,intelligent_generosity,smp-public-context-v1.0.0,1.0,0.95,severity_inferred,high_guest_relationship_value;hotel_responsible_failure;recoverable_before_checkout;high_perceived_value_lower_estimated_cost;public_rate_pressure_changed_recovery;property_fit_changed_recovery
audit_00181,case_00181,TKT000181,PMS001435,data_quality_hold,no_historical_comp_record,Resolve source matching or missing reference action before comparing policies.,new_guest,local_staycation,room_assignment_expectation_gap,2,45.31,0.398,1920,2240,0.158,false,660,680,0.92,sample_seed_public_rate_shape,,0,0,room_upgrade,room upgrade,300,75,24,195,300,75,false,high,0.963,intelligent_generosity,smp-public-context-v1.0.0,1.0,0.95,no_review_or_survey;no_comp_record,hotel_responsible_failure;recoverable_before_checkout;high_perceived_value_lower_estimated_cost
audit_00182,case_00182,TKT000182,PMS000979,data_quality_hold,no_historical_comp_record,Resolve source matching or missing reference action before comparing policies.,new_guest,coastal_weekend,f_and_b_service_lapse,3,55.18,0.479,1800,3350,0.336,false,705,670,0.92,sample_seed_public_rate_shape,,0,0,rooftop_f_and_b_credit,Calabra or Palma dining credit,150,60,38,90,150,60,false,high,1.0,intelligent_generosity,smp-public-context-v1.0.0,1.0,0.95,no_review_or_survey;no_comp_record,hotel_responsible_failure;high_perceived_value_lower_estimated_cost
audit_00183,case_00183,TKT000183,PMS001408,aligned_recovery,high_severity,Matched synthetic action and context-engine recommendation are within the diagnostic tolerance.,loyalty_guest,coastal_weekend,room_readiness_delay,4,74.39,0.622,3760,16410,0.0,false,575,555,0.92,sample_seed_public_rate_shape,spa_wellness_credit,345,190,future_stay_credit,future-stay credit,330,198,99,280,-15,8,false,high,1.0,intelligent_generosity,smp-public-context-v1.0.0,1.0,0.95,no_review_or_survey,high_guest_relationship_value;hotel_responsible_failure;high_severity_issue
audit_00184,case_00184,TKT000184,PMS000565,aligned_recovery,,Matched synthetic action and context-engine recommendation are within the diagnostic tolerance.,new_guest,wellness_getaway,housekeeping_miss,2,50.04,0.409,3750,7630,0.237,false,680,620,0.92,sample_seed_public_rate_shape,amenity_gesture,65,29,rooftop_f_and_b_credit,Calabra or Palma dining credit,150,60,38,90,85,31,false,high,0.963,intelligent_generosity,smp-public-context-v1.0.0,1.0,0.95,no_review_or_survey,hotel_responsible_failure;recoverable_before_checkout;high_perceived_value_lower_estimated_cost
audit_00185,case_00185,TKT000185,PMS001517,over_comped,high_severity,Review downward variance between the matched synthetic action and context-engine recommendation.,vip_guest,coastal_weekend,rooftop_pool_access_issue,4,65.28,0.472,2920,18400,0.277,false,690,720,0.92,sample_seed_public_rate_shape,spa_wellness_credit,385,212,rooftop_f_and_b_credit,Calabra or Palma dining credit,180,72,45,108,-205,-140,false,high,1.0,intelligent_generosity,smp-public-context-v1.0.0,1.0,0.95,,high_guest_relationship_value;high_severity_issue;recoverable_before_checkout;high_perceived_value_lower_estimated_cost;property_fit_changed_recovery
audit_00186,case_00186,TKT000186,PMS000926,under_recovered,high_severity,Review upward variance between the matched synthetic action and context-engine recommendation.,returning_guest,design_leisure,noise_disruption,4,63.55,0.534,5950,12660,1.0,true,890,790,0.92,sample_seed_public_rate_shape,lobby_lounge_credit,90,34,spa_wellness_credit,Surya Spa or Recovery Suite credit,330,182,99,248,240,148,false,high,1.0,intelligent_generosity,smp-public-context-v1.0.0,1.0,0.95,,high_severity_issue;recoverable_before_checkout;high_perceived_value_lower_estimated_cost
audit_00187,case_00187,TKT000187,PMS000498,aligned_recovery,,Matched synthetic action and context-engine recommendation are within the diagnostic tolerance.,new_guest,wellness_getaway,spa_wellness_service_issue,3,53.66,0.395,2240,4032,0.02,false,625,705,0.92,sample_seed_public_rate_shape,amenity_gesture,60,27,spa_wellness_credit,Surya Spa or Recovery Suite credit,275,151,82,206,215,124,false,moderate,1.0,intelligent_generosity,smp-public-context-v1.0.0,1.0,0.95,ltv_imputed,hotel_responsible_failure;recoverable_before_checkout;high_perceived_value_lower_estimated_cost
audit_00188,case_00188,TKT000188,PMS000210,under_recovered,,Review upward variance between the matched synthetic action and context-engine recommendation.,returning_guest,local_staycation,maintenance_issue,3,56.44,0.504,1800,7000,0.356,false,710,720,0.92,sample_seed_public_rate_shape,rooftop_f_and_b_credit,140,56,spa_wellness_credit,Surya Spa or Recovery Suite credit,275,151,82,206,135,95,false,high,1.0,intelligent_generosity,smp-public-context-v1.0.0,1.0,0.95,no_review_or_survey,hotel_responsible_failure;recoverable_before_checkout;high_perceived_value_lower_estimated_cost
audit_00189,case_00189,TKT000189,PMS000800,aligned_recovery,,Matched synthetic action and context-engine recommendation are within the diagnostic tolerance.,new_guest,event_or_wedding,noise_disruption,2,40.1,0.381,1650,3030,0.198,false,670,690,0.92,sample_seed_public_rate_shape,amenity_gesture,70,32,rooftop_f_and_b_credit,Calabra or Palma dining credit,135,54,34,81,65,22,false,high,0.926,intelligent_generosity,smp-public-context-v1.0.0,1.0,0.95,no_review_or_survey,recoverable_before_checkout;high_perceived_value_lower_estimated_cost;operational_pressure_changed_recovery
audit_00190,case_00190,TKT000190,PMS001453,aligned_recovery,,Matched synthetic action and context-engine recommendation are within the diagnostic tolerance.,loyalty_guest,coastal_weekend,f_and_b_service_lapse,1,38.41,0.272,660,2850,0.277,false,690,720,0.92,sample_seed_public_rate_shape,amenity_gesture,0,0,rooftop_f_and_b_credit,Calabra or Palma dining credit,135,54,34,81,135,54,false,high,1.0,intelligent_generosity,smp-public-context-v1.0.0,1.0,0.95,no_review_or_survey,high_guest_relationship_value;hotel_responsible_failure;high_perceived_value_lower_estimated_cost
audit_00191,case_00191,TKT000191,PMS000576,aligned_recovery,,Matched synthetic action and context-engine recommendation are within the diagnostic tolerance.,returning_guest,local_staycation,f_and_b_service_lapse,2,46.77,0.375,1620,5200,0.0,false,580,645,0.92,sample_seed_public_rate_shape,rooftop_f_and_b_credit,200,80,rooftop_f_and_b_credit,Calabra or Palma dining credit,150,60,38,90,-50,-20,false,high,1.0,intelligent_generosity,smp-public-context-v1.0.0,1.0,0.95,no_review_or_survey,hotel_responsible_failure;high_perceived_value_lower_estimated_cost
audit_00192,case_00192,TKT000192,PMS000740,aligned_recovery,high_severity,Matched synthetic action and context-engine recommendation are within the diagnostic tolerance.,new_guest,business_traveler,room_readiness_delay,4,69.03,0.622,1360,2910,0.613,false,775,745,0.92,sample_seed_public_rate_shape,rooftop_f_and_b_credit,170,68,rooftop_f_and_b_credit,Calabra or Palma dining credit,180,72,45,108,10,4,false,high,1.0,intelligent_generosity,smp-public-context-v1.0.0,1.0,0.95,no_review_or_survey,hotel_responsible_failure;high_severity_issue;high_perceived_value_lower_estimated_cost;property_fit_changed_recovery
audit_00193,case_00193,TKT000193,PMS001317,data_quality_hold,no_historical_comp_record,Resolve source matching or missing reference action before comparing policies.,returning_guest,wellness_getaway,housekeeping_miss,3,58.73,0.466,2040,3672,0.0,false,595,640,0.92,sample_seed_public_rate_shape,,0,0,future_stay_credit,future-stay credit,240,144,72,204,240,144,false,moderate,0.778,intelligent_generosity,smp-public-context-v1.0.0,1.0,0.95,ltv_imputed;no_comp_record,hotel_responsible_failure;recoverable_before_checkout
audit_00194,case_00194,TKT000194,PMS000411,aligned_recovery,,Matched synthetic action and context-engine recommendation are within the diagnostic tolerance.,returning_guest,design_leisure,billing_or_fee_dispute,2,47.1,0.37,5390,10870,0.553,true,760,820,0.92,sample_seed_public_rate_shape,rooftop_f_and_b_credit,210,84,rooftop_f_and_b_credit,Calabra or Palma dining credit,150,60,38,90,-60,-24,false,high,1.0,intelligent_generosity,smp-public-context-v1.0.0,1.0,0.95,no_review_or_survey,high_perceived_value_lower_estimated_cost;property_fit_changed_recovery
audit_00195,case_00195,TKT000195,PMS001500,data_quality_hold,no_historical_comp_record,Resolve source matching or missing reference action before comparing policies.,vip_guest,design_leisure,f_and_b_service_lapse,2,51.3,0.375,5300,41620,0.988,true,870,820,0.92,sample_seed_public_rate_shape,,0,0,rooftop_f_and_b_credit,Calabra or Palma dining credit,150,60,38,90,150,60,false,high,1.0,intelligent_generosity,smp-public-context-v1.0.0,1.0,0.95,no_review_or_survey;no_comp_record,high_guest_relationship_value;hotel_responsible_failure;recoverable_before_checkout;high_perceived_value_lower_estimated_cost
audit_00196,case_00196,TKT000196,PMS001077,aligned_recovery,,Matched synthetic action and context-engine recommendation are within the diagnostic tolerance.,returning_guest,design_leisure,spa_wellness_service_issue,2,47.14,0.467,1780,6290,0.711,false,800,800,0.92,sample_seed_public_rate_shape,lobby_lounge_credit,95,36,spa_wellness_credit,Surya Spa or Recovery Suite credit,275,151,82,206,180,115,false,high,0.963,intelligent_generosity,smp-public-context-v1.0.0,1.0,0.95,,hotel_responsible_failure;recoverable_before_checkout;high_perceived_value_lower_estimated_cost
audit_00197,case_00197,TKT000197,PMS001536,data_quality_hold,no_historical_comp_record;manager_review_model_flag;high_severity,Resolve source matching or missing reference action before comparing policies.,new_guest,business_traveler,spa_wellness_service_issue,5,78.71,0.698,2440,5360,0.889,true,845,810,0.92,sample_seed_public_rate_shape,,0,0,spa_wellness_credit,Surya Spa or Recovery Suite credit,400,220,120,300,400,220,true,high,1.0,intelligent_generosity,smp-public-context-v1.0.0,1.0,0.95,no_review_or_survey;no_comp_record,hotel_responsible_failure;high_severity_issue;high_perceived_value_lower_estimated_cost;manager_review_required
audit_00198,case_00198,TKT000198,PMS001207,aligned_recovery,high_severity,Matched synthetic action and context-engine recommendation are within the diagnostic tolerance.,new_guest,business_traveler,billing_or_fee_dispute,5,68.57,0.681,2190,2680,1.0,true,925,875,0.92,sample_seed_public_rate_shape,spa_wellness_credit,345,190,rooftop_f_and_b_credit,Calabra or Palma dining credit,180,72,45,108,-165,-118,false,moderate,1.0,intelligent_generosity,smp-public-context-v1.0.0,1.0,0.95,no_review_or_survey,high_severity_issue;recoverable_before_checkout;high_perceived_value_lower_estimated_cost;public_rate_pressure_changed_recovery;property_fit_changed_recovery
audit_00199,case_00199,TKT000199,PMS000337,aligned_recovery,,Matched synthetic action and context-engine recommendation are within the diagnostic tolerance.,new_guest,coastal_weekend,room_readiness_delay,3,60.17,0.518,2750,5620,0.751,true,810,760,0.92,sample_seed_public_rate_shape,late_checkout,115,23,rooftop_f_and_b_credit,Calabra or Palma dining credit,180,72,45,108,65,49,false,high,1.0,intelligent_generosity,smp-public-context-v1.0.0,1.0,0.95,no_review_or_survey,hotel_responsible_failure;high_perceived_value_lower_estimated_cost
audit_00200,case_00200,TKT000200,PMS001570,data_quality_hold,no_historical_comp_record,Resolve source matching or missing reference action before comparing policies.,returning_guest,business_traveler,spa_wellness_service_issue,3,58.55,0.531,4260,7668,0.632,false,780,765,0.92,sample_seed_public_rate_shape,,0,0,spa_wellness_credit,Surya Spa or Recovery Suite credit,330,182,99,248,330,182,false,moderate,1.0,intelligent_generosity,smp-public-context-v1.0.0,1.0,0.95,ltv_imputed;no_comp_record,hotel_responsible_failure;recoverable_before_checkout;high_perceived_value_lower_estimated_cost
audit_00201,case_00201,TKT000201,PMS000036,aligned_recovery,,Matched synthetic action and context-engine recommendation are within the diagnostic tolerance.,new_guest,coastal_weekend,room_readiness_delay,2,51.31,0.415,4480,5950,0.277,false,690,605,0.92,sample_seed_public_rate_shape,lobby_lounge_credit,135,51,late_checkout,late checkout,85,17,7,38,-50,-34,false,high,0.926,intelligent_generosity,smp-public-context-v1.0.0,1.0,0.95,no_review_or_survey,hotel_responsible_failure;recoverable_before_checkout;high_perceived_value_lower_estimated_cost
audit_00202,case_00202,TKT000202,PMS001102,aligned_recovery,severity_inferred,Matched synthetic action and context-engine recommendation are within the diagnostic tolerance.,returning_guest,design_leisure,maintenance_issue,3,62.99,0.465,3850,15170,0.534,false,755,765,0.92,sample_seed_public_rate_shape,spa_wellness_credit,395,217,spa_wellness_credit,Surya Spa or Recovery Suite credit,330,182,99,248,-65,-35,false,moderate,1.0,intelligent_generosity,smp-public-context-v1.0.0,1.0,0.95,severity_inferred,hotel_responsible_failure;high_perceived_value_lower_estimated_cost
audit_00203,case_00203,TKT000203,PMS000591,aligned_recovery,,Matched synthetic action and context-engine recommendation are within the diagnostic tolerance.,returning_guest,wellness_getaway,billing_or_fee_dispute,1,36.12,0.266,5110,13950,0.613,false,775,770,0.92,sample_seed_public_rate_shape,manager_note,0,0,parking_fee_waiver,parking or destination-fee waiver,75,14,6,26,75,14,false,high,1.0,intelligent_generosity,smp-public-context-v1.0.0,1.0,0.95,no_review_or_survey,recoverable_before_checkout;high_perceived_value_lower_estimated_cost
audit_00204,case_00204,TKT000204,PMS001414,aligned_recovery,,Matched synthetic action and context-engine recommendation are within the diagnostic tolerance.,new_guest,design_leisure,valet_or_parking_delay,1,34.6,0.219,1280,2620,0.949,true,860,815,0.92,sample_seed_public_rate_shape,parking_fee_waiver,110,20,rooftop_f_and_b_credit,Calabra or Palma dining credit,135,54,34,81,25,34,false,moderate,1.0,intelligent_generosity,smp-public-context-v1.0.0,1.0,0.95,no_review_or_survey,high_perceived_value_lower_estimated_cost;public_rate_pressure_changed_recovery
audit_00205,case_00205,TKT000205,PMS000785,data_quality_hold,no_historical_comp_record,Resolve source matching or missing reference action before comparing policies.,new_guest,event_or_wedding,billing_or_fee_dispute,1,31.89,0.266,1980,2490,1.0,true,945,915,0.92,sample_seed_public_rate_shape,,0,0,rooftop_f_and_b_credit,Calabra or Palma dining credit,135,54,34,81,135,54,false,moderate,1.0,intelligent_generosity,smp-public-context-v1.0.0,1.0,0.95,no_review_or_survey;no_comp_record,recoverable_before_checkout;high_perceived_value_lower_estimated_cost;public_rate_pressure_changed_recovery;property_fit_changed_recovery
audit_00206,case_00206,TKT000206,PMS000627,under_recovered,severity_inferred,Review upward variance between the matched synthetic action and context-engine recommendation.,loyalty_guest,design_leisure,room_assignment_expectation_gap,3,60.75,0.501,1180,4150,1.0,true,925,875,0.92,sample_seed_public_rate_shape,manager_note,0,0,rooftop_f_and_b_credit,Calabra or Palma dining credit,180,72,45,108,180,72,false,moderate,1.0,intelligent_generosity,smp-public-context-v1.0.0,1.0,0.95,severity_inferred;no_review_or_survey,high_guest_relationship_value;hotel_responsible_failure;high_perceived_value_lower_estimated_cost
audit_00207,case_00207,TKT000207,PMS000193,aligned_recovery,,Matched synthetic action and context-engine recommendation are within the diagnostic tolerance.,loyalty_guest,design_leisure,valet_or_parking_delay,1,34.4,0.219,1440,6920,0.751,true,810,805,0.92,sample_seed_public_rate_shape,amenity_gesture,55,25,rooftop_f_and_b_credit,Calabra or Palma dining credit,135,54,34,81,80,29,false,moderate,1.0,intelligent_generosity,smp-public-context-v1.0.0,1.0,0.95,no_review_or_survey,high_guest_relationship_value;recoverable_before_checkout;high_perceived_value_lower_estimated_cost;public_rate_pressure_changed_recovery
audit_00208,case_00208,TKT000208,PMS000353,over_comped,severity_inferred,Review downward variance between the matched synthetic action and context-engine recommendation.,new_guest,wellness_getaway,noise_disruption,2,43.79,0.51,700,1470,1.0,true,960,890,0.92,sample_seed_public_rate_shape,partial_room_refund,390,390,spa_wellness_credit,Surya Spa or Recovery Suite credit,275,151,82,206,-115,-239,false,moderate,0.926,intelligent_generosity,smp-public-context-v1.0.0,1.0,0.95,severity_inferred,recoverable_before_checkout;high_perceived_value_lower_estimated_cost
audit_00209,case_00209,TKT000209,PMS000478,under_recovered,,Review upward variance between the matched synthetic action and context-engine recommendation.,loyalty_guest,design_leisure,room_readiness_delay,2,55.91,0.447,2600,12460,0.099,false,645,630,0.92,sample_seed_public_rate_shape,amenity_gesture,0,0,rooftop_f_and_b_credit,Calabra or Palma dining credit,150,60,38,90,150,60,false,high,1.0,intelligent_generosity,smp-public-context-v1.0.0,0.78,0.95,,high_guest_relationship_value;hotel_responsible_failure;high_perceived_value_lower_estimated_cost
audit_00210,case_00210,TKT000210,PMS000359,data_quality_hold,no_historical_comp_record,Resolve source matching or missing reference action before comparing policies.,new_guest,design_leisure,f_and_b_service_lapse,1,38.36,0.256,4410,5480,0.296,false,695,670,0.92,sample_seed_public_rate_shape,,0,0,rooftop_f_and_b_credit,Calabra or Palma dining credit,135,54,34,81,135,54,false,high,1.0,intelligent_generosity,smp-public-context-v1.0.0,1.0,0.95,no_comp_record,hotel_responsible_failure;high_perceived_value_lower_estimated_cost
audit_00211,case_00211,TKT000211,PMS000548,data_quality_hold,no_historical_comp_record,Resolve source matching or missing reference action before comparing policies.,returning_guest,local_staycation,room_assignment_expectation_gap,3,56.73,0.486,1020,3530,0.257,false,685,670,0.92,sample_seed_public_rate_shape,,0,0,rooftop_f_and_b_credit,Calabra or Palma dining credit,150,60,38,90,150,60,false,high,1.0,intelligent_generosity,smp-public-context-v1.0.0,1.0,0.95,no_comp_record,hotel_responsible_failure;high_perceived_value_lower_estimated_cost
audit_00212,case_00212,TKT000212,PMS000980,data_quality_hold,no_historical_comp_record,Resolve source matching or missing reference action before comparing policies.,new_guest,business_traveler,billing_or_fee_dispute,2,40.47,0.386,1950,3850,0.652,false,785,785,0.92,sample_seed_public_rate_shape,,0,0,parking_fee_waiver,parking or destination-fee waiver,75,14,6,26,75,14,false,high,1.0,intelligent_generosity,smp-public-context-v1.0.0,1.0,0.95,no_comp_record,recoverable_before_checkout;high_perceived_value_lower_estimated_cost
audit_00213,case_00213,TKT000213,PMS001427,data_quality_hold,no_historical_comp_record,Resolve source matching or missing reference action before comparing policies.,new_guest,design_leisure,room_assignment_expectation_gap,3,54.7,0.501,2720,4640,0.751,true,810,760,0.92,sample_seed_public_rate_shape,,0,0,rooftop_f_and_b_credit,Calabra or Palma dining credit,150,60,38,90,150,60,false,moderate,1.0,intelligent_generosity,smp-public-context-v1.0.0,1.0,0.95,no_review_or_survey;no_comp_record,hotel_responsible_failure;recoverable_before_checkout;high_perceived_value_lower_estimated_cost;public_rate_pressure_changed_recovery
audit_00214,case_00214,TKT000214,PMS000450,aligned_recovery,high_review_risk;high_severity,Matched synthetic action and context-engine recommendation are within the diagnostic tolerance.,new_guest,event_or_wedding,room_readiness_delay,5,74.96,0.726,790,1390,0.771,true,815,785,0.92,sample_seed_public_rate_shape,rooftop_f_and_b_credit,180,72,rooftop_f_and_b_credit,Calabra or Palma dining credit,180,72,45,108,0,0,false,high,0.815,intelligent_generosity,smp-public-context-v1.0.0,1.0,0.95,no_review_or_survey,hotel_responsible_failure;high_severity_issue;high_review_risk;recoverable_before_checkout;high_perceived_value_lower_estimated_cost
audit_00215,case_00215,TKT000215,PMS000702,under_recovered,high_severity,Review upward variance between the matched synthetic action and context-engine recommendation.,loyalty_guest,coastal_weekend,housekeeping_miss,4,73.67,0.616,680,2710,0.988,true,870,870,0.92,sample_seed_public_rate_shape,late_checkout,65,13,rooftop_f_and_b_credit,Calabra or Palma dining credit,180,72,45,108,115,59,false,high,1.0,intelligent_generosity,smp-public-context-v1.0.0,1.0,0.95,no_review_or_survey,high_guest_relationship_value;hotel_responsible_failure;high_severity_issue;high_perceived_value_lower_estimated_cost
audit_00216,case_00216,TKT000216,PMS001481,manager_review_required,manager_review_model_flag;high_review_risk;high_severity,"Route to manager because severity, guest value, spend, or policy variance is high.",new_guest,business_traveler,room_readiness_delay,5,77.72,0.751,3600,6480,0.889,true,845,865,0.92,sample_seed_public_rate_shape,partial_room_refund,505,505,partial_room_refund,partial room refund,245,245,245,245,-260,-260,true,moderate,0.852,intelligent_generosity,smp-public-context-v1.0.0,1.0,0.95,ltv_imputed,hotel_responsible_failure;high_severity_issue;high_review_risk;recoverable_before_checkout;manager_review_required;operational_pressure_changed_recovery
audit_00217,case_00217,TKT000217,PMS000953,data_quality_hold,no_historical_comp_record,Resolve source matching or missing reference action before comparing policies.,loyalty_guest,event_or_wedding,maintenance_issue,2,50.33,0.401,3220,13990,0.0,false,605,710,0.92,sample_seed_public_rate_shape,,0,0,spa_wellness_credit,Surya Spa or Recovery Suite credit,275,151,82,206,275,151,false,high,0.963,intelligent_generosity,smp-public-context-v1.0.0,1.0,0.95,no_review_or_survey;no_comp_record,high_guest_relationship_value;hotel_responsible_failure;recoverable_before_checkout;high_perceived_value_lower_estimated_cost
audit_00218,case_00218,TKT000218,PMS000228,data_quality_hold,no_historical_comp_record,Resolve source matching or missing reference action before comparing policies.,new_guest,design_leisure,spa_wellness_service_issue,3,55.37,0.49,3540,7280,0.099,false,645,650,0.92,sample_seed_public_rate_shape,,0,0,spa_wellness_credit,Surya Spa or Recovery Suite credit,275,151,82,206,275,151,false,high,1.0,intelligent_generosity,smp-public-context-v1.0.0,1.0,0.95,no_review_or_survey;no_comp_record,hotel_responsible_failure;recoverable_before_checkout;high_perceived_value_lower_estimated_cost
audit_00219,case_00219,TKT000219,PMS000580,data_quality_hold,no_historical_comp_record,Resolve source matching or missing reference action before comparing policies.,new_guest,wellness_getaway,valet_or_parking_delay,3,48.06,0.383,1180,2160,0.0,false,620,655,0.92,sample_seed_public_rate_shape,,0,0,parking_fee_waiver,parking or destination-fee waiver,85,15,7,30,85,15,false,high,1.0,intelligent_generosity,smp-public-context-v1.0.0,1.0,0.95,no_comp_record,recoverable_before_checkout;high_perceived_value_lower_estimated_cost
audit_00220,case_00220,TKT000220,PMS000657,data_quality_hold,severity_inferred;no_historical_comp_record;manager_review_model_flag;low_decision_confidence;unstable_policy_recommendation,Resolve source matching or missing reference action before comparing policies.,new_guest,business_traveler,room_readiness_delay,3,58.4,0.487,3950,5330,0.455,false,735,710,0.92,sample_seed_public_rate_shape,,0,0,future_stay_credit,future-stay credit,275,165,82,234,275,165,true,low,0.593,intelligent_generosity,smp-public-context-v1.0.0,1.0,0.95,severity_inferred;no_comp_record,hotel_responsible_failure;recoverable_before_checkout;manager_review_required;operational_pressure_changed_recovery
audit_00221,case_00221,TKT000221,PMS001275,data_quality_hold,no_historical_comp_record,Resolve source matching or missing reference action before comparing policies.,new_guest,design_leisure,valet_or_parking_delay,2,42.78,0.319,1340,2190,0.0,false,615,605,0.92,sample_seed_public_rate_shape,,0,0,parking_fee_waiver,parking or destination-fee waiver,85,15,7,30,85,15,false,high,1.0,intelligent_generosity,smp-public-context-v1.0.0,1.0,0.95,no_comp_record,high_perceived_value_lower_estimated_cost
audit_00222,case_00222,TKT000222,PMS001108,under_recovered,,Review upward variance between the matched synthetic action and context-engine recommendation.,new_guest,design_leisure,room_assignment_expectation_gap,3,56.29,0.438,3990,7480,1.0,true,900,930,0.92,sample_seed_public_rate_shape,manager_note,0,0,rooftop_f_and_b_credit,Calabra or Palma dining credit,150,60,38,90,150,60,false,moderate,1.0,intelligent_generosity,smp-public-context-v1.0.0,1.0,0.95,,hotel_responsible_failure;recoverable_before_checkout;high_perceived_value_lower_estimated_cost;public_rate_pressure_changed_recovery
audit_00223,case_00223,TKT000223,PMS001363,data_quality_hold,severity_inferred;no_historical_comp_record,Resolve source matching or missing reference action before comparing policies.,loyalty_guest,design_leisure,noise_disruption,2,49.57,0.381,5530,23830,0.771,true,815,740,0.92,sample_seed_public_rate_shape,,0,0,spa_wellness_credit,Surya Spa or Recovery Suite credit,275,151,82,206,275,151,false,moderate,0.963,intelligent_generosity,smp-public-context-v1.0.0,0.78,0.95,severity_inferred;no_review_or_survey;no_comp_record,high_guest_relationship_value;recoverable_before_checkout;high_perceived_value_lower_estimated_cost
audit_00224,case_00224,TKT000224,PMS000425,aligned_recovery,high_severity,Matched synthetic action and context-engine recommendation are within the diagnostic tolerance.,new_guest,coastal_weekend,maintenance_issue,5,71.05,0.649,560,1100,0.613,false,775,780,0.92,sample_seed_public_rate_shape,partial_room_refund,430,430,spa_wellness_credit,Surya Spa or Recovery Suite credit,330,182,99,248,-100,-248,false,high,1.0,intelligent_generosity,smp-public-context-v1.0.0,1.0,0.95,,hotel_responsible_failure;high_severity_issue;recoverable_before_checkout;high_perceived_value_lower_estimated_cost
audit_00225,case_00225,TKT000225,PMS000901,data_quality_hold,no_historical_comp_record,Resolve source matching or missing reference action before comparing policies.,returning_guest,coastal_weekend,room_readiness_delay,2,46.51,0.335,1320,4830,0.731,true,805,795,0.92,sample_seed_public_rate_shape,,0,0,rooftop_f_and_b_credit,Calabra or Palma dining credit,150,60,38,90,150,60,false,moderate,1.0,intelligent_generosity,smp-public-context-v1.0.0,0.78,0.95,no_comp_record,hotel_responsible_failure;recoverable_before_checkout;high_perceived_value_lower_estimated_cost;public_rate_pressure_changed_recovery
audit_00226,case_00226,TKT000226,PMS000861,data_quality_hold,no_historical_comp_record,Resolve source matching or missing reference action before comparing policies.,new_guest,event_or_wedding,noise_disruption,2,39.38,0.381,1200,2370,0.573,true,765,820,0.92,sample_seed_public_rate_shape,,0,0,rooftop_f_and_b_credit,Calabra or Palma dining credit,135,54,34,81,135,54,false,high,0.963,intelligent_generosity,smp-public-context-v1.0.0,1.0,0.95,no_review_or_survey;no_comp_record,recoverable_before_checkout;high_perceived_value_lower_estimated_cost
audit_00227,case_00227,TKT000227,PMS000798,data_quality_hold,no_historical_comp_record;manager_review_model_flag;high_review_risk;high_severity,Resolve source matching or missing reference action before comparing policies.,loyalty_guest,wellness_getaway,housekeeping_miss,5,84.03,0.72,4340,24010,0.791,true,820,830,0.92,sample_seed_public_rate_shape,,0,0,partial_room_refund,partial room refund,210,210,210,210,210,210,true,high,0.963,intelligent_generosity,smp-public-context-v1.0.0,1.0,0.95,no_review_or_survey;no_comp_record,high_guest_relationship_value;hotel_responsible_failure;high_severity_issue;high_review_risk;manager_review_required
audit_00228,case_00228,TKT000228,PMS001551,data_quality_hold,no_historical_comp_record,Resolve source matching or missing reference action before comparing policies.,loyalty_guest,wellness_getaway,room_assignment_expectation_gap,3,60.49,0.526,4900,24410,0.632,false,780,780,0.92,sample_seed_public_rate_shape,,0,0,room_upgrade,room upgrade,360,90,29,234,360,90,false,high,1.0,intelligent_generosity,smp-public-context-v1.0.0,1.0,0.95,no_comp_record,high_guest_relationship_value;hotel_responsible_failure;recoverable_before_checkout;high_perceived_value_lower_estimated_cost
audit_00229,case_00229,TKT000229,PMS001270,data_quality_hold,severity_inferred;no_historical_comp_record,Resolve source matching or missing reference action before comparing policies.,new_guest,coastal_weekend,billing_or_fee_dispute,2,44.05,0.37,3200,3870,0.277,false,690,695,0.92,sample_seed_public_rate_shape,,0,0,parking_fee_waiver,parking or destination-fee waiver,85,15,7,30,85,15,false,moderate,1.0,intelligent_generosity,smp-public-context-v1.0.0,0.78,0.95,severity_inferred;no_review_or_survey;no_comp_record,high_perceived_value_lower_estimated_cost
audit_00230,case_00230,TKT000230,PMS001590,aligned_recovery,,Matched synthetic action and context-engine recommendation are within the diagnostic tolerance.,loyalty_guest,design_leisure,room_readiness_delay,3,58.92,0.518,790,4520,0.593,false,770,705,0.92,sample_seed_public_rate_shape,lobby_lounge_credit,115,44,late_checkout,late checkout,100,20,8,45,-15,-24,false,high,0.889,intelligent_generosity,smp-public-context-v1.0.0,1.0,0.95,no_review_or_survey,high_guest_relationship_value;hotel_responsible_failure;recoverable_before_checkout;high_perceived_value_lower_estimated_cost;operational_pressure_changed_recovery
audit_00231,case_00231,TKT000231,PMS000864,data_quality_hold,no_historical_comp_record;high_severity,Resolve source matching or missing reference action before comparing policies.,returning_guest,coastal_weekend,room_assignment_expectation_gap,4,64.45,0.605,730,1314,1.0,true,885,830,0.92,sample_seed_public_rate_shape,,0,0,rooftop_f_and_b_credit,Calabra or Palma dining credit,180,72,45,108,180,72,false,moderate,1.0,intelligent_generosity,smp-public-context-v1.0.0,1.0,0.95,ltv_imputed;no_review_or_survey;no_comp_record,hotel_responsible_failure;high_severity_issue;recoverable_before_checkout;high_perceived_value_lower_estimated_cost;public_rate_pressure_changed_recovery
audit_00232,case_00232,TKT000232,PMS000407,under_recovered,severity_inferred,Review upward variance between the matched synthetic action and context-engine recommendation.,new_guest,business_traveler,maintenance_issue,3,57.53,0.504,5160,9740,1.0,true,875,895,0.92,sample_seed_public_rate_shape,late_checkout,80,16,spa_wellness_credit,Surya Spa or Recovery Suite credit,275,151,82,206,195,135,false,moderate,1.0,intelligent_generosity,smp-public-context-v1.0.0,1.0,0.95,severity_inferred;no_review_or_survey,hotel_responsible_failure;recoverable_before_checkout;high_perceived_value_lower_estimated_cost
audit_00233,case_00233,TKT000233,PMS000348,data_quality_hold,no_historical_comp_record,Resolve source matching or missing reference action before comparing policies.,new_guest,coastal_weekend,valet_or_parking_delay,3,50.37,0.455,2000,4310,0.731,true,805,815,0.92,sample_seed_public_rate_shape,,0,0,rooftop_f_and_b_credit,Calabra or Palma dining credit,150,60,38,90,150,60,false,moderate,1.0,intelligent_generosity,smp-public-context-v1.0.0,1.0,0.95,no_review_or_survey;no_comp_record,recoverable_before_checkout;high_perceived_value_lower_estimated_cost;public_rate_pressure_changed_recovery
audit_00234,case_00234,TKT000234,PMS000824,aligned_recovery,,Matched synthetic action and context-engine recommendation are within the diagnostic tolerance.,returning_guest,coastal_weekend,valet_or_parking_delay,2,46.09,0.337,1640,3410,0.455,false,735,765,0.92,sample_seed_public_rate_shape,parking_fee_waiver,80,14,parking_fee_waiver,parking or destination-fee waiver,85,15,7,30,5,1,false,high,1.0,intelligent_generosity,smp-public-context-v1.0.0,1.0,0.95,no_review_or_survey,high_perceived_value_lower_estimated_cost
audit_00235,case_00235,TKT000235,PMS001534,aligned_recovery,high_severity,Matched synthetic action and context-engine recommendation are within the diagnostic tolerance.,returning_guest,local_staycation,room_readiness_delay,4,69.77,0.622,730,2710,0.277,false,690,695,0.92,sample_seed_public_rate_shape,rooftop_f_and_b_credit,145,58,rooftop_f_and_b_credit,Calabra or Palma dining credit,180,72,45,108,35,14,false,high,1.0,intelligent_generosity,smp-public-context-v1.0.0,1.0,0.95,no_review_or_survey,hotel_responsible_failure;high_severity_issue;high_perceived_value_lower_estimated_cost;property_fit_changed_recovery
audit_00236,case_00236,TKT000236,PMS001013,under_recovered,high_severity,Review upward variance between the matched synthetic action and context-engine recommendation.,event_or_suite_guest,wellness_getaway,spa_wellness_service_issue,4,69.32,0.467,2790,22890,0.158,false,660,695,0.92,sample_seed_public_rate_shape,lobby_lounge_credit,145,55,spa_wellness_credit,Surya Spa or Recovery Suite credit,330,182,99,248,185,127,false,high,1.0,intelligent_generosity,smp-public-context-v1.0.0,1.0,0.95,,high_guest_relationship_value;hotel_responsible_failure;high_severity_issue;recoverable_before_checkout;high_perceived_value_lower_estimated_cost
audit_00237,case_00237,TKT000237,PMS000023,aligned_recovery,,Matched synthetic action and context-engine recommendation are within the diagnostic tolerance.,new_guest,family_beach_trip,noise_disruption,1,31.08,0.277,1960,3528,0.296,false,695,765,0.92,sample_seed_public_rate_shape,amenity_gesture,55,25,late_checkout,late checkout,75,15,6,34,20,-10,false,moderate,0.926,intelligent_generosity,smp-public-context-v1.0.0,0.78,0.95,ltv_imputed;no_review_or_survey,recoverable_before_checkout;high_perceived_value_lower_estimated_cost
audit_00238,case_00238,TKT000238,PMS001178,aligned_recovery,,Matched synthetic action and context-engine recommendation are within the diagnostic tolerance.,new_guest,business_traveler,noise_disruption,3,48.22,0.485,1300,1640,0.573,false,765,745,0.92,sample_seed_public_rate_shape,late_checkout,70,14,spa_wellness_credit,Surya Spa or Recovery Suite credit,275,151,82,206,205,137,false,high,0.963,intelligent_generosity,smp-public-context-v1.0.0,1.0,0.95,no_review_or_survey,recoverable_before_checkout;high_perceived_value_lower_estimated_cost
audit_00239,case_00239,TKT000239,PMS001214,data_quality_hold,no_historical_comp_record;high_severity,Resolve source matching or missing reference action before comparing policies.,returning_guest,design_leisure,room_readiness_delay,4,68.59,0.551,3000,11870,0.277,false,690,725,0.92,sample_seed_public_rate_shape,,0,0,room_upgrade,room upgrade,360,90,29,234,360,90,false,high,1.0,intelligent_generosity,smp-public-context-v1.0.0,1.0,0.95,no_comp_record,hotel_responsible_failure;high_severity_issue;recoverable_before_checkout;high_perceived_value_lower_estimated_cost
audit_00240,case_00240,TKT000240,PMS001519,aligned_recovery,,Matched synthetic action and context-engine recommendation are within the diagnostic tolerance.,new_guest,coastal_weekend,billing_or_fee_dispute,3,50.85,0.473,500,830,0.652,false,785,785,0.92,sample_seed_public_rate_shape,parking_fee_waiver,70,13,parking_fee_waiver,parking or destination-fee waiver,85,15,7,30,15,2,false,high,1.0,intelligent_generosity,smp-public-context-v1.0.0,1.0,0.95,no_review_or_survey,high_perceived_value_lower_estimated_cost
audit_00241,case_00241,TKT000241,PMS000200,aligned_recovery,high_severity,Matched synthetic action and context-engine recommendation are within the diagnostic tolerance.,new_guest,wellness_getaway,maintenance_issue,5,72.72,0.649,2040,3820,0.296,false,695,710,0.92,sample_seed_public_rate_shape,partial_room_refund,360,360,spa_wellness_credit,Surya Spa or Recovery Suite credit,330,182,99,248,-30,-178,false,high,1.0,intelligent_generosity,smp-public-context-v1.0.0,1.0,0.95,,hotel_responsible_failure;high_severity_issue;recoverable_before_checkout;high_perceived_value_lower_estimated_cost
audit_00242,case_00242,TKT000242,PMS000191,over_comped,severity_inferred,Review downward variance between the matched synthetic action and context-engine recommendation.,new_guest,business_traveler,spa_wellness_service_issue,3,55.31,0.49,4320,6390,0.277,false,690,605,0.92,sample_seed_public_rate_shape,partial_room_refund,435,435,spa_wellness_credit,Surya Spa or Recovery Suite credit,275,151,82,206,-160,-284,false,moderate,1.0,intelligent_generosity,smp-public-context-v1.0.0,1.0,0.95,severity_inferred;no_review_or_survey,hotel_responsible_failure;recoverable_before_checkout;high_perceived_value_lower_estimated_cost
audit_00243,case_00243,TKT000243,PMS000972,under_recovered,high_severity,Review upward variance between the matched synthetic action and context-engine recommendation.,returning_guest,coastal_weekend,room_readiness_delay,4,67.6,0.575,2400,9430,0.573,false,765,710,0.92,sample_seed_public_rate_shape,rooftop_f_and_b_credit,125,50,room_upgrade,room upgrade,360,90,29,234,235,40,false,high,0.889,intelligent_generosity,smp-public-context-v1.0.0,1.0,0.95,,hotel_responsible_failure;high_severity_issue;recoverable_before_checkout;high_perceived_value_lower_estimated_cost
audit_00244,case_00244,TKT000244,PMS000554,aligned_recovery,high_severity,Matched synthetic action and context-engine recommendation are within the diagnostic tolerance.,returning_guest,business_traveler,rooftop_pool_access_issue,5,73.84,0.686,2320,4680,0.138,false,655,650,0.92,sample_seed_public_rate_shape,partial_room_refund,490,490,rooftop_f_and_b_credit,Calabra or Palma dining credit,180,72,45,108,-310,-418,false,high,1.0,intelligent_generosity,smp-public-context-v1.0.0,1.0,0.95,no_review_or_survey,high_severity_issue;high_perceived_value_lower_estimated_cost
audit_00245,case_00245,TKT000245,PMS000245,data_quality_hold,no_historical_comp_record,Resolve source matching or missing reference action before comparing policies.,new_guest,wellness_getaway,room_readiness_delay,3,56.85,0.518,1300,1820,0.099,false,645,630,0.92,sample_seed_public_rate_shape,,0,0,room_upgrade,room upgrade,300,75,24,195,300,75,false,high,0.963,intelligent_generosity,smp-public-context-v1.0.0,1.0,0.95,no_review_or_survey;no_comp_record,hotel_responsible_failure;recoverable_before_checkout;high_perceived_value_lower_estimated_cost;property_fit_changed_recovery
audit_00246,case_00246,TKT000246,PMS001410,data_quality_hold,no_historical_comp_record;high_review_risk;high_severity,Resolve source matching or missing reference action before comparing policies.,new_guest,coastal_weekend,room_assignment_expectation_gap,5,71.68,0.709,510,1100,0.079,false,640,640,0.92,sample_seed_public_rate_shape,,0,0,room_upgrade,room upgrade,360,90,29,234,360,90,false,high,1.0,intelligent_generosity,smp-public-context-v1.0.0,1.0,0.95,no_review_or_survey;no_comp_record,hotel_responsible_failure;high_severity_issue;high_review_risk;recoverable_before_checkout;high_perceived_value_lower_estimated_cost
audit_00247,case_00247,TKT000247,PMS000547,data_quality_hold,no_historical_comp_record,Resolve source matching or missing reference action before comparing policies.,new_guest,business_traveler,housekeeping_miss,3,57.0,0.513,960,1460,0.692,false,795,740,0.92,sample_seed_public_rate_shape,,0,0,rooftop_f_and_b_credit,Calabra or Palma dining credit,150,60,38,90,150,60,false,high,1.0,intelligent_generosity,smp-public-context-v1.0.0,0.78,0.95,no_review_or_survey;no_comp_record,hotel_responsible_failure;recoverable_before_checkout;high_perceived_value_lower_estimated_cost
audit_00248,case_00248,TKT000248,PMS001452,data_quality_hold,no_historical_comp_record,Resolve source matching or missing reference action before comparing policies.,returning_guest,business_traveler,maintenance_issue,2,52.11,0.473,1340,4220,0.198,false,670,720,0.92,sample_seed_public_rate_shape,,0,0,spa_wellness_credit,Surya Spa or Recovery Suite credit,275,151,82,206,275,151,false,high,0.963,intelligent_generosity,smp-public-context-v1.0.0,1.0,0.95,no_comp_record,hotel_responsible_failure;high_perceived_value_lower_estimated_cost
audit_00249,case_00249,TKT000249,PMS000772,data_quality_hold,no_historical_comp_record,Resolve source matching or missing reference action before comparing policies.,returning_guest,coastal_weekend,maintenance_issue,1,37.64,0.297,710,2860,0.711,false,800,765,0.92,sample_seed_public_rate_shape,,0,0,rooftop_f_and_b_credit,Calabra or Palma dining credit,135,54,34,81,135,54,false,high,0.963,intelligent_generosity,smp-public-context-v1.0.0,1.0,0.95,no_review_or_survey;no_comp_record,hotel_responsible_failure;recoverable_before_checkout;high_perceived_value_lower_estimated_cost
audit_00250,case_00250,TKT000250,PMS000159,over_comped,high_severity,Review downward variance between the matched synthetic action and context-engine recommendation.,vip_guest,coastal_weekend,spa_wellness_service_issue,4,70.3,0.491,5550,41950,1.0,true,895,890,0.92,sample_seed_public_rate_shape,partial_room_refund,430,430,spa_wellness_credit,Surya Spa or Recovery Suite credit,330,182,99,248,-100,-248,false,high,1.0,intelligent_generosity,smp-public-context-v1.0.0,1.0,0.95,,high_guest_relationship_value;hotel_responsible_failure;high_severity_issue;recoverable_before_checkout;high_perceived_value_lower_estimated_cost
audit_00251,case_00251,TKT000251,PMS001142,data_quality_hold,no_historical_comp_record,Resolve source matching or missing reference action before comparing policies.,returning_guest,event_or_wedding,spa_wellness_service_issue,2,46.86,0.419,2370,6670,0.059,false,635,565,0.92,sample_seed_public_rate_shape,,0,0,spa_wellness_credit,Surya Spa or Recovery Suite credit,275,151,82,206,275,151,false,high,0.963,intelligent_generosity,smp-public-context-v1.0.0,1.0,0.95,no_comp_record,hotel_responsible_failure;recoverable_before_checkout;high_perceived_value_lower_estimated_cost
audit_00252,case_00252,TKT000252,PMS000605,data_quality_hold,no_historical_comp_record,Resolve source matching or missing reference action before comparing policies.,new_guest,business_traveler,f_and_b_service_lapse,2,44.58,0.375,570,970,0.0,false,530,625,0.92,sample_seed_public_rate_shape,,0,0,rooftop_f_and_b_credit,Calabra or Palma dining credit,150,60,38,90,150,60,false,high,1.0,intelligent_generosity,smp-public-context-v1.0.0,1.0,0.95,no_review_or_survey;no_comp_record,hotel_responsible_failure;high_perceived_value_lower_estimated_cost
audit_00253,case_00253,TKT000253,PMS000844,aligned_recovery,high_severity,Matched synthetic action and context-engine recommendation are within the diagnostic tolerance.,loyalty_guest,event_or_wedding,billing_or_fee_dispute,5,72.68,0.586,2220,13050,0.415,false,725,765,0.92,sample_seed_public_rate_shape,partial_room_refund,410,410,future_stay_credit,future-stay credit,260,156,78,221,-150,-254,false,high,0.852,intelligent_generosity,smp-public-context-v1.0.0,1.0,0.95,,high_guest_relationship_value;high_severity_issue
audit_00254,case_00254,TKT000254,PMS001449,aligned_recovery,,Matched synthetic action and context-engine recommendation are within the diagnostic tolerance.,new_guest,business_traveler,valet_or_parking_delay,3,53.36,0.474,2200,4200,0.988,true,870,870,0.92,sample_seed_public_rate_shape,parking_fee_waiver,65,12,rooftop_f_and_b_credit,Calabra or Palma dining credit,150,60,38,90,85,48,false,moderate,1.0,intelligent_generosity,smp-public-context-v1.0.0,1.0,0.95,,recoverable_before_checkout;high_perceived_value_lower_estimated_cost;public_rate_pressure_changed_recovery
audit_00255,case_00255,TKT000255,PMS000606,aligned_recovery,high_severity,Matched synthetic action and context-engine recommendation are within the diagnostic tolerance.,loyalty_guest,event_or_wedding,room_assignment_expectation_gap,4,71.25,0.605,2160,13980,0.356,false,710,705,0.92,sample_seed_public_rate_shape,partial_room_refund,460,460,room_upgrade,room upgrade,360,90,29,234,-100,-370,false,high,1.0,intelligent_generosity,smp-public-context-v1.0.0,1.0,0.95,no_review_or_survey,high_guest_relationship_value;hotel_responsible_failure;high_severity_issue;recoverable_before_checkout;high_perceived_value_lower_estimated_cost
audit_00256,case_00256,TKT000256,PMS000208,aligned_recovery,high_severity,Matched synthetic action and context-engine recommendation are within the diagnostic tolerance.,new_guest,coastal_weekend,room_assignment_expectation_gap,4,66.65,0.605,1530,2754,0.751,true,810,910,0.92,sample_seed_public_rate_shape,lobby_lounge_credit,135,51,rooftop_f_and_b_credit,Calabra or Palma dining credit,180,72,45,108,45,21,false,moderate,0.926,intelligent_generosity,smp-public-context-v1.0.0,1.0,0.95,ltv_imputed;no_review_or_survey,hotel_responsible_failure;high_severity_issue;recoverable_before_checkout;high_perceived_value_lower_estimated_cost;public_rate_pressure_changed_recovery
audit_00257,case_00257,TKT000257,PMS000510,aligned_recovery,high_severity,Matched synthetic action and context-engine recommendation are within the diagnostic tolerance.,new_guest,coastal_weekend,maintenance_issue,4,65.06,0.608,1800,3490,0.553,false,760,720,0.92,sample_seed_public_rate_shape,spa_wellness_credit,300,165,spa_wellness_credit,Surya Spa or Recovery Suite credit,330,182,99,248,30,17,false,high,1.0,intelligent_generosity,smp-public-context-v1.0.0,1.0,0.95,no_review_or_survey,hotel_responsible_failure;high_severity_issue;recoverable_before_checkout;high_perceived_value_lower_estimated_cost
audit_00258,case_00258,TKT000258,PMS000612,over_comped,severity_inferred,Review downward variance between the matched synthetic action and context-engine recommendation.,vip_guest,local_staycation,f_and_b_service_lapse,2,47.4,0.375,1500,11370,0.296,false,695,690,0.92,sample_seed_public_rate_shape,room_upgrade,395,99,rooftop_f_and_b_credit,Calabra or Palma dining credit,150,60,38,90,-245,-39,false,moderate,1.0,intelligent_generosity,smp-public-context-v1.0.0,1.0,0.95,severity_inferred;no_review_or_survey,high_guest_relationship_value;hotel_responsible_failure;recoverable_before_checkout;high_perceived_value_lower_estimated_cost
audit_00259,case_00259,TKT000259,PMS000643,aligned_recovery,,Matched synthetic action and context-engine recommendation are within the diagnostic tolerance.,new_guest,design_leisure,f_and_b_service_lapse,2,46.14,0.375,2430,3790,0.415,false,725,755,0.92,sample_seed_public_rate_shape,late_checkout,70,14,rooftop_f_and_b_credit,Calabra or Palma dining credit,150,60,38,90,80,46,false,high,1.0,intelligent_generosity,smp-public-context-v1.0.0,1.0,0.95,no_review_or_survey,hotel_responsible_failure;high_perceived_value_lower_estimated_cost
audit_00260,case_00260,TKT000260,PMS000261,data_quality_hold,no_historical_comp_record,Resolve source matching or missing reference action before comparing policies.,returning_guest,business_traveler,rooftop_pool_access_issue,1,36.11,0.272,2950,10440,0.02,false,625,690,0.92,sample_seed_public_rate_shape,,0,0,rooftop_f_and_b_credit,Calabra or Palma dining credit,135,54,34,81,135,54,false,high,1.0,intelligent_generosity,smp-public-context-v1.0.0,1.0,0.95,no_review_or_survey;no_comp_record,recoverable_before_checkout;high_perceived_value_lower_estimated_cost
audit_00261,case_00261,TKT000261,PMS001234,data_quality_hold,no_historical_comp_record,Resolve source matching or missing reference action before comparing policies.,new_guest,coastal_weekend,f_and_b_service_lapse,2,44.9,0.384,4300,7740,1.0,true,900,815,0.92,sample_seed_public_rate_shape,,0,0,rooftop_f_and_b_credit,Calabra or Palma dining credit,150,60,38,90,150,60,false,moderate,1.0,intelligent_generosity,smp-public-context-v1.0.0,0.78,0.95,ltv_imputed;no_comp_record,hotel_responsible_failure;recoverable_before_checkout;high_perceived_value_lower_estimated_cost
audit_00262,case_00262,TKT000262,PMS000249,aligned_recovery,,Matched synthetic action and context-engine recommendation are within the diagnostic tolerance.,vip_guest,family_beach_trip,valet_or_parking_delay,2,47.05,0.347,1940,17320,0.0,false,595,640,0.92,sample_seed_public_rate_shape,parking_fee_waiver,115,21,parking_fee_waiver,parking or destination-fee waiver,85,15,7,30,-30,-6,false,high,1.0,intelligent_generosity,smp-public-context-v1.0.0,1.0,0.95,,high_guest_relationship_value;recoverable_before_checkout;high_perceived_value_lower_estimated_cost
audit_00263,case_00263,TKT000263,PMS000187,data_quality_hold,no_historical_comp_record,Resolve source matching or missing reference action before comparing policies.,returning_guest,event_or_wedding,noise_disruption,2,44.38,0.382,4340,11720,0.138,false,655,615,0.92,sample_seed_public_rate_shape,,0,0,spa_wellness_credit,Surya Spa or Recovery Suite credit,275,151,82,206,275,151,false,high,0.963,intelligent_generosity,smp-public-context-v1.0.0,1.0,0.95,no_comp_record,recoverable_before_checkout;high_perceived_value_lower_estimated_cost
audit_00264,case_00264,TKT000264,PMS000805,aligned_recovery,high_severity,Matched synthetic action and context-engine recommendation are within the diagnostic tolerance.,new_guest,coastal_weekend,room_readiness_delay,4,68.74,0.622,4130,8060,0.613,false,775,780,0.92,sample_seed_public_rate_shape,spa_wellness_credit,305,168,rooftop_f_and_b_credit,Calabra or Palma dining credit,180,72,45,108,-125,-96,false,high,1.0,intelligent_generosity,smp-public-context-v1.0.0,1.0,0.95,no_review_or_survey,hotel_responsible_failure;high_severity_issue;recoverable_before_checkout;high_perceived_value_lower_estimated_cost;operational_pressure_changed_recovery
audit_00265,case_00265,TKT000265,PMS001211,aligned_recovery,high_severity,Matched synthetic action and context-engine recommendation are within the diagnostic tolerance.,vip_guest,business_traveler,billing_or_fee_dispute,4,64.71,0.586,860,5260,0.0,false,590,650,0.92,sample_seed_public_rate_shape,spa_wellness_credit,230,127,future_stay_credit,future-stay credit,300,180,90,255,70,53,false,high,0.963,intelligent_generosity,smp-public-context-v1.0.0,1.0,0.95,,high_guest_relationship_value;high_severity_issue
audit_00266,case_00266,TKT000266,PMS000820,aligned_recovery,,Matched synthetic action and context-engine recommendation are within the diagnostic tolerance.,new_guest,wellness_getaway,valet_or_parking_delay,1,31.13,0.247,600,760,0.277,false,690,720,0.92,sample_seed_public_rate_shape,late_checkout,85,17,parking_fee_waiver,parking or destination-fee waiver,75,14,6,26,-10,-3,false,high,0.963,intelligent_generosity,smp-public-context-v1.0.0,1.0,0.95,,recoverable_before_checkout;high_perceived_value_lower_estimated_cost
audit_00267,case_00267,TKT000267,PMS000511,data_quality_hold,no_historical_comp_record;high_severity,Resolve source matching or missing reference action before comparing policies.,new_guest,business_traveler,billing_or_fee_dispute,4,63.8,0.577,3900,7020,0.534,false,755,690,0.92,sample_seed_public_rate_shape,,0,0,future_stay_credit,future-stay credit,275,165,82,234,275,165,false,moderate,0.963,intelligent_generosity,smp-public-context-v1.0.0,1.0,0.95,ltv_imputed;no_review_or_survey;no_comp_record,high_severity_issue
audit_00268,case_00268,TKT000268,PMS000442,under_recovered,,Review upward variance between the matched synthetic action and context-engine recommendation.,returning_guest,design_leisure,spa_wellness_service_issue,3,57.02,0.49,4200,11910,1.0,true,890,790,0.92,sample_seed_public_rate_shape,lobby_lounge_credit,100,38,spa_wellness_credit,Surya Spa or Recovery Suite credit,275,151,82,206,175,113,false,high,1.0,intelligent_generosity,smp-public-context-v1.0.0,1.0,0.95,no_review_or_survey,hotel_responsible_failure;recoverable_before_checkout;high_perceived_value_lower_estimated_cost
audit_00269,case_00269,TKT000269,PMS001152,aligned_recovery,,Matched synthetic action and context-engine recommendation are within the diagnostic tolerance.,returning_guest,business_traveler,noise_disruption,2,43.47,0.31,3350,7150,0.613,false,775,740,0.92,sample_seed_public_rate_shape,room_upgrade,260,65,spa_wellness_credit,Surya Spa or Recovery Suite credit,275,151,82,206,15,86,false,high,0.889,intelligent_generosity,smp-public-context-v1.0.0,1.0,0.95,,high_perceived_value_lower_estimated_cost
audit_00270,case_00270,TKT000270,PMS001366,data_quality_hold,no_historical_comp_record,Resolve source matching or missing reference action before comparing policies.,loyalty_guest,wellness_getaway,maintenance_issue,3,59.13,0.449,3080,18640,1.0,true,890,790,0.92,sample_seed_public_rate_shape,,0,0,spa_wellness_credit,Surya Spa or Recovery Suite credit,330,182,99,248,330,182,false,high,1.0,intelligent_generosity,smp-public-context-v1.0.0,1.0,0.95,no_comp_record,high_guest_relationship_value;hotel_responsible_failure;recoverable_before_checkout;high_perceived_value_lower_estimated_cost
audit_00271,case_00271,TKT000271,PMS000412,aligned_recovery,high_severity,Matched synthetic action and context-engine recommendation are within the diagnostic tolerance.,new_guest,event_or_wedding,housekeeping_miss,4,66.07,0.616,590,790,0.296,false,695,710,0.92,sample_seed_public_rate_shape,rooftop_f_and_b_credit,200,80,rooftop_f_and_b_credit,Calabra or Palma dining credit,180,72,45,108,-20,-8,false,high,1.0,intelligent_generosity,smp-public-context-v1.0.0,1.0,0.95,no_review_or_survey,hotel_responsible_failure;high_severity_issue;recoverable_before_checkout;high_perceived_value_lower_estimated_cost;property_fit_changed_recovery
audit_00272,case_00272,TKT000272,PMS001506,data_quality_hold,no_historical_comp_record,Resolve source matching or missing reference action before comparing policies.,vip_guest,local_staycation,f_and_b_service_lapse,2,45.38,0.352,1040,5370,1.0,true,1025,960,0.92,sample_seed_public_rate_shape,,0,0,rooftop_f_and_b_credit,Calabra or Palma dining credit,150,60,38,90,150,60,false,high,1.0,intelligent_generosity,smp-public-context-v1.0.0,1.0,0.95,no_comp_record,high_guest_relationship_value;hotel_responsible_failure;recoverable_before_checkout;high_perceived_value_lower_estimated_cost
audit_00273,case_00273,TKT000273,PMS001564,data_quality_hold,no_historical_comp_record;manager_review_model_flag;high_review_risk;high_severity,Resolve source matching or missing reference action before comparing policies.,new_guest,design_leisure,housekeeping_miss,5,78.46,0.72,1680,3160,0.534,false,755,765,0.92,sample_seed_public_rate_shape,,0,0,partial_room_refund,partial room refund,190,190,190,190,190,190,true,high,0.889,intelligent_generosity,smp-public-context-v1.0.0,1.0,0.95,no_review_or_survey;no_comp_record,hotel_responsible_failure;high_severity_issue;high_review_risk;manager_review_required
audit_00274,case_00274,TKT000274,PMS000954,aligned_recovery,,Matched synthetic action and context-engine recommendation are within the diagnostic tolerance.,returning_guest,wellness_getaway,f_and_b_service_lapse,1,43.01,0.432,1710,3620,0.375,false,715,700,0.92,sample_seed_public_rate_shape,parking_fee_waiver,105,19,rooftop_f_and_b_credit,Calabra or Palma dining credit,150,60,38,90,45,41,false,high,1.0,intelligent_generosity,smp-public-context-v1.0.0,1.0,0.95,,hotel_responsible_failure;high_perceived_value_lower_estimated_cost
audit_00275,case_00275,TKT000275,PMS000431,data_quality_hold,weak_identity_or_reservation_match;no_historical_comp_record;manager_review_model_flag;low_decision_confidence,Resolve source matching or missing reference action before comparing policies.,event_or_suite_guest,design_leisure,noise_disruption,2,43.18,0.381,990,4610,0.514,false,750,775,0.92,sample_seed_public_rate_shape,,0,0,spa_wellness_credit,Surya Spa or Recovery Suite credit,275,151,82,206,275,151,true,low,0.815,intelligent_generosity,smp-public-context-v1.0.0,0.58,0.95,low_reservation_match_confidence;no_review_or_survey;no_comp_record,high_guest_relationship_value;recoverable_before_checkout;high_perceived_value_lower_estimated_cost;manager_review_required
audit_00276,case_00276,TKT000276,PMS001305,data_quality_hold,severity_inferred;no_historical_comp_record,Resolve source matching or missing reference action before comparing policies.,new_guest,coastal_weekend,room_assignment_expectation_gap,3,52.28,0.494,590,1120,0.731,true,805,770,0.92,sample_seed_public_rate_shape,,0,0,rooftop_f_and_b_credit,Calabra or Palma dining credit,150,60,38,90,150,60,false,moderate,0.963,intelligent_generosity,smp-public-context-v1.0.0,0.78,0.95,severity_inferred;no_comp_record,hotel_responsible_failure;recoverable_before_checkout;high_perceived_value_lower_estimated_cost;public_rate_pressure_changed_recovery
audit_00277,case_00277,TKT000277,PMS000925,data_quality_hold,no_historical_comp_record;high_severity,Resolve source matching or missing reference action before comparing policies.,new_guest,local_staycation,room_readiness_delay,4,70.38,0.622,2910,5380,1.0,true,875,900,0.92,sample_seed_public_rate_shape,,0,0,rooftop_f_and_b_credit,Calabra or Palma dining credit,180,72,45,108,180,72,false,moderate,1.0,intelligent_generosity,smp-public-context-v1.0.0,1.0,0.95,no_review_or_survey;no_comp_record,hotel_responsible_failure;high_severity_issue;high_perceived_value_lower_estimated_cost;public_rate_pressure_changed_recovery;property_fit_changed_recovery
audit_00278,case_00278,TKT000278,PMS000921,data_quality_hold,no_historical_comp_record,Resolve source matching or missing reference action before comparing policies.,new_guest,coastal_weekend,room_readiness_delay,1,39.94,0.407,1650,2970,0.0,false,620,600,0.92,sample_seed_public_rate_shape,,0,0,late_checkout,late checkout,75,15,6,34,75,15,false,moderate,1.0,intelligent_generosity,smp-public-context-v1.0.0,1.0,0.95,ltv_imputed;no_comp_record,hotel_responsible_failure;recoverable_before_checkout;high_perceived_value_lower_estimated_cost
audit_00279,case_00279,TKT000279,PMS000617,aligned_recovery,,Matched synthetic action and context-engine recommendation are within the diagnostic tolerance.,new_guest,wellness_getaway,valet_or_parking_delay,2,43.63,0.337,5040,8360,0.692,false,795,720,0.92,sample_seed_public_rate_shape,parking_fee_waiver,70,13,parking_fee_waiver,parking or destination-fee waiver,85,15,7,30,15,2,false,high,1.0,intelligent_generosity,smp-public-context-v1.0.0,1.0,0.95,no_review_or_survey,recoverable_before_checkout;high_perceived_value_lower_estimated_cost
audit_00280,case_00280,TKT000280,PMS001360,under_recovered,high_severity,Review upward variance between the matched synthetic action and context-engine recommendation.,loyalty_guest,design_leisure,room_readiness_delay,4,73.41,0.622,5530,25800,1.0,true,900,865,0.92,sample_seed_public_rate_shape,late_checkout,70,14,rooftop_f_and_b_credit,Calabra or Palma dining credit,180,72,45,108,110,58,false,moderate,1.0,intelligent_generosity,smp-public-context-v1.0.0,1.0,0.95,no_review_or_survey,high_guest_relationship_value;hotel_responsible_failure;high_severity_issue;recoverable_before_checkout;high_perceived_value_lower_estimated_cost;public_rate_pressure_changed_recovery
audit_00281,case_00281,TKT000281,PMS001162,aligned_recovery,,Matched synthetic action and context-engine recommendation are within the diagnostic tolerance.,new_guest,business_traveler,f_and_b_service_lapse,2,43.43,0.375,1680,3440,1.0,true,900,865,0.92,sample_seed_public_rate_shape,rooftop_f_and_b_credit,155,62,rooftop_f_and_b_credit,Calabra or Palma dining credit,150,60,38,90,-5,-2,false,high,1.0,intelligent_generosity,smp-public-context-v1.0.0,1.0,0.95,no_review_or_survey,hotel_responsible_failure;recoverable_before_checkout;high_perceived_value_lower_estimated_cost
audit_00282,case_00282,TKT000282,PMS000871,over_comped,severity_inferred,Review downward variance between the matched synthetic action and context-engine recommendation.,new_guest,coastal_weekend,housekeeping_miss,3,61.15,0.57,1340,2710,0.494,false,745,760,0.92,sample_seed_public_rate_shape,spa_wellness_credit,325,179,future_stay_credit,future-stay credit,235,141,70,200,-90,-38,false,moderate,0.815,intelligent_generosity,smp-public-context-v1.0.0,1.0,0.95,severity_inferred,hotel_responsible_failure
audit_00283,case_00283,TKT000283,PMS001107,under_recovered,severity_inferred,Review upward variance between the matched synthetic action and context-engine recommendation.,loyalty_guest,coastal_weekend,spa_wellness_service_issue,3,56.94,0.467,2250,11110,0.04,false,630,640,0.92,sample_seed_public_rate_shape,manager_note,0,0,spa_wellness_credit,Surya Spa or Recovery Suite credit,275,151,82,206,275,151,false,moderate,1.0,intelligent_generosity,smp-public-context-v1.0.0,1.0,0.95,severity_inferred,high_guest_relationship_value;hotel_responsible_failure;recoverable_before_checkout;high_perceived_value_lower_estimated_cost
audit_00284,case_00284,TKT000284,PMS000675,aligned_recovery,severity_inferred,Matched synthetic action and context-engine recommendation are within the diagnostic tolerance.,new_guest,family_beach_trip,housekeeping_miss,3,58.57,0.513,3420,6430,0.0,false,575,555,0.92,sample_seed_public_rate_shape,room_upgrade,230,58,rooftop_f_and_b_credit,Calabra or Palma dining credit,180,72,45,108,-50,14,false,moderate,1.0,intelligent_generosity,smp-public-context-v1.0.0,0.78,0.95,severity_inferred;no_review_or_survey,hotel_responsible_failure;recoverable_before_checkout;high_perceived_value_lower_estimated_cost;property_fit_changed_recovery
audit_00285,case_00285,TKT000285,PMS000680,manager_review_required,manager_review_model_flag;high_severity,"Route to manager because severity, guest value, spend, or policy variance is high.",vip_guest,design_leisure,housekeeping_miss,4,76.2,0.586,4440,27430,0.751,true,810,745,0.92,sample_seed_public_rate_shape,late_checkout,85,17,future_stay_credit,future-stay credit,390,234,117,332,305,217,true,high,1.0,intelligent_generosity,smp-public-context-v1.0.0,0.78,0.95,,high_guest_relationship_value;hotel_responsible_failure;high_severity_issue;manager_review_required
audit_00286,case_00286,TKT000286,PMS000104,aligned_recovery,severity_inferred,Matched synthetic action and context-engine recommendation are within the diagnostic tolerance.,returning_guest,event_or_wedding,room_readiness_delay,3,57.44,0.518,540,972,0.277,false,690,725,0.92,sample_seed_public_rate_shape,rooftop_f_and_b_credit,0,0,late_checkout,late checkout,85,17,7,38,85,17,false,moderate,0.63,intelligent_generosity,smp-public-context-v1.0.0,0.78,0.95,severity_inferred;ltv_imputed;no_review_or_survey,hotel_responsible_failure;recoverable_before_checkout;high_perceived_value_lower_estimated_cost
audit_00287,case_00287,TKT000287,PMS000751,data_quality_hold,no_historical_comp_record,Resolve source matching or missing reference action before comparing policies.,loyalty_guest,local_staycation,billing_or_fee_dispute,2,44.92,0.37,2670,15590,1.0,true,1025,960,0.92,sample_seed_public_rate_shape,,0,0,rooftop_f_and_b_credit,Calabra or Palma dining credit,150,60,38,90,150,60,false,high,1.0,intelligent_generosity,smp-public-context-v1.0.0,1.0,0.95,no_review_or_survey;no_comp_record,high_guest_relationship_value;recoverable_before_checkout;high_perceived_value_lower_estimated_cost;property_fit_changed_recovery
audit_00288,case_00288,TKT000288,PMS001475,over_comped,severity_inferred,Review downward variance between the matched synthetic action and context-engine recommendation.,new_guest,wellness_getaway,rooftop_pool_access_issue,2,44.87,0.512,1200,2330,0.514,false,750,730,0.92,sample_seed_public_rate_shape,spa_wellness_credit,335,184,rooftop_f_and_b_credit,Calabra or Palma dining credit,150,60,38,90,-185,-124,false,moderate,1.0,intelligent_generosity,smp-public-context-v1.0.0,1.0,0.95,severity_inferred,recoverable_before_checkout;high_perceived_value_lower_estimated_cost
audit_00289,case_00289,TKT000289,PMS000308,under_recovered,high_severity,Review upward variance between the matched synthetic action and context-engine recommendation.,returning_guest,coastal_weekend,housekeeping_miss,4,71.34,0.616,1400,3300,0.257,false,685,725,0.92,sample_seed_public_rate_shape,late_checkout,75,15,future_stay_credit,future-stay credit,245,147,74,208,170,132,false,high,0.926,intelligent_generosity,smp-public-context-v1.0.0,0.78,0.95,no_review_or_survey,hotel_responsible_failure;high_severity_issue;recoverable_before_checkout
audit_00290,case_00290,TKT000290,PMS000492,data_quality_hold,no_historical_comp_record,Resolve source matching or missing reference action before comparing policies.,new_guest,business_traveler,valet_or_parking_delay,3,52.51,0.511,3760,6768,0.296,false,695,690,0.92,sample_seed_public_rate_shape,,0,0,parking_fee_waiver,parking or destination-fee waiver,85,15,7,30,85,15,false,moderate,0.963,intelligent_generosity,smp-public-context-v1.0.0,1.0,0.95,ltv_imputed;no_comp_record,recoverable_before_checkout;high_perceived_value_lower_estimated_cost
audit_00291,case_00291,TKT000291,PMS001461,aligned_recovery,high_severity,Matched synthetic action and context-engine recommendation are within the diagnostic tolerance.,new_guest,event_or_wedding,room_assignment_expectation_gap,5,68.31,0.438,2280,2930,0.0,false,600,635,0.92,sample_seed_public_rate_shape,future_stay_credit,385,231,room_upgrade,room upgrade,360,90,29,234,-25,-141,false,high,1.0,intelligent_generosity,smp-public-context-v1.0.0,1.0,0.95,,hotel_responsible_failure;high_severity_issue;recoverable_before_checkout;high_perceived_value_lower_estimated_cost
audit_00292,case_00292,TKT000292,PMS000151,data_quality_hold,no_historical_comp_record,Resolve source matching or missing reference action before comparing policies.,new_guest,design_leisure,billing_or_fee_dispute,2,45.34,0.37,4970,8030,0.613,false,775,745,0.92,sample_seed_public_rate_shape,,0,0,parking_fee_waiver,parking or destination-fee waiver,85,15,7,30,85,15,false,high,1.0,intelligent_generosity,smp-public-context-v1.0.0,1.0,0.95,no_review_or_survey;no_comp_record,high_perceived_value_lower_estimated_cost
audit_00293,case_00293,TKT000293,PMS000655,data_quality_hold,no_historical_comp_record,Resolve source matching or missing reference action before comparing policies.,returning_guest,event_or_wedding,f_and_b_service_lapse,2,44.91,0.375,2220,5650,1.0,true,885,830,0.92,sample_seed_public_rate_shape,,0,0,rooftop_f_and_b_credit,Calabra or Palma dining credit,150,60,38,90,150,60,false,high,1.0,intelligent_generosity,smp-public-context-v1.0.0,1.0,0.95,no_review_or_survey;no_comp_record,hotel_responsible_failure;recoverable_before_checkout;high_perceived_value_lower_estimated_cost
audit_00294,case_00294,TKT000294,PMS000122,data_quality_hold,no_historical_comp_record,Resolve source matching or missing reference action before comparing policies.,new_guest,business_traveler,noise_disruption,3,46.99,0.414,2600,4680,0.85,true,835,835,0.92,sample_seed_public_rate_shape,,0,0,spa_wellness_credit,Surya Spa or Recovery Suite credit,275,151,82,206,275,151,false,moderate,0.963,intelligent_generosity,smp-public-context-v1.0.0,1.0,0.95,ltv_imputed;no_comp_record,recoverable_before_checkout;high_perceived_value_lower_estimated_cost
audit_00295,case_00295,TKT000295,PMS000143,aligned_recovery,,Matched synthetic action and context-engine recommendation are within the diagnostic tolerance.,new_guest,coastal_weekend,room_assignment_expectation_gap,2,51.51,0.342,5820,9650,0.257,false,685,715,0.92,sample_seed_public_rate_shape,amenity_gesture,75,34,room_upgrade,room upgrade,300,75,24,195,225,41,false,high,0.963,intelligent_generosity,smp-public-context-v1.0.0,1.0,0.95,,hotel_responsible_failure;recoverable_before_checkout;high_perceived_value_lower_estimated_cost
audit_00296,case_00296,TKT000296,PMS000101,data_quality_hold,no_historical_comp_record,Resolve source matching or missing reference action before comparing policies.,returning_guest,wellness_getaway,f_and_b_service_lapse,2,45.15,0.375,2430,5040,0.791,true,820,795,0.92,sample_seed_public_rate_shape,,0,0,rooftop_f_and_b_credit,Calabra or Palma dining credit,150,60,38,90,150,60,false,high,1.0,intelligent_generosity,smp-public-context-v1.0.0,1.0,0.95,no_review_or_survey;no_comp_record,hotel_responsible_failure;recoverable_before_checkout;high_perceived_value_lower_estimated_cost
audit_00297,case_00297,TKT000297,PMS000329,aligned_recovery,high_severity,Matched synthetic action and context-engine recommendation are within the diagnostic tolerance.,returning_guest,business_traveler,billing_or_fee_dispute,5,73.08,0.681,6160,18740,0.85,true,835,840,0.92,sample_seed_public_rate_shape,future_stay_credit,235,141,rooftop_f_and_b_credit,Calabra or Palma dining credit,180,72,45,108,-55,-69,false,moderate,1.0,intelligent_generosity,smp-public-context-v1.0.0,1.0,0.95,no_review_or_survey,high_severity_issue;recoverable_before_checkout;high_perceived_value_lower_estimated_cost;public_rate_pressure_changed_recovery;property_fit_changed_recovery
audit_00298,case_00298,TKT000298,PMS000402,aligned_recovery,,Matched synthetic action and context-engine recommendation are within the diagnostic tolerance.,new_guest,design_leisure,spa_wellness_service_issue,1,35.38,0.299,1680,2940,0.059,false,635,680,0.92,sample_seed_public_rate_shape,rooftop_f_and_b_credit,140,56,rooftop_f_and_b_credit,Calabra or Palma dining credit,135,54,34,81,-5,-2,false,high,0.963,intelligent_generosity,smp-public-context-v1.0.0,0.78,0.95,,hotel_responsible_failure;recoverable_before_checkout;high_perceived_value_lower_estimated_cost
audit_00299,case_00299,TKT000299,PMS000090,aligned_recovery,,Matched synthetic action and context-engine recommendation are within the diagnostic tolerance.,new_guest,coastal_weekend,f_and_b_service_lapse,2,41.99,0.312,510,670,0.415,false,725,695,0.92,sample_seed_public_rate_shape,amenity_gesture,50,22,rooftop_f_and_b_credit,Calabra or Palma dining credit,135,54,34,81,85,32,false,high,1.0,intelligent_generosity,smp-public-context-v1.0.0,1.0,0.95,,hotel_responsible_failure;recoverable_before_checkout;high_perceived_value_lower_estimated_cost
audit_00300,case_00300,TKT000300,PMS001262,aligned_recovery,,Matched synthetic action and context-engine recommendation are within the diagnostic tolerance.,new_guest,design_leisure,f_and_b_service_lapse,2,46.21,0.375,2040,3672,0.81,true,825,815,0.92,sample_seed_public_rate_shape,amenity_gesture,55,25,rooftop_f_and_b_credit,Calabra or Palma dining credit,150,60,38,90,95,35,false,moderate,1.0,intelligent_generosity,smp-public-context-v1.0.0,1.0,0.95,ltv_imputed;no_review_or_survey,hotel_responsible_failure;recoverable_before_checkout;high_perceived_value_lower_estimated_cost
audit_00301,case_00301,TKT000301,PMS001284,aligned_recovery,high_severity,Matched synthetic action and context-engine recommendation are within the diagnostic tolerance.,returning_guest,wellness_getaway,housekeeping_miss,4,73.05,0.616,2250,6690,0.534,false,755,655,0.92,sample_seed_public_rate_shape,rooftop_f_and_b_credit,190,76,future_stay_credit,future-stay credit,260,156,78,221,70,80,false,high,0.889,intelligent_generosity,smp-public-context-v1.0.0,1.0,0.95,no_review_or_survey,hotel_responsible_failure;high_severity_issue;recoverable_before_checkout
audit_00302,case_00302,TKT000302,PMS000008,data_quality_hold,no_historical_comp_record,Resolve source matching or missing reference action before comparing policies.,new_guest,business_traveler,f_and_b_service_lapse,3,54.91,0.479,5320,7350,0.395,false,720,760,0.92,sample_seed_public_rate_shape,,0,0,rooftop_f_and_b_credit,Calabra or Palma dining credit,150,60,38,90,150,60,false,high,1.0,intelligent_generosity,smp-public-context-v1.0.0,1.0,0.95,no_review_or_survey;no_comp_record,hotel_responsible_failure;recoverable_before_checkout;high_perceived_value_lower_estimated_cost
audit_00303,case_00303,TKT000303,PMS000544,aligned_recovery,severity_inferred,Matched synthetic action and context-engine recommendation are within the diagnostic tolerance.,returning_guest,family_beach_trip,room_assignment_expectation_gap,3,54.0,0.518,840,2160,0.296,false,695,690,0.92,sample_seed_public_rate_shape,amenity_gesture,75,34,room_upgrade,room upgrade,300,75,24,195,225,41,false,moderate,1.0,intelligent_generosity,smp-public-context-v1.0.0,1.0,0.95,severity_inferred,hotel_responsible_failure;recoverable_before_checkout;high_perceived_value_lower_estimated_cost
audit_00304,case_00304,TKT000304,PMS001306,data_quality_hold,no_historical_comp_record,Resolve source matching or missing reference action before comparing policies.,loyalty_guest,family_beach_trip,room_readiness_delay,3,58.59,0.518,600,2760,0.652,false,785,785,0.92,sample_seed_public_rate_shape,,0,0,room_upgrade,room upgrade,360,90,29,234,360,90,false,high,0.926,intelligent_generosity,smp-public-context-v1.0.0,1.0,0.95,no_review_or_survey;no_comp_record,high_guest_relationship_value;hotel_responsible_failure;recoverable_before_checkout;high_perceived_value_lower_estimated_cost
audit_00305,case_00305,TKT000305,PMS001474,aligned_recovery,,Matched synthetic action and context-engine recommendation are within the diagnostic tolerance.,new_guest,local_staycation,housekeeping_miss,3,53.18,0.338,660,960,0.949,true,860,920,0.92,sample_seed_public_rate_shape,lobby_lounge_credit,110,42,rooftop_f_and_b_credit,Calabra or Palma dining credit,150,60,38,90,40,18,false,high,1.0,intelligent_generosity,smp-public-context-v1.0.0,1.0,0.95,,hotel_responsible_failure;recoverable_before_checkout;high_perceived_value_lower_estimated_cost
audit_00306,case_00306,TKT000306,PMS000951,aligned_recovery,,Matched synthetic action and context-engine recommendation are within the diagnostic tolerance.,loyalty_guest,design_leisure,valet_or_parking_delay,3,51.74,0.455,770,1386,0.81,true,825,815,0.92,sample_seed_public_rate_shape,parking_fee_waiver,110,20,rooftop_f_and_b_credit,Calabra or Palma dining credit,150,60,38,90,40,40,false,moderate,1.0,intelligent_generosity,smp-public-context-v1.0.0,1.0,0.95,ltv_imputed;no_review_or_survey,high_guest_relationship_value;recoverable_before_checkout;high_perceived_value_lower_estimated_cost;public_rate_pressure_changed_recovery
audit_00307,case_00307,TKT000307,PMS000437,under_recovered,,Review upward variance between the matched synthetic action and context-engine recommendation.,event_or_suite_guest,business_traveler,housekeeping_miss,3,72.94,0.65,5250,40830,0.534,false,755,655,0.92,sample_seed_public_rate_shape,manager_note,0,0,future_stay_credit,future-stay credit,260,156,78,221,260,156,false,high,1.0,intelligent_generosity,smp-public-context-v1.0.0,1.0,0.95,,high_guest_relationship_value;hotel_responsible_failure
audit_00308,case_00308,TKT000308,PMS000847,under_recovered,severity_inferred,Review upward variance between the matched synthetic action and context-engine recommendation.,loyalty_guest,coastal_weekend,maintenance_issue,3,59.29,0.529,660,3340,0.514,false,750,695,0.92,sample_seed_public_rate_shape,spa_wellness_credit,225,124,spa_wellness_credit,Surya Spa or Recovery Suite credit,330,182,99,248,105,58,false,moderate,1.0,intelligent_generosity,smp-public-context-v1.0.0,1.0,0.95,severity_inferred,high_guest_relationship_value;hotel_responsible_failure;high_perceived_value_lower_estimated_cost
audit_00309,case_00309,TKT000309,PMS001027,data_quality_hold,weak_identity_or_reservation_match;manager_review_model_flag;low_decision_confidence,Resolve source matching or missing reference action before comparing policies.,new_guest,coastal_weekend,room_assignment_expectation_gap,3,55.97,0.501,1420,2556,0.296,false,695,765,0.92,sample_seed_public_rate_shape,rooftop_f_and_b_credit,155,62,rooftop_f_and_b_credit,Calabra or Palma dining credit,150,60,38,90,-5,-2,true,low,0.889,intelligent_generosity,smp-public-context-v1.0.0,0.58,0.95,low_reservation_match_confidence;ltv_imputed;no_review_or_survey,hotel_responsible_failure;high_perceived_value_lower_estimated_cost;manager_review_required
audit_00310,case_00310,TKT000310,PMS001438,data_quality_hold,severity_inferred;no_historical_comp_record,Resolve source matching or missing reference action before comparing policies.,new_guest,business_traveler,housekeeping_miss,3,56.53,0.506,2190,4250,0.138,false,655,630,0.92,sample_seed_public_rate_shape,,0,0,rooftop_f_and_b_credit,Calabra or Palma dining credit,150,60,38,90,150,60,false,moderate,0.852,intelligent_generosity,smp-public-context-v1.0.0,0.78,0.95,severity_inferred;no_comp_record,hotel_responsible_failure;recoverable_before_checkout;high_perceived_value_lower_estimated_cost
audit_00311,case_00311,TKT000311,PMS001192,data_quality_hold,no_historical_comp_record,Resolve source matching or missing reference action before comparing policies.,returning_guest,coastal_weekend,rooftop_pool_access_issue,3,53.89,0.479,690,2650,0.553,false,760,735,0.92,sample_seed_public_rate_shape,,0,0,rooftop_f_and_b_credit,Calabra or Palma dining credit,150,60,38,90,150,60,false,high,1.0,intelligent_generosity,smp-public-context-v1.0.0,1.0,0.95,no_review_or_survey;no_comp_record,high_perceived_value_lower_estimated_cost
audit_00312,case_00312,TKT000312,PMS001368,data_quality_hold,no_historical_comp_record,Resolve source matching or missing reference action before comparing policies.,returning_guest,event_or_wedding,rooftop_pool_access_issue,2,47.84,0.376,4830,12320,0.217,false,675,705,0.92,sample_seed_public_rate_shape,,0,0,rooftop_f_and_b_credit,Calabra or Palma dining credit,150,60,38,90,150,60,false,high,1.0,intelligent_generosity,smp-public-context-v1.0.0,0.78,0.95,no_comp_record,high_perceived_value_lower_estimated_cost
audit_00313,case_00313,TKT000313,PMS000636,manager_review_required,manager_review_model_flag;high_review_risk;high_severity,"Route to manager because severity, guest value, spend, or policy variance is high.",new_guest,wellness_getaway,housekeeping_miss,5,77.84,0.72,4380,7440,0.316,false,700,640,0.92,sample_seed_public_rate_shape,rooftop_f_and_b_credit,170,68,future_stay_credit,future-stay credit,255,153,76,217,85,85,true,high,0.963,intelligent_generosity,smp-public-context-v1.0.0,1.0,0.95,no_review_or_survey,hotel_responsible_failure;high_severity_issue;high_review_risk;recoverable_before_checkout;manager_review_required
audit_00314,case_00314,TKT000314,PMS000520,data_quality_hold,no_historical_comp_record,Resolve source matching or missing reference action before comparing policies.,new_guest,event_or_wedding,room_readiness_delay,2,49.48,0.407,2250,4750,0.158,false,660,645,0.92,sample_seed_public_rate_shape,,0,0,room_upgrade,room upgrade,300,75,24,195,300,75,false,moderate,0.778,intelligent_generosity,smp-public-context-v1.0.0,0.78,0.95,no_comp_record,hotel_responsible_failure;recoverable_before_checkout;high_perceived_value_lower_estimated_cost;property_fit_changed_recovery
audit_00315,case_00315,TKT000315,PMS000443,under_recovered,high_severity,Review upward variance between the matched synthetic action and context-engine recommendation.,new_guest,design_leisure,maintenance_issue,4,64.93,0.608,2130,4030,0.613,false,775,760,0.92,sample_seed_public_rate_shape,rooftop_f_and_b_credit,145,58,spa_wellness_credit,Surya Spa or Recovery Suite credit,330,182,99,248,185,124,false,high,1.0,intelligent_generosity,smp-public-context-v1.0.0,1.0,0.95,no_review_or_survey,hotel_responsible_failure;high_severity_issue;recoverable_before_checkout;high_perceived_value_lower_estimated_cost
audit_00316,case_00316,TKT000316,PMS000818,data_quality_hold,no_historical_comp_record;high_severity,Resolve source matching or missing reference action before comparing policies.,returning_guest,coastal_weekend,room_assignment_expectation_gap,4,68.48,0.494,2760,7780,0.731,true,805,775,0.92,sample_seed_public_rate_shape,,0,0,future_stay_credit,future-stay credit,320,192,96,272,320,192,false,moderate,0.815,intelligent_generosity,smp-public-context-v1.0.0,1.0,0.95,no_comp_record,hotel_responsible_failure;high_severity_issue;recoverable_before_checkout;operational_pressure_changed_recovery;public_rate_pressure_changed_recovery
audit_00317,case_00317,TKT000317,PMS001558,aligned_recovery,severity_inferred,Matched synthetic action and context-engine recommendation are within the diagnostic tolerance.,new_guest,wellness_getaway,valet_or_parking_delay,2,40.08,0.337,550,1070,0.395,false,720,760,0.92,sample_seed_public_rate_shape,amenity_gesture,60,27,parking_fee_waiver,parking or destination-fee waiver,75,14,6,26,15,-13,false,moderate,1.0,intelligent_generosity,smp-public-context-v1.0.0,1.0,0.95,severity_inferred;no_review_or_survey,recoverable_before_checkout;high_perceived_value_lower_estimated_cost
audit_00318,case_00318,TKT000318,PMS001523,data_quality_hold,no_historical_comp_record,Resolve source matching or missing reference action before comparing policies.,new_guest,coastal_weekend,housekeeping_miss,1,41.13,0.305,940,1570,0.672,false,790,680,0.92,sample_seed_public_rate_shape,,0,0,rooftop_f_and_b_credit,Calabra or Palma dining credit,135,54,34,81,135,54,false,high,1.0,intelligent_generosity,smp-public-context-v1.0.0,1.0,0.95,no_review_or_survey;no_comp_record,hotel_responsible_failure;high_perceived_value_lower_estimated_cost
audit_00319,case_00319,TKT000319,PMS001391,data_quality_hold,no_historical_comp_record,Resolve source matching or missing reference action before comparing policies.,new_guest,coastal_weekend,maintenance_issue,3,60.1,0.561,4130,7380,0.771,true,815,800,0.92,sample_seed_public_rate_shape,,0,0,spa_wellness_credit,Surya Spa or Recovery Suite credit,330,182,99,248,330,182,false,high,1.0,intelligent_generosity,smp-public-context-v1.0.0,1.0,0.95,no_comp_record,hotel_responsible_failure;high_perceived_value_lower_estimated_cost
audit_00320,case_00320,TKT000320,PMS001416,aligned_recovery,,Matched synthetic action and context-engine recommendation are within the diagnostic tolerance.,new_guest,wellness_getaway,rooftop_pool_access_issue,1,36.57,0.44,650,1090,0.257,false,685,650,0.92,sample_seed_public_rate_shape,lobby_lounge_credit,90,34,rooftop_f_and_b_credit,Calabra or Palma dining credit,135,54,34,81,45,20,false,high,1.0,intelligent_generosity,smp-public-context-v1.0.0,1.0,0.95,,high_perceived_value_lower_estimated_cost
audit_00321,case_00321,TKT000321,PMS000666,data_quality_hold,no_historical_comp_record,Resolve source matching or missing reference action before comparing policies.,returning_guest,design_leisure,spa_wellness_service_issue,2,48.97,0.395,1680,3024,0.257,false,685,725,0.92,sample_seed_public_rate_shape,,0,0,spa_wellness_credit,Surya Spa or Recovery Suite credit,275,151,82,206,275,151,false,moderate,0.963,intelligent_generosity,smp-public-context-v1.0.0,1.0,0.95,ltv_imputed;no_comp_record,hotel_responsible_failure;high_perceived_value_lower_estimated_cost
audit_00322,case_00322,TKT000322,PMS000163,data_quality_hold,severity_inferred;no_historical_comp_record,Resolve source matching or missing reference action before comparing policies.,returning_guest,wellness_getaway,f_and_b_service_lapse,2,43.58,0.375,700,1570,0.514,false,750,750,0.92,sample_seed_public_rate_shape,,0,0,rooftop_f_and_b_credit,Calabra or Palma dining credit,150,60,38,90,150,60,false,moderate,1.0,intelligent_generosity,smp-public-context-v1.0.0,1.0,0.95,severity_inferred;no_review_or_survey;no_comp_record,hotel_responsible_failure;recoverable_before_checkout;high_perceived_value_lower_estimated_cost
audit_00323,case_00323,TKT000323,PMS000649,under_recovered,high_severity,Review upward variance between the matched synthetic action and context-engine recommendation.,new_guest,coastal_weekend,maintenance_issue,4,65.23,0.608,2160,3250,0.573,false,765,685,0.92,sample_seed_public_rate_shape,rooftop_f_and_b_credit,125,50,spa_wellness_credit,Surya Spa or Recovery Suite credit,330,182,99,248,205,132,false,high,1.0,intelligent_generosity,smp-public-context-v1.0.0,1.0,0.95,no_review_or_survey,hotel_responsible_failure;high_severity_issue;recoverable_before_checkout;high_perceived_value_lower_estimated_cost
audit_00324,case_00324,TKT000324,PMS001195,aligned_recovery,high_review_risk;high_severity,Matched synthetic action and context-engine recommendation are within the diagnostic tolerance.,new_guest,design_leisure,housekeeping_miss,5,75.38,0.72,1120,2016,0.81,true,825,815,0.92,sample_seed_public_rate_shape,room_upgrade,360,90,rooftop_f_and_b_credit,Calabra or Palma dining credit,180,72,45,108,-180,-18,false,moderate,1.0,intelligent_generosity,smp-public-context-v1.0.0,1.0,0.95,ltv_imputed;no_review_or_survey,hotel_responsible_failure;high_severity_issue;high_review_risk;recoverable_before_checkout;high_perceived_value_lower_estimated_cost
audit_00325,case_00325,TKT000325,PMS000825,data_quality_hold,no_historical_comp_record,Resolve source matching or missing reference action before comparing policies.,vip_guest,coastal_weekend,rooftop_pool_access_issue,2,43.78,0.32,820,6220,0.296,false,695,710,0.92,sample_seed_public_rate_shape,,0,0,rooftop_f_and_b_credit,Calabra or Palma dining credit,150,60,38,90,150,60,false,high,1.0,intelligent_generosity,smp-public-context-v1.0.0,1.0,0.95,no_comp_record,high_guest_relationship_value;recoverable_before_checkout;high_perceived_value_lower_estimated_cost
audit_00326,case_00326,TKT000326,PMS001587,aligned_recovery,,Matched synthetic action and context-engine recommendation are within the diagnostic tolerance.,new_guest,family_beach_trip,maintenance_issue,2,47.9,0.401,1220,2640,1.0,true,895,890,0.92,sample_seed_public_rate_shape,lobby_lounge_credit,130,49,spa_wellness_credit,Surya Spa or Recovery Suite credit,275,151,82,206,145,102,false,high,0.963,intelligent_generosity,smp-public-context-v1.0.0,1.0,0.95,no_review_or_survey,hotel_responsible_failure;high_perceived_value_lower_estimated_cost
audit_00327,case_00327,TKT000327,PMS000073,data_quality_hold,no_historical_comp_record,Resolve source matching or missing reference action before comparing policies.,vip_guest,business_traveler,valet_or_parking_delay,3,56.53,0.465,4760,26700,0.356,false,710,695,0.92,sample_seed_public_rate_shape,,0,0,parking_fee_waiver,parking or destination-fee waiver,85,15,7,30,85,15,false,high,0.815,intelligent_generosity,smp-public-context-v1.0.0,1.0,0.95,no_comp_record,high_guest_relationship_value;recoverable_before_checkout;high_perceived_value_lower_estimated_cost
audit_00328,case_00328,TKT000328,PMS000045,under_recovered,high_severity,Review upward variance between the matched synthetic action and context-engine recommendation.,new_guest,design_leisure,room_readiness_delay,5,71.03,0.551,1140,2190,0.158,false,660,695,0.92,sample_seed_public_rate_shape,room_upgrade,260,65,room_upgrade,room upgrade,360,90,29,234,100,25,false,high,1.0,intelligent_generosity,smp-public-context-v1.0.0,1.0,0.95,,hotel_responsible_failure;high_severity_issue;recoverable_before_checkout;high_perceived_value_lower_estimated_cost
audit_00329,case_00329,TKT000329,PMS000661,aligned_recovery,,Matched synthetic action and context-engine recommendation are within the diagnostic tolerance.,returning_guest,coastal_weekend,rooftop_pool_access_issue,1,37.85,0.328,5880,12610,0.573,false,765,685,0.92,sample_seed_public_rate_shape,manager_note,0,0,rooftop_f_and_b_credit,Calabra or Palma dining credit,135,54,34,81,135,54,false,high,1.0,intelligent_generosity,smp-public-context-v1.0.0,1.0,0.95,,recoverable_before_checkout;high_perceived_value_lower_estimated_cost
audit_00330,case_00330,TKT000330,PMS000992,aligned_recovery,,Matched synthetic action and context-engine recommendation are within the diagnostic tolerance.,new_guest,business_traveler,valet_or_parking_delay,3,49.73,0.42,2600,4320,0.059,false,635,565,0.92,sample_seed_public_rate_shape,parking_fee_waiver,120,22,parking_fee_waiver,parking or destination-fee waiver,85,15,7,30,-35,-7,false,high,1.0,intelligent_generosity,smp-public-context-v1.0.0,1.0,0.95,,recoverable_before_checkout;high_perceived_value_lower_estimated_cost
audit_00331,case_00331,TKT000331,PMS001589,under_recovered,high_severity,Review upward variance between the matched synthetic action and context-engine recommendation.,returning_guest,design_leisure,noise_disruption,4,61.66,0.588,1340,4340,0.494,false,745,760,0.92,sample_seed_public_rate_shape,lobby_lounge_credit,75,28,spa_wellness_credit,Surya Spa or Recovery Suite credit,330,182,99,248,255,154,false,high,1.0,intelligent_generosity,smp-public-context-v1.0.0,1.0,0.95,no_review_or_survey,high_severity_issue;high_perceived_value_lower_estimated_cost
audit_00332,case_00332,TKT000332,PMS000830,aligned_recovery,,Matched synthetic action and context-engine recommendation are within the diagnostic tolerance.,new_guest,family_beach_trip,f_and_b_service_lapse,1,37.5,0.352,630,850,0.217,false,675,705,0.92,sample_seed_public_rate_shape,rooftop_f_and_b_credit,180,72,rooftop_f_and_b_credit,Calabra or Palma dining credit,135,54,34,81,-45,-18,false,high,1.0,intelligent_generosity,smp-public-context-v1.0.0,1.0,0.95,,hotel_responsible_failure;high_perceived_value_lower_estimated_cost
audit_00333,case_00333,TKT000333,PMS000391,aligned_recovery,high_severity,Matched synthetic action and context-engine recommendation are within the diagnostic tolerance.,returning_guest,business_traveler,room_readiness_delay,4,68.74,0.622,1920,7380,1.0,true,890,855,0.92,sample_seed_public_rate_shape,late_checkout,115,23,rooftop_f_and_b_credit,Calabra or Palma dining credit,180,72,45,108,65,49,false,moderate,1.0,intelligent_generosity,smp-public-context-v1.0.0,1.0,0.95,no_review_or_survey,hotel_responsible_failure;high_severity_issue;recoverable_before_checkout;high_perceived_value_lower_estimated_cost;public_rate_pressure_changed_recovery
audit_00334,case_00334,TKT000334,PMS000856,data_quality_hold,no_historical_comp_record,Resolve source matching or missing reference action before comparing policies.,returning_guest,wellness_getaway,rooftop_pool_access_issue,3,55.21,0.464,2840,6790,0.85,true,835,810,0.92,sample_seed_public_rate_shape,,0,0,rooftop_f_and_b_credit,Calabra or Palma dining credit,150,60,38,90,150,60,false,high,1.0,intelligent_generosity,smp-public-context-v1.0.0,1.0,0.95,no_comp_record,high_perceived_value_lower_estimated_cost
audit_00335,case_00335,TKT000335,PMS000646,data_quality_hold,severity_inferred;no_historical_comp_record,Resolve source matching or missing reference action before comparing policies.,returning_guest,event_or_wedding,maintenance_issue,3,59.34,0.465,1860,5080,0.178,false,665,645,0.92,sample_seed_public_rate_shape,,0,0,spa_wellness_credit,Surya Spa or Recovery Suite credit,330,182,99,248,330,182,false,moderate,1.0,intelligent_generosity,smp-public-context-v1.0.0,1.0,0.95,severity_inferred;no_comp_record,hotel_responsible_failure;recoverable_before_checkout;high_perceived_value_lower_estimated_cost
audit_00336,case_00336,TKT000336,PMS000176,aligned_recovery,,Matched synthetic action and context-engine recommendation are within the diagnostic tolerance.,new_guest,design_leisure,housekeeping_miss,2,48.16,0.418,2520,4040,0.0,false,590,605,0.92,sample_seed_public_rate_shape,rooftop_f_and_b_credit,160,64,rooftop_f_and_b_credit,Calabra or Palma dining credit,150,60,38,90,-10,-4,false,high,1.0,intelligent_generosity,smp-public-context-v1.0.0,1.0,0.95,,hotel_responsible_failure;recoverable_before_checkout;high_perceived_value_lower_estimated_cost
audit_00337,case_00337,TKT000337,PMS001324,under_recovered,high_severity,Review upward variance between the matched synthetic action and context-engine recommendation.,vip_guest,coastal_weekend,housekeeping_miss,4,75.55,0.616,2250,16310,0.711,false,800,765,0.92,sample_seed_public_rate_shape,amenity_gesture,55,25,future_stay_credit,future-stay credit,260,156,78,221,205,131,false,high,1.0,intelligent_generosity,smp-public-context-v1.0.0,1.0,0.95,no_review_or_survey,high_guest_relationship_value;hotel_responsible_failure;high_severity_issue;recoverable_before_checkout
audit_00338,case_00338,TKT000338,PMS001138,data_quality_hold,severity_inferred;no_historical_comp_record,Resolve source matching or missing reference action before comparing policies.,new_guest,local_staycation,housekeeping_miss,3,56.38,0.513,660,920,0.909,true,850,805,0.92,sample_seed_public_rate_shape,,0,0,rooftop_f_and_b_credit,Calabra or Palma dining credit,150,60,38,90,150,60,false,moderate,1.0,intelligent_generosity,smp-public-context-v1.0.0,1.0,0.95,severity_inferred;no_review_or_survey;no_comp_record,hotel_responsible_failure;recoverable_before_checkout;high_perceived_value_lower_estimated_cost
audit_00339,case_00339,TKT000339,PMS001011,data_quality_hold,no_historical_comp_record,Resolve source matching or missing reference action before comparing policies.,vip_guest,coastal_weekend,f_and_b_service_lapse,2,49.68,0.375,3320,25740,1.0,true,895,890,0.92,sample_seed_public_rate_shape,,0,0,rooftop_f_and_b_credit,Calabra or Palma dining credit,150,60,38,90,150,60,false,high,1.0,intelligent_generosity,smp-public-context-v1.0.0,0.78,0.95,no_review_or_survey;no_comp_record,high_guest_relationship_value;hotel_responsible_failure;recoverable_before_checkout;high_perceived_value_lower_estimated_cost
audit_00340,case_00340,TKT000340,PMS001562,data_quality_hold,severity_inferred;no_historical_comp_record,Resolve source matching or missing reference action before comparing policies.,new_guest,design_leisure,housekeeping_miss,3,58.58,0.474,1640,2000,0.0,false,595,635,0.92,sample_seed_public_rate_shape,,0,0,rooftop_f_and_b_credit,Calabra or Palma dining credit,180,72,45,108,180,72,false,moderate,1.0,intelligent_generosity,smp-public-context-v1.0.0,1.0,0.95,severity_inferred;no_comp_record,hotel_responsible_failure;recoverable_before_checkout;high_perceived_value_lower_estimated_cost
audit_00341,case_00341,TKT000341,PMS001067,data_quality_hold,no_historical_comp_record,Resolve source matching or missing reference action before comparing policies.,loyalty_guest,design_leisure,rooftop_pool_access_issue,3,53.67,0.408,770,4900,0.613,false,775,770,0.92,sample_seed_public_rate_shape,,0,0,rooftop_f_and_b_credit,Calabra or Palma dining credit,150,60,38,90,150,60,false,high,1.0,intelligent_generosity,smp-public-context-v1.0.0,0.78,0.95,no_comp_record,high_guest_relationship_value;high_perceived_value_lower_estimated_cost
audit_00342,case_00342,TKT000342,PMS000557,aligned_recovery,,Matched synthetic action and context-engine recommendation are within the diagnostic tolerance.,new_guest,design_leisure,spa_wellness_service_issue,3,53.36,0.49,1300,2340,0.356,false,710,665,0.92,sample_seed_public_rate_shape,room_upgrade,245,61,spa_wellness_credit,Surya Spa or Recovery Suite credit,275,151,82,206,30,90,false,moderate,1.0,intelligent_generosity,smp-public-context-v1.0.0,1.0,0.95,ltv_imputed;no_review_or_survey,hotel_responsible_failure;recoverable_before_checkout;high_perceived_value_lower_estimated_cost
audit_00343,case_00343,TKT000343,PMS000432,data_quality_hold,no_historical_comp_record,Resolve source matching or missing reference action before comparing policies.,returning_guest,coastal_weekend,spa_wellness_service_issue,3,58.0,0.49,5040,13050,1.0,true,900,930,0.92,sample_seed_public_rate_shape,,0,0,spa_wellness_credit,Surya Spa or Recovery Suite credit,330,182,99,248,330,182,false,high,1.0,intelligent_generosity,smp-public-context-v1.0.0,1.0,0.95,no_review_or_survey;no_comp_record,hotel_responsible_failure;recoverable_before_checkout;high_perceived_value_lower_estimated_cost
audit_00344,case_00344,TKT000344,PMS001403,aligned_recovery,,Matched synthetic action and context-engine recommendation are within the diagnostic tolerance.,new_guest,event_or_wedding,rooftop_pool_access_issue,3,48.48,0.4,620,850,0.178,false,665,705,0.92,sample_seed_public_rate_shape,late_checkout,95,19,rooftop_f_and_b_credit,Calabra or Palma dining credit,150,60,38,90,55,41,false,high,1.0,intelligent_generosity,smp-public-context-v1.0.0,1.0,0.95,,recoverable_before_checkout;high_perceived_value_lower_estimated_cost
audit_00345,case_00345,TKT000345,PMS000437,under_recovered,,Review upward variance between the matched synthetic action and context-engine recommendation.,event_or_suite_guest,business_traveler,valet_or_parking_delay,3,61.55,0.611,5250,40830,0.534,false,755,655,0.92,sample_seed_public_rate_shape,parking_fee_waiver,120,22,future_stay_credit,future-stay credit,260,156,78,221,140,134,false,high,0.926,intelligent_generosity,smp-public-context-v1.0.0,1.0,0.95,,high_guest_relationship_value;recoverable_before_checkout;guest_value_changed_recovery
audit_00346,case_00346,TKT000346,PMS000447,data_quality_hold,no_historical_comp_record,Resolve source matching or missing reference action before comparing policies.,new_guest,design_leisure,room_assignment_expectation_gap,2,46.4,0.398,3600,5170,0.099,false,645,635,0.92,sample_seed_public_rate_shape,,0,0,room_upgrade,room upgrade,300,75,24,195,300,75,false,high,0.963,intelligent_generosity,smp-public-context-v1.0.0,1.0,0.95,no_review_or_survey;no_comp_record,hotel_responsible_failure;recoverable_before_checkout;high_perceived_value_lower_estimated_cost
audit_00347,case_00347,TKT000347,PMS001549,data_quality_hold,no_historical_comp_record,Resolve source matching or missing reference action before comparing policies.,new_guest,family_beach_trip,rooftop_pool_access_issue,2,44.89,0.424,820,1476,0.613,false,775,770,0.92,sample_seed_public_rate_shape,,0,0,rooftop_f_and_b_credit,Calabra or Palma dining credit,150,60,38,90,150,60,false,moderate,1.0,intelligent_generosity,smp-public-context-v1.0.0,1.0,0.95,ltv_imputed;no_comp_record,high_perceived_value_lower_estimated_cost
audit_00348,case_00348,TKT000348,PMS000611,aligned_recovery,,Matched synthetic action and context-engine recommendation are within the diagnostic tolerance.,new_guest,design_leisure,valet_or_parking_delay,3,48.64,0.374,2730,4460,0.534,false,755,715,0.92,sample_seed_public_rate_shape,parking_fee_waiver,100,18,parking_fee_waiver,parking or destination-fee waiver,85,15,7,30,-15,-3,false,high,0.963,intelligent_generosity,smp-public-context-v1.0.0,1.0,0.95,,recoverable_before_checkout;high_perceived_value_lower_estimated_cost
audit_00349,case_00349,TKT000349,PMS001359,aligned_recovery,,Matched synthetic action and context-engine recommendation are within the diagnostic tolerance.,new_guest,coastal_weekend,f_and_b_service_lapse,2,46.61,0.408,2320,3180,0.534,false,755,655,0.92,sample_seed_public_rate_shape,manager_note,0,0,rooftop_f_and_b_credit,Calabra or Palma dining credit,150,60,38,90,150,60,false,high,1.0,intelligent_generosity,smp-public-context-v1.0.0,1.0,0.95,,hotel_responsible_failure;high_perceived_value_lower_estimated_cost
audit_00350,case_00350,TKT000350,PMS000716,aligned_recovery,,Matched synthetic action and context-engine recommendation are within the diagnostic tolerance.,returning_guest,local_staycation,room_readiness_delay,2,47.74,0.359,2190,5970,0.336,false,705,760,0.92,sample_seed_public_rate_shape,rooftop_f_and_b_credit,185,74,room_upgrade,room upgrade,300,75,24,195,115,1,false,high,0.815,intelligent_generosity,smp-public-context-v1.0.0,1.0,0.95,,hotel_responsible_failure;recoverable_before_checkout;high_perceived_value_lower_estimated_cost;property_fit_changed_recovery
audit_00351,case_00351,TKT000351,PMS000737,under_recovered,high_severity,Review upward variance between the matched synthetic action and context-engine recommendation.,new_guest,coastal_weekend,room_readiness_delay,4,69.67,0.622,2720,3540,0.257,false,685,725,0.92,sample_seed_public_rate_shape,late_checkout,0,0,rooftop_f_and_b_credit,Calabra or Palma dining credit,180,72,45,108,180,72,false,high,1.0,intelligent_generosity,smp-public-context-v1.0.0,1.0,0.95,no_review_or_survey,hotel_responsible_failure;high_severity_issue;high_perceived_value_lower_estimated_cost;property_fit_changed_recovery
audit_00352,case_00352,TKT000352,PMS000365,data_quality_hold,no_historical_comp_record,Resolve source matching or missing reference action before comparing policies.,loyalty_guest,wellness_getaway,maintenance_issue,2,48.14,0.393,2130,8280,0.415,false,725,735,0.92,sample_seed_public_rate_shape,,0,0,spa_wellness_credit,Surya Spa or Recovery Suite credit,275,151,82,206,275,151,false,high,0.963,intelligent_generosity,smp-public-context-v1.0.0,1.0,0.95,no_comp_record,high_guest_relationship_value;hotel_responsible_failure;recoverable_before_checkout;high_perceived_value_lower_estimated_cost
audit_00353,case_00353,TKT000353,PMS000054,aligned_recovery,,Matched synthetic action and context-engine recommendation are within the diagnostic tolerance.,loyalty_guest,business_traveler,noise_disruption,2,42.36,0.381,1560,7090,1.0,true,885,830,0.92,sample_seed_public_rate_shape,amenity_gesture,75,34,spa_wellness_credit,Surya Spa or Recovery Suite credit,275,151,82,206,200,117,false,moderate,0.667,intelligent_generosity,smp-public-context-v1.0.0,1.0,0.95,no_review_or_survey,high_guest_relationship_value;recoverable_before_checkout;high_perceived_value_lower_estimated_cost
audit_00354,case_00354,TKT000354,PMS000311,aligned_recovery,,Matched synthetic action and context-engine recommendation are within the diagnostic tolerance.,loyalty_guest,local_staycation,rooftop_pool_access_issue,2,46.81,0.375,2920,13590,0.791,true,820,795,0.92,sample_seed_public_rate_shape,amenity_gesture,70,32,rooftop_f_and_b_credit,Calabra or Palma dining credit,150,60,38,90,80,28,false,high,1.0,intelligent_generosity,smp-public-context-v1.0.0,1.0,0.95,no_review_or_survey,high_guest_relationship_value;recoverable_before_checkout;high_perceived_value_lower_estimated_cost
audit_00355,case_00355,TKT000355,PMS000027,aligned_recovery,high_severity,Matched synthetic action and context-engine recommendation are within the diagnostic tolerance.,new_guest,event_or_wedding,room_readiness_delay,4,66.3,0.622,610,780,0.85,true,835,785,0.92,sample_seed_public_rate_shape,partial_room_refund,475,475,rooftop_f_and_b_credit,Calabra or Palma dining credit,180,72,45,108,-295,-403,false,moderate,1.0,intelligent_generosity,smp-public-context-v1.0.0,1.0,0.95,no_review_or_survey,hotel_responsible_failure;high_severity_issue;recoverable_before_checkout;high_perceived_value_lower_estimated_cost;public_rate_pressure_changed_recovery
audit_00356,case_00356,TKT000356,PMS001146,data_quality_hold,severity_inferred;no_historical_comp_record,Resolve source matching or missing reference action before comparing policies.,new_guest,local_staycation,billing_or_fee_dispute,2,42.32,0.37,880,1780,1.0,true,925,875,0.92,sample_seed_public_rate_shape,,0,0,rooftop_f_and_b_credit,Calabra or Palma dining credit,150,60,38,90,150,60,false,moderate,1.0,intelligent_generosity,smp-public-context-v1.0.0,1.0,0.95,severity_inferred;no_review_or_survey;no_comp_record,high_perceived_value_lower_estimated_cost;public_rate_pressure_changed_recovery;property_fit_changed_recovery
audit_00357,case_00357,TKT000357,PMS001032,aligned_recovery,high_severity,Matched synthetic action and context-engine recommendation are within the diagnostic tolerance.,new_guest,coastal_weekend,room_assignment_expectation_gap,4,62.83,0.605,590,860,1.0,true,915,905,0.92,sample_seed_public_rate_shape,partial_room_refund,475,475,rooftop_f_and_b_credit,Calabra or Palma dining credit,180,72,45,108,-295,-403,false,moderate,1.0,intelligent_generosity,smp-public-context-v1.0.0,1.0,0.95,no_review_or_survey,hotel_responsible_failure;high_severity_issue;recoverable_before_checkout;high_perceived_value_lower_estimated_cost;public_rate_pressure_changed_recovery
audit_00358,case_00358,TKT000358,PMS000651,data_quality_hold,no_historical_comp_record,Resolve source matching or missing reference action before comparing policies.,loyalty_guest,design_leisure,valet_or_parking_delay,2,46.0,0.337,1640,6590,1.0,true,935,870,0.92,sample_seed_public_rate_shape,,0,0,rooftop_f_and_b_credit,Calabra or Palma dining credit,150,60,38,90,150,60,false,moderate,1.0,intelligent_generosity,smp-public-context-v1.0.0,1.0,0.95,no_review_or_survey;no_comp_record,high_guest_relationship_value;high_perceived_value_lower_estimated_cost;public_rate_pressure_changed_recovery
audit_00359,case_00359,TKT000359,PMS001553,data_quality_hold,no_historical_comp_record,Resolve source matching or missing reference action before comparing policies.,loyalty_guest,coastal_weekend,housekeeping_miss,3,59.74,0.513,1460,6820,0.277,false,690,710,0.92,sample_seed_public_rate_shape,,0,0,future_stay_credit,future-stay credit,255,153,76,217,255,153,false,high,0.889,intelligent_generosity,smp-public-context-v1.0.0,1.0,0.95,no_review_or_survey;no_comp_record,high_guest_relationship_value;hotel_responsible_failure;recoverable_before_checkout
audit_00360,case_00360,TKT000360,PMS001594,aligned_recovery,,Matched synthetic action and context-engine recommendation are within the diagnostic tolerance.,new_guest,wellness_getaway,noise_disruption,3,47.65,0.47,1280,2304,0.83,true,830,785,0.92,sample_seed_public_rate_shape,lobby_lounge_credit,85,32,spa_wellness_credit,Surya Spa or Recovery Suite credit,275,151,82,206,190,119,false,moderate,0.963,intelligent_generosity,smp-public-context-v1.0.0,1.0,0.95,ltv_imputed,recoverable_before_checkout;high_perceived_value_lower_estimated_cost
audit_00361,case_00361,TKT000361,PMS001373,data_quality_hold,no_historical_comp_record,Resolve source matching or missing reference action before comparing policies.,new_guest,wellness_getaway,noise_disruption,3,51.23,0.51,590,1280,0.0,false,530,625,0.92,sample_seed_public_rate_shape,,0,0,spa_wellness_credit,Surya Spa or Recovery Suite credit,275,151,82,206,275,151,false,high,0.963,intelligent_generosity,smp-public-context-v1.0.0,1.0,0.95,no_comp_record,high_perceived_value_lower_estimated_cost
audit_00362,case_00362,TKT000362,PMS000780,under_recovered,high_severity,Review upward variance between the matched synthetic action and context-engine recommendation.,returning_guest,design_leisure,room_readiness_delay,4,67.72,0.622,1300,3430,0.455,false,735,790,0.92,sample_seed_public_rate_shape,late_checkout,75,15,room_upgrade,room upgrade,360,90,29,234,285,75,false,high,0.926,intelligent_generosity,smp-public-context-v1.0.0,1.0,0.95,no_review_or_survey,hotel_responsible_failure;high_severity_issue;recoverable_before_checkout;high_perceived_value_lower_estimated_cost
audit_00363,case_00363,TKT000363,PMS001053,aligned_recovery,,Matched synthetic action and context-engine recommendation are within the diagnostic tolerance.,new_guest,business_traveler,rooftop_pool_access_issue,3,48.64,0.36,870,1310,1.0,true,885,830,0.92,sample_seed_public_rate_shape,parking_fee_waiver,70,13,rooftop_f_and_b_credit,Calabra or Palma dining credit,150,60,38,90,80,47,false,high,1.0,intelligent_generosity,smp-public-context-v1.0.0,1.0,0.95,,recoverable_before_checkout;high_perceived_value_lower_estimated_cost
audit_00364,case_00364,TKT000364,PMS000086,data_quality_hold,no_historical_comp_record,Resolve source matching or missing reference action before comparing policies.,vip_guest,wellness_getaway,room_readiness_delay,3,64.54,0.518,5180,37480,0.455,false,735,710,0.92,sample_seed_public_rate_shape,,0,0,room_upgrade,room upgrade,360,90,29,234,360,90,false,high,0.963,intelligent_generosity,smp-public-context-v1.0.0,1.0,0.95,no_review_or_survey;no_comp_record,high_guest_relationship_value;hotel_responsible_failure;recoverable_before_checkout;high_perceived_value_lower_estimated_cost
audit_00365,case_00365,TKT000365,PMS000357,data_quality_hold,no_historical_comp_record;high_severity,Resolve source matching or missing reference action before comparing policies.,returning_guest,design_leisure,room_readiness_delay,4,68.54,0.622,2070,6670,1.0,true,890,790,0.92,sample_seed_public_rate_shape,,0,0,rooftop_f_and_b_credit,Calabra or Palma dining credit,180,72,45,108,180,72,false,moderate,1.0,intelligent_generosity,smp-public-context-v1.0.0,0.78,0.95,no_review_or_survey;no_comp_record,hotel_responsible_failure;high_severity_issue;recoverable_before_checkout;high_perceived_value_lower_estimated_cost;public_rate_pressure_changed_recovery
audit_00366,case_00366,TKT000366,PMS001535,data_quality_hold,no_historical_comp_record,Resolve source matching or missing reference action before comparing policies.,new_guest,event_or_wedding,rooftop_pool_access_issue,2,43.73,0.375,640,740,0.593,true,770,835,0.92,sample_seed_public_rate_shape,,0,0,rooftop_f_and_b_credit,Calabra or Palma dining credit,150,60,38,90,150,60,false,high,1.0,intelligent_generosity,smp-public-context-v1.0.0,1.0,0.95,no_review_or_survey;no_comp_record,recoverable_before_checkout;high_perceived_value_lower_estimated_cost
audit_00367,case_00367,TKT000367,PMS001160,aligned_recovery,,Matched synthetic action and context-engine recommendation are within the diagnostic tolerance.,new_guest,event_or_wedding,f_and_b_service_lapse,3,51.2,0.479,570,1020,0.119,false,650,640,0.92,sample_seed_public_rate_shape,late_checkout,90,18,rooftop_f_and_b_credit,Calabra or Palma dining credit,150,60,38,90,60,42,false,high,1.0,intelligent_generosity,smp-public-context-v1.0.0,1.0,0.95,no_review_or_survey,hotel_responsible_failure;recoverable_before_checkout;high_perceived_value_lower_estimated_cost
audit_00368,case_00368,TKT000368,PMS001039,data_quality_hold,no_historical_comp_record,Resolve source matching or missing reference action before comparing policies.,returning_guest,design_leisure,spa_wellness_service_issue,3,56.96,0.49,1540,3410,0.949,true,860,920,0.92,sample_seed_public_rate_shape,,0,0,spa_wellness_credit,Surya Spa or Recovery Suite credit,275,151,82,206,275,151,false,high,1.0,intelligent_generosity,smp-public-context-v1.0.0,1.0,0.95,no_review_or_survey;no_comp_record,hotel_responsible_failure;high_perceived_value_lower_estimated_cost
audit_00369,case_00369,TKT000369,PMS000993,under_recovered,,Review upward variance between the matched synthetic action and context-engine recommendation.,returning_guest,local_staycation,maintenance_issue,3,58.92,0.504,5740,10332,1.0,true,915,890,0.92,sample_seed_public_rate_shape,manager_note,0,0,spa_wellness_credit,Surya Spa or Recovery Suite credit,330,182,99,248,330,182,false,moderate,1.0,intelligent_generosity,smp-public-context-v1.0.0,1.0,0.95,ltv_imputed;no_review_or_survey,hotel_responsible_failure;recoverable_before_checkout;high_perceived_value_lower_estimated_cost
audit_00370,case_00370,TKT000370,PMS000834,aligned_recovery,,Matched synthetic action and context-engine recommendation are within the diagnostic tolerance.,new_guest,wellness_getaway,noise_disruption,3,54.21,0.494,2920,5070,0.632,false,780,770,0.92,sample_seed_public_rate_shape,rooftop_f_and_b_credit,170,68,spa_wellness_credit,Surya Spa or Recovery Suite credit,275,151,82,206,105,83,false,high,1.0,intelligent_generosity,smp-public-context-v1.0.0,1.0,0.95,,high_perceived_value_lower_estimated_cost
audit_00371,case_00371,TKT000371,PMS000134,aligned_recovery,severity_inferred,Matched synthetic action and context-engine recommendation are within the diagnostic tolerance.,loyalty_guest,design_leisure,maintenance_issue,3,57.35,0.504,1280,6220,0.474,false,740,695,0.92,sample_seed_public_rate_shape,rooftop_f_and_b_credit,180,72,spa_wellness_credit,Surya Spa or Recovery Suite credit,275,151,82,206,95,79,false,moderate,1.0,intelligent_generosity,smp-public-context-v1.0.0,1.0,0.95,severity_inferred;no_review_or_survey,high_guest_relationship_value;hotel_responsible_failure;recoverable_before_checkout;high_perceived_value_lower_estimated_cost
audit_00372,case_00372,TKT000372,PMS001238,aligned_recovery,high_severity,Matched synthetic action and context-engine recommendation are within the diagnostic tolerance.,returning_guest,design_leisure,room_readiness_delay,4,67.7,0.543,750,2220,1.0,true,895,890,0.92,sample_seed_public_rate_shape,rooftop_f_and_b_credit,200,80,rooftop_f_and_b_credit,Calabra or Palma dining credit,180,72,45,108,-20,-8,false,high,1.0,intelligent_generosity,smp-public-context-v1.0.0,1.0,0.95,,hotel_responsible_failure;high_severity_issue;recoverable_before_checkout;high_perceived_value_lower_estimated_cost
audit_00373,case_00373,TKT000373,PMS001572,under_recovered,,Review upward variance between the matched synthetic action and context-engine recommendation.,new_guest,wellness_getaway,maintenance_issue,3,56.31,0.425,2960,5810,0.336,false,705,700,0.92,sample_seed_public_rate_shape,amenity_gesture,80,36,spa_wellness_credit,Surya Spa or Recovery Suite credit,275,151,82,206,195,115,false,high,1.0,intelligent_generosity,smp-public-context-v1.0.0,1.0,0.95,,hotel_responsible_failure;high_perceived_value_lower_estimated_cost
audit_00374,case_00374,TKT000374,PMS000044,aligned_recovery,,Matched synthetic action and context-engine recommendation are within the diagnostic tolerance.,new_guest,wellness_getaway,billing_or_fee_dispute,3,51.02,0.386,3400,4620,0.079,false,640,640,0.92,sample_seed_public_rate_shape,manager_note,0,0,parking_fee_waiver,parking or destination-fee waiver,85,15,7,30,85,15,false,high,1.0,intelligent_generosity,smp-public-context-v1.0.0,1.0,0.95,,high_perceived_value_lower_estimated_cost
audit_00375,case_00375,TKT000375,PMS001163,aligned_recovery,severity_inferred,Matched synthetic action and context-engine recommendation are within the diagnostic tolerance.,new_guest,local_staycation,housekeeping_miss,3,57.42,0.53,1890,3070,0.534,false,755,655,0.92,sample_seed_public_rate_shape,late_checkout,100,20,rooftop_f_and_b_credit,Calabra or Palma dining credit,150,60,38,90,50,40,false,moderate,1.0,intelligent_generosity,smp-public-context-v1.0.0,1.0,0.95,severity_inferred,hotel_responsible_failure;recoverable_before_checkout;high_perceived_value_lower_estimated_cost
audit_00376,case_00376,TKT000376,PMS000123,aligned_recovery,,Matched synthetic action and context-engine recommendation are within the diagnostic tolerance.,new_guest,business_traveler,noise_disruption,2,40.44,0.381,2800,3740,0.257,false,685,670,0.92,sample_seed_public_rate_shape,manager_note,0,0,late_checkout,late checkout,75,15,6,34,75,15,false,high,0.889,intelligent_generosity,smp-public-context-v1.0.0,1.0,0.95,no_review_or_survey,recoverable_before_checkout;high_perceived_value_lower_estimated_cost
audit_00377,case_00377,TKT000377,PMS000946,under_recovered,,Review upward variance between the matched synthetic action and context-engine recommendation.,returning_guest,wellness_getaway,room_readiness_delay,3,58.64,0.495,2430,9970,0.0,false,620,565,0.92,sample_seed_public_rate_shape,rooftop_f_and_b_credit,145,58,room_upgrade,room upgrade,360,90,29,234,215,32,false,moderate,0.667,intelligent_generosity,smp-public-context-v1.0.0,0.78,0.95,,hotel_responsible_failure;recoverable_before_checkout;high_perceived_value_lower_estimated_cost;property_fit_changed_recovery
audit_00378,case_00378,TKT000378,PMS000776,data_quality_hold,no_historical_comp_record,Resolve source matching or missing reference action before comparing policies.,loyalty_guest,coastal_weekend,f_and_b_service_lapse,2,49.89,0.375,2840,16350,0.494,false,745,725,0.92,sample_seed_public_rate_shape,,0,0,rooftop_f_and_b_credit,Calabra or Palma dining credit,150,60,38,90,150,60,false,high,1.0,intelligent_generosity,smp-public-context-v1.0.0,1.0,0.95,no_review_or_survey;no_comp_record,high_guest_relationship_value;hotel_responsible_failure;high_perceived_value_lower_estimated_cost
audit_00379,case_00379,TKT000379,PMS000609,aligned_recovery,,Matched synthetic action and context-engine recommendation are within the diagnostic tolerance.,new_guest,wellness_getaway,spa_wellness_service_issue,3,53.19,0.451,1160,2210,0.593,false,770,700,0.92,sample_seed_public_rate_shape,amenity_gesture,60,27,spa_wellness_credit,Surya Spa or Recovery Suite credit,275,151,82,206,215,124,false,high,1.0,intelligent_generosity,smp-public-context-v1.0.0,1.0,0.95,,hotel_responsible_failure;recoverable_before_checkout;high_perceived_value_lower_estimated_cost
audit_00380,case_00380,TKT000380,PMS000537,aligned_recovery,high_severity,Matched synthetic action and context-engine recommendation are within the diagnostic tolerance.,returning_guest,coastal_weekend,valet_or_parking_delay,4,62.41,0.573,2480,10050,0.237,false,680,735,0.92,sample_seed_public_rate_shape,room_upgrade,330,82,parking_fee_waiver,parking or destination-fee waiver,100,18,8,35,-230,-64,false,high,1.0,intelligent_generosity,smp-public-context-v1.0.0,1.0,0.95,no_review_or_survey,high_severity_issue;recoverable_before_checkout;high_perceived_value_lower_estimated_cost
audit_00381,case_00381,TKT000381,PMS001345,data_quality_hold,no_historical_comp_record,Resolve source matching or missing reference action before comparing policies.,returning_guest,design_leisure,housekeeping_miss,3,59.73,0.513,2650,10430,0.336,false,705,760,0.92,sample_seed_public_rate_shape,,0,0,rooftop_f_and_b_credit,Calabra or Palma dining credit,180,72,45,108,180,72,false,high,1.0,intelligent_generosity,smp-public-context-v1.0.0,1.0,0.95,no_review_or_survey;no_comp_record,hotel_responsible_failure;recoverable_before_checkout;high_perceived_value_lower_estimated_cost;property_fit_changed_recovery
audit_00382,case_00382,TKT000382,PMS001504,aligned_recovery,high_severity,Matched synthetic action and context-engine recommendation are within the diagnostic tolerance.,new_guest,wellness_getaway,maintenance_issue,5,70.28,0.633,880,1130,0.0,false,530,625,0.92,sample_seed_public_rate_shape,future_stay_credit,350,210,spa_wellness_credit,Surya Spa or Recovery Suite credit,330,182,99,248,-20,-28,false,high,1.0,intelligent_generosity,smp-public-context-v1.0.0,1.0,0.95,,hotel_responsible_failure;high_severity_issue;recoverable_before_checkout;high_perceived_value_lower_estimated_cost
audit_00383,case_00383,TKT000383,PMS000582,data_quality_hold,no_historical_comp_record,Resolve source matching or missing reference action before comparing policies.,new_guest,coastal_weekend,noise_disruption,1,30.13,0.277,720,1370,0.711,false,800,800,0.92,sample_seed_public_rate_shape,,0,0,late_checkout,late checkout,75,15,6,34,75,15,false,high,0.963,intelligent_generosity,smp-public-context-v1.0.0,1.0,0.95,no_review_or_survey;no_comp_record,recoverable_before_checkout;high_perceived_value_lower_estimated_cost
audit_00384,case_00384,TKT000384,PMS000267,aligned_recovery,severity_inferred,Matched synthetic action and context-engine recommendation are within the diagnostic tolerance.,new_guest,coastal_weekend,valet_or_parking_delay,2,41.43,0.429,540,910,0.534,false,755,690,0.92,sample_seed_public_rate_shape,lobby_lounge_credit,125,48,parking_fee_waiver,parking or destination-fee waiver,75,14,6,26,-50,-34,false,moderate,1.0,intelligent_generosity,smp-public-context-v1.0.0,1.0,0.95,severity_inferred,recoverable_before_checkout;high_perceived_value_lower_estimated_cost
audit_00385,case_00385,TKT000385,PMS000612,under_recovered,severity_inferred,Review upward variance between the matched synthetic action and context-engine recommendation.,vip_guest,local_staycation,maintenance_issue,3,59.01,0.504,1500,11370,0.296,false,695,690,0.92,sample_seed_public_rate_shape,parking_fee_waiver,115,21,future_stay_credit,future-stay credit,260,156,78,221,145,135,false,moderate,0.815,intelligent_generosity,smp-public-context-v1.0.0,1.0,0.95,severity_inferred;no_review_or_survey,high_guest_relationship_value;hotel_responsible_failure;recoverable_before_checkout
audit_00386,case_00386,TKT000386,PMS000082,data_quality_hold,no_historical_comp_record,Resolve source matching or missing reference action before comparing policies.,returning_guest,event_or_wedding,valet_or_parking_delay,2,44.34,0.337,2220,4890,0.593,false,770,810,0.92,sample_seed_public_rate_shape,,0,0,parking_fee_waiver,parking or destination-fee waiver,85,15,7,30,85,15,false,high,1.0,intelligent_generosity,smp-public-context-v1.0.0,1.0,0.95,no_review_or_survey;no_comp_record,recoverable_before_checkout;high_perceived_value_lower_estimated_cost
audit_00387,case_00387,TKT000387,PMS000990,aligned_recovery,high_severity,Matched synthetic action and context-engine recommendation are within the diagnostic tolerance.,new_guest,wellness_getaway,room_assignment_expectation_gap,4,66.13,0.605,1770,2630,0.119,false,650,635,0.92,sample_seed_public_rate_shape,rooftop_f_and_b_credit,175,70,rooftop_f_and_b_credit,Calabra or Palma dining credit,180,72,45,108,5,2,false,high,1.0,intelligent_generosity,smp-public-context-v1.0.0,1.0,0.95,no_review_or_survey,hotel_responsible_failure;high_severity_issue;high_perceived_value_lower_estimated_cost;property_fit_changed_recovery
audit_00388,case_00388,TKT000388,PMS000898,aligned_recovery,,Matched synthetic action and context-engine recommendation are within the diagnostic tolerance.,loyalty_guest,wellness_getaway,f_and_b_service_lapse,2,46.51,0.4,1120,5470,0.02,false,625,630,0.92,sample_seed_public_rate_shape,rooftop_f_and_b_credit,115,46,rooftop_f_and_b_credit,Calabra or Palma dining credit,150,60,38,90,35,14,false,high,1.0,intelligent_generosity,smp-public-context-v1.0.0,1.0,0.95,,high_guest_relationship_value;hotel_responsible_failure;recoverable_before_checkout;high_perceived_value_lower_estimated_cost
audit_00389,case_00389,TKT000389,PMS001073,aligned_recovery,severity_inferred,Matched synthetic action and context-engine recommendation are within the diagnostic tolerance.,vip_guest,wellness_getaway,billing_or_fee_dispute,2,47.55,0.394,680,4070,0.632,false,780,770,0.92,sample_seed_public_rate_shape,amenity_gesture,70,32,parking_fee_waiver,parking or destination-fee waiver,85,15,7,30,15,-17,false,moderate,1.0,intelligent_generosity,smp-public-context-v1.0.0,1.0,0.95,severity_inferred,high_guest_relationship_value;recoverable_before_checkout;high_perceived_value_lower_estimated_cost
audit_00390,case_00390,TKT000390,PMS001075,data_quality_hold,no_historical_comp_record,Resolve source matching or missing reference action before comparing policies.,loyalty_guest,event_or_wedding,f_and_b_service_lapse,2,47.69,0.375,3320,12990,0.613,false,775,775,0.92,sample_seed_public_rate_shape,,0,0,rooftop_f_and_b_credit,Calabra or Palma dining credit,150,60,38,90,150,60,false,high,1.0,intelligent_generosity,smp-public-context-v1.0.0,1.0,0.95,no_review_or_survey;no_comp_record,high_guest_relationship_value;hotel_responsible_failure;recoverable_before_checkout;high_perceived_value_lower_estimated_cost
audit_00391,case_00391,TKT000391,PMS000810,data_quality_hold,no_historical_comp_record,Resolve source matching or missing reference action before comparing policies.,new_guest,local_staycation,rooftop_pool_access_issue,1,32.84,0.272,650,1340,0.573,false,765,685,0.92,sample_seed_public_rate_shape,,0,0,rooftop_f_and_b_credit,Calabra or Palma dining credit,135,54,34,81,135,54,false,high,1.0,intelligent_generosity,smp-public-context-v1.0.0,1.0,0.95,no_review_or_survey;no_comp_record,recoverable_before_checkout;high_perceived_value_lower_estimated_cost
audit_00392,case_00392,TKT000392,PMS000642,data_quality_hold,no_historical_comp_record;manager_review_model_flag;high_review_risk;high_severity,Resolve source matching or missing reference action before comparing policies.,event_or_suite_guest,event_or_wedding,maintenance_issue,5,77.56,0.737,2380,14510,1.0,true,895,885,0.92,sample_seed_public_rate_shape,,0,0,future_stay_credit,future-stay credit,415,249,124,353,415,249,true,high,0.963,intelligent_generosity,smp-public-context-v1.0.0,1.0,0.95,no_comp_record,high_guest_relationship_value;hotel_responsible_failure;high_severity_issue;high_review_risk;recoverable_before_checkout;manager_review_required
audit_00393,case_00393,TKT000393,PMS001442,data_quality_hold,no_historical_comp_record;high_severity,Resolve source matching or missing reference action before comparing policies.,new_guest,wellness_getaway,housekeeping_miss,4,69.19,0.616,1160,2088,0.553,true,760,820,0.92,sample_seed_public_rate_shape,,0,0,rooftop_f_and_b_credit,Calabra or Palma dining credit,180,72,45,108,180,72,false,moderate,1.0,intelligent_generosity,smp-public-context-v1.0.0,1.0,0.95,ltv_imputed;no_review_or_survey;no_comp_record,hotel_responsible_failure;high_severity_issue;high_perceived_value_lower_estimated_cost
audit_00394,case_00394,TKT000394,PMS000865,aligned_recovery,,Matched synthetic action and context-engine recommendation are within the diagnostic tolerance.,returning_guest,coastal_weekend,rooftop_pool_access_issue,3,56.41,0.479,2800,10780,1.0,true,875,895,0.92,sample_seed_public_rate_shape,late_checkout,65,13,rooftop_f_and_b_credit,Calabra or Palma dining credit,150,60,38,90,85,47,false,high,1.0,intelligent_generosity,smp-public-context-v1.0.0,1.0,0.95,no_review_or_survey,high_perceived_value_lower_estimated_cost
audit_00395,case_00395,TKT000395,PMS001382,data_quality_hold,no_historical_comp_record,Resolve source matching or missing reference action before comparing policies.,new_guest,local_staycation,billing_or_fee_dispute,2,42.73,0.362,480,710,0.0,false,545,600,0.92,sample_seed_public_rate_shape,,0,0,parking_fee_waiver,parking or destination-fee waiver,85,15,7,30,85,15,false,high,1.0,intelligent_generosity,smp-public-context-v1.0.0,1.0,0.95,no_comp_record,high_perceived_value_lower_estimated_cost
audit_00396,case_00396,TKT000396,PMS000375,aligned_recovery,,Matched synthetic action and context-engine recommendation are within the diagnostic tolerance.,returning_guest,design_leisure,room_assignment_expectation_gap,2,45.57,0.334,1860,3348,0.395,false,720,780,0.92,sample_seed_public_rate_shape,lobby_lounge_credit,130,49,room_upgrade,room upgrade,300,75,24,195,170,26,false,moderate,0.963,intelligent_generosity,smp-public-context-v1.0.0,1.0,0.95,ltv_imputed,hotel_responsible_failure;recoverable_before_checkout;high_perceived_value_lower_estimated_cost
audit_00397,case_00397,TKT000397,PMS000109,aligned_recovery,severity_inferred,Matched synthetic action and context-engine recommendation are within the diagnostic tolerance.,new_guest,wellness_getaway,noise_disruption,2,41.98,0.382,2800,5040,0.909,true,850,805,0.92,sample_seed_public_rate_shape,lobby_lounge_credit,115,44,rooftop_f_and_b_credit,Calabra or Palma dining credit,135,54,34,81,20,10,false,moderate,0.667,intelligent_generosity,smp-public-context-v1.0.0,1.0,0.95,severity_inferred;ltv_imputed,recoverable_before_checkout;high_perceived_value_lower_estimated_cost
audit_00398,case_00398,TKT000398,PMS001422,aligned_recovery,,Matched synthetic action and context-engine recommendation are within the diagnostic tolerance.,new_guest,business_traveler,housekeeping_miss,2,47.64,0.409,580,730,0.0,false,605,610,0.92,sample_seed_public_rate_shape,manager_note,0,0,rooftop_f_and_b_credit,Calabra or Palma dining credit,150,60,38,90,150,60,false,high,1.0,intelligent_generosity,smp-public-context-v1.0.0,1.0,0.95,no_review_or_survey,hotel_responsible_failure;recoverable_before_checkout;high_perceived_value_lower_estimated_cost
audit_00399,case_00399,TKT000399,PMS000248,aligned_recovery,,Matched synthetic action and context-engine recommendation are within the diagnostic tolerance.,returning_guest,coastal_weekend,housekeeping_miss,2,51.1,0.45,610,2340,0.277,false,690,680,0.92,sample_seed_public_rate_shape,amenity_gesture,60,27,rooftop_f_and_b_credit,Calabra or Palma dining credit,150,60,38,90,90,33,false,high,0.963,intelligent_generosity,smp-public-context-v1.0.0,1.0,0.95,,hotel_responsible_failure;recoverable_before_checkout;high_perceived_value_lower_estimated_cost
audit_00400,case_00400,TKT000400,PMS000138,aligned_recovery,,Matched synthetic action and context-engine recommendation are within the diagnostic tolerance.,returning_guest,event_or_wedding,maintenance_issue,2,47.51,0.377,1710,6460,0.81,true,825,815,0.92,sample_seed_public_rate_shape,late_checkout,105,21,spa_wellness_credit,Surya Spa or Recovery Suite credit,275,151,82,206,170,130,false,high,0.963,intelligent_generosity,smp-public-context-v1.0.0,1.0,0.95,,hotel_responsible_failure;recoverable_before_checkout;high_perceived_value_lower_estimated_cost
audit_00401,case_00401,TKT000401,PMS001504,aligned_recovery,high_severity,Matched synthetic action and context-engine recommendation are within the diagnostic tolerance.,new_guest,wellness_getaway,housekeeping_miss,5,72.68,0.642,880,1130,0.0,false,530,625,0.92,sample_seed_public_rate_shape,future_stay_credit,350,210,rooftop_f_and_b_credit,Calabra or Palma dining credit,180,72,45,108,-170,-138,false,high,1.0,intelligent_generosity,smp-public-context-v1.0.0,1.0,0.95,,hotel_responsible_failure;high_severity_issue;recoverable_before_checkout;high_perceived_value_lower_estimated_cost
audit_00402,case_00402,TKT000402,PMS000660,data_quality_hold,severity_inferred;no_historical_comp_record,Resolve source matching or missing reference action before comparing policies.,returning_guest,wellness_getaway,noise_disruption,2,43.93,0.398,3990,8660,0.336,false,705,760,0.92,sample_seed_public_rate_shape,,0,0,spa_wellness_credit,Surya Spa or Recovery Suite credit,275,151,82,206,275,151,false,moderate,0.926,intelligent_generosity,smp-public-context-v1.0.0,1.0,0.95,severity_inferred;no_comp_record,recoverable_before_checkout;high_perceived_value_lower_estimated_cost
audit_00403,case_00403,TKT000403,PMS000793,data_quality_hold,no_historical_comp_record;manager_review_model_flag;high_review_risk;high_severity,Resolve source matching or missing reference action before comparing policies.,new_guest,event_or_wedding,room_readiness_delay,5,77.04,0.726,3600,5770,0.356,false,710,695,0.92,sample_seed_public_rate_shape,,0,0,partial_room_refund,partial room refund,205,205,205,205,205,205,true,high,0.815,intelligent_generosity,smp-public-context-v1.0.0,1.0,0.95,no_review_or_survey;no_comp_record,hotel_responsible_failure;high_severity_issue;high_review_risk;recoverable_before_checkout;manager_review_required;operational_pressure_changed_recovery
audit_00404,case_00404,TKT000404,PMS000961,data_quality_hold,no_historical_comp_record,Resolve source matching or missing reference action before comparing policies.,new_guest,event_or_wedding,billing_or_fee_dispute,3,52.14,0.473,2320,3250,0.534,false,755,655,0.92,sample_seed_public_rate_shape,,0,0,parking_fee_waiver,parking or destination-fee waiver,85,15,7,30,85,15,false,high,1.0,intelligent_generosity,smp-public-context-v1.0.0,1.0,0.95,no_review_or_survey;no_comp_record,high_perceived_value_lower_estimated_cost
audit_00405,case_00405,TKT000405,PMS000315,data_quality_hold,no_historical_comp_record;high_severity,Resolve source matching or missing reference action before comparing policies.,new_guest,wellness_getaway,spa_wellness_service_issue,5,72.89,0.635,2160,3750,0.889,true,845,820,0.92,sample_seed_public_rate_shape,,0,0,spa_wellness_credit,Surya Spa or Recovery Suite credit,330,182,99,248,330,182,false,high,1.0,intelligent_generosity,smp-public-context-v1.0.0,1.0,0.95,no_comp_record,hotel_responsible_failure;high_severity_issue;high_perceived_value_lower_estimated_cost
audit_00406,case_00406,TKT000406,PMS000854,under_recovered,high_review_risk;high_severity,Review upward variance between the matched synthetic action and context-engine recommendation.,vip_guest,business_traveler,maintenance_issue,5,75.98,0.705,960,1728,0.296,false,695,690,0.92,sample_seed_public_rate_shape,rooftop_f_and_b_credit,120,48,future_stay_credit,future-stay credit,335,201,100,285,215,153,false,moderate,1.0,intelligent_generosity,smp-public-context-v1.0.0,1.0,0.95,ltv_imputed,high_guest_relationship_value;hotel_responsible_failure;high_severity_issue;high_review_risk;recoverable_before_checkout
audit_00407,case_00407,TKT000407,PMS000563,aligned_recovery,high_severity,Matched synthetic action and context-engine recommendation are within the diagnostic tolerance.,new_guest,business_traveler,room_readiness_delay,4,69.72,0.583,3760,7500,0.949,true,860,830,0.92,sample_seed_public_rate_shape,rooftop_f_and_b_credit,190,76,rooftop_f_and_b_credit,Calabra or Palma dining credit,180,72,45,108,-10,-4,false,moderate,1.0,intelligent_generosity,smp-public-context-v1.0.0,1.0,0.95,,hotel_responsible_failure;high_severity_issue;high_perceived_value_lower_estimated_cost;public_rate_pressure_changed_recovery;property_fit_changed_recovery
audit_00408,case_00408,TKT000408,PMS000958,aligned_recovery,,Matched synthetic action and context-engine recommendation are within the diagnostic tolerance.,new_guest,coastal_weekend,housekeeping_miss,3,55.47,0.442,1240,2560,0.277,false,690,745,0.92,sample_seed_public_rate_shape,late_checkout,90,18,rooftop_f_and_b_credit,Calabra or Palma dining credit,150,60,38,90,60,42,false,high,0.889,intelligent_generosity,smp-public-context-v1.0.0,1.0,0.95,,hotel_responsible_failure;recoverable_before_checkout;high_perceived_value_lower_estimated_cost
audit_00409,case_00409,TKT000409,PMS000900,aligned_recovery,high_severity,Matched synthetic action and context-engine recommendation are within the diagnostic tolerance.,new_guest,local_staycation,maintenance_issue,5,73.69,0.609,1320,1850,0.731,true,805,815,0.92,sample_seed_public_rate_shape,spa_wellness_credit,375,206,spa_wellness_credit,Surya Spa or Recovery Suite credit,330,182,99,248,-45,-24,false,high,1.0,intelligent_generosity,smp-public-context-v1.0.0,1.0,0.95,,hotel_responsible_failure;high_severity_issue;high_perceived_value_lower_estimated_cost
audit_00410,case_00410,TKT000410,PMS000058,data_quality_hold,no_historical_comp_record,Resolve source matching or missing reference action before comparing policies.,new_guest,design_leisure,room_readiness_delay,2,48.06,0.415,1500,2930,0.692,false,795,740,0.92,sample_seed_public_rate_shape,,0,0,late_checkout,late checkout,85,17,7,38,85,17,false,high,0.889,intelligent_generosity,smp-public-context-v1.0.0,0.78,0.95,no_review_or_survey;no_comp_record,hotel_responsible_failure;recoverable_before_checkout;high_perceived_value_lower_estimated_cost
audit_00411,case_00411,TKT000411,PMS001524,aligned_recovery,,Matched synthetic action and context-engine recommendation are within the diagnostic tolerance.,returning_guest,wellness_getaway,rooftop_pool_access_issue,3,51.65,0.479,780,2360,0.889,true,845,865,0.92,sample_seed_public_rate_shape,amenity_gesture,75,34,rooftop_f_and_b_credit,Calabra or Palma dining credit,150,60,38,90,75,26,false,high,1.0,intelligent_generosity,smp-public-context-v1.0.0,1.0,0.95,no_review_or_survey,recoverable_before_checkout;high_perceived_value_lower_estimated_cost
audit_00412,case_00412,TKT000412,PMS000310,aligned_recovery,,Matched synthetic action and context-engine recommendation are within the diagnostic tolerance.,loyalty_guest,event_or_wedding,f_and_b_service_lapse,3,54.37,0.464,2040,7170,0.237,false,680,620,0.92,sample_seed_public_rate_shape,rooftop_f_and_b_credit,215,86,rooftop_f_and_b_credit,Calabra or Palma dining credit,150,60,38,90,-65,-26,false,high,1.0,intelligent_generosity,smp-public-context-v1.0.0,1.0,0.95,,high_guest_relationship_value;hotel_responsible_failure;recoverable_before_checkout;high_perceived_value_lower_estimated_cost
audit_00413,case_00413,TKT000413,PMS001177,aligned_recovery,,Matched synthetic action and context-engine recommendation are within the diagnostic tolerance.,new_guest,business_traveler,rooftop_pool_access_issue,1,34.33,0.304,2190,2730,0.0,false,580,645,0.92,sample_seed_public_rate_shape,rooftop_f_and_b_credit,185,74,rooftop_f_and_b_credit,Calabra or Palma dining credit,135,54,34,81,-50,-20,false,high,1.0,intelligent_generosity,smp-public-context-v1.0.0,1.0,0.95,,recoverable_before_checkout;high_perceived_value_lower_estimated_cost
audit_00414,case_00414,TKT000414,PMS000510,data_quality_hold,weak_identity_or_reservation_match;manager_review_model_flag;low_decision_confidence,Resolve source matching or missing reference action before comparing policies.,new_guest,coastal_weekend,room_assignment_expectation_gap,3,54.43,0.501,1800,3490,0.553,false,760,720,0.92,sample_seed_public_rate_shape,late_checkout,75,15,room_upgrade,room upgrade,300,75,24,195,225,60,true,low,1.0,intelligent_generosity,smp-public-context-v1.0.0,0.58,0.95,low_reservation_match_confidence;no_review_or_survey,hotel_responsible_failure;recoverable_before_checkout;high_perceived_value_lower_estimated_cost;manager_review_required
audit_00415,case_00415,TKT000415,PMS000118,aligned_recovery,,Matched synthetic action and context-engine recommendation are within the diagnostic tolerance.,returning_guest,business_traveler,noise_disruption,3,52.95,0.358,2430,7480,1.0,true,915,905,0.92,sample_seed_public_rate_shape,amenity_gesture,65,29,spa_wellness_credit,Surya Spa or Recovery Suite credit,275,151,82,206,210,122,false,high,1.0,intelligent_generosity,smp-public-context-v1.0.0,1.0,0.95,,high_perceived_value_lower_estimated_cost
audit_00416,case_00416,TKT000416,PMS001254,aligned_recovery,,Matched synthetic action and context-engine recommendation are within the diagnostic tolerance.,loyalty_guest,coastal_weekend,room_readiness_delay,2,53.16,0.463,4920,8856,0.573,false,765,685,0.92,sample_seed_public_rate_shape,manager_note,0,0,late_checkout,late checkout,85,17,7,38,85,17,false,moderate,0.852,intelligent_generosity,smp-public-context-v1.0.0,1.0,0.95,ltv_imputed,high_guest_relationship_value;hotel_responsible_failure;recoverable_before_checkout;high_perceived_value_lower_estimated_cost
audit_00417,case_00417,TKT000417,PMS000906,data_quality_hold,no_historical_comp_record,Resolve source matching or missing reference action before comparing policies.,new_guest,business_traveler,valet_or_parking_delay,1,34.58,0.247,2800,5560,0.573,false,765,685,0.92,sample_seed_public_rate_shape,,0,0,parking_fee_waiver,parking or destination-fee waiver,75,14,6,26,75,14,false,high,1.0,intelligent_generosity,smp-public-context-v1.0.0,0.78,0.95,no_comp_record,recoverable_before_checkout;high_perceived_value_lower_estimated_cost
audit_00418,case_00418,TKT000418,PMS000848,data_quality_hold,no_historical_comp_record,Resolve source matching or missing reference action before comparing policies.,new_guest,design_leisure,housekeeping_miss,2,50.77,0.409,1830,3820,0.771,true,815,785,0.92,sample_seed_public_rate_shape,,0,0,rooftop_f_and_b_credit,Calabra or Palma dining credit,150,60,38,90,150,60,false,high,1.0,intelligent_generosity,smp-public-context-v1.0.0,1.0,0.95,no_review_or_survey;no_comp_record,hotel_responsible_failure;high_perceived_value_lower_estimated_cost
audit_00419,case_00419,TKT000419,PMS001074,aligned_recovery,high_severity,Matched synthetic action and context-engine recommendation are within the diagnostic tolerance.,new_guest,coastal_weekend,housekeeping_miss,4,67.6,0.616,2560,4380,1.0,true,980,955,0.92,sample_seed_public_rate_shape,lobby_lounge_credit,100,38,rooftop_f_and_b_credit,Calabra or Palma dining credit,180,72,45,108,80,34,false,moderate,1.0,intelligent_generosity,smp-public-context-v1.0.0,1.0,0.95,no_review_or_survey,hotel_responsible_failure;high_severity_issue;recoverable_before_checkout;high_perceived_value_lower_estimated_cost;public_rate_pressure_changed_recovery
audit_00420,case_00420,TKT000420,PMS001486,data_quality_hold,no_historical_comp_record,Resolve source matching or missing reference action before comparing policies.,new_guest,design_leisure,room_readiness_delay,2,50.45,0.311,4270,7740,0.415,false,725,675,0.92,sample_seed_public_rate_shape,,0,0,late_checkout,late checkout,85,17,7,38,85,17,false,high,0.926,intelligent_generosity,smp-public-context-v1.0.0,1.0,0.95,no_comp_record,hotel_responsible_failure;recoverable_before_checkout;high_perceived_value_lower_estimated_cost
audit_00421,case_00421,TKT000421,PMS001381,aligned_recovery,,Matched synthetic action and context-engine recommendation are within the diagnostic tolerance.,returning_guest,local_staycation,room_readiness_delay,2,47.68,0.351,1890,6120,0.0,false,595,710,0.92,sample_seed_public_rate_shape,late_checkout,80,16,late_checkout,late checkout,85,17,7,38,5,1,false,high,0.926,intelligent_generosity,smp-public-context-v1.0.0,1.0,0.95,,hotel_responsible_failure;recoverable_before_checkout;high_perceived_value_lower_estimated_cost
audit_00422,case_00422,TKT000422,PMS000352,aligned_recovery,,Matched synthetic action and context-engine recommendation are within the diagnostic tolerance.,new_guest,wellness_getaway,noise_disruption,3,49.58,0.485,3240,4050,0.336,false,705,680,0.92,sample_seed_public_rate_shape,manager_note,0,0,spa_wellness_credit,Surya Spa or Recovery Suite credit,275,151,82,206,275,151,false,high,0.963,intelligent_generosity,smp-public-context-v1.0.0,1.0,0.95,no_review_or_survey,recoverable_before_checkout;high_perceived_value_lower_estimated_cost
audit_00423,case_00423,TKT000423,PMS001226,data_quality_hold,no_historical_comp_record,Resolve source matching or missing reference action before comparing policies.,new_guest,business_traveler,housekeeping_miss,3,54.86,0.498,2160,3370,0.5,false,0,0,0.0,missing_public_pricing_context,,0,0,rooftop_f_and_b_credit,Calabra or Palma dining credit,150,60,38,90,150,60,false,high,1.0,intelligent_generosity,smp-public-context-v1.0.0,1.0,0.95,no_comp_record;missing_public_pricing_context;missing_local_demand_context,hotel_responsible_failure;recoverable_before_checkout;high_perceived_value_lower_estimated_cost
audit_00424,case_00424,TKT000424,PMS001526,under_recovered,,Review upward variance between the matched synthetic action and context-engine recommendation.,vip_guest,wellness_getaway,room_assignment_expectation_gap,3,59.16,0.501,1940,13020,0.158,false,660,615,0.92,sample_seed_public_rate_shape,rooftop_f_and_b_credit,145,58,room_upgrade,room upgrade,360,90,29,234,215,32,false,high,1.0,intelligent_generosity,smp-public-context-v1.0.0,0.78,0.95,no_review_or_survey,high_guest_relationship_value;hotel_responsible_failure;recoverable_before_checkout;high_perceived_value_lower_estimated_cost
audit_00425,case_00425,TKT000425,PMS000434,over_comped,severity_inferred,Review downward variance between the matched synthetic action and context-engine recommendation.,new_guest,wellness_getaway,housekeeping_miss,3,59.33,0.554,630,870,0.909,true,850,805,0.92,sample_seed_public_rate_shape,partial_room_refund,320,320,rooftop_f_and_b_credit,Calabra or Palma dining credit,180,72,45,108,-140,-248,false,moderate,1.0,intelligent_generosity,smp-public-context-v1.0.0,1.0,0.95,severity_inferred,hotel_responsible_failure;high_perceived_value_lower_estimated_cost;public_rate_pressure_changed_recovery
audit_00426,case_00426,TKT000426,PMS000696,data_quality_hold,no_historical_comp_record,Resolve source matching or missing reference action before comparing policies.,returning_guest,business_traveler,f_and_b_service_lapse,3,51.02,0.392,730,2550,0.632,false,780,765,0.92,sample_seed_public_rate_shape,,0,0,rooftop_f_and_b_credit,Calabra or Palma dining credit,150,60,38,90,150,60,false,high,1.0,intelligent_generosity,smp-public-context-v1.0.0,0.78,0.95,no_comp_record,hotel_responsible_failure;recoverable_before_checkout;high_perceived_value_lower_estimated_cost
audit_00427,case_00427,TKT000427,PMS001571,aligned_recovery,high_severity,Matched synthetic action and context-engine recommendation are within the diagnostic tolerance.,new_guest,design_leisure,room_readiness_delay,4,65.78,0.551,1400,2620,1.0,true,905,865,0.92,sample_seed_public_rate_shape,room_upgrade,260,65,rooftop_f_and_b_credit,Calabra or Palma dining credit,180,72,45,108,-80,7,false,moderate,1.0,intelligent_generosity,smp-public-context-v1.0.0,1.0,0.95,,hotel_responsible_failure;high_severity_issue;recoverable_before_checkout;high_perceived_value_lower_estimated_cost;public_rate_pressure_changed_recovery
audit_00428,case_00428,TKT000428,PMS001031,aligned_recovery,,Matched synthetic action and context-engine recommendation are within the diagnostic tolerance.,new_guest,wellness_getaway,noise_disruption,3,46.19,0.366,810,940,0.415,false,725,780,0.92,sample_seed_public_rate_shape,late_checkout,95,19,spa_wellness_credit,Surya Spa or Recovery Suite credit,275,151,82,206,180,132,false,high,0.963,intelligent_generosity,smp-public-context-v1.0.0,1.0,0.95,,recoverable_before_checkout;high_perceived_value_lower_estimated_cost
audit_00429,case_00429,TKT000429,PMS000052,data_quality_hold,no_historical_comp_record,Resolve source matching or missing reference action before comparing policies.,new_guest,coastal_weekend,rooftop_pool_access_issue,2,44.9,0.424,3840,5180,0.415,false,725,745,0.92,sample_seed_public_rate_shape,,0,0,rooftop_f_and_b_credit,Calabra or Palma dining credit,150,60,38,90,150,60,false,high,1.0,intelligent_generosity,smp-public-context-v1.0.0,1.0,0.95,no_comp_record,recoverable_before_checkout;high_perceived_value_lower_estimated_cost
audit_00430,case_00430,TKT000430,PMS001173,under_recovered,,Review upward variance between the matched synthetic action and context-engine recommendation.,new_guest,design_leisure,housekeeping_miss,3,60.71,0.513,3040,3410,0.158,false,660,695,0.92,sample_seed_public_rate_shape,rooftop_f_and_b_credit,150,60,future_stay_credit,future-stay credit,265,159,80,225,115,99,false,high,0.889,intelligent_generosity,smp-public-context-v1.0.0,1.0,0.95,no_review_or_survey,hotel_responsible_failure;recoverable_before_checkout
