comparison_version,policy_id,policy_label,policy_strategy,selection_eligible,recovery_case_id,guest_tier,failure_category,severity,hotel_responsibility_score,reported_in_stay,occupancy_pressure,high_demand_rate_flag,high_local_demand_flag,reservation_match_confidence,crm_match_confidence,reference_recovery_need_score,reference_recovery_tier,recommendation_status,selected_comp_code,selected_comp_label,selected_guest_facing_value,internal_cost_low,internal_cost_mid,internal_cost_high,issue_fit_score,selected_min_tier_fit,selected_max_tier_fit,adequacy_evaluable,recovery_adequate,safe_recovery_path,high_risk_case,high_risk_under_recovery,operational_infeasible,operational_pressure_review,fit_uncertainty_review,property_aligned_gesture,direct_room_refund,manager_review_required,manager_review_evaluable,data_hold_case,data_hold_compliant,tier_five_review_compliant,evaluation_provenance
comp-policy-comparison-v1.0.0,synthetic_discretionary_baseline,Synthetic discretionary baseline,replay_synthetic_history,false,case_00001,new_guest,housekeeping_miss,3,0.9,false,0.712,false,false,1.0,0.95,58.44,4,reference_unknown,no_matched_comp_record,No matched synthetic comp record,0,0,0,0,0.0,0,0,false,false,false,true,false,false,false,false,false,false,false,false,false,true,true,synthetic_case_policy_assumption
comp-policy-comparison-v1.0.0,tiered_standardization,Tiered standardization,highest_issue_fit,true,case_00001,new_guest,housekeeping_miss,3,0.9,false,0.712,false,false,1.0,0.95,58.44,4,recommendation,amenity_gesture,in-room amenity gesture,65,16,29,42,0.8,1,3,true,false,false,true,true,false,false,false,true,false,false,true,false,true,true,synthetic_case_policy_assumption
comp-policy-comparison-v1.0.0,cost_guardrail,Guardrailed recovery,lowest_cost_adequate,true,case_00001,new_guest,housekeeping_miss,3,0.9,false,0.712,false,false,1.0,0.95,58.44,4,recommendation,partial_room_refund,partial room refund,155,155,155,155,0.78,4,5,true,true,true,true,false,false,false,false,false,true,false,true,false,true,true,synthetic_case_policy_assumption
comp-policy-comparison-v1.0.0,recovery_first,Recovery first,highest_perceived_recovery,true,case_00001,new_guest,housekeeping_miss,3,0.9,false,0.712,false,false,1.0,0.95,58.44,4,recommendation,future_stay_credit,future-stay credit,205,62,123,174,0.56,4,5,true,false,true,true,false,false,false,true,false,false,true,true,false,true,true,synthetic_case_policy_assumption
comp-policy-comparison-v1.0.0,intelligent_generosity,Intelligent generosity,context_aware_policy_engine,true,case_00001,new_guest,housekeeping_miss,3,0.9,false,0.712,false,false,1.0,0.95,58.44,4,recommendation,rooftop_f_and_b_credit,Calabra or Palma dining credit,180,45,72,108,0.45,2,5,true,false,true,true,false,false,false,true,true,false,true,true,false,true,true,synthetic_case_policy_assumption
comp-policy-comparison-v1.0.0,synthetic_discretionary_baseline,Synthetic discretionary baseline,replay_synthetic_history,false,case_00002,returning_guest,housekeeping_miss,4,0.95,true,0.642,false,false,1.0,0.95,68.48,4,reference_action,partial_room_refund,partial room refund,465,465,465,465,0.78,4,5,true,true,true,true,false,false,false,false,false,true,false,false,false,true,true,synthetic_case_policy_assumption
comp-policy-comparison-v1.0.0,tiered_standardization,Tiered standardization,highest_issue_fit,true,case_00002,returning_guest,housekeeping_miss,4,0.95,true,0.642,false,false,1.0,0.95,68.48,4,recommendation,amenity_gesture,in-room amenity gesture,65,16,29,42,0.8,1,3,true,false,false,true,true,false,false,false,true,false,false,true,false,true,true,synthetic_case_policy_assumption
comp-policy-comparison-v1.0.0,cost_guardrail,Guardrailed recovery,lowest_cost_adequate,true,case_00002,returning_guest,housekeeping_miss,4,0.95,true,0.642,false,false,1.0,0.95,68.48,4,recommendation,partial_room_refund,partial room refund,150,150,150,150,0.78,4,5,true,true,true,true,false,false,false,false,false,true,false,true,false,true,true,synthetic_case_policy_assumption
comp-policy-comparison-v1.0.0,recovery_first,Recovery first,highest_perceived_recovery,true,case_00002,returning_guest,housekeeping_miss,4,0.95,true,0.642,false,false,1.0,0.95,68.48,4,recommendation,partial_room_refund,partial room refund,150,150,150,150,0.78,4,5,true,true,true,true,false,false,false,false,false,true,false,true,false,true,true,synthetic_case_policy_assumption
comp-policy-comparison-v1.0.0,intelligent_generosity,Intelligent generosity,context_aware_policy_engine,true,case_00002,returning_guest,housekeeping_miss,4,0.95,true,0.642,false,false,1.0,0.95,68.48,4,recommendation,rooftop_f_and_b_credit,Calabra or Palma dining credit,180,45,72,108,0.45,2,5,true,false,true,true,false,false,false,true,true,false,true,true,false,true,true,synthetic_case_policy_assumption
comp-policy-comparison-v1.0.0,synthetic_discretionary_baseline,Synthetic discretionary baseline,replay_synthetic_history,false,case_00003,returning_guest,f_and_b_service_lapse,3,0.7,true,0.611,false,false,1.0,0.95,56.87,3,reference_action,room_upgrade,room upgrade,275,69,69,69,0.16,3,5,true,false,false,false,false,false,false,false,true,false,false,false,false,true,true,synthetic_case_policy_assumption
comp-policy-comparison-v1.0.0,tiered_standardization,Tiered standardization,highest_issue_fit,true,case_00003,returning_guest,f_and_b_service_lapse,3,0.7,true,0.611,false,false,1.0,0.95,56.87,3,recommendation,rooftop_f_and_b_credit,Calabra or Palma dining credit,150,38,60,90,0.88,2,5,true,true,true,false,false,false,false,false,true,false,false,true,false,true,true,synthetic_case_policy_assumption
comp-policy-comparison-v1.0.0,cost_guardrail,Guardrailed recovery,lowest_cost_adequate,true,case_00003,returning_guest,f_and_b_service_lapse,3,0.7,true,0.611,false,false,1.0,0.95,56.87,3,recommendation,rooftop_f_and_b_credit,Calabra or Palma dining credit,150,38,60,90,0.88,2,5,true,true,true,false,false,false,false,false,true,false,false,true,false,true,true,synthetic_case_policy_assumption
comp-policy-comparison-v1.0.0,recovery_first,Recovery first,highest_perceived_recovery,true,case_00003,returning_guest,f_and_b_service_lapse,3,0.7,true,0.611,false,false,1.0,0.95,56.87,3,recommendation,rooftop_f_and_b_credit,Calabra or Palma dining credit,150,38,60,90,0.88,2,5,true,true,true,false,false,false,false,false,true,false,false,true,false,true,true,synthetic_case_policy_assumption
comp-policy-comparison-v1.0.0,intelligent_generosity,Intelligent generosity,context_aware_policy_engine,true,case_00003,returning_guest,f_and_b_service_lapse,3,0.7,true,0.611,false,false,1.0,0.95,56.87,3,recommendation,rooftop_f_and_b_credit,Calabra or Palma dining credit,150,38,60,90,0.88,2,5,true,true,true,false,false,false,false,false,true,false,false,true,false,true,true,synthetic_case_policy_assumption
comp-policy-comparison-v1.0.0,synthetic_discretionary_baseline,Synthetic discretionary baseline,replay_synthetic_history,false,case_00004,new_guest,valet_or_parking_delay,2,0.62,true,0.669,false,false,1.0,0.95,41.04,2,reference_action,spa_wellness_credit,Surya Spa or Recovery Suite credit,365,201,201,201,0.25,3,5,true,false,false,false,false,false,false,false,true,false,false,false,false,true,true,synthetic_case_policy_assumption
comp-policy-comparison-v1.0.0,tiered_standardization,Tiered standardization,highest_issue_fit,true,case_00004,new_guest,valet_or_parking_delay,2,0.62,true,0.669,false,false,1.0,0.95,41.04,2,recommendation,parking_fee_waiver,parking or destination-fee waiver,75,6,14,26,0.9,2,4,true,true,true,false,false,false,false,false,true,false,false,true,false,true,true,synthetic_case_policy_assumption
comp-policy-comparison-v1.0.0,cost_guardrail,Guardrailed recovery,lowest_cost_adequate,true,case_00004,new_guest,valet_or_parking_delay,2,0.62,true,0.669,false,false,1.0,0.95,41.04,2,recommendation,parking_fee_waiver,parking or destination-fee waiver,75,6,14,26,0.9,2,4,true,true,true,false,false,false,false,false,true,false,false,true,false,true,true,synthetic_case_policy_assumption
comp-policy-comparison-v1.0.0,recovery_first,Recovery first,highest_perceived_recovery,true,case_00004,new_guest,valet_or_parking_delay,2,0.62,true,0.669,false,false,1.0,0.95,41.04,2,recommendation,parking_fee_waiver,parking or destination-fee waiver,75,6,14,26,0.9,2,4,true,true,true,false,false,false,false,false,true,false,false,true,false,true,true,synthetic_case_policy_assumption
comp-policy-comparison-v1.0.0,intelligent_generosity,Intelligent generosity,context_aware_policy_engine,true,case_00004,new_guest,valet_or_parking_delay,2,0.62,true,0.669,false,false,1.0,0.95,41.04,2,recommendation,parking_fee_waiver,parking or destination-fee waiver,75,6,14,26,0.9,2,4,true,true,true,false,false,false,false,false,true,false,false,true,false,true,true,synthetic_case_policy_assumption
comp-policy-comparison-v1.0.0,synthetic_discretionary_baseline,Synthetic discretionary baseline,replay_synthetic_history,false,case_00005,new_guest,housekeeping_miss,4,0.95,false,0.725,false,false,1.0,0.95,71.12,4,reference_action,room_upgrade,room upgrade,280,70,70,70,0.16,3,5,true,false,false,true,true,true,false,false,true,false,false,false,false,true,true,synthetic_case_policy_assumption
comp-policy-comparison-v1.0.0,tiered_standardization,Tiered standardization,highest_issue_fit,true,case_00005,new_guest,housekeeping_miss,4,0.95,false,0.725,false,false,1.0,0.95,71.12,4,recommendation,amenity_gesture,in-room amenity gesture,65,16,29,42,0.8,1,3,true,false,false,true,true,false,false,false,true,false,false,true,false,true,true,synthetic_case_policy_assumption
comp-policy-comparison-v1.0.0,cost_guardrail,Guardrailed recovery,lowest_cost_adequate,true,case_00005,new_guest,housekeeping_miss,4,0.95,false,0.725,false,false,1.0,0.95,71.12,4,recommendation,partial_room_refund,partial room refund,245,245,245,245,0.78,4,5,true,true,true,true,false,false,false,false,false,true,false,true,false,true,true,synthetic_case_policy_assumption
comp-policy-comparison-v1.0.0,recovery_first,Recovery first,highest_perceived_recovery,true,case_00005,new_guest,housekeeping_miss,4,0.95,false,0.725,false,false,1.0,0.95,71.12,4,recommendation,future_stay_credit,future-stay credit,330,99,198,280,0.56,4,5,true,false,true,true,false,false,false,true,false,false,true,true,false,true,true,synthetic_case_policy_assumption
comp-policy-comparison-v1.0.0,intelligent_generosity,Intelligent generosity,context_aware_policy_engine,true,case_00005,new_guest,housekeeping_miss,4,0.95,false,0.725,false,false,1.0,0.95,71.12,4,recommendation,future_stay_credit,future-stay credit,330,99,198,280,0.56,4,5,true,false,true,true,false,false,false,true,false,false,true,true,false,true,true,synthetic_case_policy_assumption
comp-policy-comparison-v1.0.0,synthetic_discretionary_baseline,Synthetic discretionary baseline,replay_synthetic_history,false,case_00006,returning_guest,billing_or_fee_dispute,2,0.55,false,0.659,false,false,1.0,0.95,42.03,3,reference_unknown,no_matched_comp_record,No matched synthetic comp record,0,0,0,0,0.0,0,0,false,false,false,false,false,false,false,false,false,false,false,false,false,true,true,synthetic_case_policy_assumption
comp-policy-comparison-v1.0.0,tiered_standardization,Tiered standardization,highest_issue_fit,true,case_00006,returning_guest,billing_or_fee_dispute,2,0.55,false,0.659,false,false,1.0,0.95,42.03,3,recommendation,manager_note,manager note and personal follow-up,0,0,0,0,0.72,1,3,true,true,true,false,false,false,false,true,false,false,true,true,false,true,true,synthetic_case_policy_assumption
comp-policy-comparison-v1.0.0,cost_guardrail,Guardrailed recovery,lowest_cost_adequate,true,case_00006,returning_guest,billing_or_fee_dispute,2,0.55,false,0.659,false,false,1.0,0.95,42.03,3,recommendation,manager_note,manager note and personal follow-up,0,0,0,0,0.72,1,3,true,true,true,false,false,false,false,true,false,false,true,true,false,true,true,synthetic_case_policy_assumption
comp-policy-comparison-v1.0.0,recovery_first,Recovery first,highest_perceived_recovery,true,case_00006,returning_guest,billing_or_fee_dispute,2,0.55,false,0.659,false,false,1.0,0.95,42.03,3,recommendation,spa_wellness_credit,Surya Spa or Recovery Suite credit,275,82,151,206,0.25,3,5,true,false,true,false,false,false,false,true,true,false,true,true,false,true,true,synthetic_case_policy_assumption
comp-policy-comparison-v1.0.0,intelligent_generosity,Intelligent generosity,context_aware_policy_engine,true,case_00006,returning_guest,billing_or_fee_dispute,2,0.55,false,0.659,false,false,1.0,0.95,42.03,3,recommendation,parking_fee_waiver,parking or destination-fee waiver,85,7,15,30,0.66,2,4,true,true,true,false,false,false,false,true,true,false,true,true,false,true,true,synthetic_case_policy_assumption
comp-policy-comparison-v1.0.0,synthetic_discretionary_baseline,Synthetic discretionary baseline,replay_synthetic_history,false,case_00007,new_guest,room_readiness_delay,3,0.88,true,0.965,false,false,1.0,0.95,62.4,4,reference_action,amenity_gesture,in-room amenity gesture,65,29,29,29,0.7,1,3,true,false,false,true,true,false,false,false,true,false,false,false,false,true,true,synthetic_case_policy_assumption
comp-policy-comparison-v1.0.0,tiered_standardization,Tiered standardization,highest_issue_fit,true,case_00007,new_guest,room_readiness_delay,3,0.88,true,0.965,false,false,1.0,0.95,62.4,4,recommendation,late_checkout,late checkout,100,8,20,45,0.9,2,4,true,true,true,true,false,false,true,false,true,false,true,true,false,true,true,synthetic_case_policy_assumption
comp-policy-comparison-v1.0.0,cost_guardrail,Guardrailed recovery,lowest_cost_adequate,true,case_00007,new_guest,room_readiness_delay,3,0.88,true,0.965,false,false,1.0,0.95,62.4,4,recommendation,late_checkout,late checkout,100,8,20,45,0.9,2,4,true,true,true,true,false,false,true,false,true,false,true,true,false,true,true,synthetic_case_policy_assumption
comp-policy-comparison-v1.0.0,recovery_first,Recovery first,highest_perceived_recovery,true,case_00007,new_guest,room_readiness_delay,3,0.88,true,0.965,false,false,1.0,0.95,62.4,4,recommendation,future_stay_credit,future-stay credit,345,104,207,293,0.7,4,5,true,true,true,true,false,false,false,true,false,false,true,true,false,true,true,synthetic_case_policy_assumption
comp-policy-comparison-v1.0.0,intelligent_generosity,Intelligent generosity,context_aware_policy_engine,true,case_00007,new_guest,room_readiness_delay,3,0.88,true,0.965,false,false,1.0,0.95,62.4,4,recommendation,future_stay_credit,future-stay credit,345,104,207,293,0.7,4,5,true,true,true,true,false,false,false,true,false,false,true,true,false,true,true,synthetic_case_policy_assumption
comp-policy-comparison-v1.0.0,synthetic_discretionary_baseline,Synthetic discretionary baseline,replay_synthetic_history,false,case_00008,new_guest,noise_disruption,3,0.48,false,0.728,false,false,1.0,0.95,51.01,3,reference_action,manager_note,manager note and personal follow-up,0,0,0,0,0.72,1,3,true,true,true,false,false,false,false,false,false,false,false,false,false,true,true,synthetic_case_policy_assumption
comp-policy-comparison-v1.0.0,tiered_standardization,Tiered standardization,highest_issue_fit,true,case_00008,new_guest,noise_disruption,3,0.48,false,0.728,false,false,1.0,0.95,51.01,3,recommendation,amenity_gesture,in-room amenity gesture,55,14,25,36,0.78,1,3,true,true,true,false,false,false,false,false,true,false,false,true,false,true,true,synthetic_case_policy_assumption
comp-policy-comparison-v1.0.0,cost_guardrail,Guardrailed recovery,lowest_cost_adequate,true,case_00008,new_guest,noise_disruption,3,0.48,false,0.728,false,false,1.0,0.95,51.01,3,recommendation,amenity_gesture,in-room amenity gesture,55,14,25,36,0.78,1,3,true,true,true,false,false,false,false,false,true,false,false,true,false,true,true,synthetic_case_policy_assumption
comp-policy-comparison-v1.0.0,recovery_first,Recovery first,highest_perceived_recovery,true,case_00008,new_guest,noise_disruption,3,0.48,false,0.728,false,false,1.0,0.95,51.01,3,recommendation,spa_wellness_credit,Surya Spa or Recovery Suite credit,275,82,151,206,0.62,3,5,true,true,true,false,false,false,false,true,true,false,true,true,false,true,true,synthetic_case_policy_assumption
comp-policy-comparison-v1.0.0,intelligent_generosity,Intelligent generosity,context_aware_policy_engine,true,case_00008,new_guest,noise_disruption,3,0.48,false,0.728,false,false,1.0,0.95,51.01,3,recommendation,spa_wellness_credit,Surya Spa or Recovery Suite credit,275,82,151,206,0.62,3,5,true,true,true,false,false,false,false,true,true,false,true,true,false,true,true,synthetic_case_policy_assumption
comp-policy-comparison-v1.0.0,synthetic_discretionary_baseline,Synthetic discretionary baseline,replay_synthetic_history,false,case_00009,new_guest,rooftop_pool_access_issue,2,0.64,true,0.802,false,false,1.0,0.95,43.33,3,reference_action,rooftop_f_and_b_credit,Calabra or Palma dining credit,115,46,46,46,0.86,2,5,true,true,true,false,false,false,false,false,true,false,false,false,false,true,true,synthetic_case_policy_assumption
comp-policy-comparison-v1.0.0,tiered_standardization,Tiered standardization,highest_issue_fit,true,case_00009,new_guest,rooftop_pool_access_issue,2,0.64,true,0.802,false,false,1.0,0.95,43.33,3,recommendation,rooftop_f_and_b_credit,Calabra or Palma dining credit,150,38,60,90,0.86,2,5,true,true,true,false,false,false,false,false,true,false,false,true,false,true,true,synthetic_case_policy_assumption
comp-policy-comparison-v1.0.0,cost_guardrail,Guardrailed recovery,lowest_cost_adequate,true,case_00009,new_guest,rooftop_pool_access_issue,2,0.64,true,0.802,false,false,1.0,0.95,43.33,3,recommendation,rooftop_f_and_b_credit,Calabra or Palma dining credit,150,38,60,90,0.86,2,5,true,true,true,false,false,false,false,false,true,false,false,true,false,true,true,synthetic_case_policy_assumption
comp-policy-comparison-v1.0.0,recovery_first,Recovery first,highest_perceived_recovery,true,case_00009,new_guest,rooftop_pool_access_issue,2,0.64,true,0.802,false,false,1.0,0.95,43.33,3,recommendation,rooftop_f_and_b_credit,Calabra or Palma dining credit,150,38,60,90,0.86,2,5,true,true,true,false,false,false,false,false,true,false,false,true,false,true,true,synthetic_case_policy_assumption
comp-policy-comparison-v1.0.0,intelligent_generosity,Intelligent generosity,context_aware_policy_engine,true,case_00009,new_guest,rooftop_pool_access_issue,2,0.64,true,0.802,false,false,1.0,0.95,43.33,3,recommendation,rooftop_f_and_b_credit,Calabra or Palma dining credit,150,38,60,90,0.86,2,5,true,true,true,false,false,false,false,false,true,false,false,true,false,true,true,synthetic_case_policy_assumption
comp-policy-comparison-v1.0.0,synthetic_discretionary_baseline,Synthetic discretionary baseline,replay_synthetic_history,false,case_00010,loyalty_guest,room_readiness_delay,1,0.88,true,0.567,true,false,1.0,0.95,42.96,3,reference_unknown,no_matched_comp_record,No matched synthetic comp record,0,0,0,0,0.0,0,0,false,false,false,false,false,false,false,false,false,false,false,false,false,true,true,synthetic_case_policy_assumption
comp-policy-comparison-v1.0.0,tiered_standardization,Tiered standardization,highest_issue_fit,true,case_00010,loyalty_guest,room_readiness_delay,1,0.88,true,0.567,true,false,1.0,0.95,42.96,3,recommendation,late_checkout,late checkout,85,7,17,38,0.9,2,4,true,true,true,false,false,false,true,false,true,false,true,true,false,true,true,synthetic_case_policy_assumption
comp-policy-comparison-v1.0.0,cost_guardrail,Guardrailed recovery,lowest_cost_adequate,true,case_00010,loyalty_guest,room_readiness_delay,1,0.88,true,0.567,true,false,1.0,0.95,42.96,3,recommendation,late_checkout,late checkout,85,7,17,38,0.9,2,4,true,true,true,false,false,false,true,false,true,false,true,true,false,true,true,synthetic_case_policy_assumption
comp-policy-comparison-v1.0.0,recovery_first,Recovery first,highest_perceived_recovery,true,case_00010,loyalty_guest,room_readiness_delay,1,0.88,true,0.567,true,false,1.0,0.95,42.96,3,recommendation,room_upgrade,room upgrade,300,24,75,195,0.48,3,5,true,false,true,false,false,false,true,true,true,false,true,true,false,true,true,synthetic_case_policy_assumption
comp-policy-comparison-v1.0.0,intelligent_generosity,Intelligent generosity,context_aware_policy_engine,true,case_00010,loyalty_guest,room_readiness_delay,1,0.88,true,0.567,true,false,1.0,0.95,42.96,3,recommendation,rooftop_f_and_b_credit,Calabra or Palma dining credit,150,38,60,90,0.72,2,5,true,true,true,false,false,false,false,true,true,false,true,true,false,true,true,synthetic_case_policy_assumption
comp-policy-comparison-v1.0.0,synthetic_discretionary_baseline,Synthetic discretionary baseline,replay_synthetic_history,false,case_00011,new_guest,f_and_b_service_lapse,2,0.7,true,0.573,false,false,1.0,0.95,49.14,3,reference_unknown,no_matched_comp_record,No matched synthetic comp record,0,0,0,0,0.0,0,0,false,false,false,false,false,false,false,false,false,false,false,false,false,true,true,synthetic_case_policy_assumption
comp-policy-comparison-v1.0.0,tiered_standardization,Tiered standardization,highest_issue_fit,true,case_00011,new_guest,f_and_b_service_lapse,2,0.7,true,0.573,false,false,1.0,0.95,49.14,3,recommendation,rooftop_f_and_b_credit,Calabra or Palma dining credit,150,38,60,90,0.88,2,5,true,true,true,false,false,false,false,false,true,false,false,true,false,true,true,synthetic_case_policy_assumption
comp-policy-comparison-v1.0.0,cost_guardrail,Guardrailed recovery,lowest_cost_adequate,true,case_00011,new_guest,f_and_b_service_lapse,2,0.7,true,0.573,false,false,1.0,0.95,49.14,3,recommendation,rooftop_f_and_b_credit,Calabra or Palma dining credit,150,38,60,90,0.88,2,5,true,true,true,false,false,false,false,false,true,false,false,true,false,true,true,synthetic_case_policy_assumption
comp-policy-comparison-v1.0.0,recovery_first,Recovery first,highest_perceived_recovery,true,case_00011,new_guest,f_and_b_service_lapse,2,0.7,true,0.573,false,false,1.0,0.95,49.14,3,recommendation,rooftop_f_and_b_credit,Calabra or Palma dining credit,150,38,60,90,0.88,2,5,true,true,true,false,false,false,false,false,true,false,false,true,false,true,true,synthetic_case_policy_assumption
comp-policy-comparison-v1.0.0,intelligent_generosity,Intelligent generosity,context_aware_policy_engine,true,case_00011,new_guest,f_and_b_service_lapse,2,0.7,true,0.573,false,false,1.0,0.95,49.14,3,recommendation,rooftop_f_and_b_credit,Calabra or Palma dining credit,150,38,60,90,0.88,2,5,true,true,true,false,false,false,false,false,true,false,false,true,false,true,true,synthetic_case_policy_assumption
comp-policy-comparison-v1.0.0,synthetic_discretionary_baseline,Synthetic discretionary baseline,replay_synthetic_history,false,case_00012,new_guest,noise_disruption,1,0.48,true,0.729,false,false,1.0,0.95,30.04,2,reference_action,amenity_gesture,in-room amenity gesture,65,29,29,29,0.78,1,3,true,true,true,false,false,false,false,false,true,false,false,false,false,true,true,synthetic_case_policy_assumption
comp-policy-comparison-v1.0.0,tiered_standardization,Tiered standardization,highest_issue_fit,true,case_00012,new_guest,noise_disruption,1,0.48,true,0.729,false,false,1.0,0.95,30.04,2,recommendation,late_checkout,late checkout,75,6,15,34,0.82,2,4,true,true,true,false,false,false,false,false,true,false,false,true,false,true,true,synthetic_case_policy_assumption
comp-policy-comparison-v1.0.0,cost_guardrail,Guardrailed recovery,lowest_cost_adequate,true,case_00012,new_guest,noise_disruption,1,0.48,true,0.729,false,false,1.0,0.95,30.04,2,recommendation,late_checkout,late checkout,75,6,15,34,0.82,2,4,true,true,true,false,false,false,false,false,true,false,false,true,false,true,true,synthetic_case_policy_assumption
comp-policy-comparison-v1.0.0,recovery_first,Recovery first,highest_perceived_recovery,true,case_00012,new_guest,noise_disruption,1,0.48,true,0.729,false,false,1.0,0.95,30.04,2,recommendation,late_checkout,late checkout,75,6,15,34,0.82,2,4,true,true,true,false,false,false,false,false,true,false,false,true,false,true,true,synthetic_case_policy_assumption
comp-policy-comparison-v1.0.0,intelligent_generosity,Intelligent generosity,context_aware_policy_engine,true,case_00012,new_guest,noise_disruption,1,0.48,true,0.729,false,false,1.0,0.95,30.04,2,recommendation,late_checkout,late checkout,75,6,15,34,0.82,2,4,true,true,true,false,false,false,false,false,true,false,false,true,false,true,true,synthetic_case_policy_assumption
comp-policy-comparison-v1.0.0,synthetic_discretionary_baseline,Synthetic discretionary baseline,replay_synthetic_history,false,case_00013,new_guest,room_readiness_delay,3,0.88,true,0.546,true,false,1.0,0.95,59.93,4,reference_unknown,no_matched_comp_record,No matched synthetic comp record,0,0,0,0,0.0,0,0,false,false,false,true,false,false,false,false,false,false,false,false,false,true,true,synthetic_case_policy_assumption
comp-policy-comparison-v1.0.0,tiered_standardization,Tiered standardization,highest_issue_fit,true,case_00013,new_guest,room_readiness_delay,3,0.88,true,0.546,true,false,1.0,0.95,59.93,4,recommendation,late_checkout,late checkout,100,8,20,45,0.9,2,4,true,true,true,true,false,false,true,false,true,false,true,true,false,true,true,synthetic_case_policy_assumption
comp-policy-comparison-v1.0.0,cost_guardrail,Guardrailed recovery,lowest_cost_adequate,true,case_00013,new_guest,room_readiness_delay,3,0.88,true,0.546,true,false,1.0,0.95,59.93,4,recommendation,late_checkout,late checkout,100,8,20,45,0.9,2,4,true,true,true,true,false,false,true,false,true,false,true,true,false,true,true,synthetic_case_policy_assumption
comp-policy-comparison-v1.0.0,recovery_first,Recovery first,highest_perceived_recovery,true,case_00013,new_guest,room_readiness_delay,3,0.88,true,0.546,true,false,1.0,0.95,59.93,4,recommendation,room_upgrade,room upgrade,360,29,90,234,0.48,3,5,true,false,true,true,false,false,true,true,true,false,true,true,false,true,true,synthetic_case_policy_assumption
comp-policy-comparison-v1.0.0,intelligent_generosity,Intelligent generosity,context_aware_policy_engine,true,case_00013,new_guest,room_readiness_delay,3,0.88,true,0.546,true,false,1.0,0.95,59.93,4,recommendation,rooftop_f_and_b_credit,Calabra or Palma dining credit,180,45,72,108,0.72,2,5,true,true,true,true,false,false,false,true,true,false,true,true,false,true,true,synthetic_case_policy_assumption
comp-policy-comparison-v1.0.0,synthetic_discretionary_baseline,Synthetic discretionary baseline,replay_synthetic_history,false,case_00014,new_guest,billing_or_fee_dispute,2,0.55,false,0.869,false,false,1.0,0.95,43.25,3,reference_unknown,no_matched_comp_record,No matched synthetic comp record,0,0,0,0,0.0,0,0,false,false,false,false,false,false,false,false,false,false,false,false,false,true,true,synthetic_case_policy_assumption
comp-policy-comparison-v1.0.0,tiered_standardization,Tiered standardization,highest_issue_fit,true,case_00014,new_guest,billing_or_fee_dispute,2,0.55,false,0.869,false,false,1.0,0.95,43.25,3,recommendation,manager_note,manager note and personal follow-up,0,0,0,0,0.72,1,3,true,true,true,false,false,false,false,true,false,false,true,true,false,true,true,synthetic_case_policy_assumption
comp-policy-comparison-v1.0.0,cost_guardrail,Guardrailed recovery,lowest_cost_adequate,true,case_00014,new_guest,billing_or_fee_dispute,2,0.55,false,0.869,false,false,1.0,0.95,43.25,3,recommendation,manager_note,manager note and personal follow-up,0,0,0,0,0.72,1,3,true,true,true,false,false,false,false,true,false,false,true,true,false,true,true,synthetic_case_policy_assumption
comp-policy-comparison-v1.0.0,recovery_first,Recovery first,highest_perceived_recovery,true,case_00014,new_guest,billing_or_fee_dispute,2,0.55,false,0.869,false,false,1.0,0.95,43.25,3,recommendation,spa_wellness_credit,Surya Spa or Recovery Suite credit,275,82,151,206,0.25,3,5,true,false,true,false,false,false,false,true,true,false,true,true,false,true,true,synthetic_case_policy_assumption
comp-policy-comparison-v1.0.0,intelligent_generosity,Intelligent generosity,context_aware_policy_engine,true,case_00014,new_guest,billing_or_fee_dispute,2,0.55,false,0.869,false,false,1.0,0.95,43.25,3,recommendation,parking_fee_waiver,parking or destination-fee waiver,85,7,15,30,0.66,2,4,true,true,true,false,false,false,false,true,true,false,true,true,false,true,true,synthetic_case_policy_assumption
comp-policy-comparison-v1.0.0,synthetic_discretionary_baseline,Synthetic discretionary baseline,replay_synthetic_history,false,case_00015,returning_guest,room_assignment_expectation_gap,3,0.74,false,0.507,false,false,0.78,0.95,58.05,4,reference_unknown,no_matched_comp_record,No matched synthetic comp record,0,0,0,0,0.0,0,0,false,false,false,true,false,false,false,false,false,false,false,false,false,true,true,synthetic_case_policy_assumption
comp-policy-comparison-v1.0.0,tiered_standardization,Tiered standardization,highest_issue_fit,true,case_00015,returning_guest,room_assignment_expectation_gap,3,0.74,false,0.507,false,false,0.78,0.95,58.05,4,recommendation,partial_room_refund,partial room refund,150,150,150,150,0.75,4,5,true,true,true,true,false,false,false,false,false,true,false,true,false,true,true,synthetic_case_policy_assumption
comp-policy-comparison-v1.0.0,cost_guardrail,Guardrailed recovery,lowest_cost_adequate,true,case_00015,returning_guest,room_assignment_expectation_gap,3,0.74,false,0.507,false,false,0.78,0.95,58.05,4,recommendation,partial_room_refund,partial room refund,150,150,150,150,0.75,4,5,true,true,true,true,false,false,false,false,false,true,false,true,false,true,true,synthetic_case_policy_assumption
comp-policy-comparison-v1.0.0,recovery_first,Recovery first,highest_perceived_recovery,true,case_00015,returning_guest,room_assignment_expectation_gap,3,0.74,false,0.507,false,false,0.78,0.95,58.05,4,recommendation,future_stay_credit,future-stay credit,185,56,111,157,0.56,4,5,true,false,true,true,false,false,false,true,false,false,true,true,false,true,true,synthetic_case_policy_assumption
comp-policy-comparison-v1.0.0,intelligent_generosity,Intelligent generosity,context_aware_policy_engine,true,case_00015,returning_guest,room_assignment_expectation_gap,3,0.74,false,0.507,false,false,0.78,0.95,58.05,4,recommendation,rooftop_f_and_b_credit,Calabra or Palma dining credit,180,45,72,108,0.45,2,5,true,false,true,true,false,false,false,true,true,false,true,true,false,true,true,synthetic_case_policy_assumption
comp-policy-comparison-v1.0.0,synthetic_discretionary_baseline,Synthetic discretionary baseline,replay_synthetic_history,false,case_00016,returning_guest,room_assignment_expectation_gap,4,0.79,false,0.788,false,false,1.0,0.95,66.94,4,reference_action,late_checkout,late checkout,85,17,17,17,0.5,2,4,true,false,false,true,true,true,false,false,true,false,false,false,false,true,true,synthetic_case_policy_assumption
comp-policy-comparison-v1.0.0,tiered_standardization,Tiered standardization,highest_issue_fit,true,case_00016,returning_guest,room_assignment_expectation_gap,4,0.79,false,0.788,false,false,1.0,0.95,66.94,4,recommendation,partial_room_refund,partial room refund,210,210,210,210,0.75,4,5,true,true,true,true,false,false,false,false,false,true,false,true,false,true,true,synthetic_case_policy_assumption
comp-policy-comparison-v1.0.0,cost_guardrail,Guardrailed recovery,lowest_cost_adequate,true,case_00016,returning_guest,room_assignment_expectation_gap,4,0.79,false,0.788,false,false,1.0,0.95,66.94,4,recommendation,partial_room_refund,partial room refund,210,210,210,210,0.75,4,5,true,true,true,true,false,false,false,false,false,true,false,true,false,true,true,synthetic_case_policy_assumption
comp-policy-comparison-v1.0.0,recovery_first,Recovery first,highest_perceived_recovery,true,case_00016,returning_guest,room_assignment_expectation_gap,4,0.79,false,0.788,false,false,1.0,0.95,66.94,4,recommendation,future_stay_credit,future-stay credit,280,84,168,238,0.56,4,5,true,false,true,true,false,false,false,true,false,false,true,true,false,true,true,synthetic_case_policy_assumption
comp-policy-comparison-v1.0.0,intelligent_generosity,Intelligent generosity,context_aware_policy_engine,true,case_00016,returning_guest,room_assignment_expectation_gap,4,0.79,false,0.788,false,false,1.0,0.95,66.94,4,recommendation,future_stay_credit,future-stay credit,280,84,168,238,0.56,4,5,true,false,true,true,false,false,false,true,false,false,true,true,false,true,true,synthetic_case_policy_assumption
comp-policy-comparison-v1.0.0,synthetic_discretionary_baseline,Synthetic discretionary baseline,replay_synthetic_history,false,case_00017,returning_guest,f_and_b_service_lapse,2,0.7,true,0.601,true,false,1.0,0.95,43.54,3,reference_action,amenity_gesture,in-room amenity gesture,50,22,22,22,0.7,1,3,true,true,true,false,false,false,false,false,true,false,false,false,false,true,true,synthetic_case_policy_assumption
comp-policy-comparison-v1.0.0,tiered_standardization,Tiered standardization,highest_issue_fit,true,case_00017,returning_guest,f_and_b_service_lapse,2,0.7,true,0.601,true,false,1.0,0.95,43.54,3,recommendation,rooftop_f_and_b_credit,Calabra or Palma dining credit,150,38,60,90,0.88,2,5,true,true,true,false,false,false,false,false,true,false,false,true,false,true,true,synthetic_case_policy_assumption
comp-policy-comparison-v1.0.0,cost_guardrail,Guardrailed recovery,lowest_cost_adequate,true,case_00017,returning_guest,f_and_b_service_lapse,2,0.7,true,0.601,true,false,1.0,0.95,43.54,3,recommendation,rooftop_f_and_b_credit,Calabra or Palma dining credit,150,38,60,90,0.88,2,5,true,true,true,false,false,false,false,false,true,false,false,true,false,true,true,synthetic_case_policy_assumption
comp-policy-comparison-v1.0.0,recovery_first,Recovery first,highest_perceived_recovery,true,case_00017,returning_guest,f_and_b_service_lapse,2,0.7,true,0.601,true,false,1.0,0.95,43.54,3,recommendation,rooftop_f_and_b_credit,Calabra or Palma dining credit,150,38,60,90,0.88,2,5,true,true,true,false,false,false,false,false,true,false,false,true,false,true,true,synthetic_case_policy_assumption
comp-policy-comparison-v1.0.0,intelligent_generosity,Intelligent generosity,context_aware_policy_engine,true,case_00017,returning_guest,f_and_b_service_lapse,2,0.7,true,0.601,true,false,1.0,0.95,43.54,3,recommendation,rooftop_f_and_b_credit,Calabra or Palma dining credit,150,38,60,90,0.88,2,5,true,true,true,false,false,false,false,false,true,false,false,true,false,true,true,synthetic_case_policy_assumption
comp-policy-comparison-v1.0.0,synthetic_discretionary_baseline,Synthetic discretionary baseline,replay_synthetic_history,false,case_00018,returning_guest,f_and_b_service_lapse,5,0.75,true,0.528,false,false,1.0,0.95,70.47,4,reference_action,rooftop_f_and_b_credit,Calabra or Palma dining credit,115,46,46,46,0.88,2,5,true,true,true,true,false,false,false,false,true,false,false,false,false,true,true,synthetic_case_policy_assumption
comp-policy-comparison-v1.0.0,tiered_standardization,Tiered standardization,highest_issue_fit,true,case_00018,returning_guest,f_and_b_service_lapse,5,0.75,true,0.528,false,false,1.0,0.95,70.47,4,recommendation,rooftop_f_and_b_credit,Calabra or Palma dining credit,180,45,72,108,0.88,2,5,true,true,true,true,false,false,false,false,true,false,false,true,false,true,true,synthetic_case_policy_assumption
comp-policy-comparison-v1.0.0,cost_guardrail,Guardrailed recovery,lowest_cost_adequate,true,case_00018,returning_guest,f_and_b_service_lapse,5,0.75,true,0.528,false,false,1.0,0.95,70.47,4,recommendation,rooftop_f_and_b_credit,Calabra or Palma dining credit,180,45,72,108,0.88,2,5,true,true,true,true,false,false,false,false,true,false,false,true,false,true,true,synthetic_case_policy_assumption
comp-policy-comparison-v1.0.0,recovery_first,Recovery first,highest_perceived_recovery,true,case_00018,returning_guest,f_and_b_service_lapse,5,0.75,true,0.528,false,false,1.0,0.95,70.47,4,recommendation,rooftop_f_and_b_credit,Calabra or Palma dining credit,180,45,72,108,0.88,2,5,true,true,true,true,false,false,false,false,true,false,false,true,false,true,true,synthetic_case_policy_assumption
comp-policy-comparison-v1.0.0,intelligent_generosity,Intelligent generosity,context_aware_policy_engine,true,case_00018,returning_guest,f_and_b_service_lapse,5,0.75,true,0.528,false,false,1.0,0.95,70.47,4,recommendation,rooftop_f_and_b_credit,Calabra or Palma dining credit,180,45,72,108,0.88,2,5,true,true,true,true,false,false,false,false,true,false,false,true,false,true,true,synthetic_case_policy_assumption
comp-policy-comparison-v1.0.0,synthetic_discretionary_baseline,Synthetic discretionary baseline,replay_synthetic_history,false,case_00019,returning_guest,room_readiness_delay,4,0.93,true,0.771,false,false,1.0,0.95,67.98,4,reference_action,room_upgrade,room upgrade,410,102,102,102,0.48,3,5,true,false,false,true,true,false,false,false,true,false,false,false,false,true,true,synthetic_case_policy_assumption
comp-policy-comparison-v1.0.0,tiered_standardization,Tiered standardization,highest_issue_fit,true,case_00019,returning_guest,room_readiness_delay,4,0.93,true,0.771,false,false,1.0,0.95,67.98,4,recommendation,late_checkout,late checkout,100,8,20,45,0.9,2,4,true,true,true,true,false,false,false,false,true,false,false,true,false,true,true,synthetic_case_policy_assumption
comp-policy-comparison-v1.0.0,cost_guardrail,Guardrailed recovery,lowest_cost_adequate,true,case_00019,returning_guest,room_readiness_delay,4,0.93,true,0.771,false,false,1.0,0.95,67.98,4,recommendation,late_checkout,late checkout,100,8,20,45,0.9,2,4,true,true,true,true,false,false,false,false,true,false,false,true,false,true,true,synthetic_case_policy_assumption
comp-policy-comparison-v1.0.0,recovery_first,Recovery first,highest_perceived_recovery,true,case_00019,returning_guest,room_readiness_delay,4,0.93,true,0.771,false,false,1.0,0.95,67.98,4,recommendation,room_upgrade,room upgrade,360,29,90,234,0.48,3,5,true,false,true,true,false,false,false,true,true,false,true,true,false,true,true,synthetic_case_policy_assumption
comp-policy-comparison-v1.0.0,intelligent_generosity,Intelligent generosity,context_aware_policy_engine,true,case_00019,returning_guest,room_readiness_delay,4,0.93,true,0.771,false,false,1.0,0.95,67.98,4,recommendation,rooftop_f_and_b_credit,Calabra or Palma dining credit,180,45,72,108,0.72,2,5,true,true,true,true,false,false,false,true,true,false,true,true,false,true,true,synthetic_case_policy_assumption
comp-policy-comparison-v1.0.0,synthetic_discretionary_baseline,Synthetic discretionary baseline,replay_synthetic_history,false,case_00020,vip_guest,room_assignment_expectation_gap,4,0.79,true,0.837,false,false,1.0,0.95,68.06,4,reference_unknown,no_matched_comp_record,No matched synthetic comp record,0,0,0,0,0.0,0,0,false,false,false,true,false,false,false,false,false,false,false,false,false,true,true,synthetic_case_policy_assumption
comp-policy-comparison-v1.0.0,tiered_standardization,Tiered standardization,highest_issue_fit,true,case_00020,vip_guest,room_assignment_expectation_gap,4,0.79,true,0.837,false,false,1.0,0.95,68.06,4,recommendation,room_upgrade,room upgrade,360,29,90,234,0.9,3,5,true,true,true,true,false,false,false,false,true,false,false,true,false,true,true,synthetic_case_policy_assumption
comp-policy-comparison-v1.0.0,cost_guardrail,Guardrailed recovery,lowest_cost_adequate,true,case_00020,vip_guest,room_assignment_expectation_gap,4,0.79,true,0.837,false,false,1.0,0.95,68.06,4,recommendation,room_upgrade,room upgrade,360,29,90,234,0.9,3,5,true,true,true,true,false,false,false,false,true,false,false,true,false,true,true,synthetic_case_policy_assumption
comp-policy-comparison-v1.0.0,recovery_first,Recovery first,highest_perceived_recovery,true,case_00020,vip_guest,room_assignment_expectation_gap,4,0.79,true,0.837,false,false,1.0,0.95,68.06,4,recommendation,room_upgrade,room upgrade,360,29,90,234,0.9,3,5,true,true,true,true,false,false,false,false,true,false,false,true,false,true,true,synthetic_case_policy_assumption
comp-policy-comparison-v1.0.0,intelligent_generosity,Intelligent generosity,context_aware_policy_engine,true,case_00020,vip_guest,room_assignment_expectation_gap,4,0.79,true,0.837,false,false,1.0,0.95,68.06,4,recommendation,room_upgrade,room upgrade,360,29,90,234,0.9,3,5,true,true,true,true,false,false,false,false,true,false,false,true,false,true,true,synthetic_case_policy_assumption
comp-policy-comparison-v1.0.0,synthetic_discretionary_baseline,Synthetic discretionary baseline,replay_synthetic_history,false,case_00021,returning_guest,valet_or_parking_delay,3,0.62,true,0.99,false,false,1.0,0.95,54.97,3,reference_action,parking_fee_waiver,parking or destination-fee waiver,0,0,0,0,0.9,2,4,true,true,true,false,false,false,false,false,true,false,false,false,false,true,true,synthetic_case_policy_assumption
comp-policy-comparison-v1.0.0,tiered_standardization,Tiered standardization,highest_issue_fit,true,case_00021,returning_guest,valet_or_parking_delay,3,0.62,true,0.99,false,false,1.0,0.95,54.97,3,recommendation,parking_fee_waiver,parking or destination-fee waiver,85,7,15,30,0.9,2,4,true,true,true,false,false,false,false,false,true,false,false,true,false,true,true,synthetic_case_policy_assumption
comp-policy-comparison-v1.0.0,cost_guardrail,Guardrailed recovery,lowest_cost_adequate,true,case_00021,returning_guest,valet_or_parking_delay,3,0.62,true,0.99,false,false,1.0,0.95,54.97,3,recommendation,parking_fee_waiver,parking or destination-fee waiver,85,7,15,30,0.9,2,4,true,true,true,false,false,false,false,false,true,false,false,true,false,true,true,synthetic_case_policy_assumption
comp-policy-comparison-v1.0.0,recovery_first,Recovery first,highest_perceived_recovery,true,case_00021,returning_guest,valet_or_parking_delay,3,0.62,true,0.99,false,false,1.0,0.95,54.97,3,recommendation,spa_wellness_credit,Surya Spa or Recovery Suite credit,275,82,151,206,0.25,3,5,true,false,true,false,false,false,false,true,true,false,true,true,false,true,true,synthetic_case_policy_assumption
comp-policy-comparison-v1.0.0,intelligent_generosity,Intelligent generosity,context_aware_policy_engine,true,case_00021,returning_guest,valet_or_parking_delay,3,0.62,true,0.99,false,false,1.0,0.95,54.97,3,recommendation,parking_fee_waiver,parking or destination-fee waiver,85,7,15,30,0.9,2,4,true,true,true,false,false,false,false,false,true,false,false,true,false,true,true,synthetic_case_policy_assumption
comp-policy-comparison-v1.0.0,synthetic_discretionary_baseline,Synthetic discretionary baseline,replay_synthetic_history,false,case_00022,returning_guest,room_assignment_expectation_gap,3,0.74,true,0.422,false,false,1.0,0.95,53.58,3,reference_unknown,no_matched_comp_record,No matched synthetic comp record,0,0,0,0,0.0,0,0,false,false,false,false,false,false,false,false,false,false,false,false,false,true,true,synthetic_case_policy_assumption
comp-policy-comparison-v1.0.0,tiered_standardization,Tiered standardization,highest_issue_fit,true,case_00022,returning_guest,room_assignment_expectation_gap,3,0.74,true,0.422,false,false,1.0,0.95,53.58,3,recommendation,room_upgrade,room upgrade,300,24,75,195,0.9,3,5,true,true,true,false,false,false,false,false,true,false,false,true,false,true,true,synthetic_case_policy_assumption
comp-policy-comparison-v1.0.0,cost_guardrail,Guardrailed recovery,lowest_cost_adequate,true,case_00022,returning_guest,room_assignment_expectation_gap,3,0.74,true,0.422,false,false,1.0,0.95,53.58,3,recommendation,room_upgrade,room upgrade,300,24,75,195,0.9,3,5,true,true,true,false,false,false,false,false,true,false,false,true,false,true,true,synthetic_case_policy_assumption
comp-policy-comparison-v1.0.0,recovery_first,Recovery first,highest_perceived_recovery,true,case_00022,returning_guest,room_assignment_expectation_gap,3,0.74,true,0.422,false,false,1.0,0.95,53.58,3,recommendation,room_upgrade,room upgrade,300,24,75,195,0.9,3,5,true,true,true,false,false,false,false,false,true,false,false,true,false,true,true,synthetic_case_policy_assumption
comp-policy-comparison-v1.0.0,intelligent_generosity,Intelligent generosity,context_aware_policy_engine,true,case_00022,returning_guest,room_assignment_expectation_gap,3,0.74,true,0.422,false,false,1.0,0.95,53.58,3,recommendation,room_upgrade,room upgrade,300,24,75,195,0.9,3,5,true,true,true,false,false,false,false,false,true,false,false,true,false,true,true,synthetic_case_policy_assumption
comp-policy-comparison-v1.0.0,synthetic_discretionary_baseline,Synthetic discretionary baseline,replay_synthetic_history,false,case_00023,new_guest,maintenance_issue,4,0.83,true,0.75,true,false,1.0,0.95,67.99,4,reference_unknown,no_matched_comp_record,No matched synthetic comp record,0,0,0,0,0.0,0,0,false,false,false,true,false,false,false,false,false,false,false,false,false,true,true,synthetic_case_policy_assumption
comp-policy-comparison-v1.0.0,tiered_standardization,Tiered standardization,highest_issue_fit,true,case_00023,new_guest,maintenance_issue,4,0.83,true,0.75,true,false,1.0,0.95,67.99,4,recommendation,partial_room_refund,partial room refund,280,280,280,280,0.8,4,5,true,true,true,true,false,false,false,false,false,true,false,true,false,true,true,synthetic_case_policy_assumption
comp-policy-comparison-v1.0.0,cost_guardrail,Guardrailed recovery,lowest_cost_adequate,true,case_00023,new_guest,maintenance_issue,4,0.83,true,0.75,true,false,1.0,0.95,67.99,4,recommendation,partial_room_refund,partial room refund,280,280,280,280,0.8,4,5,true,true,true,true,false,false,false,false,false,true,false,true,false,true,true,synthetic_case_policy_assumption
comp-policy-comparison-v1.0.0,recovery_first,Recovery first,highest_perceived_recovery,true,case_00023,new_guest,maintenance_issue,4,0.83,true,0.75,true,false,1.0,0.95,67.99,4,recommendation,future_stay_credit,future-stay credit,380,114,228,323,0.56,4,5,true,false,true,true,false,false,false,true,false,false,true,true,false,true,true,synthetic_case_policy_assumption
comp-policy-comparison-v1.0.0,intelligent_generosity,Intelligent generosity,context_aware_policy_engine,true,case_00023,new_guest,maintenance_issue,4,0.83,true,0.75,true,false,1.0,0.95,67.99,4,recommendation,spa_wellness_credit,Surya Spa or Recovery Suite credit,330,99,182,248,0.45,3,5,true,false,true,true,false,false,false,true,true,false,true,true,false,true,true,synthetic_case_policy_assumption
comp-policy-comparison-v1.0.0,synthetic_discretionary_baseline,Synthetic discretionary baseline,replay_synthetic_history,false,case_00024,new_guest,rooftop_pool_access_issue,2,0.64,false,0.593,false,false,1.0,0.95,44.29,3,reference_action,manager_note,manager note and personal follow-up,0,0,0,0,0.72,1,3,true,true,true,false,false,false,false,false,false,false,false,false,false,true,true,synthetic_case_policy_assumption
comp-policy-comparison-v1.0.0,tiered_standardization,Tiered standardization,highest_issue_fit,true,case_00024,new_guest,rooftop_pool_access_issue,2,0.64,false,0.593,false,false,1.0,0.95,44.29,3,recommendation,rooftop_f_and_b_credit,Calabra or Palma dining credit,150,38,60,90,0.86,2,5,true,true,true,false,false,false,false,false,true,false,false,true,false,true,true,synthetic_case_policy_assumption
comp-policy-comparison-v1.0.0,cost_guardrail,Guardrailed recovery,lowest_cost_adequate,true,case_00024,new_guest,rooftop_pool_access_issue,2,0.64,false,0.593,false,false,1.0,0.95,44.29,3,recommendation,rooftop_f_and_b_credit,Calabra or Palma dining credit,150,38,60,90,0.86,2,5,true,true,true,false,false,false,false,false,true,false,false,true,false,true,true,synthetic_case_policy_assumption
comp-policy-comparison-v1.0.0,recovery_first,Recovery first,highest_perceived_recovery,true,case_00024,new_guest,rooftop_pool_access_issue,2,0.64,false,0.593,false,false,1.0,0.95,44.29,3,recommendation,rooftop_f_and_b_credit,Calabra or Palma dining credit,150,38,60,90,0.86,2,5,true,true,true,false,false,false,false,false,true,false,false,true,false,true,true,synthetic_case_policy_assumption
comp-policy-comparison-v1.0.0,intelligent_generosity,Intelligent generosity,context_aware_policy_engine,true,case_00024,new_guest,rooftop_pool_access_issue,2,0.64,false,0.593,false,false,1.0,0.95,44.29,3,recommendation,rooftop_f_and_b_credit,Calabra or Palma dining credit,150,38,60,90,0.86,2,5,true,true,true,false,false,false,false,false,true,false,false,true,false,true,true,synthetic_case_policy_assumption
comp-policy-comparison-v1.0.0,synthetic_discretionary_baseline,Synthetic discretionary baseline,replay_synthetic_history,false,case_00025,event_or_suite_guest,housekeeping_miss,4,0.95,true,0.752,true,false,1.0,0.95,71.63,4,reference_unknown,no_matched_comp_record,No matched synthetic comp record,0,0,0,0,0.0,0,0,false,false,false,true,false,false,false,false,false,false,false,false,false,true,true,synthetic_case_policy_assumption
comp-policy-comparison-v1.0.0,tiered_standardization,Tiered standardization,highest_issue_fit,true,case_00025,event_or_suite_guest,housekeeping_miss,4,0.95,true,0.752,true,false,1.0,0.95,71.63,4,recommendation,amenity_gesture,in-room amenity gesture,65,16,29,42,0.8,1,3,true,false,false,true,true,false,false,false,true,false,false,true,false,true,true,synthetic_case_policy_assumption
comp-policy-comparison-v1.0.0,cost_guardrail,Guardrailed recovery,lowest_cost_adequate,true,case_00025,event_or_suite_guest,housekeeping_miss,4,0.95,true,0.752,true,false,1.0,0.95,71.63,4,recommendation,future_stay_credit,future-stay credit,380,114,228,323,0.76,4,5,true,true,true,true,false,false,false,false,false,false,false,true,false,true,true,synthetic_case_policy_assumption
comp-policy-comparison-v1.0.0,recovery_first,Recovery first,highest_perceived_recovery,true,case_00025,event_or_suite_guest,housekeeping_miss,4,0.95,true,0.752,true,false,1.0,0.95,71.63,4,recommendation,future_stay_credit,future-stay credit,380,114,228,323,0.76,4,5,true,true,true,true,false,false,false,false,false,false,false,true,false,true,true,synthetic_case_policy_assumption
comp-policy-comparison-v1.0.0,intelligent_generosity,Intelligent generosity,context_aware_policy_engine,true,case_00025,event_or_suite_guest,housekeeping_miss,4,0.95,true,0.752,true,false,1.0,0.95,71.63,4,recommendation,future_stay_credit,future-stay credit,380,114,228,323,0.76,4,5,true,true,true,true,false,false,false,false,false,false,false,true,false,true,true,synthetic_case_policy_assumption
comp-policy-comparison-v1.0.0,synthetic_discretionary_baseline,Synthetic discretionary baseline,replay_synthetic_history,false,case_00026,new_guest,f_and_b_service_lapse,1,0.7,true,0.802,false,false,1.0,0.95,33.38,2,reference_unknown,no_matched_comp_record,No matched synthetic comp record,0,0,0,0,0.0,0,0,false,false,false,false,false,false,false,false,false,false,false,false,false,true,true,synthetic_case_policy_assumption
comp-policy-comparison-v1.0.0,tiered_standardization,Tiered standardization,highest_issue_fit,true,case_00026,new_guest,f_and_b_service_lapse,1,0.7,true,0.802,false,false,1.0,0.95,33.38,2,recommendation,rooftop_f_and_b_credit,Calabra or Palma dining credit,135,34,54,81,0.88,2,5,true,true,true,false,false,false,false,false,true,false,false,true,false,true,true,synthetic_case_policy_assumption
comp-policy-comparison-v1.0.0,cost_guardrail,Guardrailed recovery,lowest_cost_adequate,true,case_00026,new_guest,f_and_b_service_lapse,1,0.7,true,0.802,false,false,1.0,0.95,33.38,2,recommendation,rooftop_f_and_b_credit,Calabra or Palma dining credit,135,34,54,81,0.88,2,5,true,true,true,false,false,false,false,false,true,false,false,true,false,true,true,synthetic_case_policy_assumption
comp-policy-comparison-v1.0.0,recovery_first,Recovery first,highest_perceived_recovery,true,case_00026,new_guest,f_and_b_service_lapse,1,0.7,true,0.802,false,false,1.0,0.95,33.38,2,recommendation,rooftop_f_and_b_credit,Calabra or Palma dining credit,135,34,54,81,0.88,2,5,true,true,true,false,false,false,false,false,true,false,false,true,false,true,true,synthetic_case_policy_assumption
comp-policy-comparison-v1.0.0,intelligent_generosity,Intelligent generosity,context_aware_policy_engine,true,case_00026,new_guest,f_and_b_service_lapse,1,0.7,true,0.802,false,false,1.0,0.95,33.38,2,recommendation,rooftop_f_and_b_credit,Calabra or Palma dining credit,135,34,54,81,0.88,2,5,true,true,true,false,false,false,false,false,true,false,false,true,false,true,true,synthetic_case_policy_assumption
comp-policy-comparison-v1.0.0,synthetic_discretionary_baseline,Synthetic discretionary baseline,replay_synthetic_history,false,case_00027,new_guest,housekeeping_miss,3,0.9,false,0.444,false,false,1.0,0.95,60.72,4,reference_action,rooftop_f_and_b_credit,Calabra or Palma dining credit,170,68,68,68,0.45,2,5,true,false,false,true,true,false,false,false,true,false,false,false,false,true,true,synthetic_case_policy_assumption
comp-policy-comparison-v1.0.0,tiered_standardization,Tiered standardization,highest_issue_fit,true,case_00027,new_guest,housekeeping_miss,3,0.9,false,0.444,false,false,1.0,0.95,60.72,4,recommendation,amenity_gesture,in-room amenity gesture,65,16,29,42,0.8,1,3,true,false,false,true,true,false,false,false,true,false,false,true,false,true,true,synthetic_case_policy_assumption
comp-policy-comparison-v1.0.0,cost_guardrail,Guardrailed recovery,lowest_cost_adequate,true,case_00027,new_guest,housekeeping_miss,3,0.9,false,0.444,false,false,1.0,0.95,60.72,4,recommendation,partial_room_refund,partial room refund,185,185,185,185,0.78,4,5,true,true,true,true,false,false,false,false,false,true,false,true,false,true,true,synthetic_case_policy_assumption
comp-policy-comparison-v1.0.0,recovery_first,Recovery first,highest_perceived_recovery,true,case_00027,new_guest,housekeeping_miss,3,0.9,false,0.444,false,false,1.0,0.95,60.72,4,recommendation,future_stay_credit,future-stay credit,250,75,150,212,0.56,4,5,true,false,true,true,false,false,false,true,false,false,true,true,false,true,true,synthetic_case_policy_assumption
comp-policy-comparison-v1.0.0,intelligent_generosity,Intelligent generosity,context_aware_policy_engine,true,case_00027,new_guest,housekeeping_miss,3,0.9,false,0.444,false,false,1.0,0.95,60.72,4,recommendation,future_stay_credit,future-stay credit,250,75,150,212,0.56,4,5,true,false,true,true,false,false,false,true,false,false,true,true,false,true,true,synthetic_case_policy_assumption
comp-policy-comparison-v1.0.0,synthetic_discretionary_baseline,Synthetic discretionary baseline,replay_synthetic_history,false,case_00028,loyalty_guest,valet_or_parking_delay,3,0.62,false,0.622,false,false,1.0,0.95,56.72,3,reference_unknown,no_matched_comp_record,No matched synthetic comp record,0,0,0,0,0.0,0,0,false,false,false,false,false,false,false,false,false,false,false,false,false,true,true,synthetic_case_policy_assumption
comp-policy-comparison-v1.0.0,tiered_standardization,Tiered standardization,highest_issue_fit,true,case_00028,loyalty_guest,valet_or_parking_delay,3,0.62,false,0.622,false,false,1.0,0.95,56.72,3,recommendation,parking_fee_waiver,parking or destination-fee waiver,85,7,15,30,0.9,2,4,true,true,true,false,false,false,false,false,true,false,false,true,false,true,true,synthetic_case_policy_assumption
comp-policy-comparison-v1.0.0,cost_guardrail,Guardrailed recovery,lowest_cost_adequate,true,case_00028,loyalty_guest,valet_or_parking_delay,3,0.62,false,0.622,false,false,1.0,0.95,56.72,3,recommendation,parking_fee_waiver,parking or destination-fee waiver,85,7,15,30,0.9,2,4,true,true,true,false,false,false,false,false,true,false,false,true,false,true,true,synthetic_case_policy_assumption
comp-policy-comparison-v1.0.0,recovery_first,Recovery first,highest_perceived_recovery,true,case_00028,loyalty_guest,valet_or_parking_delay,3,0.62,false,0.622,false,false,1.0,0.95,56.72,3,recommendation,spa_wellness_credit,Surya Spa or Recovery Suite credit,275,82,151,206,0.25,3,5,true,false,true,false,false,false,false,true,true,false,true,true,false,true,true,synthetic_case_policy_assumption
comp-policy-comparison-v1.0.0,intelligent_generosity,Intelligent generosity,context_aware_policy_engine,true,case_00028,loyalty_guest,valet_or_parking_delay,3,0.62,false,0.622,false,false,1.0,0.95,56.72,3,recommendation,parking_fee_waiver,parking or destination-fee waiver,85,7,15,30,0.9,2,4,true,true,true,false,false,false,false,false,true,false,false,true,false,true,true,synthetic_case_policy_assumption
comp-policy-comparison-v1.0.0,synthetic_discretionary_baseline,Synthetic discretionary baseline,replay_synthetic_history,false,case_00029,new_guest,room_assignment_expectation_gap,5,0.79,true,0.397,false,false,1.0,0.95,70.25,4,reference_unknown,no_matched_comp_record,No matched synthetic comp record,0,0,0,0,0.0,0,0,false,false,false,true,false,false,false,false,false,false,false,false,false,true,true,synthetic_case_policy_assumption
comp-policy-comparison-v1.0.0,tiered_standardization,Tiered standardization,highest_issue_fit,true,case_00029,new_guest,room_assignment_expectation_gap,5,0.79,true,0.397,false,false,1.0,0.95,70.25,4,recommendation,room_upgrade,room upgrade,360,29,90,234,0.9,3,5,true,true,true,true,false,false,false,false,true,false,false,true,false,true,true,synthetic_case_policy_assumption
comp-policy-comparison-v1.0.0,cost_guardrail,Guardrailed recovery,lowest_cost_adequate,true,case_00029,new_guest,room_assignment_expectation_gap,5,0.79,true,0.397,false,false,1.0,0.95,70.25,4,recommendation,room_upgrade,room upgrade,360,29,90,234,0.9,3,5,true,true,true,true,false,false,false,false,true,false,false,true,false,true,true,synthetic_case_policy_assumption
comp-policy-comparison-v1.0.0,recovery_first,Recovery first,highest_perceived_recovery,true,case_00029,new_guest,room_assignment_expectation_gap,5,0.79,true,0.397,false,false,1.0,0.95,70.25,4,recommendation,room_upgrade,room upgrade,360,29,90,234,0.9,3,5,true,true,true,true,false,false,false,false,true,false,false,true,false,true,true,synthetic_case_policy_assumption
comp-policy-comparison-v1.0.0,intelligent_generosity,Intelligent generosity,context_aware_policy_engine,true,case_00029,new_guest,room_assignment_expectation_gap,5,0.79,true,0.397,false,false,1.0,0.95,70.25,4,recommendation,room_upgrade,room upgrade,360,29,90,234,0.9,3,5,true,true,true,true,false,false,false,false,true,false,false,true,false,true,true,synthetic_case_policy_assumption
comp-policy-comparison-v1.0.0,synthetic_discretionary_baseline,Synthetic discretionary baseline,replay_synthetic_history,false,case_00030,new_guest,maintenance_issue,3,0.78,true,0.721,true,false,1.0,0.95,53.74,3,reference_unknown,no_matched_comp_record,No matched synthetic comp record,0,0,0,0,0.0,0,0,false,false,false,false,false,false,false,false,false,false,false,false,false,true,true,synthetic_case_policy_assumption
comp-policy-comparison-v1.0.0,tiered_standardization,Tiered standardization,highest_issue_fit,true,case_00030,new_guest,maintenance_issue,3,0.78,true,0.721,true,false,1.0,0.95,53.74,3,recommendation,manager_note,manager note and personal follow-up,0,0,0,0,0.72,1,3,true,true,true,false,false,false,false,true,false,false,true,true,false,true,true,synthetic_case_policy_assumption
comp-policy-comparison-v1.0.0,cost_guardrail,Guardrailed recovery,lowest_cost_adequate,true,case_00030,new_guest,maintenance_issue,3,0.78,true,0.721,true,false,1.0,0.95,53.74,3,recommendation,manager_note,manager note and personal follow-up,0,0,0,0,0.72,1,3,true,true,true,false,false,false,false,true,false,false,true,true,false,true,true,synthetic_case_policy_assumption
comp-policy-comparison-v1.0.0,recovery_first,Recovery first,highest_perceived_recovery,true,case_00030,new_guest,maintenance_issue,3,0.78,true,0.721,true,false,1.0,0.95,53.74,3,recommendation,spa_wellness_credit,Surya Spa or Recovery Suite credit,275,82,151,206,0.45,3,5,true,false,true,false,false,false,false,true,true,false,true,true,false,true,true,synthetic_case_policy_assumption
comp-policy-comparison-v1.0.0,intelligent_generosity,Intelligent generosity,context_aware_policy_engine,true,case_00030,new_guest,maintenance_issue,3,0.78,true,0.721,true,false,1.0,0.95,53.74,3,recommendation,spa_wellness_credit,Surya Spa or Recovery Suite credit,275,82,151,206,0.45,3,5,true,false,true,false,false,false,false,true,true,false,true,true,false,true,true,synthetic_case_policy_assumption
comp-policy-comparison-v1.0.0,synthetic_discretionary_baseline,Synthetic discretionary baseline,replay_synthetic_history,false,case_00031,new_guest,spa_wellness_service_issue,3,0.74,true,0.325,false,false,1.0,0.95,52.37,3,reference_action,room_upgrade,room upgrade,330,82,82,82,0.16,3,5,true,false,false,false,false,false,false,false,true,false,false,false,false,true,true,synthetic_case_policy_assumption
comp-policy-comparison-v1.0.0,tiered_standardization,Tiered standardization,highest_issue_fit,true,case_00031,new_guest,spa_wellness_service_issue,3,0.74,true,0.325,false,false,1.0,0.95,52.37,3,recommendation,spa_wellness_credit,Surya Spa or Recovery Suite credit,275,82,151,206,0.9,3,5,true,true,true,false,false,false,false,false,true,false,false,true,false,true,true,synthetic_case_policy_assumption
comp-policy-comparison-v1.0.0,cost_guardrail,Guardrailed recovery,lowest_cost_adequate,true,case_00031,new_guest,spa_wellness_service_issue,3,0.74,true,0.325,false,false,1.0,0.95,52.37,3,recommendation,spa_wellness_credit,Surya Spa or Recovery Suite credit,275,82,151,206,0.9,3,5,true,true,true,false,false,false,false,false,true,false,false,true,false,true,true,synthetic_case_policy_assumption
comp-policy-comparison-v1.0.0,recovery_first,Recovery first,highest_perceived_recovery,true,case_00031,new_guest,spa_wellness_service_issue,3,0.74,true,0.325,false,false,1.0,0.95,52.37,3,recommendation,spa_wellness_credit,Surya Spa or Recovery Suite credit,275,82,151,206,0.9,3,5,true,true,true,false,false,false,false,false,true,false,false,true,false,true,true,synthetic_case_policy_assumption
comp-policy-comparison-v1.0.0,intelligent_generosity,Intelligent generosity,context_aware_policy_engine,true,case_00031,new_guest,spa_wellness_service_issue,3,0.74,true,0.325,false,false,1.0,0.95,52.37,3,recommendation,spa_wellness_credit,Surya Spa or Recovery Suite credit,275,82,151,206,0.9,3,5,true,true,true,false,false,false,false,false,true,false,false,true,false,true,true,synthetic_case_policy_assumption
comp-policy-comparison-v1.0.0,synthetic_discretionary_baseline,Synthetic discretionary baseline,replay_synthetic_history,false,case_00032,returning_guest,room_readiness_delay,4,0.93,true,0.99,true,false,1.0,0.95,69.82,4,reference_action,late_checkout,late checkout,105,21,21,21,0.9,2,4,true,true,true,true,false,false,true,false,true,false,false,false,false,true,true,synthetic_case_policy_assumption
comp-policy-comparison-v1.0.0,tiered_standardization,Tiered standardization,highest_issue_fit,true,case_00032,returning_guest,room_readiness_delay,4,0.93,true,0.99,true,false,1.0,0.95,69.82,4,recommendation,late_checkout,late checkout,100,8,20,45,0.9,2,4,true,true,true,true,false,false,true,false,true,false,true,true,false,true,true,synthetic_case_policy_assumption
comp-policy-comparison-v1.0.0,cost_guardrail,Guardrailed recovery,lowest_cost_adequate,true,case_00032,returning_guest,room_readiness_delay,4,0.93,true,0.99,true,false,1.0,0.95,69.82,4,recommendation,late_checkout,late checkout,100,8,20,45,0.9,2,4,true,true,true,true,false,false,true,false,true,false,true,true,false,true,true,synthetic_case_policy_assumption
comp-policy-comparison-v1.0.0,recovery_first,Recovery first,highest_perceived_recovery,true,case_00032,returning_guest,room_readiness_delay,4,0.93,true,0.99,true,false,1.0,0.95,69.82,4,recommendation,room_upgrade,room upgrade,360,29,90,234,0.48,3,5,true,false,true,true,false,false,true,true,true,false,true,true,false,true,true,synthetic_case_policy_assumption
comp-policy-comparison-v1.0.0,intelligent_generosity,Intelligent generosity,context_aware_policy_engine,true,case_00032,returning_guest,room_readiness_delay,4,0.93,true,0.99,true,false,1.0,0.95,69.82,4,recommendation,rooftop_f_and_b_credit,Calabra or Palma dining credit,180,45,72,108,0.72,2,5,true,true,true,true,false,false,false,true,true,false,true,true,false,true,true,synthetic_case_policy_assumption
comp-policy-comparison-v1.0.0,synthetic_discretionary_baseline,Synthetic discretionary baseline,replay_synthetic_history,false,case_00033,new_guest,room_readiness_delay,3,0.88,false,0.945,false,false,0.78,0.95,60.79,4,reference_action,lobby_lounge_credit,Palma lounge credit,80,30,30,30,0.76,2,4,true,true,true,true,false,false,false,false,true,false,false,false,false,true,true,synthetic_case_policy_assumption
comp-policy-comparison-v1.0.0,tiered_standardization,Tiered standardization,highest_issue_fit,true,case_00033,new_guest,room_readiness_delay,3,0.88,false,0.945,false,false,0.78,0.95,60.79,4,recommendation,partial_room_refund,partial room refund,190,190,190,190,0.82,4,5,true,true,true,true,false,false,false,false,false,true,false,true,false,true,true,synthetic_case_policy_assumption
comp-policy-comparison-v1.0.0,cost_guardrail,Guardrailed recovery,lowest_cost_adequate,true,case_00033,new_guest,room_readiness_delay,3,0.88,false,0.945,false,false,0.78,0.95,60.79,4,recommendation,lobby_lounge_credit,Palma lounge credit,120,30,46,66,0.76,2,4,true,true,true,true,false,false,false,false,true,false,false,true,false,true,true,synthetic_case_policy_assumption
comp-policy-comparison-v1.0.0,recovery_first,Recovery first,highest_perceived_recovery,true,case_00033,new_guest,room_readiness_delay,3,0.88,false,0.945,false,false,0.78,0.95,60.79,4,recommendation,future_stay_credit,future-stay credit,255,76,153,217,0.7,4,5,true,true,true,true,false,false,false,true,false,false,true,true,false,true,true,synthetic_case_policy_assumption
comp-policy-comparison-v1.0.0,intelligent_generosity,Intelligent generosity,context_aware_policy_engine,true,case_00033,new_guest,room_readiness_delay,3,0.88,false,0.945,false,false,0.78,0.95,60.79,4,recommendation,rooftop_f_and_b_credit,Calabra or Palma dining credit,180,45,72,108,0.72,2,5,true,true,true,true,false,false,false,true,true,false,true,true,false,true,true,synthetic_case_policy_assumption
comp-policy-comparison-v1.0.0,synthetic_discretionary_baseline,Synthetic discretionary baseline,replay_synthetic_history,false,case_00034,vip_guest,spa_wellness_service_issue,3,0.74,true,0.695,true,false,1.0,0.95,60.11,4,reference_unknown,no_matched_comp_record,No matched synthetic comp record,0,0,0,0,0.0,0,0,false,false,false,true,false,false,false,false,false,false,false,false,false,true,true,synthetic_case_policy_assumption
comp-policy-comparison-v1.0.0,tiered_standardization,Tiered standardization,highest_issue_fit,true,case_00034,vip_guest,spa_wellness_service_issue,3,0.74,true,0.695,true,false,1.0,0.95,60.11,4,recommendation,spa_wellness_credit,Surya Spa or Recovery Suite credit,330,99,182,248,0.9,3,5,true,true,true,true,false,false,false,false,true,false,false,true,false,true,true,synthetic_case_policy_assumption
comp-policy-comparison-v1.0.0,cost_guardrail,Guardrailed recovery,lowest_cost_adequate,true,case_00034,vip_guest,spa_wellness_service_issue,3,0.74,true,0.695,true,false,1.0,0.95,60.11,4,recommendation,spa_wellness_credit,Surya Spa or Recovery Suite credit,330,99,182,248,0.9,3,5,true,true,true,true,false,false,false,false,true,false,false,true,false,true,true,synthetic_case_policy_assumption
comp-policy-comparison-v1.0.0,recovery_first,Recovery first,highest_perceived_recovery,true,case_00034,vip_guest,spa_wellness_service_issue,3,0.74,true,0.695,true,false,1.0,0.95,60.11,4,recommendation,spa_wellness_credit,Surya Spa or Recovery Suite credit,330,99,182,248,0.9,3,5,true,true,true,true,false,false,false,false,true,false,false,true,false,true,true,synthetic_case_policy_assumption
comp-policy-comparison-v1.0.0,intelligent_generosity,Intelligent generosity,context_aware_policy_engine,true,case_00034,vip_guest,spa_wellness_service_issue,3,0.74,true,0.695,true,false,1.0,0.95,60.11,4,recommendation,spa_wellness_credit,Surya Spa or Recovery Suite credit,330,99,182,248,0.9,3,5,true,true,true,true,false,false,false,false,true,false,false,true,false,true,true,synthetic_case_policy_assumption
comp-policy-comparison-v1.0.0,synthetic_discretionary_baseline,Synthetic discretionary baseline,replay_synthetic_history,false,case_00035,loyalty_guest,f_and_b_service_lapse,3,0.7,false,0.481,false,false,1.0,0.95,55.02,3,reference_unknown,no_matched_comp_record,No matched synthetic comp record,0,0,0,0,0.0,0,0,false,false,false,false,false,false,false,false,false,false,false,false,false,true,true,synthetic_case_policy_assumption
comp-policy-comparison-v1.0.0,tiered_standardization,Tiered standardization,highest_issue_fit,true,case_00035,loyalty_guest,f_and_b_service_lapse,3,0.7,false,0.481,false,false,1.0,0.95,55.02,3,recommendation,rooftop_f_and_b_credit,Calabra or Palma dining credit,150,38,60,90,0.88,2,5,true,true,true,false,false,false,false,false,true,false,false,true,false,true,true,synthetic_case_policy_assumption
comp-policy-comparison-v1.0.0,cost_guardrail,Guardrailed recovery,lowest_cost_adequate,true,case_00035,loyalty_guest,f_and_b_service_lapse,3,0.7,false,0.481,false,false,1.0,0.95,55.02,3,recommendation,rooftop_f_and_b_credit,Calabra or Palma dining credit,150,38,60,90,0.88,2,5,true,true,true,false,false,false,false,false,true,false,false,true,false,true,true,synthetic_case_policy_assumption
comp-policy-comparison-v1.0.0,recovery_first,Recovery first,highest_perceived_recovery,true,case_00035,loyalty_guest,f_and_b_service_lapse,3,0.7,false,0.481,false,false,1.0,0.95,55.02,3,recommendation,rooftop_f_and_b_credit,Calabra or Palma dining credit,150,38,60,90,0.88,2,5,true,true,true,false,false,false,false,false,true,false,false,true,false,true,true,synthetic_case_policy_assumption
comp-policy-comparison-v1.0.0,intelligent_generosity,Intelligent generosity,context_aware_policy_engine,true,case_00035,loyalty_guest,f_and_b_service_lapse,3,0.7,false,0.481,false,false,1.0,0.95,55.02,3,recommendation,rooftop_f_and_b_credit,Calabra or Palma dining credit,150,38,60,90,0.88,2,5,true,true,true,false,false,false,false,false,true,false,false,true,false,true,true,synthetic_case_policy_assumption
comp-policy-comparison-v1.0.0,synthetic_discretionary_baseline,Synthetic discretionary baseline,replay_synthetic_history,false,case_00036,new_guest,maintenance_issue,3,0.78,true,0.453,false,false,1.0,0.95,54.0,3,reference_unknown,no_matched_comp_record,No matched synthetic comp record,0,0,0,0,0.0,0,0,false,false,false,false,false,false,false,false,false,false,false,false,false,true,true,synthetic_case_policy_assumption
comp-policy-comparison-v1.0.0,tiered_standardization,Tiered standardization,highest_issue_fit,true,case_00036,new_guest,maintenance_issue,3,0.78,true,0.453,false,false,1.0,0.95,54.0,3,recommendation,manager_note,manager note and personal follow-up,0,0,0,0,0.72,1,3,true,true,true,false,false,false,false,true,false,false,true,true,false,true,true,synthetic_case_policy_assumption
comp-policy-comparison-v1.0.0,cost_guardrail,Guardrailed recovery,lowest_cost_adequate,true,case_00036,new_guest,maintenance_issue,3,0.78,true,0.453,false,false,1.0,0.95,54.0,3,recommendation,manager_note,manager note and personal follow-up,0,0,0,0,0.72,1,3,true,true,true,false,false,false,false,true,false,false,true,true,false,true,true,synthetic_case_policy_assumption
comp-policy-comparison-v1.0.0,recovery_first,Recovery first,highest_perceived_recovery,true,case_00036,new_guest,maintenance_issue,3,0.78,true,0.453,false,false,1.0,0.95,54.0,3,recommendation,spa_wellness_credit,Surya Spa or Recovery Suite credit,275,82,151,206,0.45,3,5,true,false,true,false,false,false,false,true,true,false,true,true,false,true,true,synthetic_case_policy_assumption
comp-policy-comparison-v1.0.0,intelligent_generosity,Intelligent generosity,context_aware_policy_engine,true,case_00036,new_guest,maintenance_issue,3,0.78,true,0.453,false,false,1.0,0.95,54.0,3,recommendation,spa_wellness_credit,Surya Spa or Recovery Suite credit,275,82,151,206,0.45,3,5,true,false,true,false,false,false,false,true,true,false,true,true,false,true,true,synthetic_case_policy_assumption
comp-policy-comparison-v1.0.0,synthetic_discretionary_baseline,Synthetic discretionary baseline,replay_synthetic_history,false,case_00037,loyalty_guest,housekeeping_miss,3,0.9,false,0.503,true,false,0.78,0.95,64.43,4,reference_unknown,no_matched_comp_record,No matched synthetic comp record,0,0,0,0,0.0,0,0,false,false,false,true,false,false,false,false,false,false,false,false,false,true,true,synthetic_case_policy_assumption
comp-policy-comparison-v1.0.0,tiered_standardization,Tiered standardization,highest_issue_fit,true,case_00037,loyalty_guest,housekeeping_miss,3,0.9,false,0.503,true,false,0.78,0.95,64.43,4,recommendation,amenity_gesture,in-room amenity gesture,65,16,29,42,0.8,1,3,true,false,false,true,true,false,false,false,true,false,false,true,false,true,true,synthetic_case_policy_assumption
comp-policy-comparison-v1.0.0,cost_guardrail,Guardrailed recovery,lowest_cost_adequate,true,case_00037,loyalty_guest,housekeeping_miss,3,0.9,false,0.503,true,false,0.78,0.95,64.43,4,recommendation,partial_room_refund,partial room refund,205,205,205,205,0.78,4,5,true,true,true,true,false,false,false,false,false,true,false,true,false,true,true,synthetic_case_policy_assumption
comp-policy-comparison-v1.0.0,recovery_first,Recovery first,highest_perceived_recovery,true,case_00037,loyalty_guest,housekeeping_miss,3,0.9,false,0.503,true,false,0.78,0.95,64.43,4,recommendation,future_stay_credit,future-stay credit,275,82,165,234,0.56,4,5,true,false,true,true,false,false,false,true,false,false,true,true,false,true,true,synthetic_case_policy_assumption
comp-policy-comparison-v1.0.0,intelligent_generosity,Intelligent generosity,context_aware_policy_engine,true,case_00037,loyalty_guest,housekeeping_miss,3,0.9,false,0.503,true,false,0.78,0.95,64.43,4,recommendation,rooftop_f_and_b_credit,Calabra or Palma dining credit,180,45,72,108,0.45,2,5,true,false,true,true,false,false,false,true,true,false,true,true,false,true,true,synthetic_case_policy_assumption
comp-policy-comparison-v1.0.0,synthetic_discretionary_baseline,Synthetic discretionary baseline,replay_synthetic_history,false,case_00038,loyalty_guest,valet_or_parking_delay,3,0.62,true,0.965,false,false,1.0,0.95,54.66,3,reference_action,parking_fee_waiver,parking or destination-fee waiver,0,0,0,0,0.9,2,4,true,true,true,false,false,false,false,false,true,false,false,false,false,true,true,synthetic_case_policy_assumption
comp-policy-comparison-v1.0.0,tiered_standardization,Tiered standardization,highest_issue_fit,true,case_00038,loyalty_guest,valet_or_parking_delay,3,0.62,true,0.965,false,false,1.0,0.95,54.66,3,recommendation,parking_fee_waiver,parking or destination-fee waiver,85,7,15,30,0.9,2,4,true,true,true,false,false,false,false,false,true,false,false,true,false,true,true,synthetic_case_policy_assumption
comp-policy-comparison-v1.0.0,cost_guardrail,Guardrailed recovery,lowest_cost_adequate,true,case_00038,loyalty_guest,valet_or_parking_delay,3,0.62,true,0.965,false,false,1.0,0.95,54.66,3,recommendation,parking_fee_waiver,parking or destination-fee waiver,85,7,15,30,0.9,2,4,true,true,true,false,false,false,false,false,true,false,false,true,false,true,true,synthetic_case_policy_assumption
comp-policy-comparison-v1.0.0,recovery_first,Recovery first,highest_perceived_recovery,true,case_00038,loyalty_guest,valet_or_parking_delay,3,0.62,true,0.965,false,false,1.0,0.95,54.66,3,recommendation,spa_wellness_credit,Surya Spa or Recovery Suite credit,275,82,151,206,0.25,3,5,true,false,true,false,false,false,false,true,true,false,true,true,false,true,true,synthetic_case_policy_assumption
comp-policy-comparison-v1.0.0,intelligent_generosity,Intelligent generosity,context_aware_policy_engine,true,case_00038,loyalty_guest,valet_or_parking_delay,3,0.62,true,0.965,false,false,1.0,0.95,54.66,3,recommendation,parking_fee_waiver,parking or destination-fee waiver,85,7,15,30,0.9,2,4,true,true,true,false,false,false,false,false,true,false,false,true,false,true,true,synthetic_case_policy_assumption
comp-policy-comparison-v1.0.0,synthetic_discretionary_baseline,Synthetic discretionary baseline,replay_synthetic_history,false,case_00039,returning_guest,housekeeping_miss,3,0.9,true,0.623,true,false,1.0,0.95,57.74,3,reference_action,rooftop_f_and_b_credit,Calabra or Palma dining credit,160,64,64,64,0.45,2,5,true,false,false,false,false,false,false,false,true,false,false,false,false,true,true,synthetic_case_policy_assumption
comp-policy-comparison-v1.0.0,tiered_standardization,Tiered standardization,highest_issue_fit,true,case_00039,returning_guest,housekeeping_miss,3,0.9,true,0.623,true,false,1.0,0.95,57.74,3,recommendation,amenity_gesture,in-room amenity gesture,55,14,25,36,0.8,1,3,true,true,true,false,false,false,false,false,true,false,false,true,false,true,true,synthetic_case_policy_assumption
comp-policy-comparison-v1.0.0,cost_guardrail,Guardrailed recovery,lowest_cost_adequate,true,case_00039,returning_guest,housekeeping_miss,3,0.9,true,0.623,true,false,1.0,0.95,57.74,3,recommendation,amenity_gesture,in-room amenity gesture,55,14,25,36,0.8,1,3,true,true,true,false,false,false,false,false,true,false,false,true,false,true,true,synthetic_case_policy_assumption
comp-policy-comparison-v1.0.0,recovery_first,Recovery first,highest_perceived_recovery,true,case_00039,returning_guest,housekeeping_miss,3,0.9,true,0.623,true,false,1.0,0.95,57.74,3,recommendation,spa_wellness_credit,Surya Spa or Recovery Suite credit,275,82,151,206,0.25,3,5,true,false,true,false,false,false,false,true,true,false,true,true,false,true,true,synthetic_case_policy_assumption
comp-policy-comparison-v1.0.0,intelligent_generosity,Intelligent generosity,context_aware_policy_engine,true,case_00039,returning_guest,housekeeping_miss,3,0.9,true,0.623,true,false,1.0,0.95,57.74,3,recommendation,rooftop_f_and_b_credit,Calabra or Palma dining credit,150,38,60,90,0.45,2,5,true,false,true,false,false,false,false,true,true,false,true,true,false,true,true,synthetic_case_policy_assumption
comp-policy-comparison-v1.0.0,synthetic_discretionary_baseline,Synthetic discretionary baseline,replay_synthetic_history,false,case_00040,returning_guest,maintenance_issue,3,0.78,false,0.768,false,false,1.0,0.95,57.73,3,reference_action,room_upgrade,room upgrade,420,105,105,105,0.35,3,5,true,false,false,false,false,true,false,false,true,false,false,false,false,true,true,synthetic_case_policy_assumption
comp-policy-comparison-v1.0.0,tiered_standardization,Tiered standardization,highest_issue_fit,true,case_00040,returning_guest,maintenance_issue,3,0.78,false,0.768,false,false,1.0,0.95,57.73,3,recommendation,manager_note,manager note and personal follow-up,0,0,0,0,0.72,1,3,true,true,true,false,false,false,false,true,false,false,true,true,false,true,true,synthetic_case_policy_assumption
comp-policy-comparison-v1.0.0,cost_guardrail,Guardrailed recovery,lowest_cost_adequate,true,case_00040,returning_guest,maintenance_issue,3,0.78,false,0.768,false,false,1.0,0.95,57.73,3,recommendation,manager_note,manager note and personal follow-up,0,0,0,0,0.72,1,3,true,true,true,false,false,false,false,true,false,false,true,true,false,true,true,synthetic_case_policy_assumption
comp-policy-comparison-v1.0.0,recovery_first,Recovery first,highest_perceived_recovery,true,case_00040,returning_guest,maintenance_issue,3,0.78,false,0.768,false,false,1.0,0.95,57.73,3,recommendation,spa_wellness_credit,Surya Spa or Recovery Suite credit,275,82,151,206,0.45,3,5,true,false,true,false,false,false,false,true,true,false,true,true,false,true,true,synthetic_case_policy_assumption
comp-policy-comparison-v1.0.0,intelligent_generosity,Intelligent generosity,context_aware_policy_engine,true,case_00040,returning_guest,maintenance_issue,3,0.78,false,0.768,false,false,1.0,0.95,57.73,3,recommendation,spa_wellness_credit,Surya Spa or Recovery Suite credit,275,82,151,206,0.45,3,5,true,false,true,false,false,false,false,true,true,false,true,true,false,true,true,synthetic_case_policy_assumption
comp-policy-comparison-v1.0.0,synthetic_discretionary_baseline,Synthetic discretionary baseline,replay_synthetic_history,false,case_00041,returning_guest,noise_disruption,3,0.48,true,0.69,true,false,1.0,0.95,53.54,3,reference_unknown,no_matched_comp_record,No matched synthetic comp record,0,0,0,0,0.0,0,0,false,false,false,false,false,false,false,false,false,false,false,false,false,true,true,synthetic_case_policy_assumption
comp-policy-comparison-v1.0.0,tiered_standardization,Tiered standardization,highest_issue_fit,true,case_00041,returning_guest,noise_disruption,3,0.48,true,0.69,true,false,1.0,0.95,53.54,3,recommendation,late_checkout,late checkout,85,7,17,38,0.82,2,4,true,true,true,false,false,false,true,false,true,false,true,true,false,true,true,synthetic_case_policy_assumption
comp-policy-comparison-v1.0.0,cost_guardrail,Guardrailed recovery,lowest_cost_adequate,true,case_00041,returning_guest,noise_disruption,3,0.48,true,0.69,true,false,1.0,0.95,53.54,3,recommendation,late_checkout,late checkout,85,7,17,38,0.82,2,4,true,true,true,false,false,false,true,false,true,false,true,true,false,true,true,synthetic_case_policy_assumption
comp-policy-comparison-v1.0.0,recovery_first,Recovery first,highest_perceived_recovery,true,case_00041,returning_guest,noise_disruption,3,0.48,true,0.69,true,false,1.0,0.95,53.54,3,recommendation,spa_wellness_credit,Surya Spa or Recovery Suite credit,275,82,151,206,0.62,3,5,true,true,true,false,false,false,false,true,true,false,true,true,false,true,true,synthetic_case_policy_assumption
comp-policy-comparison-v1.0.0,intelligent_generosity,Intelligent generosity,context_aware_policy_engine,true,case_00041,returning_guest,noise_disruption,3,0.48,true,0.69,true,false,1.0,0.95,53.54,3,recommendation,spa_wellness_credit,Surya Spa or Recovery Suite credit,275,82,151,206,0.62,3,5,true,true,true,false,false,false,false,true,true,false,true,true,false,true,true,synthetic_case_policy_assumption
comp-policy-comparison-v1.0.0,synthetic_discretionary_baseline,Synthetic discretionary baseline,replay_synthetic_history,false,case_00042,loyalty_guest,room_assignment_expectation_gap,3,0.74,true,0.53,false,false,1.0,0.95,58.68,4,reference_action,late_checkout,late checkout,85,17,17,17,0.5,2,4,true,false,false,true,true,false,false,false,true,false,false,false,false,true,true,synthetic_case_policy_assumption
comp-policy-comparison-v1.0.0,tiered_standardization,Tiered standardization,highest_issue_fit,true,case_00042,loyalty_guest,room_assignment_expectation_gap,3,0.74,true,0.53,false,false,1.0,0.95,58.68,4,recommendation,room_upgrade,room upgrade,360,29,90,234,0.9,3,5,true,true,true,true,false,false,false,false,true,false,false,true,false,true,true,synthetic_case_policy_assumption
comp-policy-comparison-v1.0.0,cost_guardrail,Guardrailed recovery,lowest_cost_adequate,true,case_00042,loyalty_guest,room_assignment_expectation_gap,3,0.74,true,0.53,false,false,1.0,0.95,58.68,4,recommendation,room_upgrade,room upgrade,360,29,90,234,0.9,3,5,true,true,true,true,false,false,false,false,true,false,false,true,false,true,true,synthetic_case_policy_assumption
comp-policy-comparison-v1.0.0,recovery_first,Recovery first,highest_perceived_recovery,true,case_00042,loyalty_guest,room_assignment_expectation_gap,3,0.74,true,0.53,false,false,1.0,0.95,58.68,4,recommendation,room_upgrade,room upgrade,360,29,90,234,0.9,3,5,true,true,true,true,false,false,false,false,true,false,false,true,false,true,true,synthetic_case_policy_assumption
comp-policy-comparison-v1.0.0,intelligent_generosity,Intelligent generosity,context_aware_policy_engine,true,case_00042,loyalty_guest,room_assignment_expectation_gap,3,0.74,true,0.53,false,false,1.0,0.95,58.68,4,recommendation,room_upgrade,room upgrade,360,29,90,234,0.9,3,5,true,true,true,true,false,false,false,false,true,false,false,true,false,true,true,synthetic_case_policy_assumption
comp-policy-comparison-v1.0.0,synthetic_discretionary_baseline,Synthetic discretionary baseline,replay_synthetic_history,false,case_00043,event_or_suite_guest,f_and_b_service_lapse,2,0.7,true,0.612,false,false,1.0,0.95,53.84,3,reference_action,rooftop_f_and_b_credit,Calabra or Palma dining credit,130,52,52,52,0.88,2,5,true,true,true,false,false,false,false,false,true,false,false,false,false,true,true,synthetic_case_policy_assumption
comp-policy-comparison-v1.0.0,tiered_standardization,Tiered standardization,highest_issue_fit,true,case_00043,event_or_suite_guest,f_and_b_service_lapse,2,0.7,true,0.612,false,false,1.0,0.95,53.84,3,recommendation,rooftop_f_and_b_credit,Calabra or Palma dining credit,150,38,60,90,0.88,2,5,true,true,true,false,false,false,false,false,true,false,false,true,false,true,true,synthetic_case_policy_assumption
comp-policy-comparison-v1.0.0,cost_guardrail,Guardrailed recovery,lowest_cost_adequate,true,case_00043,event_or_suite_guest,f_and_b_service_lapse,2,0.7,true,0.612,false,false,1.0,0.95,53.84,3,recommendation,rooftop_f_and_b_credit,Calabra or Palma dining credit,150,38,60,90,0.88,2,5,true,true,true,false,false,false,false,false,true,false,false,true,false,true,true,synthetic_case_policy_assumption
comp-policy-comparison-v1.0.0,recovery_first,Recovery first,highest_perceived_recovery,true,case_00043,event_or_suite_guest,f_and_b_service_lapse,2,0.7,true,0.612,false,false,1.0,0.95,53.84,3,recommendation,rooftop_f_and_b_credit,Calabra or Palma dining credit,150,38,60,90,0.88,2,5,true,true,true,false,false,false,false,false,true,false,false,true,false,true,true,synthetic_case_policy_assumption
comp-policy-comparison-v1.0.0,intelligent_generosity,Intelligent generosity,context_aware_policy_engine,true,case_00043,event_or_suite_guest,f_and_b_service_lapse,2,0.7,true,0.612,false,false,1.0,0.95,53.84,3,recommendation,rooftop_f_and_b_credit,Calabra or Palma dining credit,150,38,60,90,0.88,2,5,true,true,true,false,false,false,false,false,true,false,false,true,false,true,true,synthetic_case_policy_assumption
comp-policy-comparison-v1.0.0,synthetic_discretionary_baseline,Synthetic discretionary baseline,replay_synthetic_history,false,case_00044,vip_guest,f_and_b_service_lapse,4,0.75,true,0.32,false,false,1.0,0.95,67.26,4,reference_action,lobby_lounge_credit,Palma lounge credit,95,36,36,36,0.52,2,4,true,false,false,true,true,false,false,false,true,false,false,false,false,true,true,synthetic_case_policy_assumption
comp-policy-comparison-v1.0.0,tiered_standardization,Tiered standardization,highest_issue_fit,true,case_00044,vip_guest,f_and_b_service_lapse,4,0.75,true,0.32,false,false,1.0,0.95,67.26,4,recommendation,rooftop_f_and_b_credit,Calabra or Palma dining credit,180,45,72,108,0.88,2,5,true,true,true,true,false,false,false,false,true,false,false,true,false,true,true,synthetic_case_policy_assumption
comp-policy-comparison-v1.0.0,cost_guardrail,Guardrailed recovery,lowest_cost_adequate,true,case_00044,vip_guest,f_and_b_service_lapse,4,0.75,true,0.32,false,false,1.0,0.95,67.26,4,recommendation,rooftop_f_and_b_credit,Calabra or Palma dining credit,180,45,72,108,0.88,2,5,true,true,true,true,false,false,false,false,true,false,false,true,false,true,true,synthetic_case_policy_assumption
comp-policy-comparison-v1.0.0,recovery_first,Recovery first,highest_perceived_recovery,true,case_00044,vip_guest,f_and_b_service_lapse,4,0.75,true,0.32,false,false,1.0,0.95,67.26,4,recommendation,future_stay_credit,future-stay credit,395,118,237,336,0.78,4,5,true,true,true,true,false,false,false,false,false,false,false,true,false,true,true,synthetic_case_policy_assumption
comp-policy-comparison-v1.0.0,intelligent_generosity,Intelligent generosity,context_aware_policy_engine,true,case_00044,vip_guest,f_and_b_service_lapse,4,0.75,true,0.32,false,false,1.0,0.95,67.26,4,recommendation,future_stay_credit,future-stay credit,395,118,237,336,0.78,4,5,true,true,true,true,false,false,false,false,false,false,false,true,false,true,true,synthetic_case_policy_assumption
comp-policy-comparison-v1.0.0,synthetic_discretionary_baseline,Synthetic discretionary baseline,replay_synthetic_history,false,case_00045,new_guest,maintenance_issue,3,0.78,true,0.959,false,false,1.0,0.95,54.42,3,reference_action,parking_fee_waiver,parking or destination-fee waiver,85,15,15,15,0.45,2,4,true,false,false,false,false,false,false,false,true,false,false,false,false,true,true,synthetic_case_policy_assumption
comp-policy-comparison-v1.0.0,tiered_standardization,Tiered standardization,highest_issue_fit,true,case_00045,new_guest,maintenance_issue,3,0.78,true,0.959,false,false,1.0,0.95,54.42,3,recommendation,manager_note,manager note and personal follow-up,0,0,0,0,0.72,1,3,true,true,true,false,false,false,false,true,false,false,true,true,false,true,true,synthetic_case_policy_assumption
comp-policy-comparison-v1.0.0,cost_guardrail,Guardrailed recovery,lowest_cost_adequate,true,case_00045,new_guest,maintenance_issue,3,0.78,true,0.959,false,false,1.0,0.95,54.42,3,recommendation,manager_note,manager note and personal follow-up,0,0,0,0,0.72,1,3,true,true,true,false,false,false,false,true,false,false,true,true,false,true,true,synthetic_case_policy_assumption
comp-policy-comparison-v1.0.0,recovery_first,Recovery first,highest_perceived_recovery,true,case_00045,new_guest,maintenance_issue,3,0.78,true,0.959,false,false,1.0,0.95,54.42,3,recommendation,spa_wellness_credit,Surya Spa or Recovery Suite credit,275,82,151,206,0.45,3,5,true,false,true,false,false,false,false,true,true,false,true,true,false,true,true,synthetic_case_policy_assumption
comp-policy-comparison-v1.0.0,intelligent_generosity,Intelligent generosity,context_aware_policy_engine,true,case_00045,new_guest,maintenance_issue,3,0.78,true,0.959,false,false,1.0,0.95,54.42,3,recommendation,spa_wellness_credit,Surya Spa or Recovery Suite credit,275,82,151,206,0.45,3,5,true,false,true,false,false,false,false,true,true,false,true,true,false,true,true,synthetic_case_policy_assumption
comp-policy-comparison-v1.0.0,synthetic_discretionary_baseline,Synthetic discretionary baseline,replay_synthetic_history,false,case_00046,vip_guest,f_and_b_service_lapse,2,0.7,true,0.846,false,false,1.0,0.95,45.9,3,reference_unknown,no_matched_comp_record,No matched synthetic comp record,0,0,0,0,0.0,0,0,false,false,false,false,false,false,false,false,false,false,false,false,false,true,true,synthetic_case_policy_assumption
comp-policy-comparison-v1.0.0,tiered_standardization,Tiered standardization,highest_issue_fit,true,case_00046,vip_guest,f_and_b_service_lapse,2,0.7,true,0.846,false,false,1.0,0.95,45.9,3,recommendation,rooftop_f_and_b_credit,Calabra or Palma dining credit,150,38,60,90,0.88,2,5,true,true,true,false,false,false,false,false,true,false,false,true,false,true,true,synthetic_case_policy_assumption
comp-policy-comparison-v1.0.0,cost_guardrail,Guardrailed recovery,lowest_cost_adequate,true,case_00046,vip_guest,f_and_b_service_lapse,2,0.7,true,0.846,false,false,1.0,0.95,45.9,3,recommendation,rooftop_f_and_b_credit,Calabra or Palma dining credit,150,38,60,90,0.88,2,5,true,true,true,false,false,false,false,false,true,false,false,true,false,true,true,synthetic_case_policy_assumption
comp-policy-comparison-v1.0.0,recovery_first,Recovery first,highest_perceived_recovery,true,case_00046,vip_guest,f_and_b_service_lapse,2,0.7,true,0.846,false,false,1.0,0.95,45.9,3,recommendation,rooftop_f_and_b_credit,Calabra or Palma dining credit,150,38,60,90,0.88,2,5,true,true,true,false,false,false,false,false,true,false,false,true,false,true,true,synthetic_case_policy_assumption
comp-policy-comparison-v1.0.0,intelligent_generosity,Intelligent generosity,context_aware_policy_engine,true,case_00046,vip_guest,f_and_b_service_lapse,2,0.7,true,0.846,false,false,1.0,0.95,45.9,3,recommendation,rooftop_f_and_b_credit,Calabra or Palma dining credit,150,38,60,90,0.88,2,5,true,true,true,false,false,false,false,false,true,false,false,true,false,true,true,synthetic_case_policy_assumption
comp-policy-comparison-v1.0.0,synthetic_discretionary_baseline,Synthetic discretionary baseline,replay_synthetic_history,false,case_00047,returning_guest,f_and_b_service_lapse,2,0.7,false,0.624,true,false,0.78,0.95,46.98,3,reference_action,lobby_lounge_credit,Palma lounge credit,85,32,32,32,0.52,2,4,true,false,false,false,false,false,false,false,true,false,false,false,false,true,true,synthetic_case_policy_assumption
comp-policy-comparison-v1.0.0,tiered_standardization,Tiered standardization,highest_issue_fit,true,case_00047,returning_guest,f_and_b_service_lapse,2,0.7,false,0.624,true,false,0.78,0.95,46.98,3,recommendation,rooftop_f_and_b_credit,Calabra or Palma dining credit,150,38,60,90,0.88,2,5,true,true,true,false,false,false,false,false,true,false,false,true,false,true,true,synthetic_case_policy_assumption
comp-policy-comparison-v1.0.0,cost_guardrail,Guardrailed recovery,lowest_cost_adequate,true,case_00047,returning_guest,f_and_b_service_lapse,2,0.7,false,0.624,true,false,0.78,0.95,46.98,3,recommendation,rooftop_f_and_b_credit,Calabra or Palma dining credit,150,38,60,90,0.88,2,5,true,true,true,false,false,false,false,false,true,false,false,true,false,true,true,synthetic_case_policy_assumption
comp-policy-comparison-v1.0.0,recovery_first,Recovery first,highest_perceived_recovery,true,case_00047,returning_guest,f_and_b_service_lapse,2,0.7,false,0.624,true,false,0.78,0.95,46.98,3,recommendation,rooftop_f_and_b_credit,Calabra or Palma dining credit,150,38,60,90,0.88,2,5,true,true,true,false,false,false,false,false,true,false,false,true,false,true,true,synthetic_case_policy_assumption
comp-policy-comparison-v1.0.0,intelligent_generosity,Intelligent generosity,context_aware_policy_engine,true,case_00047,returning_guest,f_and_b_service_lapse,2,0.7,false,0.624,true,false,0.78,0.95,46.98,3,recommendation,rooftop_f_and_b_credit,Calabra or Palma dining credit,150,38,60,90,0.88,2,5,true,true,true,false,false,false,false,false,true,false,false,true,false,true,true,synthetic_case_policy_assumption
comp-policy-comparison-v1.0.0,synthetic_discretionary_baseline,Synthetic discretionary baseline,replay_synthetic_history,false,case_00048,new_guest,noise_disruption,3,0.48,false,0.412,false,false,1.0,0.95,51.27,3,reference_unknown,no_matched_comp_record,No matched synthetic comp record,0,0,0,0,0.0,0,0,false,false,false,false,false,false,false,false,false,false,false,false,false,true,true,synthetic_case_policy_assumption
comp-policy-comparison-v1.0.0,tiered_standardization,Tiered standardization,highest_issue_fit,true,case_00048,new_guest,noise_disruption,3,0.48,false,0.412,false,false,1.0,0.95,51.27,3,recommendation,amenity_gesture,in-room amenity gesture,55,14,25,36,0.78,1,3,true,true,true,false,false,false,false,false,true,false,false,true,false,true,true,synthetic_case_policy_assumption
comp-policy-comparison-v1.0.0,cost_guardrail,Guardrailed recovery,lowest_cost_adequate,true,case_00048,new_guest,noise_disruption,3,0.48,false,0.412,false,false,1.0,0.95,51.27,3,recommendation,amenity_gesture,in-room amenity gesture,55,14,25,36,0.78,1,3,true,true,true,false,false,false,false,false,true,false,false,true,false,true,true,synthetic_case_policy_assumption
comp-policy-comparison-v1.0.0,recovery_first,Recovery first,highest_perceived_recovery,true,case_00048,new_guest,noise_disruption,3,0.48,false,0.412,false,false,1.0,0.95,51.27,3,recommendation,spa_wellness_credit,Surya Spa or Recovery Suite credit,275,82,151,206,0.62,3,5,true,true,true,false,false,false,false,true,true,false,true,true,false,true,true,synthetic_case_policy_assumption
comp-policy-comparison-v1.0.0,intelligent_generosity,Intelligent generosity,context_aware_policy_engine,true,case_00048,new_guest,noise_disruption,3,0.48,false,0.412,false,false,1.0,0.95,51.27,3,recommendation,spa_wellness_credit,Surya Spa or Recovery Suite credit,275,82,151,206,0.62,3,5,true,true,true,false,false,false,false,true,true,false,true,true,false,true,true,synthetic_case_policy_assumption
comp-policy-comparison-v1.0.0,synthetic_discretionary_baseline,Synthetic discretionary baseline,replay_synthetic_history,false,case_00049,new_guest,maintenance_issue,3,0.78,true,0.365,false,false,0.58,0.95,55.82,3,reference_unknown,no_matched_comp_record,No matched synthetic comp record,0,0,0,0,0.0,0,0,false,false,false,false,false,false,false,false,false,false,false,false,true,false,true,synthetic_case_policy_assumption
comp-policy-comparison-v1.0.0,tiered_standardization,Tiered standardization,highest_issue_fit,true,case_00049,new_guest,maintenance_issue,3,0.78,true,0.365,false,false,0.58,0.95,55.82,3,data_quality_hold,data_quality_hold,Data-quality hold,0,0,0,0,0.0,0,0,false,false,false,false,false,false,false,false,false,false,true,true,true,true,true,synthetic_case_policy_assumption
comp-policy-comparison-v1.0.0,cost_guardrail,Guardrailed recovery,lowest_cost_adequate,true,case_00049,new_guest,maintenance_issue,3,0.78,true,0.365,false,false,0.58,0.95,55.82,3,data_quality_hold,data_quality_hold,Data-quality hold,0,0,0,0,0.0,0,0,false,false,false,false,false,false,false,false,false,false,true,true,true,true,true,synthetic_case_policy_assumption
comp-policy-comparison-v1.0.0,recovery_first,Recovery first,highest_perceived_recovery,true,case_00049,new_guest,maintenance_issue,3,0.78,true,0.365,false,false,0.58,0.95,55.82,3,data_quality_hold,data_quality_hold,Data-quality hold,0,0,0,0,0.0,0,0,false,false,false,false,false,false,false,false,false,false,true,true,true,true,true,synthetic_case_policy_assumption
comp-policy-comparison-v1.0.0,intelligent_generosity,Intelligent generosity,context_aware_policy_engine,true,case_00049,new_guest,maintenance_issue,3,0.78,true,0.365,false,false,0.58,0.95,55.82,3,data_quality_hold,data_quality_hold,Data-quality hold,0,0,0,0,0.0,0,0,false,false,false,false,false,false,false,false,false,false,true,true,true,true,true,synthetic_case_policy_assumption
comp-policy-comparison-v1.0.0,synthetic_discretionary_baseline,Synthetic discretionary baseline,replay_synthetic_history,false,case_00050,new_guest,spa_wellness_service_issue,2,0.74,true,0.32,false,false,1.0,0.95,47.52,3,reference_unknown,no_matched_comp_record,No matched synthetic comp record,0,0,0,0,0.0,0,0,false,false,false,false,false,false,false,false,false,false,false,false,false,true,true,synthetic_case_policy_assumption
comp-policy-comparison-v1.0.0,tiered_standardization,Tiered standardization,highest_issue_fit,true,case_00050,new_guest,spa_wellness_service_issue,2,0.74,true,0.32,false,false,1.0,0.95,47.52,3,recommendation,spa_wellness_credit,Surya Spa or Recovery Suite credit,275,82,151,206,0.9,3,5,true,true,true,false,false,false,false,false,true,false,false,true,false,true,true,synthetic_case_policy_assumption
comp-policy-comparison-v1.0.0,cost_guardrail,Guardrailed recovery,lowest_cost_adequate,true,case_00050,new_guest,spa_wellness_service_issue,2,0.74,true,0.32,false,false,1.0,0.95,47.52,3,recommendation,spa_wellness_credit,Surya Spa or Recovery Suite credit,275,82,151,206,0.9,3,5,true,true,true,false,false,false,false,false,true,false,false,true,false,true,true,synthetic_case_policy_assumption
comp-policy-comparison-v1.0.0,recovery_first,Recovery first,highest_perceived_recovery,true,case_00050,new_guest,spa_wellness_service_issue,2,0.74,true,0.32,false,false,1.0,0.95,47.52,3,recommendation,spa_wellness_credit,Surya Spa or Recovery Suite credit,275,82,151,206,0.9,3,5,true,true,true,false,false,false,false,false,true,false,false,true,false,true,true,synthetic_case_policy_assumption
comp-policy-comparison-v1.0.0,intelligent_generosity,Intelligent generosity,context_aware_policy_engine,true,case_00050,new_guest,spa_wellness_service_issue,2,0.74,true,0.32,false,false,1.0,0.95,47.52,3,recommendation,spa_wellness_credit,Surya Spa or Recovery Suite credit,275,82,151,206,0.9,3,5,true,true,true,false,false,false,false,false,true,false,false,true,false,true,true,synthetic_case_policy_assumption
comp-policy-comparison-v1.0.0,synthetic_discretionary_baseline,Synthetic discretionary baseline,replay_synthetic_history,false,case_00051,vip_guest,housekeeping_miss,3,0.9,false,0.568,false,false,1.0,0.95,66.99,4,reference_action,amenity_gesture,in-room amenity gesture,65,29,29,29,0.8,1,3,true,false,false,true,true,false,false,false,true,false,false,false,false,true,true,synthetic_case_policy_assumption
comp-policy-comparison-v1.0.0,tiered_standardization,Tiered standardization,highest_issue_fit,true,case_00051,vip_guest,housekeeping_miss,3,0.9,false,0.568,false,false,1.0,0.95,66.99,4,recommendation,amenity_gesture,in-room amenity gesture,65,16,29,42,0.8,1,3,true,false,false,true,true,false,false,false,true,false,false,true,false,true,true,synthetic_case_policy_assumption
comp-policy-comparison-v1.0.0,cost_guardrail,Guardrailed recovery,lowest_cost_adequate,true,case_00051,vip_guest,housekeeping_miss,3,0.9,false,0.568,false,false,1.0,0.95,66.99,4,recommendation,future_stay_credit,future-stay credit,260,78,156,221,0.78,4,5,true,true,true,true,false,false,false,false,false,false,false,true,false,true,true,synthetic_case_policy_assumption
comp-policy-comparison-v1.0.0,recovery_first,Recovery first,highest_perceived_recovery,true,case_00051,vip_guest,housekeeping_miss,3,0.9,false,0.568,false,false,1.0,0.95,66.99,4,recommendation,future_stay_credit,future-stay credit,260,78,156,221,0.78,4,5,true,true,true,true,false,false,false,false,false,false,false,true,false,true,true,synthetic_case_policy_assumption
comp-policy-comparison-v1.0.0,intelligent_generosity,Intelligent generosity,context_aware_policy_engine,true,case_00051,vip_guest,housekeeping_miss,3,0.9,false,0.568,false,false,1.0,0.95,66.99,4,recommendation,future_stay_credit,future-stay credit,260,78,156,221,0.78,4,5,true,true,true,true,false,false,false,false,false,false,false,true,false,true,true,synthetic_case_policy_assumption
comp-policy-comparison-v1.0.0,synthetic_discretionary_baseline,Synthetic discretionary baseline,replay_synthetic_history,false,case_00052,returning_guest,billing_or_fee_dispute,1,0.55,true,0.951,true,false,1.0,0.95,35.65,2,reference_unknown,no_matched_comp_record,No matched synthetic comp record,0,0,0,0,0.0,0,0,false,false,false,false,false,false,false,false,false,false,false,false,false,true,true,synthetic_case_policy_assumption
comp-policy-comparison-v1.0.0,tiered_standardization,Tiered standardization,highest_issue_fit,true,case_00052,returning_guest,billing_or_fee_dispute,1,0.55,true,0.951,true,false,1.0,0.95,35.65,2,recommendation,manager_note,manager note and personal follow-up,0,0,0,0,0.72,1,3,true,true,true,false,false,false,false,true,false,false,true,true,false,true,true,synthetic_case_policy_assumption
comp-policy-comparison-v1.0.0,cost_guardrail,Guardrailed recovery,lowest_cost_adequate,true,case_00052,returning_guest,billing_or_fee_dispute,1,0.55,true,0.951,true,false,1.0,0.95,35.65,2,recommendation,manager_note,manager note and personal follow-up,0,0,0,0,0.72,1,3,true,true,true,false,false,false,false,true,false,false,true,true,false,true,true,synthetic_case_policy_assumption
comp-policy-comparison-v1.0.0,recovery_first,Recovery first,highest_perceived_recovery,true,case_00052,returning_guest,billing_or_fee_dispute,1,0.55,true,0.951,true,false,1.0,0.95,35.65,2,recommendation,rooftop_f_and_b_credit,Calabra or Palma dining credit,135,34,54,81,0.45,2,5,true,false,true,false,false,false,false,true,true,false,true,true,false,true,true,synthetic_case_policy_assumption
comp-policy-comparison-v1.0.0,intelligent_generosity,Intelligent generosity,context_aware_policy_engine,true,case_00052,returning_guest,billing_or_fee_dispute,1,0.55,true,0.951,true,false,1.0,0.95,35.65,2,recommendation,rooftop_f_and_b_credit,Calabra or Palma dining credit,135,34,54,81,0.45,2,5,true,false,true,false,false,false,false,true,true,false,true,true,false,true,true,synthetic_case_policy_assumption
comp-policy-comparison-v1.0.0,synthetic_discretionary_baseline,Synthetic discretionary baseline,replay_synthetic_history,false,case_00053,returning_guest,room_readiness_delay,4,0.93,true,0.749,false,false,0.78,0.95,70.95,4,reference_unknown,no_matched_comp_record,No matched synthetic comp record,0,0,0,0,0.0,0,0,false,false,false,true,false,false,false,false,false,false,false,false,false,true,true,synthetic_case_policy_assumption
comp-policy-comparison-v1.0.0,tiered_standardization,Tiered standardization,highest_issue_fit,true,case_00053,returning_guest,room_readiness_delay,4,0.93,true,0.749,false,false,0.78,0.95,70.95,4,recommendation,late_checkout,late checkout,100,8,20,45,0.9,2,4,true,true,true,true,false,false,false,false,true,false,false,true,false,true,true,synthetic_case_policy_assumption
comp-policy-comparison-v1.0.0,cost_guardrail,Guardrailed recovery,lowest_cost_adequate,true,case_00053,returning_guest,room_readiness_delay,4,0.93,true,0.749,false,false,0.78,0.95,70.95,4,recommendation,late_checkout,late checkout,100,8,20,45,0.9,2,4,true,true,true,true,false,false,false,false,true,false,false,true,false,true,true,synthetic_case_policy_assumption
comp-policy-comparison-v1.0.0,recovery_first,Recovery first,highest_perceived_recovery,true,case_00053,returning_guest,room_readiness_delay,4,0.93,true,0.749,false,false,0.78,0.95,70.95,4,recommendation,room_upgrade,room upgrade,360,29,90,234,0.48,3,5,true,false,true,true,false,false,false,true,true,false,true,true,false,true,true,synthetic_case_policy_assumption
comp-policy-comparison-v1.0.0,intelligent_generosity,Intelligent generosity,context_aware_policy_engine,true,case_00053,returning_guest,room_readiness_delay,4,0.93,true,0.749,false,false,0.78,0.95,70.95,4,recommendation,future_stay_credit,future-stay credit,275,82,165,234,0.7,4,5,true,true,true,true,false,false,false,true,false,false,true,true,false,true,true,synthetic_case_policy_assumption
comp-policy-comparison-v1.0.0,synthetic_discretionary_baseline,Synthetic discretionary baseline,replay_synthetic_history,false,case_00054,new_guest,housekeeping_miss,3,0.9,true,0.32,false,false,1.0,0.95,57.06,3,reference_action,rooftop_f_and_b_credit,Calabra or Palma dining credit,185,74,74,74,0.45,2,5,true,false,false,false,false,false,false,false,true,false,false,false,false,true,true,synthetic_case_policy_assumption
comp-policy-comparison-v1.0.0,tiered_standardization,Tiered standardization,highest_issue_fit,true,case_00054,new_guest,housekeeping_miss,3,0.9,true,0.32,false,false,1.0,0.95,57.06,3,recommendation,amenity_gesture,in-room amenity gesture,55,14,25,36,0.8,1,3,true,true,true,false,false,false,false,false,true,false,false,true,false,true,true,synthetic_case_policy_assumption
comp-policy-comparison-v1.0.0,cost_guardrail,Guardrailed recovery,lowest_cost_adequate,true,case_00054,new_guest,housekeeping_miss,3,0.9,true,0.32,false,false,1.0,0.95,57.06,3,recommendation,amenity_gesture,in-room amenity gesture,55,14,25,36,0.8,1,3,true,true,true,false,false,false,false,false,true,false,false,true,false,true,true,synthetic_case_policy_assumption
comp-policy-comparison-v1.0.0,recovery_first,Recovery first,highest_perceived_recovery,true,case_00054,new_guest,housekeeping_miss,3,0.9,true,0.32,false,false,1.0,0.95,57.06,3,recommendation,spa_wellness_credit,Surya Spa or Recovery Suite credit,275,82,151,206,0.25,3,5,true,false,true,false,false,false,false,true,true,false,true,true,false,true,true,synthetic_case_policy_assumption
comp-policy-comparison-v1.0.0,intelligent_generosity,Intelligent generosity,context_aware_policy_engine,true,case_00054,new_guest,housekeeping_miss,3,0.9,true,0.32,false,false,1.0,0.95,57.06,3,recommendation,rooftop_f_and_b_credit,Calabra or Palma dining credit,150,38,60,90,0.45,2,5,true,false,true,false,false,false,false,true,true,false,true,true,false,true,true,synthetic_case_policy_assumption
comp-policy-comparison-v1.0.0,synthetic_discretionary_baseline,Synthetic discretionary baseline,replay_synthetic_history,false,case_00055,loyalty_guest,noise_disruption,2,0.48,false,0.835,false,false,1.0,0.95,44.17,3,reference_unknown,no_matched_comp_record,No matched synthetic comp record,0,0,0,0,0.0,0,0,false,false,false,false,false,false,false,false,false,false,false,false,false,true,true,synthetic_case_policy_assumption
comp-policy-comparison-v1.0.0,tiered_standardization,Tiered standardization,highest_issue_fit,true,case_00055,loyalty_guest,noise_disruption,2,0.48,false,0.835,false,false,1.0,0.95,44.17,3,recommendation,amenity_gesture,in-room amenity gesture,55,14,25,36,0.78,1,3,true,true,true,false,false,false,false,false,true,false,false,true,false,true,true,synthetic_case_policy_assumption
comp-policy-comparison-v1.0.0,cost_guardrail,Guardrailed recovery,lowest_cost_adequate,true,case_00055,loyalty_guest,noise_disruption,2,0.48,false,0.835,false,false,1.0,0.95,44.17,3,recommendation,amenity_gesture,in-room amenity gesture,55,14,25,36,0.78,1,3,true,true,true,false,false,false,false,false,true,false,false,true,false,true,true,synthetic_case_policy_assumption
comp-policy-comparison-v1.0.0,recovery_first,Recovery first,highest_perceived_recovery,true,case_00055,loyalty_guest,noise_disruption,2,0.48,false,0.835,false,false,1.0,0.95,44.17,3,recommendation,spa_wellness_credit,Surya Spa or Recovery Suite credit,275,82,151,206,0.62,3,5,true,true,true,false,false,false,false,true,true,false,true,true,false,true,true,synthetic_case_policy_assumption
comp-policy-comparison-v1.0.0,intelligent_generosity,Intelligent generosity,context_aware_policy_engine,true,case_00055,loyalty_guest,noise_disruption,2,0.48,false,0.835,false,false,1.0,0.95,44.17,3,recommendation,spa_wellness_credit,Surya Spa or Recovery Suite credit,275,82,151,206,0.62,3,5,true,true,true,false,false,false,false,true,true,false,true,true,false,true,true,synthetic_case_policy_assumption
comp-policy-comparison-v1.0.0,synthetic_discretionary_baseline,Synthetic discretionary baseline,replay_synthetic_history,false,case_00056,new_guest,room_readiness_delay,3,0.88,false,0.965,false,false,1.0,0.95,60.69,4,reference_action,parking_fee_waiver,parking or destination-fee waiver,115,21,21,21,0.45,2,4,true,false,false,true,true,false,false,false,true,false,false,false,false,true,true,synthetic_case_policy_assumption
comp-policy-comparison-v1.0.0,tiered_standardization,Tiered standardization,highest_issue_fit,true,case_00056,new_guest,room_readiness_delay,3,0.88,false,0.965,false,false,1.0,0.95,60.69,4,recommendation,partial_room_refund,partial room refund,180,180,180,180,0.82,4,5,true,true,true,true,false,false,false,false,false,true,false,true,false,true,true,synthetic_case_policy_assumption
comp-policy-comparison-v1.0.0,cost_guardrail,Guardrailed recovery,lowest_cost_adequate,true,case_00056,new_guest,room_readiness_delay,3,0.88,false,0.965,false,false,1.0,0.95,60.69,4,recommendation,lobby_lounge_credit,Palma lounge credit,120,30,46,66,0.76,2,4,true,true,true,true,false,false,false,false,true,false,false,true,false,true,true,synthetic_case_policy_assumption
comp-policy-comparison-v1.0.0,recovery_first,Recovery first,highest_perceived_recovery,true,case_00056,new_guest,room_readiness_delay,3,0.88,false,0.965,false,false,1.0,0.95,60.69,4,recommendation,future_stay_credit,future-stay credit,245,74,147,208,0.7,4,5,true,true,true,true,false,false,false,true,false,false,true,true,false,true,true,synthetic_case_policy_assumption
comp-policy-comparison-v1.0.0,intelligent_generosity,Intelligent generosity,context_aware_policy_engine,true,case_00056,new_guest,room_readiness_delay,3,0.88,false,0.965,false,false,1.0,0.95,60.69,4,recommendation,rooftop_f_and_b_credit,Calabra or Palma dining credit,180,45,72,108,0.72,2,5,true,true,true,true,false,false,false,true,true,false,true,true,false,true,true,synthetic_case_policy_assumption
comp-policy-comparison-v1.0.0,synthetic_discretionary_baseline,Synthetic discretionary baseline,replay_synthetic_history,false,case_00057,new_guest,valet_or_parking_delay,2,0.62,true,0.568,false,false,1.0,0.95,44.72,3,reference_unknown,no_matched_comp_record,No matched synthetic comp record,0,0,0,0,0.0,0,0,false,false,false,false,false,false,false,false,false,false,false,false,false,true,true,synthetic_case_policy_assumption
comp-policy-comparison-v1.0.0,tiered_standardization,Tiered standardization,highest_issue_fit,true,case_00057,new_guest,valet_or_parking_delay,2,0.62,true,0.568,false,false,1.0,0.95,44.72,3,recommendation,parking_fee_waiver,parking or destination-fee waiver,85,7,15,30,0.9,2,4,true,true,true,false,false,false,false,false,true,false,false,true,false,true,true,synthetic_case_policy_assumption
comp-policy-comparison-v1.0.0,cost_guardrail,Guardrailed recovery,lowest_cost_adequate,true,case_00057,new_guest,valet_or_parking_delay,2,0.62,true,0.568,false,false,1.0,0.95,44.72,3,recommendation,parking_fee_waiver,parking or destination-fee waiver,85,7,15,30,0.9,2,4,true,true,true,false,false,false,false,false,true,false,false,true,false,true,true,synthetic_case_policy_assumption
comp-policy-comparison-v1.0.0,recovery_first,Recovery first,highest_perceived_recovery,true,case_00057,new_guest,valet_or_parking_delay,2,0.62,true,0.568,false,false,1.0,0.95,44.72,3,recommendation,spa_wellness_credit,Surya Spa or Recovery Suite credit,275,82,151,206,0.25,3,5,true,false,true,false,false,false,false,true,true,false,true,true,false,true,true,synthetic_case_policy_assumption
comp-policy-comparison-v1.0.0,intelligent_generosity,Intelligent generosity,context_aware_policy_engine,true,case_00057,new_guest,valet_or_parking_delay,2,0.62,true,0.568,false,false,1.0,0.95,44.72,3,recommendation,parking_fee_waiver,parking or destination-fee waiver,85,7,15,30,0.9,2,4,true,true,true,false,false,false,false,false,true,false,false,true,false,true,true,synthetic_case_policy_assumption
comp-policy-comparison-v1.0.0,synthetic_discretionary_baseline,Synthetic discretionary baseline,replay_synthetic_history,false,case_00058,new_guest,room_assignment_expectation_gap,4,0.79,true,0.635,false,false,1.0,0.95,65.84,4,reference_action,room_upgrade,room upgrade,410,102,102,102,0.9,3,5,true,true,true,true,false,false,false,false,true,false,false,false,false,true,true,synthetic_case_policy_assumption
comp-policy-comparison-v1.0.0,tiered_standardization,Tiered standardization,highest_issue_fit,true,case_00058,new_guest,room_assignment_expectation_gap,4,0.79,true,0.635,false,false,1.0,0.95,65.84,4,recommendation,room_upgrade,room upgrade,360,29,90,234,0.9,3,5,true,true,true,true,false,false,false,false,true,false,false,true,false,true,true,synthetic_case_policy_assumption
comp-policy-comparison-v1.0.0,cost_guardrail,Guardrailed recovery,lowest_cost_adequate,true,case_00058,new_guest,room_assignment_expectation_gap,4,0.79,true,0.635,false,false,1.0,0.95,65.84,4,recommendation,room_upgrade,room upgrade,360,29,90,234,0.9,3,5,true,true,true,true,false,false,false,false,true,false,false,true,false,true,true,synthetic_case_policy_assumption
comp-policy-comparison-v1.0.0,recovery_first,Recovery first,highest_perceived_recovery,true,case_00058,new_guest,room_assignment_expectation_gap,4,0.79,true,0.635,false,false,1.0,0.95,65.84,4,recommendation,room_upgrade,room upgrade,360,29,90,234,0.9,3,5,true,true,true,true,false,false,false,false,true,false,false,true,false,true,true,synthetic_case_policy_assumption
comp-policy-comparison-v1.0.0,intelligent_generosity,Intelligent generosity,context_aware_policy_engine,true,case_00058,new_guest,room_assignment_expectation_gap,4,0.79,true,0.635,false,false,1.0,0.95,65.84,4,recommendation,room_upgrade,room upgrade,360,29,90,234,0.9,3,5,true,true,true,true,false,false,false,false,true,false,false,true,false,true,true,synthetic_case_policy_assumption
comp-policy-comparison-v1.0.0,synthetic_discretionary_baseline,Synthetic discretionary baseline,replay_synthetic_history,false,case_00059,returning_guest,housekeeping_miss,3,0.9,true,0.32,false,false,1.0,0.95,57.11,3,reference_action,parking_fee_waiver,parking or destination-fee waiver,105,19,19,19,0.45,2,4,true,false,false,false,false,false,false,false,true,false,false,false,false,true,true,synthetic_case_policy_assumption
comp-policy-comparison-v1.0.0,tiered_standardization,Tiered standardization,highest_issue_fit,true,case_00059,returning_guest,housekeeping_miss,3,0.9,true,0.32,false,false,1.0,0.95,57.11,3,recommendation,amenity_gesture,in-room amenity gesture,55,14,25,36,0.8,1,3,true,true,true,false,false,false,false,false,true,false,false,true,false,true,true,synthetic_case_policy_assumption
comp-policy-comparison-v1.0.0,cost_guardrail,Guardrailed recovery,lowest_cost_adequate,true,case_00059,returning_guest,housekeeping_miss,3,0.9,true,0.32,false,false,1.0,0.95,57.11,3,recommendation,amenity_gesture,in-room amenity gesture,55,14,25,36,0.8,1,3,true,true,true,false,false,false,false,false,true,false,false,true,false,true,true,synthetic_case_policy_assumption
comp-policy-comparison-v1.0.0,recovery_first,Recovery first,highest_perceived_recovery,true,case_00059,returning_guest,housekeeping_miss,3,0.9,true,0.32,false,false,1.0,0.95,57.11,3,recommendation,spa_wellness_credit,Surya Spa or Recovery Suite credit,275,82,151,206,0.25,3,5,true,false,true,false,false,false,false,true,true,false,true,true,false,true,true,synthetic_case_policy_assumption
comp-policy-comparison-v1.0.0,intelligent_generosity,Intelligent generosity,context_aware_policy_engine,true,case_00059,returning_guest,housekeeping_miss,3,0.9,true,0.32,false,false,1.0,0.95,57.11,3,recommendation,rooftop_f_and_b_credit,Calabra or Palma dining credit,150,38,60,90,0.45,2,5,true,false,true,false,false,false,false,true,true,false,true,true,false,true,true,synthetic_case_policy_assumption
comp-policy-comparison-v1.0.0,synthetic_discretionary_baseline,Synthetic discretionary baseline,replay_synthetic_history,false,case_00060,returning_guest,room_assignment_expectation_gap,3,0.74,false,0.937,true,false,1.0,0.95,57.17,3,reference_unknown,no_matched_comp_record,No matched synthetic comp record,0,0,0,0,0.0,0,0,false,false,false,false,false,false,false,false,false,false,false,false,false,true,true,synthetic_case_policy_assumption
comp-policy-comparison-v1.0.0,tiered_standardization,Tiered standardization,highest_issue_fit,true,case_00060,returning_guest,room_assignment_expectation_gap,3,0.74,false,0.937,true,false,1.0,0.95,57.17,3,recommendation,manager_note,manager note and personal follow-up,0,0,0,0,0.72,1,3,true,true,true,false,false,false,false,true,false,false,true,true,false,true,true,synthetic_case_policy_assumption
comp-policy-comparison-v1.0.0,cost_guardrail,Guardrailed recovery,lowest_cost_adequate,true,case_00060,returning_guest,room_assignment_expectation_gap,3,0.74,false,0.937,true,false,1.0,0.95,57.17,3,recommendation,manager_note,manager note and personal follow-up,0,0,0,0,0.72,1,3,true,true,true,false,false,false,false,true,false,false,true,true,false,true,true,synthetic_case_policy_assumption
comp-policy-comparison-v1.0.0,recovery_first,Recovery first,highest_perceived_recovery,true,case_00060,returning_guest,room_assignment_expectation_gap,3,0.74,false,0.937,true,false,1.0,0.95,57.17,3,recommendation,spa_wellness_credit,Surya Spa or Recovery Suite credit,275,82,151,206,0.25,3,5,true,false,true,false,false,false,false,true,true,false,true,true,false,true,true,synthetic_case_policy_assumption
comp-policy-comparison-v1.0.0,intelligent_generosity,Intelligent generosity,context_aware_policy_engine,true,case_00060,returning_guest,room_assignment_expectation_gap,3,0.74,false,0.937,true,false,1.0,0.95,57.17,3,recommendation,rooftop_f_and_b_credit,Calabra or Palma dining credit,150,38,60,90,0.45,2,5,true,false,true,false,false,false,false,true,true,false,true,true,false,true,true,synthetic_case_policy_assumption
comp-policy-comparison-v1.0.0,synthetic_discretionary_baseline,Synthetic discretionary baseline,replay_synthetic_history,false,case_00061,new_guest,housekeeping_miss,3,0.9,true,0.585,false,false,1.0,0.95,56.9,3,reference_action,rooftop_f_and_b_credit,Calabra or Palma dining credit,160,64,64,64,0.45,2,5,true,false,false,false,false,false,false,false,true,false,false,false,false,true,true,synthetic_case_policy_assumption
comp-policy-comparison-v1.0.0,tiered_standardization,Tiered standardization,highest_issue_fit,true,case_00061,new_guest,housekeeping_miss,3,0.9,true,0.585,false,false,1.0,0.95,56.9,3,recommendation,amenity_gesture,in-room amenity gesture,55,14,25,36,0.8,1,3,true,true,true,false,false,false,false,false,true,false,false,true,false,true,true,synthetic_case_policy_assumption
comp-policy-comparison-v1.0.0,cost_guardrail,Guardrailed recovery,lowest_cost_adequate,true,case_00061,new_guest,housekeeping_miss,3,0.9,true,0.585,false,false,1.0,0.95,56.9,3,recommendation,amenity_gesture,in-room amenity gesture,55,14,25,36,0.8,1,3,true,true,true,false,false,false,false,false,true,false,false,true,false,true,true,synthetic_case_policy_assumption
comp-policy-comparison-v1.0.0,recovery_first,Recovery first,highest_perceived_recovery,true,case_00061,new_guest,housekeeping_miss,3,0.9,true,0.585,false,false,1.0,0.95,56.9,3,recommendation,spa_wellness_credit,Surya Spa or Recovery Suite credit,275,82,151,206,0.25,3,5,true,false,true,false,false,false,false,true,true,false,true,true,false,true,true,synthetic_case_policy_assumption
comp-policy-comparison-v1.0.0,intelligent_generosity,Intelligent generosity,context_aware_policy_engine,true,case_00061,new_guest,housekeeping_miss,3,0.9,true,0.585,false,false,1.0,0.95,56.9,3,recommendation,rooftop_f_and_b_credit,Calabra or Palma dining credit,150,38,60,90,0.45,2,5,true,false,true,false,false,false,false,true,true,false,true,true,false,true,true,synthetic_case_policy_assumption
comp-policy-comparison-v1.0.0,synthetic_discretionary_baseline,Synthetic discretionary baseline,replay_synthetic_history,false,case_00062,new_guest,billing_or_fee_dispute,3,0.55,true,0.624,true,false,0.78,0.95,50.02,3,reference_unknown,no_matched_comp_record,No matched synthetic comp record,0,0,0,0,0.0,0,0,false,false,false,false,false,false,false,false,false,false,false,false,false,true,true,synthetic_case_policy_assumption
comp-policy-comparison-v1.0.0,tiered_standardization,Tiered standardization,highest_issue_fit,true,case_00062,new_guest,billing_or_fee_dispute,3,0.55,true,0.624,true,false,0.78,0.95,50.02,3,recommendation,manager_note,manager note and personal follow-up,0,0,0,0,0.72,1,3,true,true,true,false,false,false,false,true,false,false,true,true,false,true,true,synthetic_case_policy_assumption
comp-policy-comparison-v1.0.0,cost_guardrail,Guardrailed recovery,lowest_cost_adequate,true,case_00062,new_guest,billing_or_fee_dispute,3,0.55,true,0.624,true,false,0.78,0.95,50.02,3,recommendation,manager_note,manager note and personal follow-up,0,0,0,0,0.72,1,3,true,true,true,false,false,false,false,true,false,false,true,true,false,true,true,synthetic_case_policy_assumption
comp-policy-comparison-v1.0.0,recovery_first,Recovery first,highest_perceived_recovery,true,case_00062,new_guest,billing_or_fee_dispute,3,0.55,true,0.624,true,false,0.78,0.95,50.02,3,recommendation,spa_wellness_credit,Surya Spa or Recovery Suite credit,275,82,151,206,0.25,3,5,true,false,true,false,false,false,false,true,true,false,true,true,false,true,true,synthetic_case_policy_assumption
comp-policy-comparison-v1.0.0,intelligent_generosity,Intelligent generosity,context_aware_policy_engine,true,case_00062,new_guest,billing_or_fee_dispute,3,0.55,true,0.624,true,false,0.78,0.95,50.02,3,recommendation,rooftop_f_and_b_credit,Calabra or Palma dining credit,150,38,60,90,0.45,2,5,true,false,true,false,false,false,false,true,true,false,true,true,false,true,true,synthetic_case_policy_assumption
comp-policy-comparison-v1.0.0,synthetic_discretionary_baseline,Synthetic discretionary baseline,replay_synthetic_history,false,case_00063,new_guest,room_readiness_delay,4,0.93,false,0.99,true,false,1.0,0.95,66.78,4,reference_action,lobby_lounge_credit,Palma lounge credit,95,36,36,36,0.76,2,4,true,true,true,true,false,false,false,false,true,false,false,false,false,true,true,synthetic_case_policy_assumption
comp-policy-comparison-v1.0.0,tiered_standardization,Tiered standardization,highest_issue_fit,true,case_00063,new_guest,room_readiness_delay,4,0.93,false,0.99,true,false,1.0,0.95,66.78,4,recommendation,partial_room_refund,partial room refund,190,190,190,190,0.82,4,5,true,true,true,true,false,false,false,false,false,true,false,true,false,true,true,synthetic_case_policy_assumption
comp-policy-comparison-v1.0.0,cost_guardrail,Guardrailed recovery,lowest_cost_adequate,true,case_00063,new_guest,room_readiness_delay,4,0.93,false,0.99,true,false,1.0,0.95,66.78,4,recommendation,lobby_lounge_credit,Palma lounge credit,120,30,46,66,0.76,2,4,true,true,true,true,false,false,false,false,true,false,false,true,false,true,true,synthetic_case_policy_assumption
comp-policy-comparison-v1.0.0,recovery_first,Recovery first,highest_perceived_recovery,true,case_00063,new_guest,room_readiness_delay,4,0.93,false,0.99,true,false,1.0,0.95,66.78,4,recommendation,future_stay_credit,future-stay credit,255,76,153,217,0.7,4,5,true,true,true,true,false,false,false,true,false,false,true,true,false,true,true,synthetic_case_policy_assumption
comp-policy-comparison-v1.0.0,intelligent_generosity,Intelligent generosity,context_aware_policy_engine,true,case_00063,new_guest,room_readiness_delay,4,0.93,false,0.99,true,false,1.0,0.95,66.78,4,recommendation,rooftop_f_and_b_credit,Calabra or Palma dining credit,180,45,72,108,0.72,2,5,true,true,true,true,false,false,false,true,true,false,true,true,false,true,true,synthetic_case_policy_assumption
comp-policy-comparison-v1.0.0,synthetic_discretionary_baseline,Synthetic discretionary baseline,replay_synthetic_history,false,case_00064,new_guest,f_and_b_service_lapse,2,0.7,false,0.742,false,false,1.0,0.95,45.48,3,reference_action,manager_note,manager note and personal follow-up,0,0,0,0,0.72,1,3,true,true,true,false,false,false,false,false,false,false,false,false,false,true,true,synthetic_case_policy_assumption
comp-policy-comparison-v1.0.0,tiered_standardization,Tiered standardization,highest_issue_fit,true,case_00064,new_guest,f_and_b_service_lapse,2,0.7,false,0.742,false,false,1.0,0.95,45.48,3,recommendation,rooftop_f_and_b_credit,Calabra or Palma dining credit,150,38,60,90,0.88,2,5,true,true,true,false,false,false,false,false,true,false,false,true,false,true,true,synthetic_case_policy_assumption
comp-policy-comparison-v1.0.0,cost_guardrail,Guardrailed recovery,lowest_cost_adequate,true,case_00064,new_guest,f_and_b_service_lapse,2,0.7,false,0.742,false,false,1.0,0.95,45.48,3,recommendation,rooftop_f_and_b_credit,Calabra or Palma dining credit,150,38,60,90,0.88,2,5,true,true,true,false,false,false,false,false,true,false,false,true,false,true,true,synthetic_case_policy_assumption
comp-policy-comparison-v1.0.0,recovery_first,Recovery first,highest_perceived_recovery,true,case_00064,new_guest,f_and_b_service_lapse,2,0.7,false,0.742,false,false,1.0,0.95,45.48,3,recommendation,rooftop_f_and_b_credit,Calabra or Palma dining credit,150,38,60,90,0.88,2,5,true,true,true,false,false,false,false,false,true,false,false,true,false,true,true,synthetic_case_policy_assumption
comp-policy-comparison-v1.0.0,intelligent_generosity,Intelligent generosity,context_aware_policy_engine,true,case_00064,new_guest,f_and_b_service_lapse,2,0.7,false,0.742,false,false,1.0,0.95,45.48,3,recommendation,rooftop_f_and_b_credit,Calabra or Palma dining credit,150,38,60,90,0.88,2,5,true,true,true,false,false,false,false,false,true,false,false,true,false,true,true,synthetic_case_policy_assumption
comp-policy-comparison-v1.0.0,synthetic_discretionary_baseline,Synthetic discretionary baseline,replay_synthetic_history,false,case_00065,new_guest,billing_or_fee_dispute,5,0.6,true,0.99,true,true,0.78,0.95,63.68,4,reference_action,partial_room_refund,partial room refund,340,340,340,340,0.5,4,5,true,false,false,true,true,false,false,false,false,true,false,false,false,true,true,synthetic_case_policy_assumption
comp-policy-comparison-v1.0.0,tiered_standardization,Tiered standardization,highest_issue_fit,true,case_00065,new_guest,billing_or_fee_dispute,5,0.6,true,0.99,true,true,0.78,0.95,63.68,4,recommendation,manager_note,manager note and personal follow-up,0,0,0,0,0.72,1,3,true,false,true,true,false,false,false,true,false,false,true,true,false,true,true,synthetic_case_policy_assumption
comp-policy-comparison-v1.0.0,cost_guardrail,Guardrailed recovery,lowest_cost_adequate,true,case_00065,new_guest,billing_or_fee_dispute,5,0.6,true,0.99,true,true,0.78,0.95,63.68,4,recommendation,parking_fee_waiver,parking or destination-fee waiver,100,8,18,35,0.66,2,4,true,true,true,true,false,false,false,true,true,false,true,true,false,true,true,synthetic_case_policy_assumption
comp-policy-comparison-v1.0.0,recovery_first,Recovery first,highest_perceived_recovery,true,case_00065,new_guest,billing_or_fee_dispute,5,0.6,true,0.99,true,true,0.78,0.95,63.68,4,recommendation,spa_wellness_credit,Surya Spa or Recovery Suite credit,330,99,182,248,0.25,3,5,true,false,true,true,false,false,false,true,true,false,true,true,false,true,true,synthetic_case_policy_assumption
comp-policy-comparison-v1.0.0,intelligent_generosity,Intelligent generosity,context_aware_policy_engine,true,case_00065,new_guest,billing_or_fee_dispute,5,0.6,true,0.99,true,true,0.78,0.95,63.68,4,recommendation,rooftop_f_and_b_credit,Calabra or Palma dining credit,180,45,72,108,0.45,2,5,true,false,true,true,false,false,false,true,true,false,true,true,false,true,true,synthetic_case_policy_assumption
comp-policy-comparison-v1.0.0,synthetic_discretionary_baseline,Synthetic discretionary baseline,replay_synthetic_history,false,case_00066,loyalty_guest,noise_disruption,3,0.48,false,0.32,false,false,1.0,0.95,53.15,3,reference_unknown,no_matched_comp_record,No matched synthetic comp record,0,0,0,0,0.0,0,0,false,false,false,false,false,false,false,false,false,false,false,false,false,true,true,synthetic_case_policy_assumption
comp-policy-comparison-v1.0.0,tiered_standardization,Tiered standardization,highest_issue_fit,true,case_00066,loyalty_guest,noise_disruption,3,0.48,false,0.32,false,false,1.0,0.95,53.15,3,recommendation,amenity_gesture,in-room amenity gesture,55,14,25,36,0.78,1,3,true,true,true,false,false,false,false,false,true,false,false,true,false,true,true,synthetic_case_policy_assumption
comp-policy-comparison-v1.0.0,cost_guardrail,Guardrailed recovery,lowest_cost_adequate,true,case_00066,loyalty_guest,noise_disruption,3,0.48,false,0.32,false,false,1.0,0.95,53.15,3,recommendation,amenity_gesture,in-room amenity gesture,55,14,25,36,0.78,1,3,true,true,true,false,false,false,false,false,true,false,false,true,false,true,true,synthetic_case_policy_assumption
comp-policy-comparison-v1.0.0,recovery_first,Recovery first,highest_perceived_recovery,true,case_00066,loyalty_guest,noise_disruption,3,0.48,false,0.32,false,false,1.0,0.95,53.15,3,recommendation,spa_wellness_credit,Surya Spa or Recovery Suite credit,275,82,151,206,0.62,3,5,true,true,true,false,false,false,false,true,true,false,true,true,false,true,true,synthetic_case_policy_assumption
comp-policy-comparison-v1.0.0,intelligent_generosity,Intelligent generosity,context_aware_policy_engine,true,case_00066,loyalty_guest,noise_disruption,3,0.48,false,0.32,false,false,1.0,0.95,53.15,3,recommendation,spa_wellness_credit,Surya Spa or Recovery Suite credit,275,82,151,206,0.62,3,5,true,true,true,false,false,false,false,true,true,false,true,true,false,true,true,synthetic_case_policy_assumption
comp-policy-comparison-v1.0.0,synthetic_discretionary_baseline,Synthetic discretionary baseline,replay_synthetic_history,false,case_00067,new_guest,f_and_b_service_lapse,3,0.7,true,0.989,false,false,1.0,0.95,52.0,3,reference_action,parking_fee_waiver,parking or destination-fee waiver,85,15,15,15,0.45,2,4,true,false,false,false,false,false,false,false,true,false,false,false,false,true,true,synthetic_case_policy_assumption
comp-policy-comparison-v1.0.0,tiered_standardization,Tiered standardization,highest_issue_fit,true,case_00067,new_guest,f_and_b_service_lapse,3,0.7,true,0.989,false,false,1.0,0.95,52.0,3,recommendation,rooftop_f_and_b_credit,Calabra or Palma dining credit,150,38,60,90,0.88,2,5,true,true,true,false,false,false,false,false,true,false,false,true,false,true,true,synthetic_case_policy_assumption
comp-policy-comparison-v1.0.0,cost_guardrail,Guardrailed recovery,lowest_cost_adequate,true,case_00067,new_guest,f_and_b_service_lapse,3,0.7,true,0.989,false,false,1.0,0.95,52.0,3,recommendation,rooftop_f_and_b_credit,Calabra or Palma dining credit,150,38,60,90,0.88,2,5,true,true,true,false,false,false,false,false,true,false,false,true,false,true,true,synthetic_case_policy_assumption
comp-policy-comparison-v1.0.0,recovery_first,Recovery first,highest_perceived_recovery,true,case_00067,new_guest,f_and_b_service_lapse,3,0.7,true,0.989,false,false,1.0,0.95,52.0,3,recommendation,rooftop_f_and_b_credit,Calabra or Palma dining credit,150,38,60,90,0.88,2,5,true,true,true,false,false,false,false,false,true,false,false,true,false,true,true,synthetic_case_policy_assumption
comp-policy-comparison-v1.0.0,intelligent_generosity,Intelligent generosity,context_aware_policy_engine,true,case_00067,new_guest,f_and_b_service_lapse,3,0.7,true,0.989,false,false,1.0,0.95,52.0,3,recommendation,rooftop_f_and_b_credit,Calabra or Palma dining credit,150,38,60,90,0.88,2,5,true,true,true,false,false,false,false,false,true,false,false,true,false,true,true,synthetic_case_policy_assumption
comp-policy-comparison-v1.0.0,synthetic_discretionary_baseline,Synthetic discretionary baseline,replay_synthetic_history,false,case_00068,new_guest,room_readiness_delay,3,0.88,false,0.99,true,false,1.0,0.95,62.83,4,reference_action,room_upgrade,room upgrade,330,82,82,82,0.48,3,5,true,false,false,true,true,true,true,false,true,false,false,false,false,true,true,synthetic_case_policy_assumption
comp-policy-comparison-v1.0.0,tiered_standardization,Tiered standardization,highest_issue_fit,true,case_00068,new_guest,room_readiness_delay,3,0.88,false,0.99,true,false,1.0,0.95,62.83,4,recommendation,partial_room_refund,partial room refund,155,155,155,155,0.82,4,5,true,true,true,true,false,false,false,false,false,true,false,true,false,true,true,synthetic_case_policy_assumption
comp-policy-comparison-v1.0.0,cost_guardrail,Guardrailed recovery,lowest_cost_adequate,true,case_00068,new_guest,room_readiness_delay,3,0.88,false,0.99,true,false,1.0,0.95,62.83,4,recommendation,lobby_lounge_credit,Palma lounge credit,120,30,46,66,0.76,2,4,true,true,true,true,false,false,false,false,true,false,false,true,false,true,true,synthetic_case_policy_assumption
comp-policy-comparison-v1.0.0,recovery_first,Recovery first,highest_perceived_recovery,true,case_00068,new_guest,room_readiness_delay,3,0.88,false,0.99,true,false,1.0,0.95,62.83,4,recommendation,future_stay_credit,future-stay credit,210,63,126,178,0.7,4,5,true,true,true,true,false,false,false,true,false,false,true,true,false,true,true,synthetic_case_policy_assumption
comp-policy-comparison-v1.0.0,intelligent_generosity,Intelligent generosity,context_aware_policy_engine,true,case_00068,new_guest,room_readiness_delay,3,0.88,false,0.99,true,false,1.0,0.95,62.83,4,recommendation,rooftop_f_and_b_credit,Calabra or Palma dining credit,180,45,72,108,0.72,2,5,true,true,true,true,false,false,false,true,true,false,true,true,false,true,true,synthetic_case_policy_assumption
comp-policy-comparison-v1.0.0,synthetic_discretionary_baseline,Synthetic discretionary baseline,replay_synthetic_history,false,case_00069,returning_guest,rooftop_pool_access_issue,3,0.64,true,0.623,true,false,1.0,0.95,57.97,3,reference_action,amenity_gesture,in-room amenity gesture,40,18,18,18,0.7,1,3,true,true,true,false,false,false,false,false,true,false,false,false,false,true,true,synthetic_case_policy_assumption
comp-policy-comparison-v1.0.0,tiered_standardization,Tiered standardization,highest_issue_fit,true,case_00069,returning_guest,rooftop_pool_access_issue,3,0.64,true,0.623,true,false,1.0,0.95,57.97,3,recommendation,rooftop_f_and_b_credit,Calabra or Palma dining credit,150,38,60,90,0.86,2,5,true,true,true,false,false,false,false,false,true,false,false,true,false,true,true,synthetic_case_policy_assumption
comp-policy-comparison-v1.0.0,cost_guardrail,Guardrailed recovery,lowest_cost_adequate,true,case_00069,returning_guest,rooftop_pool_access_issue,3,0.64,true,0.623,true,false,1.0,0.95,57.97,3,recommendation,rooftop_f_and_b_credit,Calabra or Palma dining credit,150,38,60,90,0.86,2,5,true,true,true,false,false,false,false,false,true,false,false,true,false,true,true,synthetic_case_policy_assumption
comp-policy-comparison-v1.0.0,recovery_first,Recovery first,highest_perceived_recovery,true,case_00069,returning_guest,rooftop_pool_access_issue,3,0.64,true,0.623,true,false,1.0,0.95,57.97,3,recommendation,rooftop_f_and_b_credit,Calabra or Palma dining credit,150,38,60,90,0.86,2,5,true,true,true,false,false,false,false,false,true,false,false,true,false,true,true,synthetic_case_policy_assumption
comp-policy-comparison-v1.0.0,intelligent_generosity,Intelligent generosity,context_aware_policy_engine,true,case_00069,returning_guest,rooftop_pool_access_issue,3,0.64,true,0.623,true,false,1.0,0.95,57.97,3,recommendation,rooftop_f_and_b_credit,Calabra or Palma dining credit,150,38,60,90,0.86,2,5,true,true,true,false,false,false,false,false,true,false,false,true,false,true,true,synthetic_case_policy_assumption
comp-policy-comparison-v1.0.0,synthetic_discretionary_baseline,Synthetic discretionary baseline,replay_synthetic_history,false,case_00070,new_guest,f_and_b_service_lapse,2,0.7,true,0.736,false,false,1.0,0.95,46.87,3,reference_unknown,no_matched_comp_record,No matched synthetic comp record,0,0,0,0,0.0,0,0,false,false,false,false,false,false,false,false,false,false,false,false,false,true,true,synthetic_case_policy_assumption
comp-policy-comparison-v1.0.0,tiered_standardization,Tiered standardization,highest_issue_fit,true,case_00070,new_guest,f_and_b_service_lapse,2,0.7,true,0.736,false,false,1.0,0.95,46.87,3,recommendation,rooftop_f_and_b_credit,Calabra or Palma dining credit,150,38,60,90,0.88,2,5,true,true,true,false,false,false,false,false,true,false,false,true,false,true,true,synthetic_case_policy_assumption
comp-policy-comparison-v1.0.0,cost_guardrail,Guardrailed recovery,lowest_cost_adequate,true,case_00070,new_guest,f_and_b_service_lapse,2,0.7,true,0.736,false,false,1.0,0.95,46.87,3,recommendation,rooftop_f_and_b_credit,Calabra or Palma dining credit,150,38,60,90,0.88,2,5,true,true,true,false,false,false,false,false,true,false,false,true,false,true,true,synthetic_case_policy_assumption
comp-policy-comparison-v1.0.0,recovery_first,Recovery first,highest_perceived_recovery,true,case_00070,new_guest,f_and_b_service_lapse,2,0.7,true,0.736,false,false,1.0,0.95,46.87,3,recommendation,rooftop_f_and_b_credit,Calabra or Palma dining credit,150,38,60,90,0.88,2,5,true,true,true,false,false,false,false,false,true,false,false,true,false,true,true,synthetic_case_policy_assumption
comp-policy-comparison-v1.0.0,intelligent_generosity,Intelligent generosity,context_aware_policy_engine,true,case_00070,new_guest,f_and_b_service_lapse,2,0.7,true,0.736,false,false,1.0,0.95,46.87,3,recommendation,rooftop_f_and_b_credit,Calabra or Palma dining credit,150,38,60,90,0.88,2,5,true,true,true,false,false,false,false,false,true,false,false,true,false,true,true,synthetic_case_policy_assumption
comp-policy-comparison-v1.0.0,synthetic_discretionary_baseline,Synthetic discretionary baseline,replay_synthetic_history,false,case_00071,new_guest,maintenance_issue,2,0.78,false,0.573,false,false,1.0,0.95,49.35,3,reference_action,lobby_lounge_credit,Palma lounge credit,95,36,36,36,0.52,2,4,true,false,false,false,false,false,false,false,true,false,false,false,false,true,true,synthetic_case_policy_assumption
comp-policy-comparison-v1.0.0,tiered_standardization,Tiered standardization,highest_issue_fit,true,case_00071,new_guest,maintenance_issue,2,0.78,false,0.573,false,false,1.0,0.95,49.35,3,recommendation,manager_note,manager note and personal follow-up,0,0,0,0,0.72,1,3,true,true,true,false,false,false,false,true,false,false,true,true,false,true,true,synthetic_case_policy_assumption
comp-policy-comparison-v1.0.0,cost_guardrail,Guardrailed recovery,lowest_cost_adequate,true,case_00071,new_guest,maintenance_issue,2,0.78,false,0.573,false,false,1.0,0.95,49.35,3,recommendation,manager_note,manager note and personal follow-up,0,0,0,0,0.72,1,3,true,true,true,false,false,false,false,true,false,false,true,true,false,true,true,synthetic_case_policy_assumption
comp-policy-comparison-v1.0.0,recovery_first,Recovery first,highest_perceived_recovery,true,case_00071,new_guest,maintenance_issue,2,0.78,false,0.573,false,false,1.0,0.95,49.35,3,recommendation,spa_wellness_credit,Surya Spa or Recovery Suite credit,275,82,151,206,0.45,3,5,true,false,true,false,false,false,false,true,true,false,true,true,false,true,true,synthetic_case_policy_assumption
comp-policy-comparison-v1.0.0,intelligent_generosity,Intelligent generosity,context_aware_policy_engine,true,case_00071,new_guest,maintenance_issue,2,0.78,false,0.573,false,false,1.0,0.95,49.35,3,recommendation,spa_wellness_credit,Surya Spa or Recovery Suite credit,275,82,151,206,0.45,3,5,true,false,true,false,false,false,false,true,true,false,true,true,false,true,true,synthetic_case_policy_assumption
comp-policy-comparison-v1.0.0,synthetic_discretionary_baseline,Synthetic discretionary baseline,replay_synthetic_history,false,case_00072,vip_guest,spa_wellness_service_issue,3,0.74,true,0.99,true,false,1.0,0.95,56.45,3,reference_unknown,no_matched_comp_record,No matched synthetic comp record,0,0,0,0,0.0,0,0,false,false,false,false,false,false,false,false,false,false,false,false,false,true,true,synthetic_case_policy_assumption
comp-policy-comparison-v1.0.0,tiered_standardization,Tiered standardization,highest_issue_fit,true,case_00072,vip_guest,spa_wellness_service_issue,3,0.74,true,0.99,true,false,1.0,0.95,56.45,3,recommendation,spa_wellness_credit,Surya Spa or Recovery Suite credit,275,82,151,206,0.9,3,5,true,true,true,false,false,false,false,false,true,false,false,true,false,true,true,synthetic_case_policy_assumption
comp-policy-comparison-v1.0.0,cost_guardrail,Guardrailed recovery,lowest_cost_adequate,true,case_00072,vip_guest,spa_wellness_service_issue,3,0.74,true,0.99,true,false,1.0,0.95,56.45,3,recommendation,spa_wellness_credit,Surya Spa or Recovery Suite credit,275,82,151,206,0.9,3,5,true,true,true,false,false,false,false,false,true,false,false,true,false,true,true,synthetic_case_policy_assumption
comp-policy-comparison-v1.0.0,recovery_first,Recovery first,highest_perceived_recovery,true,case_00072,vip_guest,spa_wellness_service_issue,3,0.74,true,0.99,true,false,1.0,0.95,56.45,3,recommendation,spa_wellness_credit,Surya Spa or Recovery Suite credit,275,82,151,206,0.9,3,5,true,true,true,false,false,false,false,false,true,false,false,true,false,true,true,synthetic_case_policy_assumption
comp-policy-comparison-v1.0.0,intelligent_generosity,Intelligent generosity,context_aware_policy_engine,true,case_00072,vip_guest,spa_wellness_service_issue,3,0.74,true,0.99,true,false,1.0,0.95,56.45,3,recommendation,spa_wellness_credit,Surya Spa or Recovery Suite credit,275,82,151,206,0.9,3,5,true,true,true,false,false,false,false,false,true,false,false,true,false,true,true,synthetic_case_policy_assumption
comp-policy-comparison-v1.0.0,synthetic_discretionary_baseline,Synthetic discretionary baseline,replay_synthetic_history,false,case_00073,loyalty_guest,rooftop_pool_access_issue,1,0.64,true,0.864,false,false,1.0,0.95,36.37,2,reference_unknown,no_matched_comp_record,No matched synthetic comp record,0,0,0,0,0.0,0,0,false,false,false,false,false,false,false,false,false,false,false,false,false,true,true,synthetic_case_policy_assumption
comp-policy-comparison-v1.0.0,tiered_standardization,Tiered standardization,highest_issue_fit,true,case_00073,loyalty_guest,rooftop_pool_access_issue,1,0.64,true,0.864,false,false,1.0,0.95,36.37,2,recommendation,rooftop_f_and_b_credit,Calabra or Palma dining credit,135,34,54,81,0.86,2,5,true,true,true,false,false,false,false,false,true,false,false,true,false,true,true,synthetic_case_policy_assumption
comp-policy-comparison-v1.0.0,cost_guardrail,Guardrailed recovery,lowest_cost_adequate,true,case_00073,loyalty_guest,rooftop_pool_access_issue,1,0.64,true,0.864,false,false,1.0,0.95,36.37,2,recommendation,rooftop_f_and_b_credit,Calabra or Palma dining credit,135,34,54,81,0.86,2,5,true,true,true,false,false,false,false,false,true,false,false,true,false,true,true,synthetic_case_policy_assumption
comp-policy-comparison-v1.0.0,recovery_first,Recovery first,highest_perceived_recovery,true,case_00073,loyalty_guest,rooftop_pool_access_issue,1,0.64,true,0.864,false,false,1.0,0.95,36.37,2,recommendation,rooftop_f_and_b_credit,Calabra or Palma dining credit,135,34,54,81,0.86,2,5,true,true,true,false,false,false,false,false,true,false,false,true,false,true,true,synthetic_case_policy_assumption
comp-policy-comparison-v1.0.0,intelligent_generosity,Intelligent generosity,context_aware_policy_engine,true,case_00073,loyalty_guest,rooftop_pool_access_issue,1,0.64,true,0.864,false,false,1.0,0.95,36.37,2,recommendation,rooftop_f_and_b_credit,Calabra or Palma dining credit,135,34,54,81,0.86,2,5,true,true,true,false,false,false,false,false,true,false,false,true,false,true,true,synthetic_case_policy_assumption
comp-policy-comparison-v1.0.0,synthetic_discretionary_baseline,Synthetic discretionary baseline,replay_synthetic_history,false,case_00074,new_guest,valet_or_parking_delay,3,0.62,false,0.506,false,false,1.0,0.95,54.39,3,reference_unknown,no_matched_comp_record,No matched synthetic comp record,0,0,0,0,0.0,0,0,false,false,false,false,false,false,false,false,false,false,false,false,false,true,true,synthetic_case_policy_assumption
comp-policy-comparison-v1.0.0,tiered_standardization,Tiered standardization,highest_issue_fit,true,case_00074,new_guest,valet_or_parking_delay,3,0.62,false,0.506,false,false,1.0,0.95,54.39,3,recommendation,parking_fee_waiver,parking or destination-fee waiver,85,7,15,30,0.9,2,4,true,true,true,false,false,false,false,false,true,false,false,true,false,true,true,synthetic_case_policy_assumption
comp-policy-comparison-v1.0.0,cost_guardrail,Guardrailed recovery,lowest_cost_adequate,true,case_00074,new_guest,valet_or_parking_delay,3,0.62,false,0.506,false,false,1.0,0.95,54.39,3,recommendation,parking_fee_waiver,parking or destination-fee waiver,85,7,15,30,0.9,2,4,true,true,true,false,false,false,false,false,true,false,false,true,false,true,true,synthetic_case_policy_assumption
comp-policy-comparison-v1.0.0,recovery_first,Recovery first,highest_perceived_recovery,true,case_00074,new_guest,valet_or_parking_delay,3,0.62,false,0.506,false,false,1.0,0.95,54.39,3,recommendation,spa_wellness_credit,Surya Spa or Recovery Suite credit,275,82,151,206,0.25,3,5,true,false,true,false,false,false,false,true,true,false,true,true,false,true,true,synthetic_case_policy_assumption
comp-policy-comparison-v1.0.0,intelligent_generosity,Intelligent generosity,context_aware_policy_engine,true,case_00074,new_guest,valet_or_parking_delay,3,0.62,false,0.506,false,false,1.0,0.95,54.39,3,recommendation,parking_fee_waiver,parking or destination-fee waiver,85,7,15,30,0.9,2,4,true,true,true,false,false,false,false,false,true,false,false,true,false,true,true,synthetic_case_policy_assumption
comp-policy-comparison-v1.0.0,synthetic_discretionary_baseline,Synthetic discretionary baseline,replay_synthetic_history,false,case_00075,loyalty_guest,room_assignment_expectation_gap,3,0.74,true,0.53,false,false,0.58,0.95,55.75,3,reference_unknown,no_matched_comp_record,No matched synthetic comp record,0,0,0,0,0.0,0,0,false,false,false,false,false,false,false,false,false,false,false,false,true,false,true,synthetic_case_policy_assumption
comp-policy-comparison-v1.0.0,tiered_standardization,Tiered standardization,highest_issue_fit,true,case_00075,loyalty_guest,room_assignment_expectation_gap,3,0.74,true,0.53,false,false,0.58,0.95,55.75,3,data_quality_hold,data_quality_hold,Data-quality hold,0,0,0,0,0.0,0,0,false,false,false,false,false,false,false,false,false,false,true,true,true,true,true,synthetic_case_policy_assumption
comp-policy-comparison-v1.0.0,cost_guardrail,Guardrailed recovery,lowest_cost_adequate,true,case_00075,loyalty_guest,room_assignment_expectation_gap,3,0.74,true,0.53,false,false,0.58,0.95,55.75,3,data_quality_hold,data_quality_hold,Data-quality hold,0,0,0,0,0.0,0,0,false,false,false,false,false,false,false,false,false,false,true,true,true,true,true,synthetic_case_policy_assumption
comp-policy-comparison-v1.0.0,recovery_first,Recovery first,highest_perceived_recovery,true,case_00075,loyalty_guest,room_assignment_expectation_gap,3,0.74,true,0.53,false,false,0.58,0.95,55.75,3,data_quality_hold,data_quality_hold,Data-quality hold,0,0,0,0,0.0,0,0,false,false,false,false,false,false,false,false,false,false,true,true,true,true,true,synthetic_case_policy_assumption
comp-policy-comparison-v1.0.0,intelligent_generosity,Intelligent generosity,context_aware_policy_engine,true,case_00075,loyalty_guest,room_assignment_expectation_gap,3,0.74,true,0.53,false,false,0.58,0.95,55.75,3,data_quality_hold,data_quality_hold,Data-quality hold,0,0,0,0,0.0,0,0,false,false,false,false,false,false,false,false,false,false,true,true,true,true,true,synthetic_case_policy_assumption
comp-policy-comparison-v1.0.0,synthetic_discretionary_baseline,Synthetic discretionary baseline,replay_synthetic_history,false,case_00076,event_or_suite_guest,housekeeping_miss,5,0.95,true,0.601,true,false,1.0,0.95,83.88,5,reference_action,future_stay_credit,future-stay credit,375,225,225,225,0.76,4,5,true,true,true,true,false,false,false,false,false,false,false,false,false,true,false,synthetic_case_policy_assumption
comp-policy-comparison-v1.0.0,tiered_standardization,Tiered standardization,highest_issue_fit,true,case_00076,event_or_suite_guest,housekeeping_miss,5,0.95,true,0.601,true,false,1.0,0.95,83.88,5,recommendation,amenity_gesture,in-room amenity gesture,80,20,36,52,0.8,1,3,true,false,true,true,false,false,false,false,true,false,true,true,false,true,true,synthetic_case_policy_assumption
comp-policy-comparison-v1.0.0,cost_guardrail,Guardrailed recovery,lowest_cost_adequate,true,case_00076,event_or_suite_guest,housekeeping_miss,5,0.95,true,0.601,true,false,1.0,0.95,83.88,5,recommendation,future_stay_credit,future-stay credit,465,140,279,395,0.76,4,5,true,true,true,true,false,false,false,false,false,false,true,true,false,true,true,synthetic_case_policy_assumption
comp-policy-comparison-v1.0.0,recovery_first,Recovery first,highest_perceived_recovery,true,case_00076,event_or_suite_guest,housekeeping_miss,5,0.95,true,0.601,true,false,1.0,0.95,83.88,5,recommendation,future_stay_credit,future-stay credit,465,140,279,395,0.76,4,5,true,true,true,true,false,false,false,false,false,false,true,true,false,true,true,synthetic_case_policy_assumption
comp-policy-comparison-v1.0.0,intelligent_generosity,Intelligent generosity,context_aware_policy_engine,true,case_00076,event_or_suite_guest,housekeeping_miss,5,0.95,true,0.601,true,false,1.0,0.95,83.88,5,recommendation,partial_room_refund,partial room refund,450,450,450,450,0.78,4,5,true,true,true,true,false,false,false,false,false,true,true,true,false,true,true,synthetic_case_policy_assumption
comp-policy-comparison-v1.0.0,synthetic_discretionary_baseline,Synthetic discretionary baseline,replay_synthetic_history,false,case_00077,loyalty_guest,valet_or_parking_delay,2,0.62,true,0.365,false,false,1.0,0.95,45.14,3,reference_action,spa_wellness_credit,Surya Spa or Recovery Suite credit,385,212,212,212,0.25,3,5,true,false,false,false,false,false,false,false,true,false,false,false,false,true,true,synthetic_case_policy_assumption
comp-policy-comparison-v1.0.0,tiered_standardization,Tiered standardization,highest_issue_fit,true,case_00077,loyalty_guest,valet_or_parking_delay,2,0.62,true,0.365,false,false,1.0,0.95,45.14,3,recommendation,parking_fee_waiver,parking or destination-fee waiver,85,7,15,30,0.9,2,4,true,true,true,false,false,false,false,false,true,false,false,true,false,true,true,synthetic_case_policy_assumption
comp-policy-comparison-v1.0.0,cost_guardrail,Guardrailed recovery,lowest_cost_adequate,true,case_00077,loyalty_guest,valet_or_parking_delay,2,0.62,true,0.365,false,false,1.0,0.95,45.14,3,recommendation,parking_fee_waiver,parking or destination-fee waiver,85,7,15,30,0.9,2,4,true,true,true,false,false,false,false,false,true,false,false,true,false,true,true,synthetic_case_policy_assumption
comp-policy-comparison-v1.0.0,recovery_first,Recovery first,highest_perceived_recovery,true,case_00077,loyalty_guest,valet_or_parking_delay,2,0.62,true,0.365,false,false,1.0,0.95,45.14,3,recommendation,spa_wellness_credit,Surya Spa or Recovery Suite credit,275,82,151,206,0.25,3,5,true,false,true,false,false,false,false,true,true,false,true,true,false,true,true,synthetic_case_policy_assumption
comp-policy-comparison-v1.0.0,intelligent_generosity,Intelligent generosity,context_aware_policy_engine,true,case_00077,loyalty_guest,valet_or_parking_delay,2,0.62,true,0.365,false,false,1.0,0.95,45.14,3,recommendation,parking_fee_waiver,parking or destination-fee waiver,85,7,15,30,0.9,2,4,true,true,true,false,false,false,false,false,true,false,false,true,false,true,true,synthetic_case_policy_assumption
comp-policy-comparison-v1.0.0,synthetic_discretionary_baseline,Synthetic discretionary baseline,replay_synthetic_history,false,case_00078,new_guest,valet_or_parking_delay,2,0.62,true,0.48,false,false,1.0,0.95,41.68,2,reference_unknown,no_matched_comp_record,No matched synthetic comp record,0,0,0,0,0.0,0,0,false,false,false,false,false,false,false,false,false,false,false,false,false,true,true,synthetic_case_policy_assumption
comp-policy-comparison-v1.0.0,tiered_standardization,Tiered standardization,highest_issue_fit,true,case_00078,new_guest,valet_or_parking_delay,2,0.62,true,0.48,false,false,1.0,0.95,41.68,2,recommendation,parking_fee_waiver,parking or destination-fee waiver,75,6,14,26,0.9,2,4,true,true,true,false,false,false,false,false,true,false,false,true,false,true,true,synthetic_case_policy_assumption
comp-policy-comparison-v1.0.0,cost_guardrail,Guardrailed recovery,lowest_cost_adequate,true,case_00078,new_guest,valet_or_parking_delay,2,0.62,true,0.48,false,false,1.0,0.95,41.68,2,recommendation,parking_fee_waiver,parking or destination-fee waiver,75,6,14,26,0.9,2,4,true,true,true,false,false,false,false,false,true,false,false,true,false,true,true,synthetic_case_policy_assumption
comp-policy-comparison-v1.0.0,recovery_first,Recovery first,highest_perceived_recovery,true,case_00078,new_guest,valet_or_parking_delay,2,0.62,true,0.48,false,false,1.0,0.95,41.68,2,recommendation,parking_fee_waiver,parking or destination-fee waiver,75,6,14,26,0.9,2,4,true,true,true,false,false,false,false,false,true,false,false,true,false,true,true,synthetic_case_policy_assumption
comp-policy-comparison-v1.0.0,intelligent_generosity,Intelligent generosity,context_aware_policy_engine,true,case_00078,new_guest,valet_or_parking_delay,2,0.62,true,0.48,false,false,1.0,0.95,41.68,2,recommendation,parking_fee_waiver,parking or destination-fee waiver,75,6,14,26,0.9,2,4,true,true,true,false,false,false,false,false,true,false,false,true,false,true,true,synthetic_case_policy_assumption
comp-policy-comparison-v1.0.0,synthetic_discretionary_baseline,Synthetic discretionary baseline,replay_synthetic_history,false,case_00079,vip_guest,rooftop_pool_access_issue,2,0.64,true,0.622,false,false,1.0,0.95,49.27,3,reference_action,parking_fee_waiver,parking or destination-fee waiver,85,15,15,15,0.45,2,4,true,false,false,false,false,false,false,false,true,false,false,false,false,true,true,synthetic_case_policy_assumption
comp-policy-comparison-v1.0.0,tiered_standardization,Tiered standardization,highest_issue_fit,true,case_00079,vip_guest,rooftop_pool_access_issue,2,0.64,true,0.622,false,false,1.0,0.95,49.27,3,recommendation,rooftop_f_and_b_credit,Calabra or Palma dining credit,150,38,60,90,0.86,2,5,true,true,true,false,false,false,false,false,true,false,false,true,false,true,true,synthetic_case_policy_assumption
comp-policy-comparison-v1.0.0,cost_guardrail,Guardrailed recovery,lowest_cost_adequate,true,case_00079,vip_guest,rooftop_pool_access_issue,2,0.64,true,0.622,false,false,1.0,0.95,49.27,3,recommendation,rooftop_f_and_b_credit,Calabra or Palma dining credit,150,38,60,90,0.86,2,5,true,true,true,false,false,false,false,false,true,false,false,true,false,true,true,synthetic_case_policy_assumption
comp-policy-comparison-v1.0.0,recovery_first,Recovery first,highest_perceived_recovery,true,case_00079,vip_guest,rooftop_pool_access_issue,2,0.64,true,0.622,false,false,1.0,0.95,49.27,3,recommendation,rooftop_f_and_b_credit,Calabra or Palma dining credit,150,38,60,90,0.86,2,5,true,true,true,false,false,false,false,false,true,false,false,true,false,true,true,synthetic_case_policy_assumption
comp-policy-comparison-v1.0.0,intelligent_generosity,Intelligent generosity,context_aware_policy_engine,true,case_00079,vip_guest,rooftop_pool_access_issue,2,0.64,true,0.622,false,false,1.0,0.95,49.27,3,recommendation,rooftop_f_and_b_credit,Calabra or Palma dining credit,150,38,60,90,0.86,2,5,true,true,true,false,false,false,false,false,true,false,false,true,false,true,true,synthetic_case_policy_assumption
comp-policy-comparison-v1.0.0,synthetic_discretionary_baseline,Synthetic discretionary baseline,replay_synthetic_history,false,case_00080,returning_guest,maintenance_issue,3,0.78,true,0.481,false,false,1.0,0.95,57.1,3,reference_action,amenity_gesture,in-room amenity gesture,0,0,0,0,0.7,1,3,true,true,true,false,false,false,false,false,true,false,false,false,false,true,true,synthetic_case_policy_assumption
comp-policy-comparison-v1.0.0,tiered_standardization,Tiered standardization,highest_issue_fit,true,case_00080,returning_guest,maintenance_issue,3,0.78,true,0.481,false,false,1.0,0.95,57.1,3,recommendation,manager_note,manager note and personal follow-up,0,0,0,0,0.72,1,3,true,true,true,false,false,false,false,true,false,false,true,true,false,true,true,synthetic_case_policy_assumption
comp-policy-comparison-v1.0.0,cost_guardrail,Guardrailed recovery,lowest_cost_adequate,true,case_00080,returning_guest,maintenance_issue,3,0.78,true,0.481,false,false,1.0,0.95,57.1,3,recommendation,manager_note,manager note and personal follow-up,0,0,0,0,0.72,1,3,true,true,true,false,false,false,false,true,false,false,true,true,false,true,true,synthetic_case_policy_assumption
comp-policy-comparison-v1.0.0,recovery_first,Recovery first,highest_perceived_recovery,true,case_00080,returning_guest,maintenance_issue,3,0.78,true,0.481,false,false,1.0,0.95,57.1,3,recommendation,spa_wellness_credit,Surya Spa or Recovery Suite credit,275,82,151,206,0.45,3,5,true,false,true,false,false,false,false,true,true,false,true,true,false,true,true,synthetic_case_policy_assumption
comp-policy-comparison-v1.0.0,intelligent_generosity,Intelligent generosity,context_aware_policy_engine,true,case_00080,returning_guest,maintenance_issue,3,0.78,true,0.481,false,false,1.0,0.95,57.1,3,recommendation,spa_wellness_credit,Surya Spa or Recovery Suite credit,275,82,151,206,0.45,3,5,true,false,true,false,false,false,false,true,true,false,true,true,false,true,true,synthetic_case_policy_assumption
comp-policy-comparison-v1.0.0,synthetic_discretionary_baseline,Synthetic discretionary baseline,replay_synthetic_history,false,case_00081,new_guest,room_readiness_delay,3,0.88,true,0.567,false,false,1.0,0.95,59.89,4,reference_action,manager_note,manager note and personal follow-up,0,0,0,0,0.72,1,3,true,false,false,true,true,false,false,false,false,false,false,false,false,true,true,synthetic_case_policy_assumption
comp-policy-comparison-v1.0.0,tiered_standardization,Tiered standardization,highest_issue_fit,true,case_00081,new_guest,room_readiness_delay,3,0.88,true,0.567,false,false,1.0,0.95,59.89,4,recommendation,late_checkout,late checkout,100,8,20,45,0.9,2,4,true,true,true,true,false,false,false,false,true,false,false,true,false,true,true,synthetic_case_policy_assumption
comp-policy-comparison-v1.0.0,cost_guardrail,Guardrailed recovery,lowest_cost_adequate,true,case_00081,new_guest,room_readiness_delay,3,0.88,true,0.567,false,false,1.0,0.95,59.89,4,recommendation,late_checkout,late checkout,100,8,20,45,0.9,2,4,true,true,true,true,false,false,false,false,true,false,false,true,false,true,true,synthetic_case_policy_assumption
comp-policy-comparison-v1.0.0,recovery_first,Recovery first,highest_perceived_recovery,true,case_00081,new_guest,room_readiness_delay,3,0.88,true,0.567,false,false,1.0,0.95,59.89,4,recommendation,room_upgrade,room upgrade,360,29,90,234,0.48,3,5,true,false,true,true,false,false,false,true,true,false,true,true,false,true,true,synthetic_case_policy_assumption
comp-policy-comparison-v1.0.0,intelligent_generosity,Intelligent generosity,context_aware_policy_engine,true,case_00081,new_guest,room_readiness_delay,3,0.88,true,0.567,false,false,1.0,0.95,59.89,4,recommendation,room_upgrade,room upgrade,360,29,90,234,0.48,3,5,true,false,true,true,false,false,false,true,true,false,true,true,false,true,true,synthetic_case_policy_assumption
comp-policy-comparison-v1.0.0,synthetic_discretionary_baseline,Synthetic discretionary baseline,replay_synthetic_history,false,case_00082,returning_guest,maintenance_issue,4,0.83,true,0.323,false,false,1.0,0.95,65.59,4,reference_action,late_checkout,late checkout,0,0,0,0,0.5,2,4,true,false,false,true,true,false,false,false,true,false,false,false,false,true,true,synthetic_case_policy_assumption
comp-policy-comparison-v1.0.0,tiered_standardization,Tiered standardization,highest_issue_fit,true,case_00082,returning_guest,maintenance_issue,4,0.83,true,0.323,false,false,1.0,0.95,65.59,4,recommendation,partial_room_refund,partial room refund,175,175,175,175,0.8,4,5,true,true,true,true,false,false,false,false,false,true,false,true,false,true,true,synthetic_case_policy_assumption
comp-policy-comparison-v1.0.0,cost_guardrail,Guardrailed recovery,lowest_cost_adequate,true,case_00082,returning_guest,maintenance_issue,4,0.83,true,0.323,false,false,1.0,0.95,65.59,4,recommendation,partial_room_refund,partial room refund,175,175,175,175,0.8,4,5,true,true,true,true,false,false,false,false,false,true,false,true,false,true,true,synthetic_case_policy_assumption
comp-policy-comparison-v1.0.0,recovery_first,Recovery first,highest_perceived_recovery,true,case_00082,returning_guest,maintenance_issue,4,0.83,true,0.323,false,false,1.0,0.95,65.59,4,recommendation,spa_wellness_credit,Surya Spa or Recovery Suite credit,330,99,182,248,0.45,3,5,true,false,true,true,false,false,false,true,true,false,true,true,false,true,true,synthetic_case_policy_assumption
comp-policy-comparison-v1.0.0,intelligent_generosity,Intelligent generosity,context_aware_policy_engine,true,case_00082,returning_guest,maintenance_issue,4,0.83,true,0.323,false,false,1.0,0.95,65.59,4,recommendation,spa_wellness_credit,Surya Spa or Recovery Suite credit,330,99,182,248,0.45,3,5,true,false,true,true,false,false,false,true,true,false,true,true,false,true,true,synthetic_case_policy_assumption
comp-policy-comparison-v1.0.0,synthetic_discretionary_baseline,Synthetic discretionary baseline,replay_synthetic_history,false,case_00083,new_guest,noise_disruption,2,0.48,true,0.63,false,false,1.0,0.95,41.72,2,reference_action,rooftop_f_and_b_credit,Calabra or Palma dining credit,140,56,56,56,0.45,2,5,true,false,false,false,false,false,false,false,true,false,false,false,false,true,true,synthetic_case_policy_assumption
comp-policy-comparison-v1.0.0,tiered_standardization,Tiered standardization,highest_issue_fit,true,case_00083,new_guest,noise_disruption,2,0.48,true,0.63,false,false,1.0,0.95,41.72,2,recommendation,late_checkout,late checkout,75,6,15,34,0.82,2,4,true,true,true,false,false,false,false,false,true,false,false,true,false,true,true,synthetic_case_policy_assumption
comp-policy-comparison-v1.0.0,cost_guardrail,Guardrailed recovery,lowest_cost_adequate,true,case_00083,new_guest,noise_disruption,2,0.48,true,0.63,false,false,1.0,0.95,41.72,2,recommendation,late_checkout,late checkout,75,6,15,34,0.82,2,4,true,true,true,false,false,false,false,false,true,false,false,true,false,true,true,synthetic_case_policy_assumption
comp-policy-comparison-v1.0.0,recovery_first,Recovery first,highest_perceived_recovery,true,case_00083,new_guest,noise_disruption,2,0.48,true,0.63,false,false,1.0,0.95,41.72,2,recommendation,late_checkout,late checkout,75,6,15,34,0.82,2,4,true,true,true,false,false,false,false,false,true,false,false,true,false,true,true,synthetic_case_policy_assumption
comp-policy-comparison-v1.0.0,intelligent_generosity,Intelligent generosity,context_aware_policy_engine,true,case_00083,new_guest,noise_disruption,2,0.48,true,0.63,false,false,1.0,0.95,41.72,2,recommendation,late_checkout,late checkout,75,6,15,34,0.82,2,4,true,true,true,false,false,false,false,false,true,false,false,true,false,true,true,synthetic_case_policy_assumption
comp-policy-comparison-v1.0.0,synthetic_discretionary_baseline,Synthetic discretionary baseline,replay_synthetic_history,false,case_00084,new_guest,housekeeping_miss,4,0.95,true,0.725,false,false,1.0,0.95,66.23,4,reference_unknown,no_matched_comp_record,No matched synthetic comp record,0,0,0,0,0.0,0,0,false,false,false,true,false,false,false,false,false,false,false,false,false,true,true,synthetic_case_policy_assumption
comp-policy-comparison-v1.0.0,tiered_standardization,Tiered standardization,highest_issue_fit,true,case_00084,new_guest,housekeeping_miss,4,0.95,true,0.725,false,false,1.0,0.95,66.23,4,recommendation,amenity_gesture,in-room amenity gesture,65,16,29,42,0.8,1,3,true,false,false,true,true,false,false,false,true,false,false,true,false,true,true,synthetic_case_policy_assumption
comp-policy-comparison-v1.0.0,cost_guardrail,Guardrailed recovery,lowest_cost_adequate,true,case_00084,new_guest,housekeeping_miss,4,0.95,true,0.725,false,false,1.0,0.95,66.23,4,recommendation,partial_room_refund,partial room refund,170,170,170,170,0.78,4,5,true,true,true,true,false,false,false,false,false,true,false,true,false,true,true,synthetic_case_policy_assumption
comp-policy-comparison-v1.0.0,recovery_first,Recovery first,highest_perceived_recovery,true,case_00084,new_guest,housekeeping_miss,4,0.95,true,0.725,false,false,1.0,0.95,66.23,4,recommendation,future_stay_credit,future-stay credit,230,69,138,196,0.56,4,5,true,false,true,true,false,false,false,true,false,false,true,true,false,true,true,synthetic_case_policy_assumption
comp-policy-comparison-v1.0.0,intelligent_generosity,Intelligent generosity,context_aware_policy_engine,true,case_00084,new_guest,housekeeping_miss,4,0.95,true,0.725,false,false,1.0,0.95,66.23,4,recommendation,future_stay_credit,future-stay credit,230,69,138,196,0.56,4,5,true,false,true,true,false,false,false,true,false,false,true,true,false,true,true,synthetic_case_policy_assumption
comp-policy-comparison-v1.0.0,synthetic_discretionary_baseline,Synthetic discretionary baseline,replay_synthetic_history,false,case_00085,returning_guest,noise_disruption,2,0.48,true,0.801,false,false,1.0,0.95,47.59,3,reference_action,lobby_lounge_credit,Palma lounge credit,0,0,0,0,0.52,2,4,true,false,false,false,false,false,false,false,true,false,false,false,false,true,true,synthetic_case_policy_assumption
comp-policy-comparison-v1.0.0,tiered_standardization,Tiered standardization,highest_issue_fit,true,case_00085,returning_guest,noise_disruption,2,0.48,true,0.801,false,false,1.0,0.95,47.59,3,recommendation,late_checkout,late checkout,85,7,17,38,0.82,2,4,true,true,true,false,false,false,false,false,true,false,false,true,false,true,true,synthetic_case_policy_assumption
comp-policy-comparison-v1.0.0,cost_guardrail,Guardrailed recovery,lowest_cost_adequate,true,case_00085,returning_guest,noise_disruption,2,0.48,true,0.801,false,false,1.0,0.95,47.59,3,recommendation,late_checkout,late checkout,85,7,17,38,0.82,2,4,true,true,true,false,false,false,false,false,true,false,false,true,false,true,true,synthetic_case_policy_assumption
comp-policy-comparison-v1.0.0,recovery_first,Recovery first,highest_perceived_recovery,true,case_00085,returning_guest,noise_disruption,2,0.48,true,0.801,false,false,1.0,0.95,47.59,3,recommendation,spa_wellness_credit,Surya Spa or Recovery Suite credit,275,82,151,206,0.62,3,5,true,true,true,false,false,false,false,true,true,false,true,true,false,true,true,synthetic_case_policy_assumption
comp-policy-comparison-v1.0.0,intelligent_generosity,Intelligent generosity,context_aware_policy_engine,true,case_00085,returning_guest,noise_disruption,2,0.48,true,0.801,false,false,1.0,0.95,47.59,3,recommendation,spa_wellness_credit,Surya Spa or Recovery Suite credit,275,82,151,206,0.62,3,5,true,true,true,false,false,false,false,true,true,false,true,true,false,true,true,synthetic_case_policy_assumption
comp-policy-comparison-v1.0.0,synthetic_discretionary_baseline,Synthetic discretionary baseline,replay_synthetic_history,false,case_00086,vip_guest,room_assignment_expectation_gap,3,0.74,false,0.704,false,false,0.78,0.95,60.81,4,reference_action,rooftop_f_and_b_credit,Calabra or Palma dining credit,190,76,76,76,0.45,2,5,true,false,false,true,true,false,false,false,true,false,false,false,false,true,true,synthetic_case_policy_assumption
comp-policy-comparison-v1.0.0,tiered_standardization,Tiered standardization,highest_issue_fit,true,case_00086,vip_guest,room_assignment_expectation_gap,3,0.74,false,0.704,false,false,0.78,0.95,60.81,4,recommendation,future_stay_credit,future-stay credit,360,108,216,306,0.78,4,5,true,true,true,true,false,false,false,false,false,false,false,true,false,true,true,synthetic_case_policy_assumption
comp-policy-comparison-v1.0.0,cost_guardrail,Guardrailed recovery,lowest_cost_adequate,true,case_00086,vip_guest,room_assignment_expectation_gap,3,0.74,false,0.704,false,false,0.78,0.95,60.81,4,recommendation,future_stay_credit,future-stay credit,360,108,216,306,0.78,4,5,true,true,true,true,false,false,false,false,false,false,false,true,false,true,true,synthetic_case_policy_assumption
comp-policy-comparison-v1.0.0,recovery_first,Recovery first,highest_perceived_recovery,true,case_00086,vip_guest,room_assignment_expectation_gap,3,0.74,false,0.704,false,false,0.78,0.95,60.81,4,recommendation,future_stay_credit,future-stay credit,360,108,216,306,0.78,4,5,true,true,true,true,false,false,false,false,false,false,false,true,false,true,true,synthetic_case_policy_assumption
comp-policy-comparison-v1.0.0,intelligent_generosity,Intelligent generosity,context_aware_policy_engine,true,case_00086,vip_guest,room_assignment_expectation_gap,3,0.74,false,0.704,false,false,0.78,0.95,60.81,4,recommendation,future_stay_credit,future-stay credit,360,108,216,306,0.78,4,5,true,true,true,true,false,false,false,false,false,false,false,true,false,true,true,synthetic_case_policy_assumption
comp-policy-comparison-v1.0.0,synthetic_discretionary_baseline,Synthetic discretionary baseline,replay_synthetic_history,false,case_00087,vip_guest,valet_or_parking_delay,2,0.62,true,0.578,false,false,0.78,0.95,48.04,3,reference_unknown,no_matched_comp_record,No matched synthetic comp record,0,0,0,0,0.0,0,0,false,false,false,false,false,false,false,false,false,false,false,false,false,true,true,synthetic_case_policy_assumption
comp-policy-comparison-v1.0.0,tiered_standardization,Tiered standardization,highest_issue_fit,true,case_00087,vip_guest,valet_or_parking_delay,2,0.62,true,0.578,false,false,0.78,0.95,48.04,3,recommendation,parking_fee_waiver,parking or destination-fee waiver,85,7,15,30,0.9,2,4,true,true,true,false,false,false,false,false,true,false,false,true,false,true,true,synthetic_case_policy_assumption
comp-policy-comparison-v1.0.0,cost_guardrail,Guardrailed recovery,lowest_cost_adequate,true,case_00087,vip_guest,valet_or_parking_delay,2,0.62,true,0.578,false,false,0.78,0.95,48.04,3,recommendation,parking_fee_waiver,parking or destination-fee waiver,85,7,15,30,0.9,2,4,true,true,true,false,false,false,false,false,true,false,false,true,false,true,true,synthetic_case_policy_assumption
comp-policy-comparison-v1.0.0,recovery_first,Recovery first,highest_perceived_recovery,true,case_00087,vip_guest,valet_or_parking_delay,2,0.62,true,0.578,false,false,0.78,0.95,48.04,3,recommendation,spa_wellness_credit,Surya Spa or Recovery Suite credit,275,82,151,206,0.25,3,5,true,false,true,false,false,false,false,true,true,false,true,true,false,true,true,synthetic_case_policy_assumption
comp-policy-comparison-v1.0.0,intelligent_generosity,Intelligent generosity,context_aware_policy_engine,true,case_00087,vip_guest,valet_or_parking_delay,2,0.62,true,0.578,false,false,0.78,0.95,48.04,3,recommendation,parking_fee_waiver,parking or destination-fee waiver,85,7,15,30,0.9,2,4,true,true,true,false,false,false,false,false,true,false,false,true,false,true,true,synthetic_case_policy_assumption
comp-policy-comparison-v1.0.0,synthetic_discretionary_baseline,Synthetic discretionary baseline,replay_synthetic_history,false,case_00088,new_guest,room_assignment_expectation_gap,3,0.74,true,0.55,false,false,1.0,0.95,56.22,3,reference_unknown,no_matched_comp_record,No matched synthetic comp record,0,0,0,0,0.0,0,0,false,false,false,false,false,false,false,false,false,false,false,false,false,true,true,synthetic_case_policy_assumption
comp-policy-comparison-v1.0.0,tiered_standardization,Tiered standardization,highest_issue_fit,true,case_00088,new_guest,room_assignment_expectation_gap,3,0.74,true,0.55,false,false,1.0,0.95,56.22,3,recommendation,room_upgrade,room upgrade,300,24,75,195,0.9,3,5,true,true,true,false,false,false,false,false,true,false,false,true,false,true,true,synthetic_case_policy_assumption
comp-policy-comparison-v1.0.0,cost_guardrail,Guardrailed recovery,lowest_cost_adequate,true,case_00088,new_guest,room_assignment_expectation_gap,3,0.74,true,0.55,false,false,1.0,0.95,56.22,3,recommendation,room_upgrade,room upgrade,300,24,75,195,0.9,3,5,true,true,true,false,false,false,false,false,true,false,false,true,false,true,true,synthetic_case_policy_assumption
comp-policy-comparison-v1.0.0,recovery_first,Recovery first,highest_perceived_recovery,true,case_00088,new_guest,room_assignment_expectation_gap,3,0.74,true,0.55,false,false,1.0,0.95,56.22,3,recommendation,room_upgrade,room upgrade,300,24,75,195,0.9,3,5,true,true,true,false,false,false,false,false,true,false,false,true,false,true,true,synthetic_case_policy_assumption
comp-policy-comparison-v1.0.0,intelligent_generosity,Intelligent generosity,context_aware_policy_engine,true,case_00088,new_guest,room_assignment_expectation_gap,3,0.74,true,0.55,false,false,1.0,0.95,56.22,3,recommendation,room_upgrade,room upgrade,300,24,75,195,0.9,3,5,true,true,true,false,false,false,false,false,true,false,false,true,false,true,true,synthetic_case_policy_assumption
comp-policy-comparison-v1.0.0,synthetic_discretionary_baseline,Synthetic discretionary baseline,replay_synthetic_history,false,case_00089,new_guest,housekeeping_miss,4,0.95,true,0.507,false,false,1.0,0.95,67.59,4,reference_unknown,no_matched_comp_record,No matched synthetic comp record,0,0,0,0,0.0,0,0,false,false,false,true,false,false,false,false,false,false,false,false,false,true,true,synthetic_case_policy_assumption
comp-policy-comparison-v1.0.0,tiered_standardization,Tiered standardization,highest_issue_fit,true,case_00089,new_guest,housekeeping_miss,4,0.95,true,0.507,false,false,1.0,0.95,67.59,4,recommendation,amenity_gesture,in-room amenity gesture,65,16,29,42,0.8,1,3,true,false,false,true,true,false,false,false,true,false,false,true,false,true,true,synthetic_case_policy_assumption
comp-policy-comparison-v1.0.0,cost_guardrail,Guardrailed recovery,lowest_cost_adequate,true,case_00089,new_guest,housekeeping_miss,4,0.95,true,0.507,false,false,1.0,0.95,67.59,4,recommendation,partial_room_refund,partial room refund,185,185,185,185,0.78,4,5,true,true,true,true,false,false,false,false,false,true,false,true,false,true,true,synthetic_case_policy_assumption
comp-policy-comparison-v1.0.0,recovery_first,Recovery first,highest_perceived_recovery,true,case_00089,new_guest,housekeeping_miss,4,0.95,true,0.507,false,false,1.0,0.95,67.59,4,recommendation,future_stay_credit,future-stay credit,250,75,150,212,0.56,4,5,true,false,true,true,false,false,false,true,false,false,true,true,false,true,true,synthetic_case_policy_assumption
comp-policy-comparison-v1.0.0,intelligent_generosity,Intelligent generosity,context_aware_policy_engine,true,case_00089,new_guest,housekeeping_miss,4,0.95,true,0.507,false,false,1.0,0.95,67.59,4,recommendation,future_stay_credit,future-stay credit,250,75,150,212,0.56,4,5,true,false,true,true,false,false,false,true,false,false,true,true,false,true,true,synthetic_case_policy_assumption
comp-policy-comparison-v1.0.0,synthetic_discretionary_baseline,Synthetic discretionary baseline,replay_synthetic_history,false,case_00090,loyalty_guest,f_and_b_service_lapse,2,0.7,false,0.944,true,false,1.0,0.95,52.63,3,reference_action,partial_room_refund,partial room refund,300,300,300,300,0.5,4,5,true,false,false,false,false,false,false,false,false,true,false,false,false,true,true,synthetic_case_policy_assumption
comp-policy-comparison-v1.0.0,tiered_standardization,Tiered standardization,highest_issue_fit,true,case_00090,loyalty_guest,f_and_b_service_lapse,2,0.7,false,0.944,true,false,1.0,0.95,52.63,3,recommendation,rooftop_f_and_b_credit,Calabra or Palma dining credit,150,38,60,90,0.88,2,5,true,true,true,false,false,false,false,false,true,false,false,true,false,true,true,synthetic_case_policy_assumption
comp-policy-comparison-v1.0.0,cost_guardrail,Guardrailed recovery,lowest_cost_adequate,true,case_00090,loyalty_guest,f_and_b_service_lapse,2,0.7,false,0.944,true,false,1.0,0.95,52.63,3,recommendation,rooftop_f_and_b_credit,Calabra or Palma dining credit,150,38,60,90,0.88,2,5,true,true,true,false,false,false,false,false,true,false,false,true,false,true,true,synthetic_case_policy_assumption
comp-policy-comparison-v1.0.0,recovery_first,Recovery first,highest_perceived_recovery,true,case_00090,loyalty_guest,f_and_b_service_lapse,2,0.7,false,0.944,true,false,1.0,0.95,52.63,3,recommendation,rooftop_f_and_b_credit,Calabra or Palma dining credit,150,38,60,90,0.88,2,5,true,true,true,false,false,false,false,false,true,false,false,true,false,true,true,synthetic_case_policy_assumption
comp-policy-comparison-v1.0.0,intelligent_generosity,Intelligent generosity,context_aware_policy_engine,true,case_00090,loyalty_guest,f_and_b_service_lapse,2,0.7,false,0.944,true,false,1.0,0.95,52.63,3,recommendation,rooftop_f_and_b_credit,Calabra or Palma dining credit,150,38,60,90,0.88,2,5,true,true,true,false,false,false,false,false,true,false,false,true,false,true,true,synthetic_case_policy_assumption
comp-policy-comparison-v1.0.0,synthetic_discretionary_baseline,Synthetic discretionary baseline,replay_synthetic_history,false,case_00091,returning_guest,room_assignment_expectation_gap,3,0.74,true,0.895,true,false,0.78,0.95,54.54,3,reference_action,late_checkout,late checkout,110,22,22,22,0.5,2,4,true,false,false,false,false,false,true,false,true,false,false,false,false,true,true,synthetic_case_policy_assumption
comp-policy-comparison-v1.0.0,tiered_standardization,Tiered standardization,highest_issue_fit,true,case_00091,returning_guest,room_assignment_expectation_gap,3,0.74,true,0.895,true,false,0.78,0.95,54.54,3,recommendation,room_upgrade,room upgrade,300,24,75,195,0.9,3,5,true,true,true,false,false,false,true,false,true,false,true,true,false,true,true,synthetic_case_policy_assumption
comp-policy-comparison-v1.0.0,cost_guardrail,Guardrailed recovery,lowest_cost_adequate,true,case_00091,returning_guest,room_assignment_expectation_gap,3,0.74,true,0.895,true,false,0.78,0.95,54.54,3,recommendation,room_upgrade,room upgrade,300,24,75,195,0.9,3,5,true,true,true,false,false,false,true,false,true,false,true,true,false,true,true,synthetic_case_policy_assumption
comp-policy-comparison-v1.0.0,recovery_first,Recovery first,highest_perceived_recovery,true,case_00091,returning_guest,room_assignment_expectation_gap,3,0.74,true,0.895,true,false,0.78,0.95,54.54,3,recommendation,room_upgrade,room upgrade,300,24,75,195,0.9,3,5,true,true,true,false,false,false,true,false,true,false,true,true,false,true,true,synthetic_case_policy_assumption
comp-policy-comparison-v1.0.0,intelligent_generosity,Intelligent generosity,context_aware_policy_engine,true,case_00091,returning_guest,room_assignment_expectation_gap,3,0.74,true,0.895,true,false,0.78,0.95,54.54,3,recommendation,rooftop_f_and_b_credit,Calabra or Palma dining credit,150,38,60,90,0.45,2,5,true,false,true,false,false,false,false,true,true,false,true,true,false,true,true,synthetic_case_policy_assumption
comp-policy-comparison-v1.0.0,synthetic_discretionary_baseline,Synthetic discretionary baseline,replay_synthetic_history,false,case_00092,loyalty_guest,rooftop_pool_access_issue,1,0.64,true,0.736,false,false,1.0,0.95,40.15,2,reference_action,room_upgrade,room upgrade,300,75,75,75,0.16,3,5,true,false,false,false,false,false,false,false,true,false,false,false,false,true,true,synthetic_case_policy_assumption
comp-policy-comparison-v1.0.0,tiered_standardization,Tiered standardization,highest_issue_fit,true,case_00092,loyalty_guest,rooftop_pool_access_issue,1,0.64,true,0.736,false,false,1.0,0.95,40.15,2,recommendation,rooftop_f_and_b_credit,Calabra or Palma dining credit,135,34,54,81,0.86,2,5,true,true,true,false,false,false,false,false,true,false,false,true,false,true,true,synthetic_case_policy_assumption
comp-policy-comparison-v1.0.0,cost_guardrail,Guardrailed recovery,lowest_cost_adequate,true,case_00092,loyalty_guest,rooftop_pool_access_issue,1,0.64,true,0.736,false,false,1.0,0.95,40.15,2,recommendation,rooftop_f_and_b_credit,Calabra or Palma dining credit,135,34,54,81,0.86,2,5,true,true,true,false,false,false,false,false,true,false,false,true,false,true,true,synthetic_case_policy_assumption
comp-policy-comparison-v1.0.0,recovery_first,Recovery first,highest_perceived_recovery,true,case_00092,loyalty_guest,rooftop_pool_access_issue,1,0.64,true,0.736,false,false,1.0,0.95,40.15,2,recommendation,rooftop_f_and_b_credit,Calabra or Palma dining credit,135,34,54,81,0.86,2,5,true,true,true,false,false,false,false,false,true,false,false,true,false,true,true,synthetic_case_policy_assumption
comp-policy-comparison-v1.0.0,intelligent_generosity,Intelligent generosity,context_aware_policy_engine,true,case_00092,loyalty_guest,rooftop_pool_access_issue,1,0.64,true,0.736,false,false,1.0,0.95,40.15,2,recommendation,rooftop_f_and_b_credit,Calabra or Palma dining credit,135,34,54,81,0.86,2,5,true,true,true,false,false,false,false,false,true,false,false,true,false,true,true,synthetic_case_policy_assumption
comp-policy-comparison-v1.0.0,synthetic_discretionary_baseline,Synthetic discretionary baseline,replay_synthetic_history,false,case_00093,new_guest,room_readiness_delay,3,0.88,true,0.782,true,false,1.0,0.95,57.38,3,reference_action,rooftop_f_and_b_credit,Calabra or Palma dining credit,115,46,46,46,0.72,2,5,true,true,true,false,false,false,false,false,true,false,false,false,false,true,true,synthetic_case_policy_assumption
comp-policy-comparison-v1.0.0,tiered_standardization,Tiered standardization,highest_issue_fit,true,case_00093,new_guest,room_readiness_delay,3,0.88,true,0.782,true,false,1.0,0.95,57.38,3,recommendation,late_checkout,late checkout,85,7,17,38,0.9,2,4,true,true,true,false,false,false,true,false,true,false,true,true,false,true,true,synthetic_case_policy_assumption
comp-policy-comparison-v1.0.0,cost_guardrail,Guardrailed recovery,lowest_cost_adequate,true,case_00093,new_guest,room_readiness_delay,3,0.88,true,0.782,true,false,1.0,0.95,57.38,3,recommendation,late_checkout,late checkout,85,7,17,38,0.9,2,4,true,true,true,false,false,false,true,false,true,false,true,true,false,true,true,synthetic_case_policy_assumption
comp-policy-comparison-v1.0.0,recovery_first,Recovery first,highest_perceived_recovery,true,case_00093,new_guest,room_readiness_delay,3,0.88,true,0.782,true,false,1.0,0.95,57.38,3,recommendation,room_upgrade,room upgrade,300,24,75,195,0.48,3,5,true,false,true,false,false,false,true,true,true,false,true,true,false,true,true,synthetic_case_policy_assumption
comp-policy-comparison-v1.0.0,intelligent_generosity,Intelligent generosity,context_aware_policy_engine,true,case_00093,new_guest,room_readiness_delay,3,0.88,true,0.782,true,false,1.0,0.95,57.38,3,recommendation,rooftop_f_and_b_credit,Calabra or Palma dining credit,150,38,60,90,0.72,2,5,true,true,true,false,false,false,false,true,true,false,true,true,false,true,true,synthetic_case_policy_assumption
comp-policy-comparison-v1.0.0,synthetic_discretionary_baseline,Synthetic discretionary baseline,replay_synthetic_history,false,case_00094,returning_guest,f_and_b_service_lapse,3,0.7,false,0.99,true,false,0.58,0.95,54.75,3,reference_action,manager_note,manager note and personal follow-up,0,0,0,0,0.72,1,3,true,true,true,false,false,false,false,false,false,false,false,false,true,false,true,synthetic_case_policy_assumption
comp-policy-comparison-v1.0.0,tiered_standardization,Tiered standardization,highest_issue_fit,true,case_00094,returning_guest,f_and_b_service_lapse,3,0.7,false,0.99,true,false,0.58,0.95,54.75,3,data_quality_hold,data_quality_hold,Data-quality hold,0,0,0,0,0.0,0,0,false,false,false,false,false,false,false,false,false,false,true,true,true,true,true,synthetic_case_policy_assumption
comp-policy-comparison-v1.0.0,cost_guardrail,Guardrailed recovery,lowest_cost_adequate,true,case_00094,returning_guest,f_and_b_service_lapse,3,0.7,false,0.99,true,false,0.58,0.95,54.75,3,data_quality_hold,data_quality_hold,Data-quality hold,0,0,0,0,0.0,0,0,false,false,false,false,false,false,false,false,false,false,true,true,true,true,true,synthetic_case_policy_assumption
comp-policy-comparison-v1.0.0,recovery_first,Recovery first,highest_perceived_recovery,true,case_00094,returning_guest,f_and_b_service_lapse,3,0.7,false,0.99,true,false,0.58,0.95,54.75,3,data_quality_hold,data_quality_hold,Data-quality hold,0,0,0,0,0.0,0,0,false,false,false,false,false,false,false,false,false,false,true,true,true,true,true,synthetic_case_policy_assumption
comp-policy-comparison-v1.0.0,intelligent_generosity,Intelligent generosity,context_aware_policy_engine,true,case_00094,returning_guest,f_and_b_service_lapse,3,0.7,false,0.99,true,false,0.58,0.95,54.75,3,data_quality_hold,data_quality_hold,Data-quality hold,0,0,0,0,0.0,0,0,false,false,false,false,false,false,false,false,false,false,true,true,true,true,true,synthetic_case_policy_assumption
comp-policy-comparison-v1.0.0,synthetic_discretionary_baseline,Synthetic discretionary baseline,replay_synthetic_history,false,case_00095,loyalty_guest,billing_or_fee_dispute,4,0.6,true,0.846,false,false,1.0,0.95,63.1,4,reference_unknown,no_matched_comp_record,No matched synthetic comp record,0,0,0,0,0.0,0,0,false,false,false,true,false,false,false,false,false,false,false,false,false,true,true,synthetic_case_policy_assumption
comp-policy-comparison-v1.0.0,tiered_standardization,Tiered standardization,highest_issue_fit,true,case_00095,loyalty_guest,billing_or_fee_dispute,4,0.6,true,0.846,false,false,1.0,0.95,63.1,4,recommendation,manager_note,manager note and personal follow-up,0,0,0,0,0.72,1,3,true,false,true,true,false,false,false,true,false,false,true,true,false,true,true,synthetic_case_policy_assumption
comp-policy-comparison-v1.0.0,cost_guardrail,Guardrailed recovery,lowest_cost_adequate,true,case_00095,loyalty_guest,billing_or_fee_dispute,4,0.6,true,0.846,false,false,1.0,0.95,63.1,4,recommendation,parking_fee_waiver,parking or destination-fee waiver,100,8,18,35,0.66,2,4,true,true,true,true,false,false,false,true,true,false,true,true,false,true,true,synthetic_case_policy_assumption
comp-policy-comparison-v1.0.0,recovery_first,Recovery first,highest_perceived_recovery,true,case_00095,loyalty_guest,billing_or_fee_dispute,4,0.6,true,0.846,false,false,1.0,0.95,63.1,4,recommendation,future_stay_credit,future-stay credit,310,93,186,264,0.56,4,5,true,false,true,true,false,false,false,true,false,false,true,true,false,true,true,synthetic_case_policy_assumption
comp-policy-comparison-v1.0.0,intelligent_generosity,Intelligent generosity,context_aware_policy_engine,true,case_00095,loyalty_guest,billing_or_fee_dispute,4,0.6,true,0.846,false,false,1.0,0.95,63.1,4,recommendation,future_stay_credit,future-stay credit,310,93,186,264,0.56,4,5,true,false,true,true,false,false,false,true,false,false,true,true,false,true,true,synthetic_case_policy_assumption
comp-policy-comparison-v1.0.0,synthetic_discretionary_baseline,Synthetic discretionary baseline,replay_synthetic_history,false,case_00096,new_guest,maintenance_issue,2,0.78,true,0.841,false,false,0.58,0.95,50.74,3,reference_unknown,no_matched_comp_record,No matched synthetic comp record,0,0,0,0,0.0,0,0,false,false,false,false,false,false,false,false,false,false,false,false,true,false,true,synthetic_case_policy_assumption
comp-policy-comparison-v1.0.0,tiered_standardization,Tiered standardization,highest_issue_fit,true,case_00096,new_guest,maintenance_issue,2,0.78,true,0.841,false,false,0.58,0.95,50.74,3,data_quality_hold,data_quality_hold,Data-quality hold,0,0,0,0,0.0,0,0,false,false,false,false,false,false,false,false,false,false,true,true,true,true,true,synthetic_case_policy_assumption
comp-policy-comparison-v1.0.0,cost_guardrail,Guardrailed recovery,lowest_cost_adequate,true,case_00096,new_guest,maintenance_issue,2,0.78,true,0.841,false,false,0.58,0.95,50.74,3,data_quality_hold,data_quality_hold,Data-quality hold,0,0,0,0,0.0,0,0,false,false,false,false,false,false,false,false,false,false,true,true,true,true,true,synthetic_case_policy_assumption
comp-policy-comparison-v1.0.0,recovery_first,Recovery first,highest_perceived_recovery,true,case_00096,new_guest,maintenance_issue,2,0.78,true,0.841,false,false,0.58,0.95,50.74,3,data_quality_hold,data_quality_hold,Data-quality hold,0,0,0,0,0.0,0,0,false,false,false,false,false,false,false,false,false,false,true,true,true,true,true,synthetic_case_policy_assumption
comp-policy-comparison-v1.0.0,intelligent_generosity,Intelligent generosity,context_aware_policy_engine,true,case_00096,new_guest,maintenance_issue,2,0.78,true,0.841,false,false,0.58,0.95,50.74,3,data_quality_hold,data_quality_hold,Data-quality hold,0,0,0,0,0.0,0,0,false,false,false,false,false,false,false,false,false,false,true,true,true,true,true,synthetic_case_policy_assumption
comp-policy-comparison-v1.0.0,synthetic_discretionary_baseline,Synthetic discretionary baseline,replay_synthetic_history,false,case_00097,new_guest,f_and_b_service_lapse,3,0.7,true,0.729,false,false,1.0,0.95,51.7,3,reference_unknown,no_matched_comp_record,No matched synthetic comp record,0,0,0,0,0.0,0,0,false,false,false,false,false,false,false,false,false,false,false,false,false,true,true,synthetic_case_policy_assumption
comp-policy-comparison-v1.0.0,tiered_standardization,Tiered standardization,highest_issue_fit,true,case_00097,new_guest,f_and_b_service_lapse,3,0.7,true,0.729,false,false,1.0,0.95,51.7,3,recommendation,rooftop_f_and_b_credit,Calabra or Palma dining credit,150,38,60,90,0.88,2,5,true,true,true,false,false,false,false,false,true,false,false,true,false,true,true,synthetic_case_policy_assumption
comp-policy-comparison-v1.0.0,cost_guardrail,Guardrailed recovery,lowest_cost_adequate,true,case_00097,new_guest,f_and_b_service_lapse,3,0.7,true,0.729,false,false,1.0,0.95,51.7,3,recommendation,rooftop_f_and_b_credit,Calabra or Palma dining credit,150,38,60,90,0.88,2,5,true,true,true,false,false,false,false,false,true,false,false,true,false,true,true,synthetic_case_policy_assumption
comp-policy-comparison-v1.0.0,recovery_first,Recovery first,highest_perceived_recovery,true,case_00097,new_guest,f_and_b_service_lapse,3,0.7,true,0.729,false,false,1.0,0.95,51.7,3,recommendation,rooftop_f_and_b_credit,Calabra or Palma dining credit,150,38,60,90,0.88,2,5,true,true,true,false,false,false,false,false,true,false,false,true,false,true,true,synthetic_case_policy_assumption
comp-policy-comparison-v1.0.0,intelligent_generosity,Intelligent generosity,context_aware_policy_engine,true,case_00097,new_guest,f_and_b_service_lapse,3,0.7,true,0.729,false,false,1.0,0.95,51.7,3,recommendation,rooftop_f_and_b_credit,Calabra or Palma dining credit,150,38,60,90,0.88,2,5,true,true,true,false,false,false,false,false,true,false,false,true,false,true,true,synthetic_case_policy_assumption
comp-policy-comparison-v1.0.0,synthetic_discretionary_baseline,Synthetic discretionary baseline,replay_synthetic_history,false,case_00098,new_guest,rooftop_pool_access_issue,3,0.64,true,0.817,false,false,1.0,0.95,50.55,3,reference_action,parking_fee_waiver,parking or destination-fee waiver,0,0,0,0,0.45,2,4,true,false,false,false,false,false,false,false,true,false,false,false,false,true,true,synthetic_case_policy_assumption
comp-policy-comparison-v1.0.0,tiered_standardization,Tiered standardization,highest_issue_fit,true,case_00098,new_guest,rooftop_pool_access_issue,3,0.64,true,0.817,false,false,1.0,0.95,50.55,3,recommendation,rooftop_f_and_b_credit,Calabra or Palma dining credit,150,38,60,90,0.86,2,5,true,true,true,false,false,false,false,false,true,false,false,true,false,true,true,synthetic_case_policy_assumption
comp-policy-comparison-v1.0.0,cost_guardrail,Guardrailed recovery,lowest_cost_adequate,true,case_00098,new_guest,rooftop_pool_access_issue,3,0.64,true,0.817,false,false,1.0,0.95,50.55,3,recommendation,rooftop_f_and_b_credit,Calabra or Palma dining credit,150,38,60,90,0.86,2,5,true,true,true,false,false,false,false,false,true,false,false,true,false,true,true,synthetic_case_policy_assumption
comp-policy-comparison-v1.0.0,recovery_first,Recovery first,highest_perceived_recovery,true,case_00098,new_guest,rooftop_pool_access_issue,3,0.64,true,0.817,false,false,1.0,0.95,50.55,3,recommendation,rooftop_f_and_b_credit,Calabra or Palma dining credit,150,38,60,90,0.86,2,5,true,true,true,false,false,false,false,false,true,false,false,true,false,true,true,synthetic_case_policy_assumption
comp-policy-comparison-v1.0.0,intelligent_generosity,Intelligent generosity,context_aware_policy_engine,true,case_00098,new_guest,rooftop_pool_access_issue,3,0.64,true,0.817,false,false,1.0,0.95,50.55,3,recommendation,rooftop_f_and_b_credit,Calabra or Palma dining credit,150,38,60,90,0.86,2,5,true,true,true,false,false,false,false,false,true,false,false,true,false,true,true,synthetic_case_policy_assumption
comp-policy-comparison-v1.0.0,synthetic_discretionary_baseline,Synthetic discretionary baseline,replay_synthetic_history,false,case_00099,event_or_suite_guest,room_readiness_delay,3,0.88,true,0.387,false,false,1.0,0.95,64.46,4,reference_unknown,no_matched_comp_record,No matched synthetic comp record,0,0,0,0,0.0,0,0,false,false,false,true,false,false,false,false,false,false,false,false,false,true,true,synthetic_case_policy_assumption
comp-policy-comparison-v1.0.0,tiered_standardization,Tiered standardization,highest_issue_fit,true,case_00099,event_or_suite_guest,room_readiness_delay,3,0.88,true,0.387,false,false,1.0,0.95,64.46,4,recommendation,late_checkout,late checkout,100,8,20,45,0.9,2,4,true,true,true,true,false,false,false,false,true,false,false,true,false,true,true,synthetic_case_policy_assumption
comp-policy-comparison-v1.0.0,cost_guardrail,Guardrailed recovery,lowest_cost_adequate,true,case_00099,event_or_suite_guest,room_readiness_delay,3,0.88,true,0.387,false,false,1.0,0.95,64.46,4,recommendation,late_checkout,late checkout,100,8,20,45,0.9,2,4,true,true,true,true,false,false,false,false,true,false,false,true,false,true,true,synthetic_case_policy_assumption
comp-policy-comparison-v1.0.0,recovery_first,Recovery first,highest_perceived_recovery,true,case_00099,event_or_suite_guest,room_readiness_delay,3,0.88,true,0.387,false,false,1.0,0.95,64.46,4,recommendation,future_stay_credit,future-stay credit,355,106,213,302,0.7,4,5,true,true,true,true,false,false,false,true,false,false,true,true,false,true,true,synthetic_case_policy_assumption
comp-policy-comparison-v1.0.0,intelligent_generosity,Intelligent generosity,context_aware_policy_engine,true,case_00099,event_or_suite_guest,room_readiness_delay,3,0.88,true,0.387,false,false,1.0,0.95,64.46,4,recommendation,future_stay_credit,future-stay credit,355,106,213,302,0.7,4,5,true,true,true,true,false,false,false,true,false,false,true,true,false,true,true,synthetic_case_policy_assumption
comp-policy-comparison-v1.0.0,synthetic_discretionary_baseline,Synthetic discretionary baseline,replay_synthetic_history,false,case_00100,new_guest,billing_or_fee_dispute,4,0.6,false,0.676,true,false,1.0,0.95,61.69,4,reference_action,room_upgrade,room upgrade,285,71,71,71,0.16,3,5,true,false,false,true,true,true,true,false,true,false,false,false,false,true,true,synthetic_case_policy_assumption
comp-policy-comparison-v1.0.0,tiered_standardization,Tiered standardization,highest_issue_fit,true,case_00100,new_guest,billing_or_fee_dispute,4,0.6,false,0.676,true,false,1.0,0.95,61.69,4,recommendation,manager_note,manager note and personal follow-up,0,0,0,0,0.72,1,3,true,false,true,true,false,false,false,true,false,false,true,true,false,true,true,synthetic_case_policy_assumption
comp-policy-comparison-v1.0.0,cost_guardrail,Guardrailed recovery,lowest_cost_adequate,true,case_00100,new_guest,billing_or_fee_dispute,4,0.6,false,0.676,true,false,1.0,0.95,61.69,4,recommendation,parking_fee_waiver,parking or destination-fee waiver,100,8,18,35,0.66,2,4,true,true,true,true,false,false,false,true,true,false,true,true,false,true,true,synthetic_case_policy_assumption
comp-policy-comparison-v1.0.0,recovery_first,Recovery first,highest_perceived_recovery,true,case_00100,new_guest,billing_or_fee_dispute,4,0.6,false,0.676,true,false,1.0,0.95,61.69,4,recommendation,future_stay_credit,future-stay credit,180,54,108,153,0.56,4,5,true,false,true,true,false,false,false,true,false,false,true,true,false,true,true,synthetic_case_policy_assumption
comp-policy-comparison-v1.0.0,intelligent_generosity,Intelligent generosity,context_aware_policy_engine,true,case_00100,new_guest,billing_or_fee_dispute,4,0.6,false,0.676,true,false,1.0,0.95,61.69,4,recommendation,rooftop_f_and_b_credit,Calabra or Palma dining credit,180,45,72,108,0.45,2,5,true,false,true,true,false,false,false,true,true,false,true,true,false,true,true,synthetic_case_policy_assumption
comp-policy-comparison-v1.0.0,synthetic_discretionary_baseline,Synthetic discretionary baseline,replay_synthetic_history,false,case_00101,new_guest,housekeeping_miss,3,0.9,false,0.325,false,false,1.0,0.95,60.58,4,reference_action,manager_note,manager note and personal follow-up,0,0,0,0,0.72,1,3,true,false,false,true,true,false,false,false,false,false,false,false,false,true,true,synthetic_case_policy_assumption
comp-policy-comparison-v1.0.0,tiered_standardization,Tiered standardization,highest_issue_fit,true,case_00101,new_guest,housekeeping_miss,3,0.9,false,0.325,false,false,1.0,0.95,60.58,4,recommendation,amenity_gesture,in-room amenity gesture,65,16,29,42,0.8,1,3,true,false,false,true,true,false,false,false,true,false,false,true,false,true,true,synthetic_case_policy_assumption
comp-policy-comparison-v1.0.0,cost_guardrail,Guardrailed recovery,lowest_cost_adequate,true,case_00101,new_guest,housekeeping_miss,3,0.9,false,0.325,false,false,1.0,0.95,60.58,4,recommendation,partial_room_refund,partial room refund,195,195,195,195,0.78,4,5,true,true,true,true,false,false,false,false,false,true,false,true,false,true,true,synthetic_case_policy_assumption
comp-policy-comparison-v1.0.0,recovery_first,Recovery first,highest_perceived_recovery,true,case_00101,new_guest,housekeeping_miss,3,0.9,false,0.325,false,false,1.0,0.95,60.58,4,recommendation,future_stay_credit,future-stay credit,260,78,156,221,0.56,4,5,true,false,true,true,false,false,false,true,false,false,true,true,false,true,true,synthetic_case_policy_assumption
comp-policy-comparison-v1.0.0,intelligent_generosity,Intelligent generosity,context_aware_policy_engine,true,case_00101,new_guest,housekeeping_miss,3,0.9,false,0.325,false,false,1.0,0.95,60.58,4,recommendation,future_stay_credit,future-stay credit,260,78,156,221,0.56,4,5,true,false,true,true,false,false,false,true,false,false,true,true,false,true,true,synthetic_case_policy_assumption
comp-policy-comparison-v1.0.0,synthetic_discretionary_baseline,Synthetic discretionary baseline,replay_synthetic_history,false,case_00102,new_guest,room_readiness_delay,5,0.93,true,0.461,false,false,1.0,0.95,75.4,4,reference_action,partial_room_refund,partial room refund,435,435,435,435,0.82,4,5,true,true,true,true,false,false,false,false,false,true,false,false,false,true,true,synthetic_case_policy_assumption
comp-policy-comparison-v1.0.0,tiered_standardization,Tiered standardization,highest_issue_fit,true,case_00102,new_guest,room_readiness_delay,5,0.93,true,0.461,false,false,1.0,0.95,75.4,4,recommendation,late_checkout,late checkout,100,8,20,45,0.9,2,4,true,true,true,true,false,false,false,false,true,false,false,true,false,true,true,synthetic_case_policy_assumption
comp-policy-comparison-v1.0.0,cost_guardrail,Guardrailed recovery,lowest_cost_adequate,true,case_00102,new_guest,room_readiness_delay,5,0.93,true,0.461,false,false,1.0,0.95,75.4,4,recommendation,late_checkout,late checkout,100,8,20,45,0.9,2,4,true,true,true,true,false,false,false,false,true,false,false,true,false,true,true,synthetic_case_policy_assumption
comp-policy-comparison-v1.0.0,recovery_first,Recovery first,highest_perceived_recovery,true,case_00102,new_guest,room_readiness_delay,5,0.93,true,0.461,false,false,1.0,0.95,75.4,4,recommendation,room_upgrade,room upgrade,360,29,90,234,0.48,3,5,true,false,true,true,false,false,false,true,true,false,true,true,false,true,true,synthetic_case_policy_assumption
comp-policy-comparison-v1.0.0,intelligent_generosity,Intelligent generosity,context_aware_policy_engine,true,case_00102,new_guest,room_readiness_delay,5,0.93,true,0.461,false,false,1.0,0.95,75.4,4,recommendation,room_upgrade,room upgrade,360,29,90,234,0.48,3,5,true,false,true,true,false,false,false,true,true,false,true,true,false,true,true,synthetic_case_policy_assumption
comp-policy-comparison-v1.0.0,synthetic_discretionary_baseline,Synthetic discretionary baseline,replay_synthetic_history,false,case_00103,new_guest,maintenance_issue,4,0.83,false,0.622,false,false,1.0,0.95,69.63,4,reference_action,spa_wellness_credit,Surya Spa or Recovery Suite credit,230,127,127,127,0.45,3,5,true,false,false,true,true,false,false,false,true,false,false,false,false,true,true,synthetic_case_policy_assumption
comp-policy-comparison-v1.0.0,tiered_standardization,Tiered standardization,highest_issue_fit,true,case_00103,new_guest,maintenance_issue,4,0.83,false,0.622,false,false,1.0,0.95,69.63,4,recommendation,partial_room_refund,partial room refund,150,150,150,150,0.8,4,5,true,true,true,true,false,false,false,false,false,true,false,true,false,true,true,synthetic_case_policy_assumption
comp-policy-comparison-v1.0.0,cost_guardrail,Guardrailed recovery,lowest_cost_adequate,true,case_00103,new_guest,maintenance_issue,4,0.83,false,0.622,false,false,1.0,0.95,69.63,4,recommendation,partial_room_refund,partial room refund,150,150,150,150,0.8,4,5,true,true,true,true,false,false,false,false,false,true,false,true,false,true,true,synthetic_case_policy_assumption
comp-policy-comparison-v1.0.0,recovery_first,Recovery first,highest_perceived_recovery,true,case_00103,new_guest,maintenance_issue,4,0.83,false,0.622,false,false,1.0,0.95,69.63,4,recommendation,spa_wellness_credit,Surya Spa or Recovery Suite credit,330,99,182,248,0.45,3,5,true,false,true,true,false,false,false,true,true,false,true,true,false,true,true,synthetic_case_policy_assumption
comp-policy-comparison-v1.0.0,intelligent_generosity,Intelligent generosity,context_aware_policy_engine,true,case_00103,new_guest,maintenance_issue,4,0.83,false,0.622,false,false,1.0,0.95,69.63,4,recommendation,spa_wellness_credit,Surya Spa or Recovery Suite credit,330,99,182,248,0.45,3,5,true,false,true,true,false,false,false,true,true,false,true,true,false,true,true,synthetic_case_policy_assumption
comp-policy-comparison-v1.0.0,synthetic_discretionary_baseline,Synthetic discretionary baseline,replay_synthetic_history,false,case_00104,new_guest,billing_or_fee_dispute,3,0.55,true,0.685,false,false,1.0,0.95,50.05,3,reference_action,parking_fee_waiver,parking or destination-fee waiver,100,18,18,18,0.66,2,4,true,true,true,false,false,false,false,false,true,false,false,false,false,true,true,synthetic_case_policy_assumption
comp-policy-comparison-v1.0.0,tiered_standardization,Tiered standardization,highest_issue_fit,true,case_00104,new_guest,billing_or_fee_dispute,3,0.55,true,0.685,false,false,1.0,0.95,50.05,3,recommendation,manager_note,manager note and personal follow-up,0,0,0,0,0.72,1,3,true,true,true,false,false,false,false,true,false,false,true,true,false,true,true,synthetic_case_policy_assumption
comp-policy-comparison-v1.0.0,cost_guardrail,Guardrailed recovery,lowest_cost_adequate,true,case_00104,new_guest,billing_or_fee_dispute,3,0.55,true,0.685,false,false,1.0,0.95,50.05,3,recommendation,manager_note,manager note and personal follow-up,0,0,0,0,0.72,1,3,true,true,true,false,false,false,false,true,false,false,true,true,false,true,true,synthetic_case_policy_assumption
comp-policy-comparison-v1.0.0,recovery_first,Recovery first,highest_perceived_recovery,true,case_00104,new_guest,billing_or_fee_dispute,3,0.55,true,0.685,false,false,1.0,0.95,50.05,3,recommendation,spa_wellness_credit,Surya Spa or Recovery Suite credit,275,82,151,206,0.25,3,5,true,false,true,false,false,false,false,true,true,false,true,true,false,true,true,synthetic_case_policy_assumption
comp-policy-comparison-v1.0.0,intelligent_generosity,Intelligent generosity,context_aware_policy_engine,true,case_00104,new_guest,billing_or_fee_dispute,3,0.55,true,0.685,false,false,1.0,0.95,50.05,3,recommendation,parking_fee_waiver,parking or destination-fee waiver,85,7,15,30,0.66,2,4,true,true,true,false,false,false,false,true,true,false,true,true,false,true,true,synthetic_case_policy_assumption
comp-policy-comparison-v1.0.0,synthetic_discretionary_baseline,Synthetic discretionary baseline,replay_synthetic_history,false,case_00105,new_guest,f_and_b_service_lapse,2,0.7,true,0.464,false,false,1.0,0.95,45.98,3,reference_action,rooftop_f_and_b_credit,Calabra or Palma dining credit,185,74,74,74,0.88,2,5,true,true,true,false,false,false,false,false,true,false,false,false,false,true,true,synthetic_case_policy_assumption
comp-policy-comparison-v1.0.0,tiered_standardization,Tiered standardization,highest_issue_fit,true,case_00105,new_guest,f_and_b_service_lapse,2,0.7,true,0.464,false,false,1.0,0.95,45.98,3,recommendation,rooftop_f_and_b_credit,Calabra or Palma dining credit,150,38,60,90,0.88,2,5,true,true,true,false,false,false,false,false,true,false,false,true,false,true,true,synthetic_case_policy_assumption
comp-policy-comparison-v1.0.0,cost_guardrail,Guardrailed recovery,lowest_cost_adequate,true,case_00105,new_guest,f_and_b_service_lapse,2,0.7,true,0.464,false,false,1.0,0.95,45.98,3,recommendation,rooftop_f_and_b_credit,Calabra or Palma dining credit,150,38,60,90,0.88,2,5,true,true,true,false,false,false,false,false,true,false,false,true,false,true,true,synthetic_case_policy_assumption
comp-policy-comparison-v1.0.0,recovery_first,Recovery first,highest_perceived_recovery,true,case_00105,new_guest,f_and_b_service_lapse,2,0.7,true,0.464,false,false,1.0,0.95,45.98,3,recommendation,rooftop_f_and_b_credit,Calabra or Palma dining credit,150,38,60,90,0.88,2,5,true,true,true,false,false,false,false,false,true,false,false,true,false,true,true,synthetic_case_policy_assumption
comp-policy-comparison-v1.0.0,intelligent_generosity,Intelligent generosity,context_aware_policy_engine,true,case_00105,new_guest,f_and_b_service_lapse,2,0.7,true,0.464,false,false,1.0,0.95,45.98,3,recommendation,rooftop_f_and_b_credit,Calabra or Palma dining credit,150,38,60,90,0.88,2,5,true,true,true,false,false,false,false,false,true,false,false,true,false,true,true,synthetic_case_policy_assumption
comp-policy-comparison-v1.0.0,synthetic_discretionary_baseline,Synthetic discretionary baseline,replay_synthetic_history,false,case_00106,loyalty_guest,room_readiness_delay,2,0.88,true,0.976,true,false,1.0,0.95,50.16,3,reference_action,amenity_gesture,in-room amenity gesture,0,0,0,0,0.7,1,3,true,true,true,false,false,false,false,false,true,false,false,false,false,true,true,synthetic_case_policy_assumption
comp-policy-comparison-v1.0.0,tiered_standardization,Tiered standardization,highest_issue_fit,true,case_00106,loyalty_guest,room_readiness_delay,2,0.88,true,0.976,true,false,1.0,0.95,50.16,3,recommendation,late_checkout,late checkout,85,7,17,38,0.9,2,4,true,true,true,false,false,false,true,false,true,false,true,true,false,true,true,synthetic_case_policy_assumption
comp-policy-comparison-v1.0.0,cost_guardrail,Guardrailed recovery,lowest_cost_adequate,true,case_00106,loyalty_guest,room_readiness_delay,2,0.88,true,0.976,true,false,1.0,0.95,50.16,3,recommendation,late_checkout,late checkout,85,7,17,38,0.9,2,4,true,true,true,false,false,false,true,false,true,false,true,true,false,true,true,synthetic_case_policy_assumption
comp-policy-comparison-v1.0.0,recovery_first,Recovery first,highest_perceived_recovery,true,case_00106,loyalty_guest,room_readiness_delay,2,0.88,true,0.976,true,false,1.0,0.95,50.16,3,recommendation,room_upgrade,room upgrade,300,24,75,195,0.48,3,5,true,false,true,false,false,false,true,true,true,false,true,true,false,true,true,synthetic_case_policy_assumption
comp-policy-comparison-v1.0.0,intelligent_generosity,Intelligent generosity,context_aware_policy_engine,true,case_00106,loyalty_guest,room_readiness_delay,2,0.88,true,0.976,true,false,1.0,0.95,50.16,3,recommendation,rooftop_f_and_b_credit,Calabra or Palma dining credit,150,38,60,90,0.72,2,5,true,true,true,false,false,false,false,true,true,false,true,true,false,true,true,synthetic_case_policy_assumption
comp-policy-comparison-v1.0.0,synthetic_discretionary_baseline,Synthetic discretionary baseline,replay_synthetic_history,false,case_00107,returning_guest,noise_disruption,3,0.48,true,0.7,false,false,1.0,0.95,54.41,3,reference_action,late_checkout,late checkout,0,0,0,0,0.82,2,4,true,true,true,false,false,false,false,false,true,false,false,false,false,true,true,synthetic_case_policy_assumption
comp-policy-comparison-v1.0.0,tiered_standardization,Tiered standardization,highest_issue_fit,true,case_00107,returning_guest,noise_disruption,3,0.48,true,0.7,false,false,1.0,0.95,54.41,3,recommendation,late_checkout,late checkout,85,7,17,38,0.82,2,4,true,true,true,false,false,false,false,false,true,false,false,true,false,true,true,synthetic_case_policy_assumption
comp-policy-comparison-v1.0.0,cost_guardrail,Guardrailed recovery,lowest_cost_adequate,true,case_00107,returning_guest,noise_disruption,3,0.48,true,0.7,false,false,1.0,0.95,54.41,3,recommendation,late_checkout,late checkout,85,7,17,38,0.82,2,4,true,true,true,false,false,false,false,false,true,false,false,true,false,true,true,synthetic_case_policy_assumption
comp-policy-comparison-v1.0.0,recovery_first,Recovery first,highest_perceived_recovery,true,case_00107,returning_guest,noise_disruption,3,0.48,true,0.7,false,false,1.0,0.95,54.41,3,recommendation,spa_wellness_credit,Surya Spa or Recovery Suite credit,275,82,151,206,0.62,3,5,true,true,true,false,false,false,false,true,true,false,true,true,false,true,true,synthetic_case_policy_assumption
comp-policy-comparison-v1.0.0,intelligent_generosity,Intelligent generosity,context_aware_policy_engine,true,case_00107,returning_guest,noise_disruption,3,0.48,true,0.7,false,false,1.0,0.95,54.41,3,recommendation,spa_wellness_credit,Surya Spa or Recovery Suite credit,275,82,151,206,0.62,3,5,true,true,true,false,false,false,false,true,true,false,true,true,false,true,true,synthetic_case_policy_assumption
comp-policy-comparison-v1.0.0,synthetic_discretionary_baseline,Synthetic discretionary baseline,replay_synthetic_history,false,case_00108,new_guest,room_assignment_expectation_gap,3,0.74,true,0.681,true,false,1.0,0.95,59.02,4,reference_unknown,no_matched_comp_record,No matched synthetic comp record,0,0,0,0,0.0,0,0,false,false,false,true,false,false,false,false,false,false,false,false,false,true,true,synthetic_case_policy_assumption
comp-policy-comparison-v1.0.0,tiered_standardization,Tiered standardization,highest_issue_fit,true,case_00108,new_guest,room_assignment_expectation_gap,3,0.74,true,0.681,true,false,1.0,0.95,59.02,4,recommendation,room_upgrade,room upgrade,360,29,90,234,0.9,3,5,true,true,true,true,false,false,true,false,true,false,true,true,false,true,true,synthetic_case_policy_assumption
comp-policy-comparison-v1.0.0,cost_guardrail,Guardrailed recovery,lowest_cost_adequate,true,case_00108,new_guest,room_assignment_expectation_gap,3,0.74,true,0.681,true,false,1.0,0.95,59.02,4,recommendation,room_upgrade,room upgrade,360,29,90,234,0.9,3,5,true,true,true,true,false,false,true,false,true,false,true,true,false,true,true,synthetic_case_policy_assumption
comp-policy-comparison-v1.0.0,recovery_first,Recovery first,highest_perceived_recovery,true,case_00108,new_guest,room_assignment_expectation_gap,3,0.74,true,0.681,true,false,1.0,0.95,59.02,4,recommendation,room_upgrade,room upgrade,360,29,90,234,0.9,3,5,true,true,true,true,false,false,true,false,true,false,true,true,false,true,true,synthetic_case_policy_assumption
comp-policy-comparison-v1.0.0,intelligent_generosity,Intelligent generosity,context_aware_policy_engine,true,case_00108,new_guest,room_assignment_expectation_gap,3,0.74,true,0.681,true,false,1.0,0.95,59.02,4,recommendation,rooftop_f_and_b_credit,Calabra or Palma dining credit,180,45,72,108,0.45,2,5,true,false,true,true,false,false,false,true,true,false,true,true,false,true,true,synthetic_case_policy_assumption
comp-policy-comparison-v1.0.0,synthetic_discretionary_baseline,Synthetic discretionary baseline,replay_synthetic_history,false,case_00109,returning_guest,f_and_b_service_lapse,1,0.7,true,0.481,false,false,1.0,0.95,36.04,2,reference_unknown,no_matched_comp_record,No matched synthetic comp record,0,0,0,0,0.0,0,0,false,false,false,false,false,false,false,false,false,false,false,false,false,true,true,synthetic_case_policy_assumption
comp-policy-comparison-v1.0.0,tiered_standardization,Tiered standardization,highest_issue_fit,true,case_00109,returning_guest,f_and_b_service_lapse,1,0.7,true,0.481,false,false,1.0,0.95,36.04,2,recommendation,rooftop_f_and_b_credit,Calabra or Palma dining credit,135,34,54,81,0.88,2,5,true,true,true,false,false,false,false,false,true,false,false,true,false,true,true,synthetic_case_policy_assumption
comp-policy-comparison-v1.0.0,cost_guardrail,Guardrailed recovery,lowest_cost_adequate,true,case_00109,returning_guest,f_and_b_service_lapse,1,0.7,true,0.481,false,false,1.0,0.95,36.04,2,recommendation,rooftop_f_and_b_credit,Calabra or Palma dining credit,135,34,54,81,0.88,2,5,true,true,true,false,false,false,false,false,true,false,false,true,false,true,true,synthetic_case_policy_assumption
comp-policy-comparison-v1.0.0,recovery_first,Recovery first,highest_perceived_recovery,true,case_00109,returning_guest,f_and_b_service_lapse,1,0.7,true,0.481,false,false,1.0,0.95,36.04,2,recommendation,rooftop_f_and_b_credit,Calabra or Palma dining credit,135,34,54,81,0.88,2,5,true,true,true,false,false,false,false,false,true,false,false,true,false,true,true,synthetic_case_policy_assumption
comp-policy-comparison-v1.0.0,intelligent_generosity,Intelligent generosity,context_aware_policy_engine,true,case_00109,returning_guest,f_and_b_service_lapse,1,0.7,true,0.481,false,false,1.0,0.95,36.04,2,recommendation,rooftop_f_and_b_credit,Calabra or Palma dining credit,135,34,54,81,0.88,2,5,true,true,true,false,false,false,false,false,true,false,false,true,false,true,true,synthetic_case_policy_assumption
comp-policy-comparison-v1.0.0,synthetic_discretionary_baseline,Synthetic discretionary baseline,replay_synthetic_history,false,case_00110,vip_guest,room_assignment_expectation_gap,3,0.74,true,0.578,false,false,1.0,0.95,59.77,4,reference_action,amenity_gesture,in-room amenity gesture,55,25,25,25,0.7,1,3,true,false,false,true,true,false,false,false,true,false,false,false,false,true,true,synthetic_case_policy_assumption
comp-policy-comparison-v1.0.0,tiered_standardization,Tiered standardization,highest_issue_fit,true,case_00110,vip_guest,room_assignment_expectation_gap,3,0.74,true,0.578,false,false,1.0,0.95,59.77,4,recommendation,room_upgrade,room upgrade,360,29,90,234,0.9,3,5,true,true,true,true,false,false,false,false,true,false,false,true,false,true,true,synthetic_case_policy_assumption
comp-policy-comparison-v1.0.0,cost_guardrail,Guardrailed recovery,lowest_cost_adequate,true,case_00110,vip_guest,room_assignment_expectation_gap,3,0.74,true,0.578,false,false,1.0,0.95,59.77,4,recommendation,room_upgrade,room upgrade,360,29,90,234,0.9,3,5,true,true,true,true,false,false,false,false,true,false,false,true,false,true,true,synthetic_case_policy_assumption
comp-policy-comparison-v1.0.0,recovery_first,Recovery first,highest_perceived_recovery,true,case_00110,vip_guest,room_assignment_expectation_gap,3,0.74,true,0.578,false,false,1.0,0.95,59.77,4,recommendation,room_upgrade,room upgrade,360,29,90,234,0.9,3,5,true,true,true,true,false,false,false,false,true,false,false,true,false,true,true,synthetic_case_policy_assumption
comp-policy-comparison-v1.0.0,intelligent_generosity,Intelligent generosity,context_aware_policy_engine,true,case_00110,vip_guest,room_assignment_expectation_gap,3,0.74,true,0.578,false,false,1.0,0.95,59.77,4,recommendation,room_upgrade,room upgrade,360,29,90,234,0.9,3,5,true,true,true,true,false,false,false,false,true,false,false,true,false,true,true,synthetic_case_policy_assumption
comp-policy-comparison-v1.0.0,synthetic_discretionary_baseline,Synthetic discretionary baseline,replay_synthetic_history,false,case_00111,new_guest,room_readiness_delay,2,0.88,true,0.71,true,false,0.78,0.95,48.83,3,reference_action,late_checkout,late checkout,100,20,20,20,0.9,2,4,true,true,true,false,false,false,true,false,true,false,false,false,false,true,true,synthetic_case_policy_assumption
comp-policy-comparison-v1.0.0,tiered_standardization,Tiered standardization,highest_issue_fit,true,case_00111,new_guest,room_readiness_delay,2,0.88,true,0.71,true,false,0.78,0.95,48.83,3,recommendation,late_checkout,late checkout,85,7,17,38,0.9,2,4,true,true,true,false,false,false,true,false,true,false,true,true,false,true,true,synthetic_case_policy_assumption
comp-policy-comparison-v1.0.0,cost_guardrail,Guardrailed recovery,lowest_cost_adequate,true,case_00111,new_guest,room_readiness_delay,2,0.88,true,0.71,true,false,0.78,0.95,48.83,3,recommendation,late_checkout,late checkout,85,7,17,38,0.9,2,4,true,true,true,false,false,false,true,false,true,false,true,true,false,true,true,synthetic_case_policy_assumption
comp-policy-comparison-v1.0.0,recovery_first,Recovery first,highest_perceived_recovery,true,case_00111,new_guest,room_readiness_delay,2,0.88,true,0.71,true,false,0.78,0.95,48.83,3,recommendation,room_upgrade,room upgrade,300,24,75,195,0.48,3,5,true,false,true,false,false,false,true,true,true,false,true,true,false,true,true,synthetic_case_policy_assumption
comp-policy-comparison-v1.0.0,intelligent_generosity,Intelligent generosity,context_aware_policy_engine,true,case_00111,new_guest,room_readiness_delay,2,0.88,true,0.71,true,false,0.78,0.95,48.83,3,recommendation,rooftop_f_and_b_credit,Calabra or Palma dining credit,150,38,60,90,0.72,2,5,true,true,true,false,false,false,false,true,true,false,true,true,false,true,true,synthetic_case_policy_assumption
comp-policy-comparison-v1.0.0,synthetic_discretionary_baseline,Synthetic discretionary baseline,replay_synthetic_history,false,case_00112,returning_guest,room_assignment_expectation_gap,3,0.74,true,0.627,false,false,1.0,0.95,56.3,3,reference_action,late_checkout,late checkout,65,13,13,13,0.5,2,4,true,false,false,false,false,false,false,false,true,false,false,false,false,true,true,synthetic_case_policy_assumption
comp-policy-comparison-v1.0.0,tiered_standardization,Tiered standardization,highest_issue_fit,true,case_00112,returning_guest,room_assignment_expectation_gap,3,0.74,true,0.627,false,false,1.0,0.95,56.3,3,recommendation,room_upgrade,room upgrade,300,24,75,195,0.9,3,5,true,true,true,false,false,false,false,false,true,false,false,true,false,true,true,synthetic_case_policy_assumption
comp-policy-comparison-v1.0.0,cost_guardrail,Guardrailed recovery,lowest_cost_adequate,true,case_00112,returning_guest,room_assignment_expectation_gap,3,0.74,true,0.627,false,false,1.0,0.95,56.3,3,recommendation,room_upgrade,room upgrade,300,24,75,195,0.9,3,5,true,true,true,false,false,false,false,false,true,false,false,true,false,true,true,synthetic_case_policy_assumption
comp-policy-comparison-v1.0.0,recovery_first,Recovery first,highest_perceived_recovery,true,case_00112,returning_guest,room_assignment_expectation_gap,3,0.74,true,0.627,false,false,1.0,0.95,56.3,3,recommendation,room_upgrade,room upgrade,300,24,75,195,0.9,3,5,true,true,true,false,false,false,false,false,true,false,false,true,false,true,true,synthetic_case_policy_assumption
comp-policy-comparison-v1.0.0,intelligent_generosity,Intelligent generosity,context_aware_policy_engine,true,case_00112,returning_guest,room_assignment_expectation_gap,3,0.74,true,0.627,false,false,1.0,0.95,56.3,3,recommendation,room_upgrade,room upgrade,300,24,75,195,0.9,3,5,true,true,true,false,false,false,false,false,true,false,false,true,false,true,true,synthetic_case_policy_assumption
comp-policy-comparison-v1.0.0,synthetic_discretionary_baseline,Synthetic discretionary baseline,replay_synthetic_history,false,case_00113,new_guest,billing_or_fee_dispute,4,0.6,false,0.611,false,false,1.0,0.95,63.78,4,reference_unknown,no_matched_comp_record,No matched synthetic comp record,0,0,0,0,0.0,0,0,false,false,false,true,false,false,false,false,false,false,false,false,false,true,true,synthetic_case_policy_assumption
comp-policy-comparison-v1.0.0,tiered_standardization,Tiered standardization,highest_issue_fit,true,case_00113,new_guest,billing_or_fee_dispute,4,0.6,false,0.611,false,false,1.0,0.95,63.78,4,recommendation,manager_note,manager note and personal follow-up,0,0,0,0,0.72,1,3,true,false,true,true,false,false,false,true,false,false,true,true,false,true,true,synthetic_case_policy_assumption
comp-policy-comparison-v1.0.0,cost_guardrail,Guardrailed recovery,lowest_cost_adequate,true,case_00113,new_guest,billing_or_fee_dispute,4,0.6,false,0.611,false,false,1.0,0.95,63.78,4,recommendation,parking_fee_waiver,parking or destination-fee waiver,100,8,18,35,0.66,2,4,true,true,true,true,false,false,false,true,true,false,true,true,false,true,true,synthetic_case_policy_assumption
comp-policy-comparison-v1.0.0,recovery_first,Recovery first,highest_perceived_recovery,true,case_00113,new_guest,billing_or_fee_dispute,4,0.6,false,0.611,false,false,1.0,0.95,63.78,4,recommendation,future_stay_credit,future-stay credit,210,63,126,178,0.56,4,5,true,false,true,true,false,false,false,true,false,false,true,true,false,true,true,synthetic_case_policy_assumption
comp-policy-comparison-v1.0.0,intelligent_generosity,Intelligent generosity,context_aware_policy_engine,true,case_00113,new_guest,billing_or_fee_dispute,4,0.6,false,0.611,false,false,1.0,0.95,63.78,4,recommendation,parking_fee_waiver,parking or destination-fee waiver,100,8,18,35,0.66,2,4,true,true,true,true,false,false,false,true,true,false,true,true,false,true,true,synthetic_case_policy_assumption
comp-policy-comparison-v1.0.0,synthetic_discretionary_baseline,Synthetic discretionary baseline,replay_synthetic_history,false,case_00114,new_guest,room_assignment_expectation_gap,4,0.79,true,0.869,false,false,1.0,0.95,63.66,4,reference_action,lobby_lounge_credit,Palma lounge credit,140,53,53,53,0.52,2,4,true,false,false,true,true,false,false,false,true,false,false,false,false,true,true,synthetic_case_policy_assumption
comp-policy-comparison-v1.0.0,tiered_standardization,Tiered standardization,highest_issue_fit,true,case_00114,new_guest,room_assignment_expectation_gap,4,0.79,true,0.869,false,false,1.0,0.95,63.66,4,recommendation,room_upgrade,room upgrade,360,29,90,234,0.9,3,5,true,true,true,true,false,false,true,false,true,false,true,true,false,true,true,synthetic_case_policy_assumption
comp-policy-comparison-v1.0.0,cost_guardrail,Guardrailed recovery,lowest_cost_adequate,true,case_00114,new_guest,room_assignment_expectation_gap,4,0.79,true,0.869,false,false,1.0,0.95,63.66,4,recommendation,room_upgrade,room upgrade,360,29,90,234,0.9,3,5,true,true,true,true,false,false,true,false,true,false,true,true,false,true,true,synthetic_case_policy_assumption
comp-policy-comparison-v1.0.0,recovery_first,Recovery first,highest_perceived_recovery,true,case_00114,new_guest,room_assignment_expectation_gap,4,0.79,true,0.869,false,false,1.0,0.95,63.66,4,recommendation,room_upgrade,room upgrade,360,29,90,234,0.9,3,5,true,true,true,true,false,false,true,false,true,false,true,true,false,true,true,synthetic_case_policy_assumption
comp-policy-comparison-v1.0.0,intelligent_generosity,Intelligent generosity,context_aware_policy_engine,true,case_00114,new_guest,room_assignment_expectation_gap,4,0.79,true,0.869,false,false,1.0,0.95,63.66,4,recommendation,room_upgrade,room upgrade,360,29,90,234,0.9,3,5,true,true,true,true,false,false,true,false,true,false,true,true,false,true,true,synthetic_case_policy_assumption
comp-policy-comparison-v1.0.0,synthetic_discretionary_baseline,Synthetic discretionary baseline,replay_synthetic_history,false,case_00115,loyalty_guest,room_assignment_expectation_gap,3,0.74,true,0.507,false,false,1.0,0.95,56.12,3,reference_action,amenity_gesture,in-room amenity gesture,65,29,29,29,0.7,1,3,true,true,true,false,false,false,false,false,true,false,false,false,false,true,true,synthetic_case_policy_assumption
comp-policy-comparison-v1.0.0,tiered_standardization,Tiered standardization,highest_issue_fit,true,case_00115,loyalty_guest,room_assignment_expectation_gap,3,0.74,true,0.507,false,false,1.0,0.95,56.12,3,recommendation,room_upgrade,room upgrade,300,24,75,195,0.9,3,5,true,true,true,false,false,false,false,false,true,false,false,true,false,true,true,synthetic_case_policy_assumption
comp-policy-comparison-v1.0.0,cost_guardrail,Guardrailed recovery,lowest_cost_adequate,true,case_00115,loyalty_guest,room_assignment_expectation_gap,3,0.74,true,0.507,false,false,1.0,0.95,56.12,3,recommendation,room_upgrade,room upgrade,300,24,75,195,0.9,3,5,true,true,true,false,false,false,false,false,true,false,false,true,false,true,true,synthetic_case_policy_assumption
comp-policy-comparison-v1.0.0,recovery_first,Recovery first,highest_perceived_recovery,true,case_00115,loyalty_guest,room_assignment_expectation_gap,3,0.74,true,0.507,false,false,1.0,0.95,56.12,3,recommendation,room_upgrade,room upgrade,300,24,75,195,0.9,3,5,true,true,true,false,false,false,false,false,true,false,false,true,false,true,true,synthetic_case_policy_assumption
comp-policy-comparison-v1.0.0,intelligent_generosity,Intelligent generosity,context_aware_policy_engine,true,case_00115,loyalty_guest,room_assignment_expectation_gap,3,0.74,true,0.507,false,false,1.0,0.95,56.12,3,recommendation,room_upgrade,room upgrade,300,24,75,195,0.9,3,5,true,true,true,false,false,false,false,false,true,false,false,true,false,true,true,synthetic_case_policy_assumption
comp-policy-comparison-v1.0.0,synthetic_discretionary_baseline,Synthetic discretionary baseline,replay_synthetic_history,false,case_00116,loyalty_guest,noise_disruption,2,0.48,false,0.928,true,false,1.0,0.95,47.73,3,reference_action,partial_room_refund,partial room refund,0,0,0,0,0.5,4,5,true,false,false,false,false,false,false,false,false,true,false,false,false,true,true,synthetic_case_policy_assumption
comp-policy-comparison-v1.0.0,tiered_standardization,Tiered standardization,highest_issue_fit,true,case_00116,loyalty_guest,noise_disruption,2,0.48,false,0.928,true,false,1.0,0.95,47.73,3,recommendation,amenity_gesture,in-room amenity gesture,55,14,25,36,0.78,1,3,true,true,true,false,false,false,false,false,true,false,false,true,false,true,true,synthetic_case_policy_assumption
comp-policy-comparison-v1.0.0,cost_guardrail,Guardrailed recovery,lowest_cost_adequate,true,case_00116,loyalty_guest,noise_disruption,2,0.48,false,0.928,true,false,1.0,0.95,47.73,3,recommendation,amenity_gesture,in-room amenity gesture,55,14,25,36,0.78,1,3,true,true,true,false,false,false,false,false,true,false,false,true,false,true,true,synthetic_case_policy_assumption
comp-policy-comparison-v1.0.0,recovery_first,Recovery first,highest_perceived_recovery,true,case_00116,loyalty_guest,noise_disruption,2,0.48,false,0.928,true,false,1.0,0.95,47.73,3,recommendation,spa_wellness_credit,Surya Spa or Recovery Suite credit,275,82,151,206,0.62,3,5,true,true,true,false,false,false,false,true,true,false,true,true,false,true,true,synthetic_case_policy_assumption
comp-policy-comparison-v1.0.0,intelligent_generosity,Intelligent generosity,context_aware_policy_engine,true,case_00116,loyalty_guest,noise_disruption,2,0.48,false,0.928,true,false,1.0,0.95,47.73,3,recommendation,spa_wellness_credit,Surya Spa or Recovery Suite credit,275,82,151,206,0.62,3,5,true,true,true,false,false,false,false,true,true,false,true,true,false,true,true,synthetic_case_policy_assumption
comp-policy-comparison-v1.0.0,synthetic_discretionary_baseline,Synthetic discretionary baseline,replay_synthetic_history,false,case_00117,returning_guest,f_and_b_service_lapse,3,0.7,true,0.701,false,false,1.0,0.95,54.78,3,reference_unknown,no_matched_comp_record,No matched synthetic comp record,0,0,0,0,0.0,0,0,false,false,false,false,false,false,false,false,false,false,false,false,false,true,true,synthetic_case_policy_assumption
comp-policy-comparison-v1.0.0,tiered_standardization,Tiered standardization,highest_issue_fit,true,case_00117,returning_guest,f_and_b_service_lapse,3,0.7,true,0.701,false,false,1.0,0.95,54.78,3,recommendation,rooftop_f_and_b_credit,Calabra or Palma dining credit,150,38,60,90,0.88,2,5,true,true,true,false,false,false,false,false,true,false,false,true,false,true,true,synthetic_case_policy_assumption
comp-policy-comparison-v1.0.0,cost_guardrail,Guardrailed recovery,lowest_cost_adequate,true,case_00117,returning_guest,f_and_b_service_lapse,3,0.7,true,0.701,false,false,1.0,0.95,54.78,3,recommendation,rooftop_f_and_b_credit,Calabra or Palma dining credit,150,38,60,90,0.88,2,5,true,true,true,false,false,false,false,false,true,false,false,true,false,true,true,synthetic_case_policy_assumption
comp-policy-comparison-v1.0.0,recovery_first,Recovery first,highest_perceived_recovery,true,case_00117,returning_guest,f_and_b_service_lapse,3,0.7,true,0.701,false,false,1.0,0.95,54.78,3,recommendation,rooftop_f_and_b_credit,Calabra or Palma dining credit,150,38,60,90,0.88,2,5,true,true,true,false,false,false,false,false,true,false,false,true,false,true,true,synthetic_case_policy_assumption
comp-policy-comparison-v1.0.0,intelligent_generosity,Intelligent generosity,context_aware_policy_engine,true,case_00117,returning_guest,f_and_b_service_lapse,3,0.7,true,0.701,false,false,1.0,0.95,54.78,3,recommendation,rooftop_f_and_b_credit,Calabra or Palma dining credit,150,38,60,90,0.88,2,5,true,true,true,false,false,false,false,false,true,false,false,true,false,true,true,synthetic_case_policy_assumption
comp-policy-comparison-v1.0.0,synthetic_discretionary_baseline,Synthetic discretionary baseline,replay_synthetic_history,false,case_00118,new_guest,room_assignment_expectation_gap,4,0.79,true,0.666,false,false,0.78,0.95,64.73,4,reference_unknown,no_matched_comp_record,No matched synthetic comp record,0,0,0,0,0.0,0,0,false,false,false,true,false,false,false,false,false,false,false,false,false,true,true,synthetic_case_policy_assumption
comp-policy-comparison-v1.0.0,tiered_standardization,Tiered standardization,highest_issue_fit,true,case_00118,new_guest,room_assignment_expectation_gap,4,0.79,true,0.666,false,false,0.78,0.95,64.73,4,recommendation,room_upgrade,room upgrade,360,29,90,234,0.9,3,5,true,true,true,true,false,false,false,false,true,false,false,true,false,true,true,synthetic_case_policy_assumption
comp-policy-comparison-v1.0.0,cost_guardrail,Guardrailed recovery,lowest_cost_adequate,true,case_00118,new_guest,room_assignment_expectation_gap,4,0.79,true,0.666,false,false,0.78,0.95,64.73,4,recommendation,room_upgrade,room upgrade,360,29,90,234,0.9,3,5,true,true,true,true,false,false,false,false,true,false,false,true,false,true,true,synthetic_case_policy_assumption
comp-policy-comparison-v1.0.0,recovery_first,Recovery first,highest_perceived_recovery,true,case_00118,new_guest,room_assignment_expectation_gap,4,0.79,true,0.666,false,false,0.78,0.95,64.73,4,recommendation,room_upgrade,room upgrade,360,29,90,234,0.9,3,5,true,true,true,true,false,false,false,false,true,false,false,true,false,true,true,synthetic_case_policy_assumption
comp-policy-comparison-v1.0.0,intelligent_generosity,Intelligent generosity,context_aware_policy_engine,true,case_00118,new_guest,room_assignment_expectation_gap,4,0.79,true,0.666,false,false,0.78,0.95,64.73,4,recommendation,room_upgrade,room upgrade,360,29,90,234,0.9,3,5,true,true,true,true,false,false,false,false,true,false,false,true,false,true,true,synthetic_case_policy_assumption
comp-policy-comparison-v1.0.0,synthetic_discretionary_baseline,Synthetic discretionary baseline,replay_synthetic_history,false,case_00119,vip_guest,maintenance_issue,4,0.83,false,0.639,false,false,1.0,0.95,74.33,4,reference_unknown,no_matched_comp_record,No matched synthetic comp record,0,0,0,0,0.0,0,0,false,false,false,true,false,false,false,false,false,false,false,false,false,true,true,synthetic_case_policy_assumption
comp-policy-comparison-v1.0.0,tiered_standardization,Tiered standardization,highest_issue_fit,true,case_00119,vip_guest,maintenance_issue,4,0.83,false,0.639,false,false,1.0,0.95,74.33,4,recommendation,partial_room_refund,partial room refund,235,235,235,235,0.8,4,5,true,true,true,true,false,false,false,false,false,true,false,true,false,true,true,synthetic_case_policy_assumption
comp-policy-comparison-v1.0.0,cost_guardrail,Guardrailed recovery,lowest_cost_adequate,true,case_00119,vip_guest,maintenance_issue,4,0.83,false,0.639,false,false,1.0,0.95,74.33,4,recommendation,future_stay_credit,future-stay credit,320,96,192,272,0.78,4,5,true,true,true,true,false,false,false,false,false,false,false,true,false,true,true,synthetic_case_policy_assumption
comp-policy-comparison-v1.0.0,recovery_first,Recovery first,highest_perceived_recovery,true,case_00119,vip_guest,maintenance_issue,4,0.83,false,0.639,false,false,1.0,0.95,74.33,4,recommendation,future_stay_credit,future-stay credit,320,96,192,272,0.78,4,5,true,true,true,true,false,false,false,false,false,false,false,true,false,true,true,synthetic_case_policy_assumption
comp-policy-comparison-v1.0.0,intelligent_generosity,Intelligent generosity,context_aware_policy_engine,true,case_00119,vip_guest,maintenance_issue,4,0.83,false,0.639,false,false,1.0,0.95,74.33,4,recommendation,future_stay_credit,future-stay credit,320,96,192,272,0.78,4,5,true,true,true,true,false,false,false,false,false,false,false,true,false,true,true,synthetic_case_policy_assumption
comp-policy-comparison-v1.0.0,synthetic_discretionary_baseline,Synthetic discretionary baseline,replay_synthetic_history,false,case_00120,returning_guest,billing_or_fee_dispute,2,0.55,false,0.464,false,false,1.0,0.95,48.62,3,reference_unknown,no_matched_comp_record,No matched synthetic comp record,0,0,0,0,0.0,0,0,false,false,false,false,false,false,false,false,false,false,false,false,false,true,true,synthetic_case_policy_assumption
comp-policy-comparison-v1.0.0,tiered_standardization,Tiered standardization,highest_issue_fit,true,case_00120,returning_guest,billing_or_fee_dispute,2,0.55,false,0.464,false,false,1.0,0.95,48.62,3,recommendation,manager_note,manager note and personal follow-up,0,0,0,0,0.72,1,3,true,true,true,false,false,false,false,true,false,false,true,true,false,true,true,synthetic_case_policy_assumption
comp-policy-comparison-v1.0.0,cost_guardrail,Guardrailed recovery,lowest_cost_adequate,true,case_00120,returning_guest,billing_or_fee_dispute,2,0.55,false,0.464,false,false,1.0,0.95,48.62,3,recommendation,manager_note,manager note and personal follow-up,0,0,0,0,0.72,1,3,true,true,true,false,false,false,false,true,false,false,true,true,false,true,true,synthetic_case_policy_assumption
comp-policy-comparison-v1.0.0,recovery_first,Recovery first,highest_perceived_recovery,true,case_00120,returning_guest,billing_or_fee_dispute,2,0.55,false,0.464,false,false,1.0,0.95,48.62,3,recommendation,spa_wellness_credit,Surya Spa or Recovery Suite credit,275,82,151,206,0.25,3,5,true,false,true,false,false,false,false,true,true,false,true,true,false,true,true,synthetic_case_policy_assumption
comp-policy-comparison-v1.0.0,intelligent_generosity,Intelligent generosity,context_aware_policy_engine,true,case_00120,returning_guest,billing_or_fee_dispute,2,0.55,false,0.464,false,false,1.0,0.95,48.62,3,recommendation,parking_fee_waiver,parking or destination-fee waiver,85,7,15,30,0.66,2,4,true,true,true,false,false,false,false,true,true,false,true,true,false,true,true,synthetic_case_policy_assumption
comp-policy-comparison-v1.0.0,synthetic_discretionary_baseline,Synthetic discretionary baseline,replay_synthetic_history,false,case_00121,new_guest,room_assignment_expectation_gap,3,0.74,true,0.911,true,false,1.0,0.95,53.28,3,reference_action,late_checkout,late checkout,80,16,16,16,0.5,2,4,true,false,false,false,false,false,true,false,true,false,false,false,false,true,true,synthetic_case_policy_assumption
comp-policy-comparison-v1.0.0,tiered_standardization,Tiered standardization,highest_issue_fit,true,case_00121,new_guest,room_assignment_expectation_gap,3,0.74,true,0.911,true,false,1.0,0.95,53.28,3,recommendation,room_upgrade,room upgrade,300,24,75,195,0.9,3,5,true,true,true,false,false,false,true,false,true,false,true,true,false,true,true,synthetic_case_policy_assumption
comp-policy-comparison-v1.0.0,cost_guardrail,Guardrailed recovery,lowest_cost_adequate,true,case_00121,new_guest,room_assignment_expectation_gap,3,0.74,true,0.911,true,false,1.0,0.95,53.28,3,recommendation,room_upgrade,room upgrade,300,24,75,195,0.9,3,5,true,true,true,false,false,false,true,false,true,false,true,true,false,true,true,synthetic_case_policy_assumption
comp-policy-comparison-v1.0.0,recovery_first,Recovery first,highest_perceived_recovery,true,case_00121,new_guest,room_assignment_expectation_gap,3,0.74,true,0.911,true,false,1.0,0.95,53.28,3,recommendation,room_upgrade,room upgrade,300,24,75,195,0.9,3,5,true,true,true,false,false,false,true,false,true,false,true,true,false,true,true,synthetic_case_policy_assumption
comp-policy-comparison-v1.0.0,intelligent_generosity,Intelligent generosity,context_aware_policy_engine,true,case_00121,new_guest,room_assignment_expectation_gap,3,0.74,true,0.911,true,false,1.0,0.95,53.28,3,recommendation,rooftop_f_and_b_credit,Calabra or Palma dining credit,150,38,60,90,0.45,2,5,true,false,true,false,false,false,false,true,true,false,true,true,false,true,true,synthetic_case_policy_assumption
comp-policy-comparison-v1.0.0,synthetic_discretionary_baseline,Synthetic discretionary baseline,replay_synthetic_history,false,case_00122,returning_guest,maintenance_issue,5,0.83,true,0.783,false,false,1.0,0.95,74.1,4,reference_action,rooftop_f_and_b_credit,Calabra or Palma dining credit,130,52,52,52,0.45,2,5,true,false,false,true,true,false,false,false,true,false,false,false,false,true,true,synthetic_case_policy_assumption
comp-policy-comparison-v1.0.0,tiered_standardization,Tiered standardization,highest_issue_fit,true,case_00122,returning_guest,maintenance_issue,5,0.83,true,0.783,false,false,1.0,0.95,74.1,4,recommendation,partial_room_refund,partial room refund,195,195,195,195,0.8,4,5,true,true,true,true,false,false,false,false,false,true,false,true,false,true,true,synthetic_case_policy_assumption
comp-policy-comparison-v1.0.0,cost_guardrail,Guardrailed recovery,lowest_cost_adequate,true,case_00122,returning_guest,maintenance_issue,5,0.83,true,0.783,false,false,1.0,0.95,74.1,4,recommendation,partial_room_refund,partial room refund,195,195,195,195,0.8,4,5,true,true,true,true,false,false,false,false,false,true,false,true,false,true,true,synthetic_case_policy_assumption
comp-policy-comparison-v1.0.0,recovery_first,Recovery first,highest_perceived_recovery,true,case_00122,returning_guest,maintenance_issue,5,0.83,true,0.783,false,false,1.0,0.95,74.1,4,recommendation,spa_wellness_credit,Surya Spa or Recovery Suite credit,330,99,182,248,0.45,3,5,true,false,true,true,false,false,false,true,true,false,true,true,false,true,true,synthetic_case_policy_assumption
comp-policy-comparison-v1.0.0,intelligent_generosity,Intelligent generosity,context_aware_policy_engine,true,case_00122,returning_guest,maintenance_issue,5,0.83,true,0.783,false,false,1.0,0.95,74.1,4,recommendation,spa_wellness_credit,Surya Spa or Recovery Suite credit,330,99,182,248,0.45,3,5,true,false,true,true,false,false,false,true,true,false,true,true,false,true,true,synthetic_case_policy_assumption
comp-policy-comparison-v1.0.0,synthetic_discretionary_baseline,Synthetic discretionary baseline,replay_synthetic_history,false,case_00123,new_guest,room_readiness_delay,5,0.93,true,0.478,false,false,1.0,0.95,75.55,4,reference_action,future_stay_credit,future-stay credit,350,210,210,210,0.7,4,5,true,true,true,true,false,false,false,false,false,false,false,false,false,true,true,synthetic_case_policy_assumption
comp-policy-comparison-v1.0.0,tiered_standardization,Tiered standardization,highest_issue_fit,true,case_00123,new_guest,room_readiness_delay,5,0.93,true,0.478,false,false,1.0,0.95,75.55,4,recommendation,late_checkout,late checkout,100,8,20,45,0.9,2,4,true,true,true,true,false,false,false,false,true,false,false,true,false,true,true,synthetic_case_policy_assumption
comp-policy-comparison-v1.0.0,cost_guardrail,Guardrailed recovery,lowest_cost_adequate,true,case_00123,new_guest,room_readiness_delay,5,0.93,true,0.478,false,false,1.0,0.95,75.55,4,recommendation,late_checkout,late checkout,100,8,20,45,0.9,2,4,true,true,true,true,false,false,false,false,true,false,false,true,false,true,true,synthetic_case_policy_assumption
comp-policy-comparison-v1.0.0,recovery_first,Recovery first,highest_perceived_recovery,true,case_00123,new_guest,room_readiness_delay,5,0.93,true,0.478,false,false,1.0,0.95,75.55,4,recommendation,room_upgrade,room upgrade,360,29,90,234,0.48,3,5,true,false,true,true,false,false,false,true,true,false,true,true,false,true,true,synthetic_case_policy_assumption
comp-policy-comparison-v1.0.0,intelligent_generosity,Intelligent generosity,context_aware_policy_engine,true,case_00123,new_guest,room_readiness_delay,5,0.93,true,0.478,false,false,1.0,0.95,75.55,4,recommendation,room_upgrade,room upgrade,360,29,90,234,0.48,3,5,true,false,true,true,false,false,false,true,true,false,true,true,false,true,true,synthetic_case_policy_assumption
comp-policy-comparison-v1.0.0,synthetic_discretionary_baseline,Synthetic discretionary baseline,replay_synthetic_history,false,case_00124,loyalty_guest,maintenance_issue,3,0.78,false,0.696,false,false,1.0,0.95,58.76,4,reference_unknown,no_matched_comp_record,No matched synthetic comp record,0,0,0,0,0.0,0,0,false,false,false,true,false,false,false,false,false,false,false,false,false,true,true,synthetic_case_policy_assumption
comp-policy-comparison-v1.0.0,tiered_standardization,Tiered standardization,highest_issue_fit,true,case_00124,loyalty_guest,maintenance_issue,3,0.78,false,0.696,false,false,1.0,0.95,58.76,4,recommendation,partial_room_refund,partial room refund,175,175,175,175,0.8,4,5,true,true,true,true,false,false,false,false,false,true,false,true,false,true,true,synthetic_case_policy_assumption
comp-policy-comparison-v1.0.0,cost_guardrail,Guardrailed recovery,lowest_cost_adequate,true,case_00124,loyalty_guest,maintenance_issue,3,0.78,false,0.696,false,false,1.0,0.95,58.76,4,recommendation,partial_room_refund,partial room refund,175,175,175,175,0.8,4,5,true,true,true,true,false,false,false,false,false,true,false,true,false,true,true,synthetic_case_policy_assumption
comp-policy-comparison-v1.0.0,recovery_first,Recovery first,highest_perceived_recovery,true,case_00124,loyalty_guest,maintenance_issue,3,0.78,false,0.696,false,false,1.0,0.95,58.76,4,recommendation,spa_wellness_credit,Surya Spa or Recovery Suite credit,330,99,182,248,0.45,3,5,true,false,true,true,false,false,false,true,true,false,true,true,false,true,true,synthetic_case_policy_assumption
comp-policy-comparison-v1.0.0,intelligent_generosity,Intelligent generosity,context_aware_policy_engine,true,case_00124,loyalty_guest,maintenance_issue,3,0.78,false,0.696,false,false,1.0,0.95,58.76,4,recommendation,spa_wellness_credit,Surya Spa or Recovery Suite credit,330,99,182,248,0.45,3,5,true,false,true,true,false,false,false,true,true,false,true,true,false,true,true,synthetic_case_policy_assumption
comp-policy-comparison-v1.0.0,synthetic_discretionary_baseline,Synthetic discretionary baseline,replay_synthetic_history,false,case_00125,new_guest,f_and_b_service_lapse,4,0.75,true,0.99,true,false,1.0,0.95,59.14,4,reference_action,room_upgrade,room upgrade,275,69,69,69,0.16,3,5,true,false,false,true,true,false,true,false,true,false,false,false,false,true,true,synthetic_case_policy_assumption
comp-policy-comparison-v1.0.0,tiered_standardization,Tiered standardization,highest_issue_fit,true,case_00125,new_guest,f_and_b_service_lapse,4,0.75,true,0.99,true,false,1.0,0.95,59.14,4,recommendation,rooftop_f_and_b_credit,Calabra or Palma dining credit,180,45,72,108,0.88,2,5,true,true,true,true,false,false,false,false,true,false,false,true,false,true,true,synthetic_case_policy_assumption
comp-policy-comparison-v1.0.0,cost_guardrail,Guardrailed recovery,lowest_cost_adequate,true,case_00125,new_guest,f_and_b_service_lapse,4,0.75,true,0.99,true,false,1.0,0.95,59.14,4,recommendation,rooftop_f_and_b_credit,Calabra or Palma dining credit,180,45,72,108,0.88,2,5,true,true,true,true,false,false,false,false,true,false,false,true,false,true,true,synthetic_case_policy_assumption
comp-policy-comparison-v1.0.0,recovery_first,Recovery first,highest_perceived_recovery,true,case_00125,new_guest,f_and_b_service_lapse,4,0.75,true,0.99,true,false,1.0,0.95,59.14,4,recommendation,rooftop_f_and_b_credit,Calabra or Palma dining credit,180,45,72,108,0.88,2,5,true,true,true,true,false,false,false,false,true,false,false,true,false,true,true,synthetic_case_policy_assumption
comp-policy-comparison-v1.0.0,intelligent_generosity,Intelligent generosity,context_aware_policy_engine,true,case_00125,new_guest,f_and_b_service_lapse,4,0.75,true,0.99,true,false,1.0,0.95,59.14,4,recommendation,rooftop_f_and_b_credit,Calabra or Palma dining credit,180,45,72,108,0.88,2,5,true,true,true,true,false,false,false,false,true,false,false,true,false,true,true,synthetic_case_policy_assumption
comp-policy-comparison-v1.0.0,synthetic_discretionary_baseline,Synthetic discretionary baseline,replay_synthetic_history,false,case_00126,new_guest,noise_disruption,3,0.48,true,0.597,true,false,0.78,0.95,50.92,3,reference_action,rooftop_f_and_b_credit,Calabra or Palma dining credit,175,70,70,70,0.45,2,5,true,false,false,false,false,false,false,false,true,false,false,false,false,true,true,synthetic_case_policy_assumption
comp-policy-comparison-v1.0.0,tiered_standardization,Tiered standardization,highest_issue_fit,true,case_00126,new_guest,noise_disruption,3,0.48,true,0.597,true,false,0.78,0.95,50.92,3,recommendation,late_checkout,late checkout,85,7,17,38,0.82,2,4,true,true,true,false,false,false,true,false,true,false,true,true,false,true,true,synthetic_case_policy_assumption
comp-policy-comparison-v1.0.0,cost_guardrail,Guardrailed recovery,lowest_cost_adequate,true,case_00126,new_guest,noise_disruption,3,0.48,true,0.597,true,false,0.78,0.95,50.92,3,recommendation,late_checkout,late checkout,85,7,17,38,0.82,2,4,true,true,true,false,false,false,true,false,true,false,true,true,false,true,true,synthetic_case_policy_assumption
comp-policy-comparison-v1.0.0,recovery_first,Recovery first,highest_perceived_recovery,true,case_00126,new_guest,noise_disruption,3,0.48,true,0.597,true,false,0.78,0.95,50.92,3,recommendation,spa_wellness_credit,Surya Spa or Recovery Suite credit,275,82,151,206,0.62,3,5,true,true,true,false,false,false,false,true,true,false,true,true,false,true,true,synthetic_case_policy_assumption
comp-policy-comparison-v1.0.0,intelligent_generosity,Intelligent generosity,context_aware_policy_engine,true,case_00126,new_guest,noise_disruption,3,0.48,true,0.597,true,false,0.78,0.95,50.92,3,recommendation,spa_wellness_credit,Surya Spa or Recovery Suite credit,275,82,151,206,0.62,3,5,true,true,true,false,false,false,false,true,true,false,true,true,false,true,true,synthetic_case_policy_assumption
comp-policy-comparison-v1.0.0,synthetic_discretionary_baseline,Synthetic discretionary baseline,replay_synthetic_history,false,case_00127,new_guest,room_assignment_expectation_gap,3,0.74,true,0.483,false,false,1.0,0.95,53.83,3,reference_unknown,no_matched_comp_record,No matched synthetic comp record,0,0,0,0,0.0,0,0,false,false,false,false,false,false,false,false,false,false,false,false,false,true,true,synthetic_case_policy_assumption
comp-policy-comparison-v1.0.0,tiered_standardization,Tiered standardization,highest_issue_fit,true,case_00127,new_guest,room_assignment_expectation_gap,3,0.74,true,0.483,false,false,1.0,0.95,53.83,3,recommendation,room_upgrade,room upgrade,300,24,75,195,0.9,3,5,true,true,true,false,false,false,false,false,true,false,false,true,false,true,true,synthetic_case_policy_assumption
comp-policy-comparison-v1.0.0,cost_guardrail,Guardrailed recovery,lowest_cost_adequate,true,case_00127,new_guest,room_assignment_expectation_gap,3,0.74,true,0.483,false,false,1.0,0.95,53.83,3,recommendation,room_upgrade,room upgrade,300,24,75,195,0.9,3,5,true,true,true,false,false,false,false,false,true,false,false,true,false,true,true,synthetic_case_policy_assumption
comp-policy-comparison-v1.0.0,recovery_first,Recovery first,highest_perceived_recovery,true,case_00127,new_guest,room_assignment_expectation_gap,3,0.74,true,0.483,false,false,1.0,0.95,53.83,3,recommendation,room_upgrade,room upgrade,300,24,75,195,0.9,3,5,true,true,true,false,false,false,false,false,true,false,false,true,false,true,true,synthetic_case_policy_assumption
comp-policy-comparison-v1.0.0,intelligent_generosity,Intelligent generosity,context_aware_policy_engine,true,case_00127,new_guest,room_assignment_expectation_gap,3,0.74,true,0.483,false,false,1.0,0.95,53.83,3,recommendation,room_upgrade,room upgrade,300,24,75,195,0.9,3,5,true,true,true,false,false,false,false,false,true,false,false,true,false,true,true,synthetic_case_policy_assumption
comp-policy-comparison-v1.0.0,synthetic_discretionary_baseline,Synthetic discretionary baseline,replay_synthetic_history,false,case_00128,new_guest,housekeeping_miss,3,0.9,true,0.53,false,false,1.0,0.95,57.24,3,reference_action,late_checkout,late checkout,75,15,15,15,0.5,2,4,true,false,false,false,false,false,false,false,true,false,false,false,false,true,true,synthetic_case_policy_assumption
comp-policy-comparison-v1.0.0,tiered_standardization,Tiered standardization,highest_issue_fit,true,case_00128,new_guest,housekeeping_miss,3,0.9,true,0.53,false,false,1.0,0.95,57.24,3,recommendation,amenity_gesture,in-room amenity gesture,55,14,25,36,0.8,1,3,true,true,true,false,false,false,false,false,true,false,false,true,false,true,true,synthetic_case_policy_assumption
comp-policy-comparison-v1.0.0,cost_guardrail,Guardrailed recovery,lowest_cost_adequate,true,case_00128,new_guest,housekeeping_miss,3,0.9,true,0.53,false,false,1.0,0.95,57.24,3,recommendation,amenity_gesture,in-room amenity gesture,55,14,25,36,0.8,1,3,true,true,true,false,false,false,false,false,true,false,false,true,false,true,true,synthetic_case_policy_assumption
comp-policy-comparison-v1.0.0,recovery_first,Recovery first,highest_perceived_recovery,true,case_00128,new_guest,housekeeping_miss,3,0.9,true,0.53,false,false,1.0,0.95,57.24,3,recommendation,spa_wellness_credit,Surya Spa or Recovery Suite credit,275,82,151,206,0.25,3,5,true,false,true,false,false,false,false,true,true,false,true,true,false,true,true,synthetic_case_policy_assumption
comp-policy-comparison-v1.0.0,intelligent_generosity,Intelligent generosity,context_aware_policy_engine,true,case_00128,new_guest,housekeeping_miss,3,0.9,true,0.53,false,false,1.0,0.95,57.24,3,recommendation,rooftop_f_and_b_credit,Calabra or Palma dining credit,150,38,60,90,0.45,2,5,true,false,true,false,false,false,false,true,true,false,true,true,false,true,true,synthetic_case_policy_assumption
comp-policy-comparison-v1.0.0,synthetic_discretionary_baseline,Synthetic discretionary baseline,replay_synthetic_history,false,case_00129,new_guest,spa_wellness_service_issue,3,0.74,false,0.609,true,false,1.0,0.95,53.57,3,reference_action,lobby_lounge_credit,Palma lounge credit,115,44,44,44,0.52,2,4,true,false,false,false,false,false,false,false,true,false,false,false,false,true,true,synthetic_case_policy_assumption
comp-policy-comparison-v1.0.0,tiered_standardization,Tiered standardization,highest_issue_fit,true,case_00129,new_guest,spa_wellness_service_issue,3,0.74,false,0.609,true,false,1.0,0.95,53.57,3,recommendation,spa_wellness_credit,Surya Spa or Recovery Suite credit,275,82,151,206,0.9,3,5,true,true,true,false,false,false,false,false,true,false,false,true,false,true,true,synthetic_case_policy_assumption
comp-policy-comparison-v1.0.0,cost_guardrail,Guardrailed recovery,lowest_cost_adequate,true,case_00129,new_guest,spa_wellness_service_issue,3,0.74,false,0.609,true,false,1.0,0.95,53.57,3,recommendation,spa_wellness_credit,Surya Spa or Recovery Suite credit,275,82,151,206,0.9,3,5,true,true,true,false,false,false,false,false,true,false,false,true,false,true,true,synthetic_case_policy_assumption
comp-policy-comparison-v1.0.0,recovery_first,Recovery first,highest_perceived_recovery,true,case_00129,new_guest,spa_wellness_service_issue,3,0.74,false,0.609,true,false,1.0,0.95,53.57,3,recommendation,spa_wellness_credit,Surya Spa or Recovery Suite credit,275,82,151,206,0.9,3,5,true,true,true,false,false,false,false,false,true,false,false,true,false,true,true,synthetic_case_policy_assumption
comp-policy-comparison-v1.0.0,intelligent_generosity,Intelligent generosity,context_aware_policy_engine,true,case_00129,new_guest,spa_wellness_service_issue,3,0.74,false,0.609,true,false,1.0,0.95,53.57,3,recommendation,spa_wellness_credit,Surya Spa or Recovery Suite credit,275,82,151,206,0.9,3,5,true,true,true,false,false,false,false,false,true,false,false,true,false,true,true,synthetic_case_policy_assumption
comp-policy-comparison-v1.0.0,synthetic_discretionary_baseline,Synthetic discretionary baseline,replay_synthetic_history,false,case_00130,vip_guest,f_and_b_service_lapse,3,0.7,true,0.728,false,false,1.0,0.95,60.15,4,reference_action,rooftop_f_and_b_credit,Calabra or Palma dining credit,190,76,76,76,0.88,2,5,true,true,true,true,false,false,false,false,true,false,false,false,false,true,true,synthetic_case_policy_assumption
comp-policy-comparison-v1.0.0,tiered_standardization,Tiered standardization,highest_issue_fit,true,case_00130,vip_guest,f_and_b_service_lapse,3,0.7,true,0.728,false,false,1.0,0.95,60.15,4,recommendation,rooftop_f_and_b_credit,Calabra or Palma dining credit,180,45,72,108,0.88,2,5,true,true,true,true,false,false,false,false,true,false,false,true,false,true,true,synthetic_case_policy_assumption
comp-policy-comparison-v1.0.0,cost_guardrail,Guardrailed recovery,lowest_cost_adequate,true,case_00130,vip_guest,f_and_b_service_lapse,3,0.7,true,0.728,false,false,1.0,0.95,60.15,4,recommendation,rooftop_f_and_b_credit,Calabra or Palma dining credit,180,45,72,108,0.88,2,5,true,true,true,true,false,false,false,false,true,false,false,true,false,true,true,synthetic_case_policy_assumption
comp-policy-comparison-v1.0.0,recovery_first,Recovery first,highest_perceived_recovery,true,case_00130,vip_guest,f_and_b_service_lapse,3,0.7,true,0.728,false,false,1.0,0.95,60.15,4,recommendation,future_stay_credit,future-stay credit,285,86,171,242,0.78,4,5,true,true,true,true,false,false,false,false,false,false,false,true,false,true,true,synthetic_case_policy_assumption
comp-policy-comparison-v1.0.0,intelligent_generosity,Intelligent generosity,context_aware_policy_engine,true,case_00130,vip_guest,f_and_b_service_lapse,3,0.7,true,0.728,false,false,1.0,0.95,60.15,4,recommendation,rooftop_f_and_b_credit,Calabra or Palma dining credit,180,45,72,108,0.88,2,5,true,true,true,true,false,false,false,false,true,false,false,true,false,true,true,synthetic_case_policy_assumption
comp-policy-comparison-v1.0.0,synthetic_discretionary_baseline,Synthetic discretionary baseline,replay_synthetic_history,false,case_00131,new_guest,room_readiness_delay,3,0.88,true,0.695,true,false,1.0,0.95,57.61,3,reference_unknown,no_matched_comp_record,No matched synthetic comp record,0,0,0,0,0.0,0,0,false,false,false,false,false,false,false,false,false,false,false,false,false,true,true,synthetic_case_policy_assumption
comp-policy-comparison-v1.0.0,tiered_standardization,Tiered standardization,highest_issue_fit,true,case_00131,new_guest,room_readiness_delay,3,0.88,true,0.695,true,false,1.0,0.95,57.61,3,recommendation,late_checkout,late checkout,85,7,17,38,0.9,2,4,true,true,true,false,false,false,true,false,true,false,true,true,false,true,true,synthetic_case_policy_assumption
comp-policy-comparison-v1.0.0,cost_guardrail,Guardrailed recovery,lowest_cost_adequate,true,case_00131,new_guest,room_readiness_delay,3,0.88,true,0.695,true,false,1.0,0.95,57.61,3,recommendation,late_checkout,late checkout,85,7,17,38,0.9,2,4,true,true,true,false,false,false,true,false,true,false,true,true,false,true,true,synthetic_case_policy_assumption
comp-policy-comparison-v1.0.0,recovery_first,Recovery first,highest_perceived_recovery,true,case_00131,new_guest,room_readiness_delay,3,0.88,true,0.695,true,false,1.0,0.95,57.61,3,recommendation,room_upgrade,room upgrade,300,24,75,195,0.48,3,5,true,false,true,false,false,false,true,true,true,false,true,true,false,true,true,synthetic_case_policy_assumption
comp-policy-comparison-v1.0.0,intelligent_generosity,Intelligent generosity,context_aware_policy_engine,true,case_00131,new_guest,room_readiness_delay,3,0.88,true,0.695,true,false,1.0,0.95,57.61,3,recommendation,rooftop_f_and_b_credit,Calabra or Palma dining credit,150,38,60,90,0.72,2,5,true,true,true,false,false,false,false,true,true,false,true,true,false,true,true,synthetic_case_policy_assumption
comp-policy-comparison-v1.0.0,synthetic_discretionary_baseline,Synthetic discretionary baseline,replay_synthetic_history,false,case_00132,returning_guest,valet_or_parking_delay,2,0.62,true,0.68,false,false,0.78,0.95,48.23,3,reference_unknown,no_matched_comp_record,No matched synthetic comp record,0,0,0,0,0.0,0,0,false,false,false,false,false,false,false,false,false,false,false,false,false,true,true,synthetic_case_policy_assumption
comp-policy-comparison-v1.0.0,tiered_standardization,Tiered standardization,highest_issue_fit,true,case_00132,returning_guest,valet_or_parking_delay,2,0.62,true,0.68,false,false,0.78,0.95,48.23,3,recommendation,parking_fee_waiver,parking or destination-fee waiver,85,7,15,30,0.9,2,4,true,true,true,false,false,false,false,false,true,false,false,true,false,true,true,synthetic_case_policy_assumption
comp-policy-comparison-v1.0.0,cost_guardrail,Guardrailed recovery,lowest_cost_adequate,true,case_00132,returning_guest,valet_or_parking_delay,2,0.62,true,0.68,false,false,0.78,0.95,48.23,3,recommendation,parking_fee_waiver,parking or destination-fee waiver,85,7,15,30,0.9,2,4,true,true,true,false,false,false,false,false,true,false,false,true,false,true,true,synthetic_case_policy_assumption
comp-policy-comparison-v1.0.0,recovery_first,Recovery first,highest_perceived_recovery,true,case_00132,returning_guest,valet_or_parking_delay,2,0.62,true,0.68,false,false,0.78,0.95,48.23,3,recommendation,spa_wellness_credit,Surya Spa or Recovery Suite credit,275,82,151,206,0.25,3,5,true,false,true,false,false,false,false,true,true,false,true,true,false,true,true,synthetic_case_policy_assumption
comp-policy-comparison-v1.0.0,intelligent_generosity,Intelligent generosity,context_aware_policy_engine,true,case_00132,returning_guest,valet_or_parking_delay,2,0.62,true,0.68,false,false,0.78,0.95,48.23,3,recommendation,parking_fee_waiver,parking or destination-fee waiver,85,7,15,30,0.9,2,4,true,true,true,false,false,false,false,false,true,false,false,true,false,true,true,synthetic_case_policy_assumption
comp-policy-comparison-v1.0.0,synthetic_discretionary_baseline,Synthetic discretionary baseline,replay_synthetic_history,false,case_00133,new_guest,room_assignment_expectation_gap,4,0.79,true,0.948,true,false,1.0,0.95,64.6,4,reference_unknown,no_matched_comp_record,No matched synthetic comp record,0,0,0,0,0.0,0,0,false,false,false,true,false,false,false,false,false,false,false,false,false,true,true,synthetic_case_policy_assumption
comp-policy-comparison-v1.0.0,tiered_standardization,Tiered standardization,highest_issue_fit,true,case_00133,new_guest,room_assignment_expectation_gap,4,0.79,true,0.948,true,false,1.0,0.95,64.6,4,recommendation,room_upgrade,room upgrade,360,29,90,234,0.9,3,5,true,true,true,true,false,false,true,false,true,false,true,true,false,true,true,synthetic_case_policy_assumption
comp-policy-comparison-v1.0.0,cost_guardrail,Guardrailed recovery,lowest_cost_adequate,true,case_00133,new_guest,room_assignment_expectation_gap,4,0.79,true,0.948,true,false,1.0,0.95,64.6,4,recommendation,room_upgrade,room upgrade,360,29,90,234,0.9,3,5,true,true,true,true,false,false,true,false,true,false,true,true,false,true,true,synthetic_case_policy_assumption
comp-policy-comparison-v1.0.0,recovery_first,Recovery first,highest_perceived_recovery,true,case_00133,new_guest,room_assignment_expectation_gap,4,0.79,true,0.948,true,false,1.0,0.95,64.6,4,recommendation,room_upgrade,room upgrade,360,29,90,234,0.9,3,5,true,true,true,true,false,false,true,false,true,false,true,true,false,true,true,synthetic_case_policy_assumption
comp-policy-comparison-v1.0.0,intelligent_generosity,Intelligent generosity,context_aware_policy_engine,true,case_00133,new_guest,room_assignment_expectation_gap,4,0.79,true,0.948,true,false,1.0,0.95,64.6,4,recommendation,rooftop_f_and_b_credit,Calabra or Palma dining credit,180,45,72,108,0.45,2,5,true,false,true,true,false,false,false,true,true,false,true,true,false,true,true,synthetic_case_policy_assumption
comp-policy-comparison-v1.0.0,synthetic_discretionary_baseline,Synthetic discretionary baseline,replay_synthetic_history,false,case_00134,loyalty_guest,rooftop_pool_access_issue,3,0.64,false,0.658,true,false,1.0,0.95,56.22,3,reference_action,amenity_gesture,in-room amenity gesture,65,29,29,29,0.7,1,3,true,true,true,false,false,false,false,false,true,false,false,false,false,true,true,synthetic_case_policy_assumption
comp-policy-comparison-v1.0.0,tiered_standardization,Tiered standardization,highest_issue_fit,true,case_00134,loyalty_guest,rooftop_pool_access_issue,3,0.64,false,0.658,true,false,1.0,0.95,56.22,3,recommendation,rooftop_f_and_b_credit,Calabra or Palma dining credit,150,38,60,90,0.86,2,5,true,true,true,false,false,false,false,false,true,false,false,true,false,true,true,synthetic_case_policy_assumption
comp-policy-comparison-v1.0.0,cost_guardrail,Guardrailed recovery,lowest_cost_adequate,true,case_00134,loyalty_guest,rooftop_pool_access_issue,3,0.64,false,0.658,true,false,1.0,0.95,56.22,3,recommendation,rooftop_f_and_b_credit,Calabra or Palma dining credit,150,38,60,90,0.86,2,5,true,true,true,false,false,false,false,false,true,false,false,true,false,true,true,synthetic_case_policy_assumption
comp-policy-comparison-v1.0.0,recovery_first,Recovery first,highest_perceived_recovery,true,case_00134,loyalty_guest,rooftop_pool_access_issue,3,0.64,false,0.658,true,false,1.0,0.95,56.22,3,recommendation,rooftop_f_and_b_credit,Calabra or Palma dining credit,150,38,60,90,0.86,2,5,true,true,true,false,false,false,false,false,true,false,false,true,false,true,true,synthetic_case_policy_assumption
comp-policy-comparison-v1.0.0,intelligent_generosity,Intelligent generosity,context_aware_policy_engine,true,case_00134,loyalty_guest,rooftop_pool_access_issue,3,0.64,false,0.658,true,false,1.0,0.95,56.22,3,recommendation,rooftop_f_and_b_credit,Calabra or Palma dining credit,150,38,60,90,0.86,2,5,true,true,true,false,false,false,false,false,true,false,false,true,false,true,true,synthetic_case_policy_assumption
comp-policy-comparison-v1.0.0,synthetic_discretionary_baseline,Synthetic discretionary baseline,replay_synthetic_history,false,case_00135,new_guest,valet_or_parking_delay,4,0.67,true,0.32,true,false,1.0,0.95,60.34,4,reference_unknown,no_matched_comp_record,No matched synthetic comp record,0,0,0,0,0.0,0,0,false,false,false,true,false,false,false,false,false,false,false,false,false,true,true,synthetic_case_policy_assumption
comp-policy-comparison-v1.0.0,tiered_standardization,Tiered standardization,highest_issue_fit,true,case_00135,new_guest,valet_or_parking_delay,4,0.67,true,0.32,true,false,1.0,0.95,60.34,4,recommendation,parking_fee_waiver,parking or destination-fee waiver,100,8,18,35,0.9,2,4,true,true,true,true,false,false,false,false,true,false,false,true,false,true,true,synthetic_case_policy_assumption
comp-policy-comparison-v1.0.0,cost_guardrail,Guardrailed recovery,lowest_cost_adequate,true,case_00135,new_guest,valet_or_parking_delay,4,0.67,true,0.32,true,false,1.0,0.95,60.34,4,recommendation,parking_fee_waiver,parking or destination-fee waiver,100,8,18,35,0.9,2,4,true,true,true,true,false,false,false,false,true,false,false,true,false,true,true,synthetic_case_policy_assumption
comp-policy-comparison-v1.0.0,recovery_first,Recovery first,highest_perceived_recovery,true,case_00135,new_guest,valet_or_parking_delay,4,0.67,true,0.32,true,false,1.0,0.95,60.34,4,recommendation,future_stay_credit,future-stay credit,310,93,186,264,0.56,4,5,true,false,true,true,false,false,false,true,false,false,true,true,false,true,true,synthetic_case_policy_assumption
comp-policy-comparison-v1.0.0,intelligent_generosity,Intelligent generosity,context_aware_policy_engine,true,case_00135,new_guest,valet_or_parking_delay,4,0.67,true,0.32,true,false,1.0,0.95,60.34,4,recommendation,rooftop_f_and_b_credit,Calabra or Palma dining credit,180,45,72,108,0.45,2,5,true,false,true,true,false,false,false,true,true,false,true,true,false,true,true,synthetic_case_policy_assumption
comp-policy-comparison-v1.0.0,synthetic_discretionary_baseline,Synthetic discretionary baseline,replay_synthetic_history,false,case_00136,loyalty_guest,rooftop_pool_access_issue,1,0.64,true,0.481,false,false,1.0,0.95,34.66,2,reference_unknown,no_matched_comp_record,No matched synthetic comp record,0,0,0,0,0.0,0,0,false,false,false,false,false,false,false,false,false,false,false,false,false,true,true,synthetic_case_policy_assumption
comp-policy-comparison-v1.0.0,tiered_standardization,Tiered standardization,highest_issue_fit,true,case_00136,loyalty_guest,rooftop_pool_access_issue,1,0.64,true,0.481,false,false,1.0,0.95,34.66,2,recommendation,rooftop_f_and_b_credit,Calabra or Palma dining credit,135,34,54,81,0.86,2,5,true,true,true,false,false,false,false,false,true,false,false,true,false,true,true,synthetic_case_policy_assumption
comp-policy-comparison-v1.0.0,cost_guardrail,Guardrailed recovery,lowest_cost_adequate,true,case_00136,loyalty_guest,rooftop_pool_access_issue,1,0.64,true,0.481,false,false,1.0,0.95,34.66,2,recommendation,rooftop_f_and_b_credit,Calabra or Palma dining credit,135,34,54,81,0.86,2,5,true,true,true,false,false,false,false,false,true,false,false,true,false,true,true,synthetic_case_policy_assumption
comp-policy-comparison-v1.0.0,recovery_first,Recovery first,highest_perceived_recovery,true,case_00136,loyalty_guest,rooftop_pool_access_issue,1,0.64,true,0.481,false,false,1.0,0.95,34.66,2,recommendation,rooftop_f_and_b_credit,Calabra or Palma dining credit,135,34,54,81,0.86,2,5,true,true,true,false,false,false,false,false,true,false,false,true,false,true,true,synthetic_case_policy_assumption
comp-policy-comparison-v1.0.0,intelligent_generosity,Intelligent generosity,context_aware_policy_engine,true,case_00136,loyalty_guest,rooftop_pool_access_issue,1,0.64,true,0.481,false,false,1.0,0.95,34.66,2,recommendation,rooftop_f_and_b_credit,Calabra or Palma dining credit,135,34,54,81,0.86,2,5,true,true,true,false,false,false,false,false,true,false,false,true,false,true,true,synthetic_case_policy_assumption
comp-policy-comparison-v1.0.0,synthetic_discretionary_baseline,Synthetic discretionary baseline,replay_synthetic_history,false,case_00137,vip_guest,room_assignment_expectation_gap,3,0.74,true,0.573,false,false,0.58,0.95,56.45,3,reference_action,rooftop_f_and_b_credit,Calabra or Palma dining credit,160,64,64,64,0.45,2,5,true,false,false,false,false,false,false,false,true,false,false,false,true,false,true,synthetic_case_policy_assumption
comp-policy-comparison-v1.0.0,tiered_standardization,Tiered standardization,highest_issue_fit,true,case_00137,vip_guest,room_assignment_expectation_gap,3,0.74,true,0.573,false,false,0.58,0.95,56.45,3,data_quality_hold,data_quality_hold,Data-quality hold,0,0,0,0,0.0,0,0,false,false,false,false,false,false,false,false,false,false,true,true,true,true,true,synthetic_case_policy_assumption
comp-policy-comparison-v1.0.0,cost_guardrail,Guardrailed recovery,lowest_cost_adequate,true,case_00137,vip_guest,room_assignment_expectation_gap,3,0.74,true,0.573,false,false,0.58,0.95,56.45,3,data_quality_hold,data_quality_hold,Data-quality hold,0,0,0,0,0.0,0,0,false,false,false,false,false,false,false,false,false,false,true,true,true,true,true,synthetic_case_policy_assumption
comp-policy-comparison-v1.0.0,recovery_first,Recovery first,highest_perceived_recovery,true,case_00137,vip_guest,room_assignment_expectation_gap,3,0.74,true,0.573,false,false,0.58,0.95,56.45,3,data_quality_hold,data_quality_hold,Data-quality hold,0,0,0,0,0.0,0,0,false,false,false,false,false,false,false,false,false,false,true,true,true,true,true,synthetic_case_policy_assumption
comp-policy-comparison-v1.0.0,intelligent_generosity,Intelligent generosity,context_aware_policy_engine,true,case_00137,vip_guest,room_assignment_expectation_gap,3,0.74,true,0.573,false,false,0.58,0.95,56.45,3,data_quality_hold,data_quality_hold,Data-quality hold,0,0,0,0,0.0,0,0,false,false,false,false,false,false,false,false,false,false,true,true,true,true,true,synthetic_case_policy_assumption
comp-policy-comparison-v1.0.0,synthetic_discretionary_baseline,Synthetic discretionary baseline,replay_synthetic_history,false,case_00138,loyalty_guest,spa_wellness_service_issue,4,0.79,true,0.684,false,false,0.78,0.95,66.67,4,reference_unknown,no_matched_comp_record,No matched synthetic comp record,0,0,0,0,0.0,0,0,false,false,false,true,false,false,false,false,false,false,false,false,false,true,true,synthetic_case_policy_assumption
comp-policy-comparison-v1.0.0,tiered_standardization,Tiered standardization,highest_issue_fit,true,case_00138,loyalty_guest,spa_wellness_service_issue,4,0.79,true,0.684,false,false,0.78,0.95,66.67,4,recommendation,spa_wellness_credit,Surya Spa or Recovery Suite credit,330,99,182,248,0.9,3,5,true,true,true,true,false,false,false,false,true,false,false,true,false,true,true,synthetic_case_policy_assumption
comp-policy-comparison-v1.0.0,cost_guardrail,Guardrailed recovery,lowest_cost_adequate,true,case_00138,loyalty_guest,spa_wellness_service_issue,4,0.79,true,0.684,false,false,0.78,0.95,66.67,4,recommendation,spa_wellness_credit,Surya Spa or Recovery Suite credit,330,99,182,248,0.9,3,5,true,true,true,true,false,false,false,false,true,false,false,true,false,true,true,synthetic_case_policy_assumption
comp-policy-comparison-v1.0.0,recovery_first,Recovery first,highest_perceived_recovery,true,case_00138,loyalty_guest,spa_wellness_service_issue,4,0.79,true,0.684,false,false,0.78,0.95,66.67,4,recommendation,spa_wellness_credit,Surya Spa or Recovery Suite credit,330,99,182,248,0.9,3,5,true,true,true,true,false,false,false,false,true,false,false,true,false,true,true,synthetic_case_policy_assumption
comp-policy-comparison-v1.0.0,intelligent_generosity,Intelligent generosity,context_aware_policy_engine,true,case_00138,loyalty_guest,spa_wellness_service_issue,4,0.79,true,0.684,false,false,0.78,0.95,66.67,4,recommendation,spa_wellness_credit,Surya Spa or Recovery Suite credit,330,99,182,248,0.9,3,5,true,true,true,true,false,false,false,false,true,false,false,true,false,true,true,synthetic_case_policy_assumption
comp-policy-comparison-v1.0.0,synthetic_discretionary_baseline,Synthetic discretionary baseline,replay_synthetic_history,false,case_00139,returning_guest,room_readiness_delay,3,0.88,true,0.797,false,false,1.0,0.95,55.52,3,reference_action,lobby_lounge_credit,Palma lounge credit,110,42,42,42,0.76,2,4,true,true,true,false,false,false,false,false,true,false,false,false,false,true,true,synthetic_case_policy_assumption
comp-policy-comparison-v1.0.0,tiered_standardization,Tiered standardization,highest_issue_fit,true,case_00139,returning_guest,room_readiness_delay,3,0.88,true,0.797,false,false,1.0,0.95,55.52,3,recommendation,late_checkout,late checkout,85,7,17,38,0.9,2,4,true,true,true,false,false,false,false,false,true,false,false,true,false,true,true,synthetic_case_policy_assumption
comp-policy-comparison-v1.0.0,cost_guardrail,Guardrailed recovery,lowest_cost_adequate,true,case_00139,returning_guest,room_readiness_delay,3,0.88,true,0.797,false,false,1.0,0.95,55.52,3,recommendation,late_checkout,late checkout,85,7,17,38,0.9,2,4,true,true,true,false,false,false,false,false,true,false,false,true,false,true,true,synthetic_case_policy_assumption
comp-policy-comparison-v1.0.0,recovery_first,Recovery first,highest_perceived_recovery,true,case_00139,returning_guest,room_readiness_delay,3,0.88,true,0.797,false,false,1.0,0.95,55.52,3,recommendation,room_upgrade,room upgrade,300,24,75,195,0.48,3,5,true,false,true,false,false,false,false,true,true,false,true,true,false,true,true,synthetic_case_policy_assumption
comp-policy-comparison-v1.0.0,intelligent_generosity,Intelligent generosity,context_aware_policy_engine,true,case_00139,returning_guest,room_readiness_delay,3,0.88,true,0.797,false,false,1.0,0.95,55.52,3,recommendation,rooftop_f_and_b_credit,Calabra or Palma dining credit,150,38,60,90,0.72,2,5,true,true,true,false,false,false,false,true,true,false,true,true,false,true,true,synthetic_case_policy_assumption
comp-policy-comparison-v1.0.0,synthetic_discretionary_baseline,Synthetic discretionary baseline,replay_synthetic_history,false,case_00140,vip_guest,f_and_b_service_lapse,3,0.7,true,0.948,true,false,1.0,0.95,55.54,3,reference_unknown,no_matched_comp_record,No matched synthetic comp record,0,0,0,0,0.0,0,0,false,false,false,false,false,false,false,false,false,false,false,false,false,true,true,synthetic_case_policy_assumption
comp-policy-comparison-v1.0.0,tiered_standardization,Tiered standardization,highest_issue_fit,true,case_00140,vip_guest,f_and_b_service_lapse,3,0.7,true,0.948,true,false,1.0,0.95,55.54,3,recommendation,rooftop_f_and_b_credit,Calabra or Palma dining credit,150,38,60,90,0.88,2,5,true,true,true,false,false,false,false,false,true,false,false,true,false,true,true,synthetic_case_policy_assumption
comp-policy-comparison-v1.0.0,cost_guardrail,Guardrailed recovery,lowest_cost_adequate,true,case_00140,vip_guest,f_and_b_service_lapse,3,0.7,true,0.948,true,false,1.0,0.95,55.54,3,recommendation,rooftop_f_and_b_credit,Calabra or Palma dining credit,150,38,60,90,0.88,2,5,true,true,true,false,false,false,false,false,true,false,false,true,false,true,true,synthetic_case_policy_assumption
comp-policy-comparison-v1.0.0,recovery_first,Recovery first,highest_perceived_recovery,true,case_00140,vip_guest,f_and_b_service_lapse,3,0.7,true,0.948,true,false,1.0,0.95,55.54,3,recommendation,rooftop_f_and_b_credit,Calabra or Palma dining credit,150,38,60,90,0.88,2,5,true,true,true,false,false,false,false,false,true,false,false,true,false,true,true,synthetic_case_policy_assumption
comp-policy-comparison-v1.0.0,intelligent_generosity,Intelligent generosity,context_aware_policy_engine,true,case_00140,vip_guest,f_and_b_service_lapse,3,0.7,true,0.948,true,false,1.0,0.95,55.54,3,recommendation,rooftop_f_and_b_credit,Calabra or Palma dining credit,150,38,60,90,0.88,2,5,true,true,true,false,false,false,false,false,true,false,false,true,false,true,true,synthetic_case_policy_assumption
comp-policy-comparison-v1.0.0,synthetic_discretionary_baseline,Synthetic discretionary baseline,replay_synthetic_history,false,case_00141,loyalty_guest,rooftop_pool_access_issue,3,0.64,true,0.737,false,false,1.0,0.95,53.37,3,reference_action,late_checkout,late checkout,105,21,21,21,0.5,2,4,true,false,false,false,false,false,false,false,true,false,false,false,false,true,true,synthetic_case_policy_assumption
comp-policy-comparison-v1.0.0,tiered_standardization,Tiered standardization,highest_issue_fit,true,case_00141,loyalty_guest,rooftop_pool_access_issue,3,0.64,true,0.737,false,false,1.0,0.95,53.37,3,recommendation,rooftop_f_and_b_credit,Calabra or Palma dining credit,150,38,60,90,0.86,2,5,true,true,true,false,false,false,false,false,true,false,false,true,false,true,true,synthetic_case_policy_assumption
comp-policy-comparison-v1.0.0,cost_guardrail,Guardrailed recovery,lowest_cost_adequate,true,case_00141,loyalty_guest,rooftop_pool_access_issue,3,0.64,true,0.737,false,false,1.0,0.95,53.37,3,recommendation,rooftop_f_and_b_credit,Calabra or Palma dining credit,150,38,60,90,0.86,2,5,true,true,true,false,false,false,false,false,true,false,false,true,false,true,true,synthetic_case_policy_assumption
comp-policy-comparison-v1.0.0,recovery_first,Recovery first,highest_perceived_recovery,true,case_00141,loyalty_guest,rooftop_pool_access_issue,3,0.64,true,0.737,false,false,1.0,0.95,53.37,3,recommendation,rooftop_f_and_b_credit,Calabra or Palma dining credit,150,38,60,90,0.86,2,5,true,true,true,false,false,false,false,false,true,false,false,true,false,true,true,synthetic_case_policy_assumption
comp-policy-comparison-v1.0.0,intelligent_generosity,Intelligent generosity,context_aware_policy_engine,true,case_00141,loyalty_guest,rooftop_pool_access_issue,3,0.64,true,0.737,false,false,1.0,0.95,53.37,3,recommendation,rooftop_f_and_b_credit,Calabra or Palma dining credit,150,38,60,90,0.86,2,5,true,true,true,false,false,false,false,false,true,false,false,true,false,true,true,synthetic_case_policy_assumption
comp-policy-comparison-v1.0.0,synthetic_discretionary_baseline,Synthetic discretionary baseline,replay_synthetic_history,false,case_00142,new_guest,noise_disruption,4,0.53,true,0.987,true,false,1.0,0.95,56.22,3,reference_action,lobby_lounge_credit,Palma lounge credit,75,28,28,28,0.52,2,4,true,false,false,false,false,false,false,false,true,false,false,false,false,true,true,synthetic_case_policy_assumption
comp-policy-comparison-v1.0.0,tiered_standardization,Tiered standardization,highest_issue_fit,true,case_00142,new_guest,noise_disruption,4,0.53,true,0.987,true,false,1.0,0.95,56.22,3,recommendation,late_checkout,late checkout,85,7,17,38,0.82,2,4,true,true,true,false,false,false,true,false,true,false,true,true,false,true,true,synthetic_case_policy_assumption
comp-policy-comparison-v1.0.0,cost_guardrail,Guardrailed recovery,lowest_cost_adequate,true,case_00142,new_guest,noise_disruption,4,0.53,true,0.987,true,false,1.0,0.95,56.22,3,recommendation,late_checkout,late checkout,85,7,17,38,0.82,2,4,true,true,true,false,false,false,true,false,true,false,true,true,false,true,true,synthetic_case_policy_assumption
comp-policy-comparison-v1.0.0,recovery_first,Recovery first,highest_perceived_recovery,true,case_00142,new_guest,noise_disruption,4,0.53,true,0.987,true,false,1.0,0.95,56.22,3,recommendation,spa_wellness_credit,Surya Spa or Recovery Suite credit,275,82,151,206,0.62,3,5,true,true,true,false,false,false,false,true,true,false,true,true,false,true,true,synthetic_case_policy_assumption
comp-policy-comparison-v1.0.0,intelligent_generosity,Intelligent generosity,context_aware_policy_engine,true,case_00142,new_guest,noise_disruption,4,0.53,true,0.987,true,false,1.0,0.95,56.22,3,recommendation,spa_wellness_credit,Surya Spa or Recovery Suite credit,275,82,151,206,0.62,3,5,true,true,true,false,false,false,false,true,true,false,true,true,false,true,true,synthetic_case_policy_assumption
comp-policy-comparison-v1.0.0,synthetic_discretionary_baseline,Synthetic discretionary baseline,replay_synthetic_history,false,case_00143,loyalty_guest,valet_or_parking_delay,2,0.62,true,0.568,false,false,1.0,0.95,43.57,3,reference_unknown,no_matched_comp_record,No matched synthetic comp record,0,0,0,0,0.0,0,0,false,false,false,false,false,false,false,false,false,false,false,false,false,true,true,synthetic_case_policy_assumption
comp-policy-comparison-v1.0.0,tiered_standardization,Tiered standardization,highest_issue_fit,true,case_00143,loyalty_guest,valet_or_parking_delay,2,0.62,true,0.568,false,false,1.0,0.95,43.57,3,recommendation,parking_fee_waiver,parking or destination-fee waiver,85,7,15,30,0.9,2,4,true,true,true,false,false,false,false,false,true,false,false,true,false,true,true,synthetic_case_policy_assumption
comp-policy-comparison-v1.0.0,cost_guardrail,Guardrailed recovery,lowest_cost_adequate,true,case_00143,loyalty_guest,valet_or_parking_delay,2,0.62,true,0.568,false,false,1.0,0.95,43.57,3,recommendation,parking_fee_waiver,parking or destination-fee waiver,85,7,15,30,0.9,2,4,true,true,true,false,false,false,false,false,true,false,false,true,false,true,true,synthetic_case_policy_assumption
comp-policy-comparison-v1.0.0,recovery_first,Recovery first,highest_perceived_recovery,true,case_00143,loyalty_guest,valet_or_parking_delay,2,0.62,true,0.568,false,false,1.0,0.95,43.57,3,recommendation,spa_wellness_credit,Surya Spa or Recovery Suite credit,275,82,151,206,0.25,3,5,true,false,true,false,false,false,false,true,true,false,true,true,false,true,true,synthetic_case_policy_assumption
comp-policy-comparison-v1.0.0,intelligent_generosity,Intelligent generosity,context_aware_policy_engine,true,case_00143,loyalty_guest,valet_or_parking_delay,2,0.62,true,0.568,false,false,1.0,0.95,43.57,3,recommendation,parking_fee_waiver,parking or destination-fee waiver,85,7,15,30,0.9,2,4,true,true,true,false,false,false,false,false,true,false,false,true,false,true,true,synthetic_case_policy_assumption
comp-policy-comparison-v1.0.0,synthetic_discretionary_baseline,Synthetic discretionary baseline,replay_synthetic_history,false,case_00144,new_guest,housekeeping_miss,4,0.95,true,0.79,false,false,1.0,0.95,64.57,4,reference_unknown,no_matched_comp_record,No matched synthetic comp record,0,0,0,0,0.0,0,0,false,false,false,true,false,false,false,false,false,false,false,false,false,true,true,synthetic_case_policy_assumption
comp-policy-comparison-v1.0.0,tiered_standardization,Tiered standardization,highest_issue_fit,true,case_00144,new_guest,housekeeping_miss,4,0.95,true,0.79,false,false,1.0,0.95,64.57,4,recommendation,amenity_gesture,in-room amenity gesture,65,16,29,42,0.8,1,3,true,false,false,true,true,false,false,false,true,false,false,true,false,true,true,synthetic_case_policy_assumption
comp-policy-comparison-v1.0.0,cost_guardrail,Guardrailed recovery,lowest_cost_adequate,true,case_00144,new_guest,housekeeping_miss,4,0.95,true,0.79,false,false,1.0,0.95,64.57,4,recommendation,partial_room_refund,partial room refund,160,160,160,160,0.78,4,5,true,true,true,true,false,false,false,false,false,true,false,true,false,true,true,synthetic_case_policy_assumption
comp-policy-comparison-v1.0.0,recovery_first,Recovery first,highest_perceived_recovery,true,case_00144,new_guest,housekeeping_miss,4,0.95,true,0.79,false,false,1.0,0.95,64.57,4,recommendation,future_stay_credit,future-stay credit,215,64,129,183,0.56,4,5,true,false,true,true,false,false,false,true,false,false,true,true,false,true,true,synthetic_case_policy_assumption
comp-policy-comparison-v1.0.0,intelligent_generosity,Intelligent generosity,context_aware_policy_engine,true,case_00144,new_guest,housekeeping_miss,4,0.95,true,0.79,false,false,1.0,0.95,64.57,4,recommendation,future_stay_credit,future-stay credit,215,64,129,183,0.56,4,5,true,false,true,true,false,false,false,true,false,false,true,true,false,true,true,synthetic_case_policy_assumption
comp-policy-comparison-v1.0.0,synthetic_discretionary_baseline,Synthetic discretionary baseline,replay_synthetic_history,false,case_00145,new_guest,housekeeping_miss,4,0.95,true,0.503,true,false,1.0,0.95,66.2,4,reference_action,spa_wellness_credit,Surya Spa or Recovery Suite credit,395,217,217,217,0.25,3,5,true,false,false,true,true,false,false,false,true,false,false,false,false,true,true,synthetic_case_policy_assumption
comp-policy-comparison-v1.0.0,tiered_standardization,Tiered standardization,highest_issue_fit,true,case_00145,new_guest,housekeeping_miss,4,0.95,true,0.503,true,false,1.0,0.95,66.2,4,recommendation,amenity_gesture,in-room amenity gesture,65,16,29,42,0.8,1,3,true,false,false,true,true,false,false,false,true,false,false,true,false,true,true,synthetic_case_policy_assumption
comp-policy-comparison-v1.0.0,cost_guardrail,Guardrailed recovery,lowest_cost_adequate,true,case_00145,new_guest,housekeeping_miss,4,0.95,true,0.503,true,false,1.0,0.95,66.2,4,recommendation,partial_room_refund,partial room refund,205,205,205,205,0.78,4,5,true,true,true,true,false,false,false,false,false,true,false,true,false,true,true,synthetic_case_policy_assumption
comp-policy-comparison-v1.0.0,recovery_first,Recovery first,highest_perceived_recovery,true,case_00145,new_guest,housekeeping_miss,4,0.95,true,0.503,true,false,1.0,0.95,66.2,4,recommendation,future_stay_credit,future-stay credit,275,82,165,234,0.56,4,5,true,false,true,true,false,false,false,true,false,false,true,true,false,true,true,synthetic_case_policy_assumption
comp-policy-comparison-v1.0.0,intelligent_generosity,Intelligent generosity,context_aware_policy_engine,true,case_00145,new_guest,housekeeping_miss,4,0.95,true,0.503,true,false,1.0,0.95,66.2,4,recommendation,rooftop_f_and_b_credit,Calabra or Palma dining credit,180,45,72,108,0.45,2,5,true,false,true,true,false,false,false,true,true,false,true,true,false,true,true,synthetic_case_policy_assumption
comp-policy-comparison-v1.0.0,synthetic_discretionary_baseline,Synthetic discretionary baseline,replay_synthetic_history,false,case_00146,new_guest,maintenance_issue,4,0.83,true,0.807,false,false,1.0,0.95,63.28,4,reference_action,room_upgrade,room upgrade,300,75,75,75,0.35,3,5,true,false,false,true,true,false,false,false,true,false,false,false,false,true,true,synthetic_case_policy_assumption
comp-policy-comparison-v1.0.0,tiered_standardization,Tiered standardization,highest_issue_fit,true,case_00146,new_guest,maintenance_issue,4,0.83,true,0.807,false,false,1.0,0.95,63.28,4,recommendation,partial_room_refund,partial room refund,150,150,150,150,0.8,4,5,true,true,true,true,false,false,false,false,false,true,false,true,false,true,true,synthetic_case_policy_assumption
comp-policy-comparison-v1.0.0,cost_guardrail,Guardrailed recovery,lowest_cost_adequate,true,case_00146,new_guest,maintenance_issue,4,0.83,true,0.807,false,false,1.0,0.95,63.28,4,recommendation,partial_room_refund,partial room refund,150,150,150,150,0.8,4,5,true,true,true,true,false,false,false,false,false,true,false,true,false,true,true,synthetic_case_policy_assumption
comp-policy-comparison-v1.0.0,recovery_first,Recovery first,highest_perceived_recovery,true,case_00146,new_guest,maintenance_issue,4,0.83,true,0.807,false,false,1.0,0.95,63.28,4,recommendation,spa_wellness_credit,Surya Spa or Recovery Suite credit,330,99,182,248,0.45,3,5,true,false,true,true,false,false,false,true,true,false,true,true,false,true,true,synthetic_case_policy_assumption
comp-policy-comparison-v1.0.0,intelligent_generosity,Intelligent generosity,context_aware_policy_engine,true,case_00146,new_guest,maintenance_issue,4,0.83,true,0.807,false,false,1.0,0.95,63.28,4,recommendation,spa_wellness_credit,Surya Spa or Recovery Suite credit,330,99,182,248,0.45,3,5,true,false,true,true,false,false,false,true,true,false,true,true,false,true,true,synthetic_case_policy_assumption
comp-policy-comparison-v1.0.0,synthetic_discretionary_baseline,Synthetic discretionary baseline,replay_synthetic_history,false,case_00147,new_guest,housekeeping_miss,4,0.95,true,0.923,true,false,1.0,0.95,66.32,4,reference_action,room_upgrade,room upgrade,265,66,66,66,0.16,3,5,true,false,false,true,true,false,true,false,true,false,false,false,false,true,true,synthetic_case_policy_assumption
comp-policy-comparison-v1.0.0,tiered_standardization,Tiered standardization,highest_issue_fit,true,case_00147,new_guest,housekeeping_miss,4,0.95,true,0.923,true,false,1.0,0.95,66.32,4,recommendation,amenity_gesture,in-room amenity gesture,65,16,29,42,0.8,1,3,true,false,false,true,true,false,false,false,true,false,false,true,false,true,true,synthetic_case_policy_assumption
comp-policy-comparison-v1.0.0,cost_guardrail,Guardrailed recovery,lowest_cost_adequate,true,case_00147,new_guest,housekeeping_miss,4,0.95,true,0.923,true,false,1.0,0.95,66.32,4,recommendation,partial_room_refund,partial room refund,230,230,230,230,0.78,4,5,true,true,true,true,false,false,false,false,false,true,false,true,false,true,true,synthetic_case_policy_assumption
comp-policy-comparison-v1.0.0,recovery_first,Recovery first,highest_perceived_recovery,true,case_00147,new_guest,housekeeping_miss,4,0.95,true,0.923,true,false,1.0,0.95,66.32,4,recommendation,future_stay_credit,future-stay credit,310,93,186,264,0.56,4,5,true,false,true,true,false,false,false,true,false,false,true,true,false,true,true,synthetic_case_policy_assumption
comp-policy-comparison-v1.0.0,intelligent_generosity,Intelligent generosity,context_aware_policy_engine,true,case_00147,new_guest,housekeeping_miss,4,0.95,true,0.923,true,false,1.0,0.95,66.32,4,recommendation,rooftop_f_and_b_credit,Calabra or Palma dining credit,180,45,72,108,0.45,2,5,true,false,true,true,false,false,false,true,true,false,true,true,false,true,true,synthetic_case_policy_assumption
comp-policy-comparison-v1.0.0,synthetic_discretionary_baseline,Synthetic discretionary baseline,replay_synthetic_history,false,case_00148,new_guest,f_and_b_service_lapse,3,0.7,true,0.473,false,false,1.0,0.95,52.42,3,reference_unknown,no_matched_comp_record,No matched synthetic comp record,0,0,0,0,0.0,0,0,false,false,false,false,false,false,false,false,false,false,false,false,false,true,true,synthetic_case_policy_assumption
comp-policy-comparison-v1.0.0,tiered_standardization,Tiered standardization,highest_issue_fit,true,case_00148,new_guest,f_and_b_service_lapse,3,0.7,true,0.473,false,false,1.0,0.95,52.42,3,recommendation,rooftop_f_and_b_credit,Calabra or Palma dining credit,150,38,60,90,0.88,2,5,true,true,true,false,false,false,false,false,true,false,false,true,false,true,true,synthetic_case_policy_assumption
comp-policy-comparison-v1.0.0,cost_guardrail,Guardrailed recovery,lowest_cost_adequate,true,case_00148,new_guest,f_and_b_service_lapse,3,0.7,true,0.473,false,false,1.0,0.95,52.42,3,recommendation,rooftop_f_and_b_credit,Calabra or Palma dining credit,150,38,60,90,0.88,2,5,true,true,true,false,false,false,false,false,true,false,false,true,false,true,true,synthetic_case_policy_assumption
comp-policy-comparison-v1.0.0,recovery_first,Recovery first,highest_perceived_recovery,true,case_00148,new_guest,f_and_b_service_lapse,3,0.7,true,0.473,false,false,1.0,0.95,52.42,3,recommendation,rooftop_f_and_b_credit,Calabra or Palma dining credit,150,38,60,90,0.88,2,5,true,true,true,false,false,false,false,false,true,false,false,true,false,true,true,synthetic_case_policy_assumption
comp-policy-comparison-v1.0.0,intelligent_generosity,Intelligent generosity,context_aware_policy_engine,true,case_00148,new_guest,f_and_b_service_lapse,3,0.7,true,0.473,false,false,1.0,0.95,52.42,3,recommendation,rooftop_f_and_b_credit,Calabra or Palma dining credit,150,38,60,90,0.88,2,5,true,true,true,false,false,false,false,false,true,false,false,true,false,true,true,synthetic_case_policy_assumption
comp-policy-comparison-v1.0.0,synthetic_discretionary_baseline,Synthetic discretionary baseline,replay_synthetic_history,false,case_00149,new_guest,spa_wellness_service_issue,3,0.74,true,0.32,false,false,1.0,0.95,53.07,3,reference_action,amenity_gesture,in-room amenity gesture,70,32,32,32,0.7,1,3,true,true,true,false,false,false,false,false,true,false,false,false,false,true,true,synthetic_case_policy_assumption
comp-policy-comparison-v1.0.0,tiered_standardization,Tiered standardization,highest_issue_fit,true,case_00149,new_guest,spa_wellness_service_issue,3,0.74,true,0.32,false,false,1.0,0.95,53.07,3,recommendation,spa_wellness_credit,Surya Spa or Recovery Suite credit,275,82,151,206,0.9,3,5,true,true,true,false,false,false,false,false,true,false,false,true,false,true,true,synthetic_case_policy_assumption
comp-policy-comparison-v1.0.0,cost_guardrail,Guardrailed recovery,lowest_cost_adequate,true,case_00149,new_guest,spa_wellness_service_issue,3,0.74,true,0.32,false,false,1.0,0.95,53.07,3,recommendation,spa_wellness_credit,Surya Spa or Recovery Suite credit,275,82,151,206,0.9,3,5,true,true,true,false,false,false,false,false,true,false,false,true,false,true,true,synthetic_case_policy_assumption
comp-policy-comparison-v1.0.0,recovery_first,Recovery first,highest_perceived_recovery,true,case_00149,new_guest,spa_wellness_service_issue,3,0.74,true,0.32,false,false,1.0,0.95,53.07,3,recommendation,spa_wellness_credit,Surya Spa or Recovery Suite credit,275,82,151,206,0.9,3,5,true,true,true,false,false,false,false,false,true,false,false,true,false,true,true,synthetic_case_policy_assumption
comp-policy-comparison-v1.0.0,intelligent_generosity,Intelligent generosity,context_aware_policy_engine,true,case_00149,new_guest,spa_wellness_service_issue,3,0.74,true,0.32,false,false,1.0,0.95,53.07,3,recommendation,spa_wellness_credit,Surya Spa or Recovery Suite credit,275,82,151,206,0.9,3,5,true,true,true,false,false,false,false,false,true,false,false,true,false,true,true,synthetic_case_policy_assumption
comp-policy-comparison-v1.0.0,synthetic_discretionary_baseline,Synthetic discretionary baseline,replay_synthetic_history,false,case_00150,new_guest,noise_disruption,1,0.48,true,0.717,false,false,1.0,0.95,31.12,2,reference_unknown,no_matched_comp_record,No matched synthetic comp record,0,0,0,0,0.0,0,0,false,false,false,false,false,false,false,false,false,false,false,false,false,true,true,synthetic_case_policy_assumption
comp-policy-comparison-v1.0.0,tiered_standardization,Tiered standardization,highest_issue_fit,true,case_00150,new_guest,noise_disruption,1,0.48,true,0.717,false,false,1.0,0.95,31.12,2,recommendation,late_checkout,late checkout,75,6,15,34,0.82,2,4,true,true,true,false,false,false,false,false,true,false,false,true,false,true,true,synthetic_case_policy_assumption
comp-policy-comparison-v1.0.0,cost_guardrail,Guardrailed recovery,lowest_cost_adequate,true,case_00150,new_guest,noise_disruption,1,0.48,true,0.717,false,false,1.0,0.95,31.12,2,recommendation,late_checkout,late checkout,75,6,15,34,0.82,2,4,true,true,true,false,false,false,false,false,true,false,false,true,false,true,true,synthetic_case_policy_assumption
comp-policy-comparison-v1.0.0,recovery_first,Recovery first,highest_perceived_recovery,true,case_00150,new_guest,noise_disruption,1,0.48,true,0.717,false,false,1.0,0.95,31.12,2,recommendation,late_checkout,late checkout,75,6,15,34,0.82,2,4,true,true,true,false,false,false,false,false,true,false,false,true,false,true,true,synthetic_case_policy_assumption
comp-policy-comparison-v1.0.0,intelligent_generosity,Intelligent generosity,context_aware_policy_engine,true,case_00150,new_guest,noise_disruption,1,0.48,true,0.717,false,false,1.0,0.95,31.12,2,recommendation,late_checkout,late checkout,75,6,15,34,0.82,2,4,true,true,true,false,false,false,false,false,true,false,false,true,false,true,true,synthetic_case_policy_assumption
comp-policy-comparison-v1.0.0,synthetic_discretionary_baseline,Synthetic discretionary baseline,replay_synthetic_history,false,case_00151,new_guest,housekeeping_miss,3,0.9,true,0.453,false,false,1.0,0.95,58.95,4,reference_unknown,no_matched_comp_record,No matched synthetic comp record,0,0,0,0,0.0,0,0,false,false,false,true,false,false,false,false,false,false,false,false,false,true,true,synthetic_case_policy_assumption
comp-policy-comparison-v1.0.0,tiered_standardization,Tiered standardization,highest_issue_fit,true,case_00151,new_guest,housekeeping_miss,3,0.9,true,0.453,false,false,1.0,0.95,58.95,4,recommendation,amenity_gesture,in-room amenity gesture,65,16,29,42,0.8,1,3,true,false,false,true,true,false,false,false,true,false,false,true,false,true,true,synthetic_case_policy_assumption
comp-policy-comparison-v1.0.0,cost_guardrail,Guardrailed recovery,lowest_cost_adequate,true,case_00151,new_guest,housekeeping_miss,3,0.9,true,0.453,false,false,1.0,0.95,58.95,4,recommendation,partial_room_refund,partial room refund,180,180,180,180,0.78,4,5,true,true,true,true,false,false,false,false,false,true,false,true,false,true,true,synthetic_case_policy_assumption
comp-policy-comparison-v1.0.0,recovery_first,Recovery first,highest_perceived_recovery,true,case_00151,new_guest,housekeeping_miss,3,0.9,true,0.453,false,false,1.0,0.95,58.95,4,recommendation,future_stay_credit,future-stay credit,245,74,147,208,0.56,4,5,true,false,true,true,false,false,false,true,false,false,true,true,false,true,true,synthetic_case_policy_assumption
comp-policy-comparison-v1.0.0,intelligent_generosity,Intelligent generosity,context_aware_policy_engine,true,case_00151,new_guest,housekeeping_miss,3,0.9,true,0.453,false,false,1.0,0.95,58.95,4,recommendation,future_stay_credit,future-stay credit,245,74,147,208,0.56,4,5,true,false,true,true,false,false,false,true,false,false,true,true,false,true,true,synthetic_case_policy_assumption
comp-policy-comparison-v1.0.0,synthetic_discretionary_baseline,Synthetic discretionary baseline,replay_synthetic_history,false,case_00152,new_guest,maintenance_issue,3,0.78,true,0.68,false,false,1.0,0.95,56.81,3,reference_action,rooftop_f_and_b_credit,Calabra or Palma dining credit,180,72,72,72,0.45,2,5,true,false,false,false,false,false,false,false,true,false,false,false,false,true,true,synthetic_case_policy_assumption
comp-policy-comparison-v1.0.0,tiered_standardization,Tiered standardization,highest_issue_fit,true,case_00152,new_guest,maintenance_issue,3,0.78,true,0.68,false,false,1.0,0.95,56.81,3,recommendation,manager_note,manager note and personal follow-up,0,0,0,0,0.72,1,3,true,true,true,false,false,false,false,true,false,false,true,true,false,true,true,synthetic_case_policy_assumption
comp-policy-comparison-v1.0.0,cost_guardrail,Guardrailed recovery,lowest_cost_adequate,true,case_00152,new_guest,maintenance_issue,3,0.78,true,0.68,false,false,1.0,0.95,56.81,3,recommendation,manager_note,manager note and personal follow-up,0,0,0,0,0.72,1,3,true,true,true,false,false,false,false,true,false,false,true,true,false,true,true,synthetic_case_policy_assumption
comp-policy-comparison-v1.0.0,recovery_first,Recovery first,highest_perceived_recovery,true,case_00152,new_guest,maintenance_issue,3,0.78,true,0.68,false,false,1.0,0.95,56.81,3,recommendation,spa_wellness_credit,Surya Spa or Recovery Suite credit,275,82,151,206,0.45,3,5,true,false,true,false,false,false,false,true,true,false,true,true,false,true,true,synthetic_case_policy_assumption
comp-policy-comparison-v1.0.0,intelligent_generosity,Intelligent generosity,context_aware_policy_engine,true,case_00152,new_guest,maintenance_issue,3,0.78,true,0.68,false,false,1.0,0.95,56.81,3,recommendation,spa_wellness_credit,Surya Spa or Recovery Suite credit,275,82,151,206,0.45,3,5,true,false,true,false,false,false,false,true,true,false,true,true,false,true,true,synthetic_case_policy_assumption
comp-policy-comparison-v1.0.0,synthetic_discretionary_baseline,Synthetic discretionary baseline,replay_synthetic_history,false,case_00153,returning_guest,housekeeping_miss,2,0.9,true,0.737,false,false,1.0,0.95,52.73,3,reference_unknown,no_matched_comp_record,No matched synthetic comp record,0,0,0,0,0.0,0,0,false,false,false,false,false,false,false,false,false,false,false,false,false,true,true,synthetic_case_policy_assumption
comp-policy-comparison-v1.0.0,tiered_standardization,Tiered standardization,highest_issue_fit,true,case_00153,returning_guest,housekeeping_miss,2,0.9,true,0.737,false,false,1.0,0.95,52.73,3,recommendation,amenity_gesture,in-room amenity gesture,55,14,25,36,0.8,1,3,true,true,true,false,false,false,false,false,true,false,false,true,false,true,true,synthetic_case_policy_assumption
comp-policy-comparison-v1.0.0,cost_guardrail,Guardrailed recovery,lowest_cost_adequate,true,case_00153,returning_guest,housekeeping_miss,2,0.9,true,0.737,false,false,1.0,0.95,52.73,3,recommendation,amenity_gesture,in-room amenity gesture,55,14,25,36,0.8,1,3,true,true,true,false,false,false,false,false,true,false,false,true,false,true,true,synthetic_case_policy_assumption
comp-policy-comparison-v1.0.0,recovery_first,Recovery first,highest_perceived_recovery,true,case_00153,returning_guest,housekeeping_miss,2,0.9,true,0.737,false,false,1.0,0.95,52.73,3,recommendation,spa_wellness_credit,Surya Spa or Recovery Suite credit,275,82,151,206,0.25,3,5,true,false,true,false,false,false,false,true,true,false,true,true,false,true,true,synthetic_case_policy_assumption
comp-policy-comparison-v1.0.0,intelligent_generosity,Intelligent generosity,context_aware_policy_engine,true,case_00153,returning_guest,housekeeping_miss,2,0.9,true,0.737,false,false,1.0,0.95,52.73,3,recommendation,rooftop_f_and_b_credit,Calabra or Palma dining credit,150,38,60,90,0.45,2,5,true,false,true,false,false,false,false,true,true,false,true,true,false,true,true,synthetic_case_policy_assumption
comp-policy-comparison-v1.0.0,synthetic_discretionary_baseline,Synthetic discretionary baseline,replay_synthetic_history,false,case_00154,returning_guest,room_assignment_expectation_gap,2,0.74,true,0.567,true,false,1.0,0.95,48.67,3,reference_unknown,no_matched_comp_record,No matched synthetic comp record,0,0,0,0,0.0,0,0,false,false,false,false,false,false,false,false,false,false,false,false,false,true,true,synthetic_case_policy_assumption
comp-policy-comparison-v1.0.0,tiered_standardization,Tiered standardization,highest_issue_fit,true,case_00154,returning_guest,room_assignment_expectation_gap,2,0.74,true,0.567,true,false,1.0,0.95,48.67,3,recommendation,room_upgrade,room upgrade,300,24,75,195,0.9,3,5,true,true,true,false,false,false,true,false,true,false,true,true,false,true,true,synthetic_case_policy_assumption
comp-policy-comparison-v1.0.0,cost_guardrail,Guardrailed recovery,lowest_cost_adequate,true,case_00154,returning_guest,room_assignment_expectation_gap,2,0.74,true,0.567,true,false,1.0,0.95,48.67,3,recommendation,room_upgrade,room upgrade,300,24,75,195,0.9,3,5,true,true,true,false,false,false,true,false,true,false,true,true,false,true,true,synthetic_case_policy_assumption
comp-policy-comparison-v1.0.0,recovery_first,Recovery first,highest_perceived_recovery,true,case_00154,returning_guest,room_assignment_expectation_gap,2,0.74,true,0.567,true,false,1.0,0.95,48.67,3,recommendation,room_upgrade,room upgrade,300,24,75,195,0.9,3,5,true,true,true,false,false,false,true,false,true,false,true,true,false,true,true,synthetic_case_policy_assumption
comp-policy-comparison-v1.0.0,intelligent_generosity,Intelligent generosity,context_aware_policy_engine,true,case_00154,returning_guest,room_assignment_expectation_gap,2,0.74,true,0.567,true,false,1.0,0.95,48.67,3,recommendation,rooftop_f_and_b_credit,Calabra or Palma dining credit,150,38,60,90,0.45,2,5,true,false,true,false,false,false,false,true,true,false,true,true,false,true,true,synthetic_case_policy_assumption
comp-policy-comparison-v1.0.0,synthetic_discretionary_baseline,Synthetic discretionary baseline,replay_synthetic_history,false,case_00155,vip_guest,spa_wellness_service_issue,5,0.79,true,0.575,false,false,1.0,0.95,73.66,4,reference_action,spa_wellness_credit,Surya Spa or Recovery Suite credit,395,217,217,217,0.9,3,5,true,true,true,true,false,false,false,false,true,false,false,false,false,true,true,synthetic_case_policy_assumption
comp-policy-comparison-v1.0.0,tiered_standardization,Tiered standardization,highest_issue_fit,true,case_00155,vip_guest,spa_wellness_service_issue,5,0.79,true,0.575,false,false,1.0,0.95,73.66,4,recommendation,spa_wellness_credit,Surya Spa or Recovery Suite credit,330,99,182,248,0.9,3,5,true,true,true,true,false,false,false,false,true,false,false,true,false,true,true,synthetic_case_policy_assumption
comp-policy-comparison-v1.0.0,cost_guardrail,Guardrailed recovery,lowest_cost_adequate,true,case_00155,vip_guest,spa_wellness_service_issue,5,0.79,true,0.575,false,false,1.0,0.95,73.66,4,recommendation,future_stay_credit,future-stay credit,265,80,159,225,0.78,4,5,true,true,true,true,false,false,false,false,false,false,false,true,false,true,true,synthetic_case_policy_assumption
comp-policy-comparison-v1.0.0,recovery_first,Recovery first,highest_perceived_recovery,true,case_00155,vip_guest,spa_wellness_service_issue,5,0.79,true,0.575,false,false,1.0,0.95,73.66,4,recommendation,spa_wellness_credit,Surya Spa or Recovery Suite credit,330,99,182,248,0.9,3,5,true,true,true,true,false,false,false,false,true,false,false,true,false,true,true,synthetic_case_policy_assumption
comp-policy-comparison-v1.0.0,intelligent_generosity,Intelligent generosity,context_aware_policy_engine,true,case_00155,vip_guest,spa_wellness_service_issue,5,0.79,true,0.575,false,false,1.0,0.95,73.66,4,recommendation,spa_wellness_credit,Surya Spa or Recovery Suite credit,330,99,182,248,0.9,3,5,true,true,true,true,false,false,false,false,true,false,false,true,false,true,true,synthetic_case_policy_assumption
comp-policy-comparison-v1.0.0,synthetic_discretionary_baseline,Synthetic discretionary baseline,replay_synthetic_history,false,case_00156,new_guest,valet_or_parking_delay,3,0.62,true,0.631,false,false,1.0,0.95,53.21,3,reference_action,parking_fee_waiver,parking or destination-fee waiver,95,17,17,17,0.9,2,4,true,true,true,false,false,false,false,false,true,false,false,false,false,true,true,synthetic_case_policy_assumption
comp-policy-comparison-v1.0.0,tiered_standardization,Tiered standardization,highest_issue_fit,true,case_00156,new_guest,valet_or_parking_delay,3,0.62,true,0.631,false,false,1.0,0.95,53.21,3,recommendation,parking_fee_waiver,parking or destination-fee waiver,85,7,15,30,0.9,2,4,true,true,true,false,false,false,false,false,true,false,false,true,false,true,true,synthetic_case_policy_assumption
comp-policy-comparison-v1.0.0,cost_guardrail,Guardrailed recovery,lowest_cost_adequate,true,case_00156,new_guest,valet_or_parking_delay,3,0.62,true,0.631,false,false,1.0,0.95,53.21,3,recommendation,parking_fee_waiver,parking or destination-fee waiver,85,7,15,30,0.9,2,4,true,true,true,false,false,false,false,false,true,false,false,true,false,true,true,synthetic_case_policy_assumption
comp-policy-comparison-v1.0.0,recovery_first,Recovery first,highest_perceived_recovery,true,case_00156,new_guest,valet_or_parking_delay,3,0.62,true,0.631,false,false,1.0,0.95,53.21,3,recommendation,spa_wellness_credit,Surya Spa or Recovery Suite credit,275,82,151,206,0.25,3,5,true,false,true,false,false,false,false,true,true,false,true,true,false,true,true,synthetic_case_policy_assumption
comp-policy-comparison-v1.0.0,intelligent_generosity,Intelligent generosity,context_aware_policy_engine,true,case_00156,new_guest,valet_or_parking_delay,3,0.62,true,0.631,false,false,1.0,0.95,53.21,3,recommendation,parking_fee_waiver,parking or destination-fee waiver,85,7,15,30,0.9,2,4,true,true,true,false,false,false,false,false,true,false,false,true,false,true,true,synthetic_case_policy_assumption
comp-policy-comparison-v1.0.0,synthetic_discretionary_baseline,Synthetic discretionary baseline,replay_synthetic_history,false,case_00157,new_guest,room_assignment_expectation_gap,2,0.74,true,0.649,false,false,1.0,0.95,45.27,3,reference_action,rooftop_f_and_b_credit,Calabra or Palma dining credit,175,70,70,70,0.45,2,5,true,false,false,false,false,false,false,false,true,false,false,false,false,true,true,synthetic_case_policy_assumption
comp-policy-comparison-v1.0.0,tiered_standardization,Tiered standardization,highest_issue_fit,true,case_00157,new_guest,room_assignment_expectation_gap,2,0.74,true,0.649,false,false,1.0,0.95,45.27,3,recommendation,room_upgrade,room upgrade,300,24,75,195,0.9,3,5,true,true,true,false,false,false,false,false,true,false,false,true,false,true,true,synthetic_case_policy_assumption
comp-policy-comparison-v1.0.0,cost_guardrail,Guardrailed recovery,lowest_cost_adequate,true,case_00157,new_guest,room_assignment_expectation_gap,2,0.74,true,0.649,false,false,1.0,0.95,45.27,3,recommendation,room_upgrade,room upgrade,300,24,75,195,0.9,3,5,true,true,true,false,false,false,false,false,true,false,false,true,false,true,true,synthetic_case_policy_assumption
comp-policy-comparison-v1.0.0,recovery_first,Recovery first,highest_perceived_recovery,true,case_00157,new_guest,room_assignment_expectation_gap,2,0.74,true,0.649,false,false,1.0,0.95,45.27,3,recommendation,room_upgrade,room upgrade,300,24,75,195,0.9,3,5,true,true,true,false,false,false,false,false,true,false,false,true,false,true,true,synthetic_case_policy_assumption
comp-policy-comparison-v1.0.0,intelligent_generosity,Intelligent generosity,context_aware_policy_engine,true,case_00157,new_guest,room_assignment_expectation_gap,2,0.74,true,0.649,false,false,1.0,0.95,45.27,3,recommendation,room_upgrade,room upgrade,300,24,75,195,0.9,3,5,true,true,true,false,false,false,false,false,true,false,false,true,false,true,true,synthetic_case_policy_assumption
comp-policy-comparison-v1.0.0,synthetic_discretionary_baseline,Synthetic discretionary baseline,replay_synthetic_history,false,case_00158,returning_guest,f_and_b_service_lapse,4,0.75,false,0.627,false,false,1.0,0.95,65.76,4,reference_action,lobby_lounge_credit,Palma lounge credit,135,51,51,51,0.52,2,4,true,false,false,true,true,false,false,false,true,false,false,false,false,true,true,synthetic_case_policy_assumption
comp-policy-comparison-v1.0.0,tiered_standardization,Tiered standardization,highest_issue_fit,true,case_00158,returning_guest,f_and_b_service_lapse,4,0.75,false,0.627,false,false,1.0,0.95,65.76,4,recommendation,rooftop_f_and_b_credit,Calabra or Palma dining credit,180,45,72,108,0.88,2,5,true,true,true,true,false,false,false,false,true,false,false,true,false,true,true,synthetic_case_policy_assumption
comp-policy-comparison-v1.0.0,cost_guardrail,Guardrailed recovery,lowest_cost_adequate,true,case_00158,returning_guest,f_and_b_service_lapse,4,0.75,false,0.627,false,false,1.0,0.95,65.76,4,recommendation,rooftop_f_and_b_credit,Calabra or Palma dining credit,180,45,72,108,0.88,2,5,true,true,true,true,false,false,false,false,true,false,false,true,false,true,true,synthetic_case_policy_assumption
comp-policy-comparison-v1.0.0,recovery_first,Recovery first,highest_perceived_recovery,true,case_00158,returning_guest,f_and_b_service_lapse,4,0.75,false,0.627,false,false,1.0,0.95,65.76,4,recommendation,rooftop_f_and_b_credit,Calabra or Palma dining credit,180,45,72,108,0.88,2,5,true,true,true,true,false,false,false,false,true,false,false,true,false,true,true,synthetic_case_policy_assumption
comp-policy-comparison-v1.0.0,intelligent_generosity,Intelligent generosity,context_aware_policy_engine,true,case_00158,returning_guest,f_and_b_service_lapse,4,0.75,false,0.627,false,false,1.0,0.95,65.76,4,recommendation,rooftop_f_and_b_credit,Calabra or Palma dining credit,180,45,72,108,0.88,2,5,true,true,true,true,false,false,false,false,true,false,false,true,false,true,true,synthetic_case_policy_assumption
comp-policy-comparison-v1.0.0,synthetic_discretionary_baseline,Synthetic discretionary baseline,replay_synthetic_history,false,case_00159,loyalty_guest,room_assignment_expectation_gap,2,0.74,true,0.444,false,false,1.0,0.95,48.43,3,reference_unknown,no_matched_comp_record,No matched synthetic comp record,0,0,0,0,0.0,0,0,false,false,false,false,false,false,false,false,false,false,false,false,false,true,true,synthetic_case_policy_assumption
comp-policy-comparison-v1.0.0,tiered_standardization,Tiered standardization,highest_issue_fit,true,case_00159,loyalty_guest,room_assignment_expectation_gap,2,0.74,true,0.444,false,false,1.0,0.95,48.43,3,recommendation,room_upgrade,room upgrade,300,24,75,195,0.9,3,5,true,true,true,false,false,false,false,false,true,false,false,true,false,true,true,synthetic_case_policy_assumption
comp-policy-comparison-v1.0.0,cost_guardrail,Guardrailed recovery,lowest_cost_adequate,true,case_00159,loyalty_guest,room_assignment_expectation_gap,2,0.74,true,0.444,false,false,1.0,0.95,48.43,3,recommendation,room_upgrade,room upgrade,300,24,75,195,0.9,3,5,true,true,true,false,false,false,false,false,true,false,false,true,false,true,true,synthetic_case_policy_assumption
comp-policy-comparison-v1.0.0,recovery_first,Recovery first,highest_perceived_recovery,true,case_00159,loyalty_guest,room_assignment_expectation_gap,2,0.74,true,0.444,false,false,1.0,0.95,48.43,3,recommendation,room_upgrade,room upgrade,300,24,75,195,0.9,3,5,true,true,true,false,false,false,false,false,true,false,false,true,false,true,true,synthetic_case_policy_assumption
comp-policy-comparison-v1.0.0,intelligent_generosity,Intelligent generosity,context_aware_policy_engine,true,case_00159,loyalty_guest,room_assignment_expectation_gap,2,0.74,true,0.444,false,false,1.0,0.95,48.43,3,recommendation,room_upgrade,room upgrade,300,24,75,195,0.9,3,5,true,true,true,false,false,false,false,false,true,false,false,true,false,true,true,synthetic_case_policy_assumption
comp-policy-comparison-v1.0.0,synthetic_discretionary_baseline,Synthetic discretionary baseline,replay_synthetic_history,false,case_00160,new_guest,rooftop_pool_access_issue,2,0.64,true,0.99,false,false,1.0,0.95,41.82,2,reference_action,parking_fee_waiver,parking or destination-fee waiver,85,15,15,15,0.45,2,4,true,false,false,false,false,false,false,false,true,false,false,false,false,true,true,synthetic_case_policy_assumption
comp-policy-comparison-v1.0.0,tiered_standardization,Tiered standardization,highest_issue_fit,true,case_00160,new_guest,rooftop_pool_access_issue,2,0.64,true,0.99,false,false,1.0,0.95,41.82,2,recommendation,rooftop_f_and_b_credit,Calabra or Palma dining credit,135,34,54,81,0.86,2,5,true,true,true,false,false,false,false,false,true,false,false,true,false,true,true,synthetic_case_policy_assumption
comp-policy-comparison-v1.0.0,cost_guardrail,Guardrailed recovery,lowest_cost_adequate,true,case_00160,new_guest,rooftop_pool_access_issue,2,0.64,true,0.99,false,false,1.0,0.95,41.82,2,recommendation,rooftop_f_and_b_credit,Calabra or Palma dining credit,135,34,54,81,0.86,2,5,true,true,true,false,false,false,false,false,true,false,false,true,false,true,true,synthetic_case_policy_assumption
comp-policy-comparison-v1.0.0,recovery_first,Recovery first,highest_perceived_recovery,true,case_00160,new_guest,rooftop_pool_access_issue,2,0.64,true,0.99,false,false,1.0,0.95,41.82,2,recommendation,rooftop_f_and_b_credit,Calabra or Palma dining credit,135,34,54,81,0.86,2,5,true,true,true,false,false,false,false,false,true,false,false,true,false,true,true,synthetic_case_policy_assumption
comp-policy-comparison-v1.0.0,intelligent_generosity,Intelligent generosity,context_aware_policy_engine,true,case_00160,new_guest,rooftop_pool_access_issue,2,0.64,true,0.99,false,false,1.0,0.95,41.82,2,recommendation,rooftop_f_and_b_credit,Calabra or Palma dining credit,135,34,54,81,0.86,2,5,true,true,true,false,false,false,false,false,true,false,false,true,false,true,true,synthetic_case_policy_assumption
comp-policy-comparison-v1.0.0,synthetic_discretionary_baseline,Synthetic discretionary baseline,replay_synthetic_history,false,case_00161,new_guest,room_assignment_expectation_gap,4,0.79,true,0.32,true,false,1.0,0.95,63.57,4,reference_action,spa_wellness_credit,Surya Spa or Recovery Suite credit,0,0,0,0,0.25,3,5,true,false,false,true,true,false,false,false,true,false,false,false,false,true,true,synthetic_case_policy_assumption
comp-policy-comparison-v1.0.0,tiered_standardization,Tiered standardization,highest_issue_fit,true,case_00161,new_guest,room_assignment_expectation_gap,4,0.79,true,0.32,true,false,1.0,0.95,63.57,4,recommendation,room_upgrade,room upgrade,360,29,90,234,0.9,3,5,true,true,true,true,false,false,true,false,true,false,true,true,false,true,true,synthetic_case_policy_assumption
comp-policy-comparison-v1.0.0,cost_guardrail,Guardrailed recovery,lowest_cost_adequate,true,case_00161,new_guest,room_assignment_expectation_gap,4,0.79,true,0.32,true,false,1.0,0.95,63.57,4,recommendation,room_upgrade,room upgrade,360,29,90,234,0.9,3,5,true,true,true,true,false,false,true,false,true,false,true,true,false,true,true,synthetic_case_policy_assumption
comp-policy-comparison-v1.0.0,recovery_first,Recovery first,highest_perceived_recovery,true,case_00161,new_guest,room_assignment_expectation_gap,4,0.79,true,0.32,true,false,1.0,0.95,63.57,4,recommendation,room_upgrade,room upgrade,360,29,90,234,0.9,3,5,true,true,true,true,false,false,true,false,true,false,true,true,false,true,true,synthetic_case_policy_assumption
comp-policy-comparison-v1.0.0,intelligent_generosity,Intelligent generosity,context_aware_policy_engine,true,case_00161,new_guest,room_assignment_expectation_gap,4,0.79,true,0.32,true,false,1.0,0.95,63.57,4,recommendation,room_upgrade,room upgrade,360,29,90,234,0.9,3,5,true,true,true,true,false,false,true,false,true,false,true,true,false,true,true,synthetic_case_policy_assumption
comp-policy-comparison-v1.0.0,synthetic_discretionary_baseline,Synthetic discretionary baseline,replay_synthetic_history,false,case_00162,new_guest,housekeeping_miss,3,0.9,true,0.98,false,false,1.0,0.95,56.59,3,reference_action,amenity_gesture,in-room amenity gesture,75,34,34,34,0.8,1,3,true,true,true,false,false,false,false,false,true,false,false,false,false,true,true,synthetic_case_policy_assumption
comp-policy-comparison-v1.0.0,tiered_standardization,Tiered standardization,highest_issue_fit,true,case_00162,new_guest,housekeeping_miss,3,0.9,true,0.98,false,false,1.0,0.95,56.59,3,recommendation,amenity_gesture,in-room amenity gesture,55,14,25,36,0.8,1,3,true,true,true,false,false,false,false,false,true,false,false,true,false,true,true,synthetic_case_policy_assumption
comp-policy-comparison-v1.0.0,cost_guardrail,Guardrailed recovery,lowest_cost_adequate,true,case_00162,new_guest,housekeeping_miss,3,0.9,true,0.98,false,false,1.0,0.95,56.59,3,recommendation,amenity_gesture,in-room amenity gesture,55,14,25,36,0.8,1,3,true,true,true,false,false,false,false,false,true,false,false,true,false,true,true,synthetic_case_policy_assumption
comp-policy-comparison-v1.0.0,recovery_first,Recovery first,highest_perceived_recovery,true,case_00162,new_guest,housekeeping_miss,3,0.9,true,0.98,false,false,1.0,0.95,56.59,3,recommendation,spa_wellness_credit,Surya Spa or Recovery Suite credit,275,82,151,206,0.25,3,5,true,false,true,false,false,false,false,true,true,false,true,true,false,true,true,synthetic_case_policy_assumption
comp-policy-comparison-v1.0.0,intelligent_generosity,Intelligent generosity,context_aware_policy_engine,true,case_00162,new_guest,housekeeping_miss,3,0.9,true,0.98,false,false,1.0,0.95,56.59,3,recommendation,rooftop_f_and_b_credit,Calabra or Palma dining credit,150,38,60,90,0.45,2,5,true,false,true,false,false,false,false,true,true,false,true,true,false,true,true,synthetic_case_policy_assumption
comp-policy-comparison-v1.0.0,synthetic_discretionary_baseline,Synthetic discretionary baseline,replay_synthetic_history,false,case_00163,new_guest,housekeeping_miss,4,0.95,true,0.384,false,false,0.78,0.95,67.58,4,reference_unknown,no_matched_comp_record,No matched synthetic comp record,0,0,0,0,0.0,0,0,false,false,false,true,false,false,false,false,false,false,false,false,false,true,true,synthetic_case_policy_assumption
comp-policy-comparison-v1.0.0,tiered_standardization,Tiered standardization,highest_issue_fit,true,case_00163,new_guest,housekeeping_miss,4,0.95,true,0.384,false,false,0.78,0.95,67.58,4,recommendation,amenity_gesture,in-room amenity gesture,65,16,29,42,0.8,1,3,true,false,false,true,true,false,false,false,true,false,false,true,false,true,true,synthetic_case_policy_assumption
comp-policy-comparison-v1.0.0,cost_guardrail,Guardrailed recovery,lowest_cost_adequate,true,case_00163,new_guest,housekeeping_miss,4,0.95,true,0.384,false,false,0.78,0.95,67.58,4,recommendation,partial_room_refund,partial room refund,180,180,180,180,0.78,4,5,true,true,true,true,false,false,false,false,false,true,false,true,false,true,true,synthetic_case_policy_assumption
comp-policy-comparison-v1.0.0,recovery_first,Recovery first,highest_perceived_recovery,true,case_00163,new_guest,housekeeping_miss,4,0.95,true,0.384,false,false,0.78,0.95,67.58,4,recommendation,future_stay_credit,future-stay credit,245,74,147,208,0.56,4,5,true,false,true,true,false,false,false,true,false,false,true,true,false,true,true,synthetic_case_policy_assumption
comp-policy-comparison-v1.0.0,intelligent_generosity,Intelligent generosity,context_aware_policy_engine,true,case_00163,new_guest,housekeeping_miss,4,0.95,true,0.384,false,false,0.78,0.95,67.58,4,recommendation,future_stay_credit,future-stay credit,245,74,147,208,0.56,4,5,true,false,true,true,false,false,false,true,false,false,true,true,false,true,true,synthetic_case_policy_assumption
comp-policy-comparison-v1.0.0,synthetic_discretionary_baseline,Synthetic discretionary baseline,replay_synthetic_history,false,case_00164,new_guest,valet_or_parking_delay,3,0.62,true,0.456,false,false,0.78,0.95,50.03,3,reference_action,parking_fee_waiver,parking or destination-fee waiver,90,16,16,16,0.9,2,4,true,true,true,false,false,false,false,false,true,false,false,false,false,true,true,synthetic_case_policy_assumption
comp-policy-comparison-v1.0.0,tiered_standardization,Tiered standardization,highest_issue_fit,true,case_00164,new_guest,valet_or_parking_delay,3,0.62,true,0.456,false,false,0.78,0.95,50.03,3,recommendation,parking_fee_waiver,parking or destination-fee waiver,85,7,15,30,0.9,2,4,true,true,true,false,false,false,false,false,true,false,false,true,false,true,true,synthetic_case_policy_assumption
comp-policy-comparison-v1.0.0,cost_guardrail,Guardrailed recovery,lowest_cost_adequate,true,case_00164,new_guest,valet_or_parking_delay,3,0.62,true,0.456,false,false,0.78,0.95,50.03,3,recommendation,parking_fee_waiver,parking or destination-fee waiver,85,7,15,30,0.9,2,4,true,true,true,false,false,false,false,false,true,false,false,true,false,true,true,synthetic_case_policy_assumption
comp-policy-comparison-v1.0.0,recovery_first,Recovery first,highest_perceived_recovery,true,case_00164,new_guest,valet_or_parking_delay,3,0.62,true,0.456,false,false,0.78,0.95,50.03,3,recommendation,spa_wellness_credit,Surya Spa or Recovery Suite credit,275,82,151,206,0.25,3,5,true,false,true,false,false,false,false,true,true,false,true,true,false,true,true,synthetic_case_policy_assumption
comp-policy-comparison-v1.0.0,intelligent_generosity,Intelligent generosity,context_aware_policy_engine,true,case_00164,new_guest,valet_or_parking_delay,3,0.62,true,0.456,false,false,0.78,0.95,50.03,3,recommendation,parking_fee_waiver,parking or destination-fee waiver,85,7,15,30,0.9,2,4,true,true,true,false,false,false,false,false,true,false,false,true,false,true,true,synthetic_case_policy_assumption
comp-policy-comparison-v1.0.0,synthetic_discretionary_baseline,Synthetic discretionary baseline,replay_synthetic_history,false,case_00165,new_guest,maintenance_issue,3,0.78,true,0.62,false,false,0.78,0.95,55.67,3,reference_unknown,no_matched_comp_record,No matched synthetic comp record,0,0,0,0,0.0,0,0,false,false,false,false,false,false,false,false,false,false,false,false,false,true,true,synthetic_case_policy_assumption
comp-policy-comparison-v1.0.0,tiered_standardization,Tiered standardization,highest_issue_fit,true,case_00165,new_guest,maintenance_issue,3,0.78,true,0.62,false,false,0.78,0.95,55.67,3,recommendation,manager_note,manager note and personal follow-up,0,0,0,0,0.72,1,3,true,true,true,false,false,false,false,true,false,false,true,true,false,true,true,synthetic_case_policy_assumption
comp-policy-comparison-v1.0.0,cost_guardrail,Guardrailed recovery,lowest_cost_adequate,true,case_00165,new_guest,maintenance_issue,3,0.78,true,0.62,false,false,0.78,0.95,55.67,3,recommendation,manager_note,manager note and personal follow-up,0,0,0,0,0.72,1,3,true,true,true,false,false,false,false,true,false,false,true,true,false,true,true,synthetic_case_policy_assumption
comp-policy-comparison-v1.0.0,recovery_first,Recovery first,highest_perceived_recovery,true,case_00165,new_guest,maintenance_issue,3,0.78,true,0.62,false,false,0.78,0.95,55.67,3,recommendation,spa_wellness_credit,Surya Spa or Recovery Suite credit,275,82,151,206,0.45,3,5,true,false,true,false,false,false,false,true,true,false,true,true,false,true,true,synthetic_case_policy_assumption
comp-policy-comparison-v1.0.0,intelligent_generosity,Intelligent generosity,context_aware_policy_engine,true,case_00165,new_guest,maintenance_issue,3,0.78,true,0.62,false,false,0.78,0.95,55.67,3,recommendation,spa_wellness_credit,Surya Spa or Recovery Suite credit,275,82,151,206,0.45,3,5,true,false,true,false,false,false,false,true,true,false,true,true,false,true,true,synthetic_case_policy_assumption
comp-policy-comparison-v1.0.0,synthetic_discretionary_baseline,Synthetic discretionary baseline,replay_synthetic_history,false,case_00166,new_guest,room_assignment_expectation_gap,4,0.79,true,0.98,false,false,1.0,0.95,66.16,4,reference_unknown,no_matched_comp_record,No matched synthetic comp record,0,0,0,0,0.0,0,0,false,false,false,true,false,false,false,false,false,false,false,false,false,true,true,synthetic_case_policy_assumption
comp-policy-comparison-v1.0.0,tiered_standardization,Tiered standardization,highest_issue_fit,true,case_00166,new_guest,room_assignment_expectation_gap,4,0.79,true,0.98,false,false,1.0,0.95,66.16,4,recommendation,room_upgrade,room upgrade,360,29,90,234,0.9,3,5,true,true,true,true,false,false,true,false,true,false,true,true,false,true,true,synthetic_case_policy_assumption
comp-policy-comparison-v1.0.0,cost_guardrail,Guardrailed recovery,lowest_cost_adequate,true,case_00166,new_guest,room_assignment_expectation_gap,4,0.79,true,0.98,false,false,1.0,0.95,66.16,4,recommendation,room_upgrade,room upgrade,360,29,90,234,0.9,3,5,true,true,true,true,false,false,true,false,true,false,true,true,false,true,true,synthetic_case_policy_assumption
comp-policy-comparison-v1.0.0,recovery_first,Recovery first,highest_perceived_recovery,true,case_00166,new_guest,room_assignment_expectation_gap,4,0.79,true,0.98,false,false,1.0,0.95,66.16,4,recommendation,room_upgrade,room upgrade,360,29,90,234,0.9,3,5,true,true,true,true,false,false,true,false,true,false,true,true,false,true,true,synthetic_case_policy_assumption
comp-policy-comparison-v1.0.0,intelligent_generosity,Intelligent generosity,context_aware_policy_engine,true,case_00166,new_guest,room_assignment_expectation_gap,4,0.79,true,0.98,false,false,1.0,0.95,66.16,4,recommendation,room_upgrade,room upgrade,360,29,90,234,0.9,3,5,true,true,true,true,false,false,true,false,true,false,true,true,false,true,true,synthetic_case_policy_assumption
comp-policy-comparison-v1.0.0,synthetic_discretionary_baseline,Synthetic discretionary baseline,replay_synthetic_history,false,case_00167,new_guest,spa_wellness_service_issue,5,0.79,true,0.5,false,false,1.0,0.95,71.02,4,reference_action,partial_room_refund,partial room refund,270,270,270,270,0.5,4,5,true,false,false,true,true,false,false,false,false,true,false,false,false,true,true,synthetic_case_policy_assumption
comp-policy-comparison-v1.0.0,tiered_standardization,Tiered standardization,highest_issue_fit,true,case_00167,new_guest,spa_wellness_service_issue,5,0.79,true,0.5,false,false,1.0,0.95,71.02,4,recommendation,spa_wellness_credit,Surya Spa or Recovery Suite credit,330,99,182,248,0.9,3,5,true,true,true,true,false,false,false,false,true,false,false,true,false,true,true,synthetic_case_policy_assumption
comp-policy-comparison-v1.0.0,cost_guardrail,Guardrailed recovery,lowest_cost_adequate,true,case_00167,new_guest,spa_wellness_service_issue,5,0.79,true,0.5,false,false,1.0,0.95,71.02,4,recommendation,spa_wellness_credit,Surya Spa or Recovery Suite credit,330,99,182,248,0.9,3,5,true,true,true,true,false,false,false,false,true,false,false,true,false,true,true,synthetic_case_policy_assumption
comp-policy-comparison-v1.0.0,recovery_first,Recovery first,highest_perceived_recovery,true,case_00167,new_guest,spa_wellness_service_issue,5,0.79,true,0.5,false,false,1.0,0.95,71.02,4,recommendation,spa_wellness_credit,Surya Spa or Recovery Suite credit,330,99,182,248,0.9,3,5,true,true,true,true,false,false,false,false,true,false,false,true,false,true,true,synthetic_case_policy_assumption
comp-policy-comparison-v1.0.0,intelligent_generosity,Intelligent generosity,context_aware_policy_engine,true,case_00167,new_guest,spa_wellness_service_issue,5,0.79,true,0.5,false,false,1.0,0.95,71.02,4,recommendation,spa_wellness_credit,Surya Spa or Recovery Suite credit,330,99,182,248,0.9,3,5,true,true,true,true,false,false,false,false,true,false,false,true,false,true,true,synthetic_case_policy_assumption
comp-policy-comparison-v1.0.0,synthetic_discretionary_baseline,Synthetic discretionary baseline,replay_synthetic_history,false,case_00168,loyalty_guest,room_assignment_expectation_gap,3,0.74,true,0.404,false,false,0.58,0.95,60.36,4,reference_unknown,no_matched_comp_record,No matched synthetic comp record,0,0,0,0,0.0,0,0,false,false,false,true,false,false,false,false,false,false,false,false,true,false,true,synthetic_case_policy_assumption
comp-policy-comparison-v1.0.0,tiered_standardization,Tiered standardization,highest_issue_fit,true,case_00168,loyalty_guest,room_assignment_expectation_gap,3,0.74,true,0.404,false,false,0.58,0.95,60.36,4,data_quality_hold,data_quality_hold,Data-quality hold,0,0,0,0,0.0,0,0,false,false,false,true,false,false,false,false,false,false,true,true,true,true,true,synthetic_case_policy_assumption
comp-policy-comparison-v1.0.0,cost_guardrail,Guardrailed recovery,lowest_cost_adequate,true,case_00168,loyalty_guest,room_assignment_expectation_gap,3,0.74,true,0.404,false,false,0.58,0.95,60.36,4,data_quality_hold,data_quality_hold,Data-quality hold,0,0,0,0,0.0,0,0,false,false,false,true,false,false,false,false,false,false,true,true,true,true,true,synthetic_case_policy_assumption
comp-policy-comparison-v1.0.0,recovery_first,Recovery first,highest_perceived_recovery,true,case_00168,loyalty_guest,room_assignment_expectation_gap,3,0.74,true,0.404,false,false,0.58,0.95,60.36,4,data_quality_hold,data_quality_hold,Data-quality hold,0,0,0,0,0.0,0,0,false,false,false,true,false,false,false,false,false,false,true,true,true,true,true,synthetic_case_policy_assumption
comp-policy-comparison-v1.0.0,intelligent_generosity,Intelligent generosity,context_aware_policy_engine,true,case_00168,loyalty_guest,room_assignment_expectation_gap,3,0.74,true,0.404,false,false,0.58,0.95,60.36,4,data_quality_hold,data_quality_hold,Data-quality hold,0,0,0,0,0.0,0,0,false,false,false,true,false,false,false,false,false,false,true,true,true,true,true,synthetic_case_policy_assumption
comp-policy-comparison-v1.0.0,synthetic_discretionary_baseline,Synthetic discretionary baseline,replay_synthetic_history,false,case_00169,new_guest,housekeeping_miss,4,0.95,true,0.807,false,false,1.0,0.95,66.36,4,reference_action,late_checkout,late checkout,110,22,22,22,0.5,2,4,true,false,false,true,true,false,false,false,true,false,false,false,false,true,true,synthetic_case_policy_assumption
comp-policy-comparison-v1.0.0,tiered_standardization,Tiered standardization,highest_issue_fit,true,case_00169,new_guest,housekeeping_miss,4,0.95,true,0.807,false,false,1.0,0.95,66.36,4,recommendation,amenity_gesture,in-room amenity gesture,65,16,29,42,0.8,1,3,true,false,false,true,true,false,false,false,true,false,false,true,false,true,true,synthetic_case_policy_assumption
comp-policy-comparison-v1.0.0,cost_guardrail,Guardrailed recovery,lowest_cost_adequate,true,case_00169,new_guest,housekeeping_miss,4,0.95,true,0.807,false,false,1.0,0.95,66.36,4,recommendation,partial_room_refund,partial room refund,150,150,150,150,0.78,4,5,true,true,true,true,false,false,false,false,false,true,false,true,false,true,true,synthetic_case_policy_assumption
comp-policy-comparison-v1.0.0,recovery_first,Recovery first,highest_perceived_recovery,true,case_00169,new_guest,housekeeping_miss,4,0.95,true,0.807,false,false,1.0,0.95,66.36,4,recommendation,partial_room_refund,partial room refund,150,150,150,150,0.78,4,5,true,true,true,true,false,false,false,false,false,true,false,true,false,true,true,synthetic_case_policy_assumption
comp-policy-comparison-v1.0.0,intelligent_generosity,Intelligent generosity,context_aware_policy_engine,true,case_00169,new_guest,housekeeping_miss,4,0.95,true,0.807,false,false,1.0,0.95,66.36,4,recommendation,rooftop_f_and_b_credit,Calabra or Palma dining credit,180,45,72,108,0.45,2,5,true,false,true,true,false,false,false,true,true,false,true,true,false,true,true,synthetic_case_policy_assumption
comp-policy-comparison-v1.0.0,synthetic_discretionary_baseline,Synthetic discretionary baseline,replay_synthetic_history,false,case_00170,returning_guest,room_readiness_delay,3,0.88,false,0.585,false,false,1.0,0.95,58.97,4,reference_action,amenity_gesture,in-room amenity gesture,50,22,22,22,0.7,1,3,true,false,false,true,true,false,false,false,true,false,false,false,false,true,true,synthetic_case_policy_assumption
comp-policy-comparison-v1.0.0,tiered_standardization,Tiered standardization,highest_issue_fit,true,case_00170,returning_guest,room_readiness_delay,3,0.88,false,0.585,false,false,1.0,0.95,58.97,4,recommendation,partial_room_refund,partial room refund,180,180,180,180,0.82,4,5,true,true,true,true,false,false,false,false,false,true,false,true,false,true,true,synthetic_case_policy_assumption
comp-policy-comparison-v1.0.0,cost_guardrail,Guardrailed recovery,lowest_cost_adequate,true,case_00170,returning_guest,room_readiness_delay,3,0.88,false,0.585,false,false,1.0,0.95,58.97,4,recommendation,lobby_lounge_credit,Palma lounge credit,120,30,46,66,0.76,2,4,true,true,true,true,false,false,false,false,true,false,false,true,false,true,true,synthetic_case_policy_assumption
comp-policy-comparison-v1.0.0,recovery_first,Recovery first,highest_perceived_recovery,true,case_00170,returning_guest,room_readiness_delay,3,0.88,false,0.585,false,false,1.0,0.95,58.97,4,recommendation,future_stay_credit,future-stay credit,240,72,144,204,0.7,4,5,true,true,true,true,false,false,false,true,false,false,true,true,false,true,true,synthetic_case_policy_assumption
comp-policy-comparison-v1.0.0,intelligent_generosity,Intelligent generosity,context_aware_policy_engine,true,case_00170,returning_guest,room_readiness_delay,3,0.88,false,0.585,false,false,1.0,0.95,58.97,4,recommendation,rooftop_f_and_b_credit,Calabra or Palma dining credit,180,45,72,108,0.72,2,5,true,true,true,true,false,false,false,true,true,false,true,true,false,true,true,synthetic_case_policy_assumption
comp-policy-comparison-v1.0.0,synthetic_discretionary_baseline,Synthetic discretionary baseline,replay_synthetic_history,false,case_00171,new_guest,room_readiness_delay,4,0.93,true,0.597,true,false,0.0,0.95,65.7,4,reference_action,late_checkout,late checkout,80,16,16,16,0.9,2,4,true,true,true,true,false,false,true,false,true,false,false,false,true,false,true,synthetic_case_policy_assumption
comp-policy-comparison-v1.0.0,tiered_standardization,Tiered standardization,highest_issue_fit,true,case_00171,new_guest,room_readiness_delay,4,0.93,true,0.597,true,false,0.0,0.95,65.7,4,data_quality_hold,data_quality_hold,Data-quality hold,0,0,0,0,0.0,0,0,false,false,false,true,false,false,false,false,false,false,true,true,true,true,true,synthetic_case_policy_assumption
comp-policy-comparison-v1.0.0,cost_guardrail,Guardrailed recovery,lowest_cost_adequate,true,case_00171,new_guest,room_readiness_delay,4,0.93,true,0.597,true,false,0.0,0.95,65.7,4,data_quality_hold,data_quality_hold,Data-quality hold,0,0,0,0,0.0,0,0,false,false,false,true,false,false,false,false,false,false,true,true,true,true,true,synthetic_case_policy_assumption
comp-policy-comparison-v1.0.0,recovery_first,Recovery first,highest_perceived_recovery,true,case_00171,new_guest,room_readiness_delay,4,0.93,true,0.597,true,false,0.0,0.95,65.7,4,data_quality_hold,data_quality_hold,Data-quality hold,0,0,0,0,0.0,0,0,false,false,false,true,false,false,false,false,false,false,true,true,true,true,true,synthetic_case_policy_assumption
comp-policy-comparison-v1.0.0,intelligent_generosity,Intelligent generosity,context_aware_policy_engine,true,case_00171,new_guest,room_readiness_delay,4,0.93,true,0.597,true,false,0.0,0.95,65.7,4,data_quality_hold,data_quality_hold,Data-quality hold,0,0,0,0,0.0,0,0,false,false,false,true,false,false,false,false,false,false,true,true,true,true,true,synthetic_case_policy_assumption
comp-policy-comparison-v1.0.0,synthetic_discretionary_baseline,Synthetic discretionary baseline,replay_synthetic_history,false,case_00172,loyalty_guest,noise_disruption,1,0.48,false,0.464,false,false,1.0,0.95,37.86,2,reference_action,amenity_gesture,in-room amenity gesture,50,22,22,22,0.78,1,3,true,true,true,false,false,false,false,false,true,false,false,false,false,true,true,synthetic_case_policy_assumption
comp-policy-comparison-v1.0.0,tiered_standardization,Tiered standardization,highest_issue_fit,true,case_00172,loyalty_guest,noise_disruption,1,0.48,false,0.464,false,false,1.0,0.95,37.86,2,recommendation,amenity_gesture,in-room amenity gesture,50,12,22,32,0.78,1,3,true,true,true,false,false,false,false,false,true,false,false,true,false,true,true,synthetic_case_policy_assumption
comp-policy-comparison-v1.0.0,cost_guardrail,Guardrailed recovery,lowest_cost_adequate,true,case_00172,loyalty_guest,noise_disruption,1,0.48,false,0.464,false,false,1.0,0.95,37.86,2,recommendation,amenity_gesture,in-room amenity gesture,50,12,22,32,0.78,1,3,true,true,true,false,false,false,false,false,true,false,false,true,false,true,true,synthetic_case_policy_assumption
comp-policy-comparison-v1.0.0,recovery_first,Recovery first,highest_perceived_recovery,true,case_00172,loyalty_guest,noise_disruption,1,0.48,false,0.464,false,false,1.0,0.95,37.86,2,recommendation,rooftop_f_and_b_credit,Calabra or Palma dining credit,135,34,54,81,0.45,2,5,true,false,true,false,false,false,false,true,true,false,true,true,false,true,true,synthetic_case_policy_assumption
comp-policy-comparison-v1.0.0,intelligent_generosity,Intelligent generosity,context_aware_policy_engine,true,case_00172,loyalty_guest,noise_disruption,1,0.48,false,0.464,false,false,1.0,0.95,37.86,2,recommendation,rooftop_f_and_b_credit,Calabra or Palma dining credit,135,34,54,81,0.45,2,5,true,false,true,false,false,false,false,true,true,false,true,true,false,true,true,synthetic_case_policy_assumption
comp-policy-comparison-v1.0.0,synthetic_discretionary_baseline,Synthetic discretionary baseline,replay_synthetic_history,false,case_00173,loyalty_guest,valet_or_parking_delay,4,0.67,true,0.32,false,false,1.0,0.95,65.73,4,reference_action,partial_room_refund,partial room refund,355,355,355,355,0.5,4,5,true,false,false,true,true,false,false,false,false,true,false,false,false,true,true,synthetic_case_policy_assumption
comp-policy-comparison-v1.0.0,tiered_standardization,Tiered standardization,highest_issue_fit,true,case_00173,loyalty_guest,valet_or_parking_delay,4,0.67,true,0.32,false,false,1.0,0.95,65.73,4,recommendation,parking_fee_waiver,parking or destination-fee waiver,100,8,18,35,0.9,2,4,true,true,true,true,false,false,false,false,true,false,false,true,false,true,true,synthetic_case_policy_assumption
comp-policy-comparison-v1.0.0,cost_guardrail,Guardrailed recovery,lowest_cost_adequate,true,case_00173,loyalty_guest,valet_or_parking_delay,4,0.67,true,0.32,false,false,1.0,0.95,65.73,4,recommendation,parking_fee_waiver,parking or destination-fee waiver,100,8,18,35,0.9,2,4,true,true,true,true,false,false,false,false,true,false,false,true,false,true,true,synthetic_case_policy_assumption
comp-policy-comparison-v1.0.0,recovery_first,Recovery first,highest_perceived_recovery,true,case_00173,loyalty_guest,valet_or_parking_delay,4,0.67,true,0.32,false,false,1.0,0.95,65.73,4,recommendation,future_stay_credit,future-stay credit,275,82,165,234,0.56,4,5,true,false,true,true,false,false,false,true,false,false,true,true,false,true,true,synthetic_case_policy_assumption
comp-policy-comparison-v1.0.0,intelligent_generosity,Intelligent generosity,context_aware_policy_engine,true,case_00173,loyalty_guest,valet_or_parking_delay,4,0.67,true,0.32,false,false,1.0,0.95,65.73,4,recommendation,future_stay_credit,future-stay credit,275,82,165,234,0.56,4,5,true,false,true,true,false,false,false,true,false,false,true,true,false,true,true,synthetic_case_policy_assumption
comp-policy-comparison-v1.0.0,synthetic_discretionary_baseline,Synthetic discretionary baseline,replay_synthetic_history,false,case_00174,new_guest,maintenance_issue,4,0.83,false,0.562,true,false,1.0,0.95,67.3,4,reference_action,late_checkout,late checkout,95,19,19,19,0.5,2,4,true,false,false,true,true,true,true,false,true,false,false,false,false,true,true,synthetic_case_policy_assumption
comp-policy-comparison-v1.0.0,tiered_standardization,Tiered standardization,highest_issue_fit,true,case_00174,new_guest,maintenance_issue,4,0.83,false,0.562,true,false,1.0,0.95,67.3,4,recommendation,partial_room_refund,partial room refund,165,165,165,165,0.8,4,5,true,true,true,true,false,false,false,false,false,true,false,true,false,true,true,synthetic_case_policy_assumption
comp-policy-comparison-v1.0.0,cost_guardrail,Guardrailed recovery,lowest_cost_adequate,true,case_00174,new_guest,maintenance_issue,4,0.83,false,0.562,true,false,1.0,0.95,67.3,4,recommendation,partial_room_refund,partial room refund,165,165,165,165,0.8,4,5,true,true,true,true,false,false,false,false,false,true,false,true,false,true,true,synthetic_case_policy_assumption
comp-policy-comparison-v1.0.0,recovery_first,Recovery first,highest_perceived_recovery,true,case_00174,new_guest,maintenance_issue,4,0.83,false,0.562,true,false,1.0,0.95,67.3,4,recommendation,spa_wellness_credit,Surya Spa or Recovery Suite credit,330,99,182,248,0.45,3,5,true,false,true,true,false,false,false,true,true,false,true,true,false,true,true,synthetic_case_policy_assumption
comp-policy-comparison-v1.0.0,intelligent_generosity,Intelligent generosity,context_aware_policy_engine,true,case_00174,new_guest,maintenance_issue,4,0.83,false,0.562,true,false,1.0,0.95,67.3,4,recommendation,spa_wellness_credit,Surya Spa or Recovery Suite credit,330,99,182,248,0.45,3,5,true,false,true,true,false,false,false,true,true,false,true,true,false,true,true,synthetic_case_policy_assumption
comp-policy-comparison-v1.0.0,synthetic_discretionary_baseline,Synthetic discretionary baseline,replay_synthetic_history,false,case_00175,new_guest,noise_disruption,4,0.53,true,0.32,true,false,1.0,0.95,59.78,4,reference_action,late_checkout,late checkout,75,15,15,15,0.82,2,4,true,true,true,true,false,false,true,false,true,false,false,false,false,true,true,synthetic_case_policy_assumption
comp-policy-comparison-v1.0.0,tiered_standardization,Tiered standardization,highest_issue_fit,true,case_00175,new_guest,noise_disruption,4,0.53,true,0.32,true,false,1.0,0.95,59.78,4,recommendation,late_checkout,late checkout,100,8,20,45,0.82,2,4,true,true,true,true,false,false,true,false,true,false,true,true,false,true,true,synthetic_case_policy_assumption
comp-policy-comparison-v1.0.0,cost_guardrail,Guardrailed recovery,lowest_cost_adequate,true,case_00175,new_guest,noise_disruption,4,0.53,true,0.32,true,false,1.0,0.95,59.78,4,recommendation,late_checkout,late checkout,100,8,20,45,0.82,2,4,true,true,true,true,false,false,true,false,true,false,true,true,false,true,true,synthetic_case_policy_assumption
comp-policy-comparison-v1.0.0,recovery_first,Recovery first,highest_perceived_recovery,true,case_00175,new_guest,noise_disruption,4,0.53,true,0.32,true,false,1.0,0.95,59.78,4,recommendation,spa_wellness_credit,Surya Spa or Recovery Suite credit,330,99,182,248,0.62,3,5,true,true,true,true,false,false,false,true,true,false,true,true,false,true,true,synthetic_case_policy_assumption
comp-policy-comparison-v1.0.0,intelligent_generosity,Intelligent generosity,context_aware_policy_engine,true,case_00175,new_guest,noise_disruption,4,0.53,true,0.32,true,false,1.0,0.95,59.78,4,recommendation,spa_wellness_credit,Surya Spa or Recovery Suite credit,330,99,182,248,0.62,3,5,true,true,true,true,false,false,false,true,true,false,true,true,false,true,true,synthetic_case_policy_assumption
comp-policy-comparison-v1.0.0,synthetic_discretionary_baseline,Synthetic discretionary baseline,replay_synthetic_history,false,case_00176,returning_guest,maintenance_issue,5,0.83,true,0.978,true,true,1.0,0.95,78.13,5,reference_action,partial_room_refund,partial room refund,0,0,0,0,0.8,4,5,true,true,true,true,false,false,false,false,false,true,false,false,false,true,false,synthetic_case_policy_assumption
comp-policy-comparison-v1.0.0,tiered_standardization,Tiered standardization,highest_issue_fit,true,case_00176,returning_guest,maintenance_issue,5,0.83,true,0.978,true,true,1.0,0.95,78.13,5,recommendation,partial_room_refund,partial room refund,345,345,345,345,0.8,4,5,true,true,true,true,false,false,false,false,false,true,true,true,false,true,true,synthetic_case_policy_assumption
comp-policy-comparison-v1.0.0,cost_guardrail,Guardrailed recovery,lowest_cost_adequate,true,case_00176,returning_guest,maintenance_issue,5,0.83,true,0.978,true,true,1.0,0.95,78.13,5,recommendation,partial_room_refund,partial room refund,345,345,345,345,0.8,4,5,true,true,true,true,false,false,false,false,false,true,true,true,false,true,true,synthetic_case_policy_assumption
comp-policy-comparison-v1.0.0,recovery_first,Recovery first,highest_perceived_recovery,true,case_00176,returning_guest,maintenance_issue,5,0.83,true,0.978,true,true,1.0,0.95,78.13,5,recommendation,partial_room_refund,partial room refund,345,345,345,345,0.8,4,5,true,true,true,true,false,false,false,false,false,true,true,true,false,true,true,synthetic_case_policy_assumption
comp-policy-comparison-v1.0.0,intelligent_generosity,Intelligent generosity,context_aware_policy_engine,true,case_00176,returning_guest,maintenance_issue,5,0.83,true,0.978,true,true,1.0,0.95,78.13,5,recommendation,spa_wellness_credit,Surya Spa or Recovery Suite credit,400,120,220,300,0.45,3,5,true,false,true,true,false,false,false,true,true,false,true,true,false,true,true,synthetic_case_policy_assumption
comp-policy-comparison-v1.0.0,synthetic_discretionary_baseline,Synthetic discretionary baseline,replay_synthetic_history,false,case_00177,new_guest,room_assignment_expectation_gap,3,0.74,false,0.347,false,false,1.0,0.95,55.6,3,reference_action,amenity_gesture,in-room amenity gesture,75,34,34,34,0.7,1,3,true,true,true,false,false,false,false,false,true,false,false,false,false,true,true,synthetic_case_policy_assumption
comp-policy-comparison-v1.0.0,tiered_standardization,Tiered standardization,highest_issue_fit,true,case_00177,new_guest,room_assignment_expectation_gap,3,0.74,false,0.347,false,false,1.0,0.95,55.6,3,recommendation,manager_note,manager note and personal follow-up,0,0,0,0,0.72,1,3,true,true,true,false,false,false,false,true,false,false,true,true,false,true,true,synthetic_case_policy_assumption
comp-policy-comparison-v1.0.0,cost_guardrail,Guardrailed recovery,lowest_cost_adequate,true,case_00177,new_guest,room_assignment_expectation_gap,3,0.74,false,0.347,false,false,1.0,0.95,55.6,3,recommendation,manager_note,manager note and personal follow-up,0,0,0,0,0.72,1,3,true,true,true,false,false,false,false,true,false,false,true,true,false,true,true,synthetic_case_policy_assumption
comp-policy-comparison-v1.0.0,recovery_first,Recovery first,highest_perceived_recovery,true,case_00177,new_guest,room_assignment_expectation_gap,3,0.74,false,0.347,false,false,1.0,0.95,55.6,3,recommendation,spa_wellness_credit,Surya Spa or Recovery Suite credit,275,82,151,206,0.25,3,5,true,false,true,false,false,false,false,true,true,false,true,true,false,true,true,synthetic_case_policy_assumption
comp-policy-comparison-v1.0.0,intelligent_generosity,Intelligent generosity,context_aware_policy_engine,true,case_00177,new_guest,room_assignment_expectation_gap,3,0.74,false,0.347,false,false,1.0,0.95,55.6,3,recommendation,rooftop_f_and_b_credit,Calabra or Palma dining credit,150,38,60,90,0.45,2,5,true,false,true,false,false,false,false,true,true,false,true,true,false,true,true,synthetic_case_policy_assumption
comp-policy-comparison-v1.0.0,synthetic_discretionary_baseline,Synthetic discretionary baseline,replay_synthetic_history,false,case_00178,new_guest,rooftop_pool_access_issue,3,0.64,true,0.404,false,false,0.78,0.95,51.88,3,reference_unknown,no_matched_comp_record,No matched synthetic comp record,0,0,0,0,0.0,0,0,false,false,false,false,false,false,false,false,false,false,false,false,false,true,true,synthetic_case_policy_assumption
comp-policy-comparison-v1.0.0,tiered_standardization,Tiered standardization,highest_issue_fit,true,case_00178,new_guest,rooftop_pool_access_issue,3,0.64,true,0.404,false,false,0.78,0.95,51.88,3,recommendation,rooftop_f_and_b_credit,Calabra or Palma dining credit,150,38,60,90,0.86,2,5,true,true,true,false,false,false,false,false,true,false,false,true,false,true,true,synthetic_case_policy_assumption
comp-policy-comparison-v1.0.0,cost_guardrail,Guardrailed recovery,lowest_cost_adequate,true,case_00178,new_guest,rooftop_pool_access_issue,3,0.64,true,0.404,false,false,0.78,0.95,51.88,3,recommendation,rooftop_f_and_b_credit,Calabra or Palma dining credit,150,38,60,90,0.86,2,5,true,true,true,false,false,false,false,false,true,false,false,true,false,true,true,synthetic_case_policy_assumption
comp-policy-comparison-v1.0.0,recovery_first,Recovery first,highest_perceived_recovery,true,case_00178,new_guest,rooftop_pool_access_issue,3,0.64,true,0.404,false,false,0.78,0.95,51.88,3,recommendation,rooftop_f_and_b_credit,Calabra or Palma dining credit,150,38,60,90,0.86,2,5,true,true,true,false,false,false,false,false,true,false,false,true,false,true,true,synthetic_case_policy_assumption
comp-policy-comparison-v1.0.0,intelligent_generosity,Intelligent generosity,context_aware_policy_engine,true,case_00178,new_guest,rooftop_pool_access_issue,3,0.64,true,0.404,false,false,0.78,0.95,51.88,3,recommendation,rooftop_f_and_b_credit,Calabra or Palma dining credit,150,38,60,90,0.86,2,5,true,true,true,false,false,false,false,false,true,false,false,true,false,true,true,synthetic_case_policy_assumption
comp-policy-comparison-v1.0.0,synthetic_discretionary_baseline,Synthetic discretionary baseline,replay_synthetic_history,false,case_00179,new_guest,room_readiness_delay,1,0.88,true,0.864,false,false,1.0,0.95,39.14,2,reference_unknown,no_matched_comp_record,No matched synthetic comp record,0,0,0,0,0.0,0,0,false,false,false,false,false,false,false,false,false,false,false,false,false,true,true,synthetic_case_policy_assumption
comp-policy-comparison-v1.0.0,tiered_standardization,Tiered standardization,highest_issue_fit,true,case_00179,new_guest,room_readiness_delay,1,0.88,true,0.864,false,false,1.0,0.95,39.14,2,recommendation,late_checkout,late checkout,75,6,15,34,0.9,2,4,true,true,true,false,false,false,true,false,true,false,true,true,false,true,true,synthetic_case_policy_assumption
comp-policy-comparison-v1.0.0,cost_guardrail,Guardrailed recovery,lowest_cost_adequate,true,case_00179,new_guest,room_readiness_delay,1,0.88,true,0.864,false,false,1.0,0.95,39.14,2,recommendation,late_checkout,late checkout,75,6,15,34,0.9,2,4,true,true,true,false,false,false,true,false,true,false,true,true,false,true,true,synthetic_case_policy_assumption
comp-policy-comparison-v1.0.0,recovery_first,Recovery first,highest_perceived_recovery,true,case_00179,new_guest,room_readiness_delay,1,0.88,true,0.864,false,false,1.0,0.95,39.14,2,recommendation,rooftop_f_and_b_credit,Calabra or Palma dining credit,135,34,54,81,0.72,2,5,true,true,true,false,false,false,false,true,true,false,true,true,false,true,true,synthetic_case_policy_assumption
comp-policy-comparison-v1.0.0,intelligent_generosity,Intelligent generosity,context_aware_policy_engine,true,case_00179,new_guest,room_readiness_delay,1,0.88,true,0.864,false,false,1.0,0.95,39.14,2,recommendation,rooftop_f_and_b_credit,Calabra or Palma dining credit,135,34,54,81,0.72,2,5,true,true,true,false,false,false,false,true,true,false,true,true,false,true,true,synthetic_case_policy_assumption
comp-policy-comparison-v1.0.0,synthetic_discretionary_baseline,Synthetic discretionary baseline,replay_synthetic_history,false,case_00180,event_or_suite_guest,room_readiness_delay,3,0.88,true,0.704,true,false,1.0,0.95,62.64,4,reference_action,rooftop_f_and_b_credit,Calabra or Palma dining credit,170,68,68,68,0.72,2,5,true,true,true,true,false,false,false,false,true,false,false,false,false,true,true,synthetic_case_policy_assumption
comp-policy-comparison-v1.0.0,tiered_standardization,Tiered standardization,highest_issue_fit,true,case_00180,event_or_suite_guest,room_readiness_delay,3,0.88,true,0.704,true,false,1.0,0.95,62.64,4,recommendation,late_checkout,late checkout,100,8,20,45,0.9,2,4,true,true,true,true,false,false,true,false,true,false,true,true,false,true,true,synthetic_case_policy_assumption
comp-policy-comparison-v1.0.0,cost_guardrail,Guardrailed recovery,lowest_cost_adequate,true,case_00180,event_or_suite_guest,room_readiness_delay,3,0.88,true,0.704,true,false,1.0,0.95,62.64,4,recommendation,late_checkout,late checkout,100,8,20,45,0.9,2,4,true,true,true,true,false,false,true,false,true,false,true,true,false,true,true,synthetic_case_policy_assumption
comp-policy-comparison-v1.0.0,recovery_first,Recovery first,highest_perceived_recovery,true,case_00180,event_or_suite_guest,room_readiness_delay,3,0.88,true,0.704,true,false,1.0,0.95,62.64,4,recommendation,future_stay_credit,future-stay credit,405,122,243,344,0.7,4,5,true,true,true,true,false,false,false,true,false,false,true,true,false,true,true,synthetic_case_policy_assumption
comp-policy-comparison-v1.0.0,intelligent_generosity,Intelligent generosity,context_aware_policy_engine,true,case_00180,event_or_suite_guest,room_readiness_delay,3,0.88,true,0.704,true,false,1.0,0.95,62.64,4,recommendation,rooftop_f_and_b_credit,Calabra or Palma dining credit,180,45,72,108,0.72,2,5,true,true,true,true,false,false,false,true,true,false,true,true,false,true,true,synthetic_case_policy_assumption
comp-policy-comparison-v1.0.0,synthetic_discretionary_baseline,Synthetic discretionary baseline,replay_synthetic_history,false,case_00181,new_guest,room_assignment_expectation_gap,2,0.74,true,0.473,false,false,1.0,0.95,45.31,3,reference_unknown,no_matched_comp_record,No matched synthetic comp record,0,0,0,0,0.0,0,0,false,false,false,false,false,false,false,false,false,false,false,false,false,true,true,synthetic_case_policy_assumption
comp-policy-comparison-v1.0.0,tiered_standardization,Tiered standardization,highest_issue_fit,true,case_00181,new_guest,room_assignment_expectation_gap,2,0.74,true,0.473,false,false,1.0,0.95,45.31,3,recommendation,room_upgrade,room upgrade,300,24,75,195,0.9,3,5,true,true,true,false,false,false,false,false,true,false,false,true,false,true,true,synthetic_case_policy_assumption
comp-policy-comparison-v1.0.0,cost_guardrail,Guardrailed recovery,lowest_cost_adequate,true,case_00181,new_guest,room_assignment_expectation_gap,2,0.74,true,0.473,false,false,1.0,0.95,45.31,3,recommendation,room_upgrade,room upgrade,300,24,75,195,0.9,3,5,true,true,true,false,false,false,false,false,true,false,false,true,false,true,true,synthetic_case_policy_assumption
comp-policy-comparison-v1.0.0,recovery_first,Recovery first,highest_perceived_recovery,true,case_00181,new_guest,room_assignment_expectation_gap,2,0.74,true,0.473,false,false,1.0,0.95,45.31,3,recommendation,room_upgrade,room upgrade,300,24,75,195,0.9,3,5,true,true,true,false,false,false,false,false,true,false,false,true,false,true,true,synthetic_case_policy_assumption
comp-policy-comparison-v1.0.0,intelligent_generosity,Intelligent generosity,context_aware_policy_engine,true,case_00181,new_guest,room_assignment_expectation_gap,2,0.74,true,0.473,false,false,1.0,0.95,45.31,3,recommendation,room_upgrade,room upgrade,300,24,75,195,0.9,3,5,true,true,true,false,false,false,false,false,true,false,false,true,false,true,true,synthetic_case_policy_assumption
comp-policy-comparison-v1.0.0,synthetic_discretionary_baseline,Synthetic discretionary baseline,replay_synthetic_history,false,case_00182,new_guest,f_and_b_service_lapse,3,0.7,false,0.62,false,false,1.0,0.95,55.18,3,reference_unknown,no_matched_comp_record,No matched synthetic comp record,0,0,0,0,0.0,0,0,false,false,false,false,false,false,false,false,false,false,false,false,false,true,true,synthetic_case_policy_assumption
comp-policy-comparison-v1.0.0,tiered_standardization,Tiered standardization,highest_issue_fit,true,case_00182,new_guest,f_and_b_service_lapse,3,0.7,false,0.62,false,false,1.0,0.95,55.18,3,recommendation,rooftop_f_and_b_credit,Calabra or Palma dining credit,150,38,60,90,0.88,2,5,true,true,true,false,false,false,false,false,true,false,false,true,false,true,true,synthetic_case_policy_assumption
comp-policy-comparison-v1.0.0,cost_guardrail,Guardrailed recovery,lowest_cost_adequate,true,case_00182,new_guest,f_and_b_service_lapse,3,0.7,false,0.62,false,false,1.0,0.95,55.18,3,recommendation,rooftop_f_and_b_credit,Calabra or Palma dining credit,150,38,60,90,0.88,2,5,true,true,true,false,false,false,false,false,true,false,false,true,false,true,true,synthetic_case_policy_assumption
comp-policy-comparison-v1.0.0,recovery_first,Recovery first,highest_perceived_recovery,true,case_00182,new_guest,f_and_b_service_lapse,3,0.7,false,0.62,false,false,1.0,0.95,55.18,3,recommendation,rooftop_f_and_b_credit,Calabra or Palma dining credit,150,38,60,90,0.88,2,5,true,true,true,false,false,false,false,false,true,false,false,true,false,true,true,synthetic_case_policy_assumption
comp-policy-comparison-v1.0.0,intelligent_generosity,Intelligent generosity,context_aware_policy_engine,true,case_00182,new_guest,f_and_b_service_lapse,3,0.7,false,0.62,false,false,1.0,0.95,55.18,3,recommendation,rooftop_f_and_b_credit,Calabra or Palma dining credit,150,38,60,90,0.88,2,5,true,true,true,false,false,false,false,false,true,false,false,true,false,true,true,synthetic_case_policy_assumption
comp-policy-comparison-v1.0.0,synthetic_discretionary_baseline,Synthetic discretionary baseline,replay_synthetic_history,false,case_00183,loyalty_guest,room_readiness_delay,4,0.93,false,0.659,false,false,1.0,0.95,74.39,4,reference_action,spa_wellness_credit,Surya Spa or Recovery Suite credit,345,190,190,190,0.25,3,5,true,false,false,true,true,false,false,false,true,false,false,false,false,true,true,synthetic_case_policy_assumption
comp-policy-comparison-v1.0.0,tiered_standardization,Tiered standardization,highest_issue_fit,true,case_00183,loyalty_guest,room_readiness_delay,4,0.93,false,0.659,false,false,1.0,0.95,74.39,4,recommendation,partial_room_refund,partial room refund,245,245,245,245,0.82,4,5,true,true,true,true,false,false,false,false,false,true,false,true,false,true,true,synthetic_case_policy_assumption
comp-policy-comparison-v1.0.0,cost_guardrail,Guardrailed recovery,lowest_cost_adequate,true,case_00183,loyalty_guest,room_readiness_delay,4,0.93,false,0.659,false,false,1.0,0.95,74.39,4,recommendation,lobby_lounge_credit,Palma lounge credit,120,30,46,66,0.76,2,4,true,true,true,true,false,false,false,false,true,false,false,true,false,true,true,synthetic_case_policy_assumption
comp-policy-comparison-v1.0.0,recovery_first,Recovery first,highest_perceived_recovery,true,case_00183,loyalty_guest,room_readiness_delay,4,0.93,false,0.659,false,false,1.0,0.95,74.39,4,recommendation,future_stay_credit,future-stay credit,330,99,198,280,0.7,4,5,true,true,true,true,false,false,false,true,false,false,true,true,false,true,true,synthetic_case_policy_assumption
comp-policy-comparison-v1.0.0,intelligent_generosity,Intelligent generosity,context_aware_policy_engine,true,case_00183,loyalty_guest,room_readiness_delay,4,0.93,false,0.659,false,false,1.0,0.95,74.39,4,recommendation,future_stay_credit,future-stay credit,330,99,198,280,0.7,4,5,true,true,true,true,false,false,false,true,false,false,true,true,false,true,true,synthetic_case_policy_assumption
comp-policy-comparison-v1.0.0,synthetic_discretionary_baseline,Synthetic discretionary baseline,replay_synthetic_history,false,case_00184,new_guest,housekeeping_miss,2,0.9,true,0.669,false,false,1.0,0.95,50.04,3,reference_action,amenity_gesture,in-room amenity gesture,65,29,29,29,0.8,1,3,true,true,true,false,false,false,false,false,true,false,false,false,false,true,true,synthetic_case_policy_assumption
comp-policy-comparison-v1.0.0,tiered_standardization,Tiered standardization,highest_issue_fit,true,case_00184,new_guest,housekeeping_miss,2,0.9,true,0.669,false,false,1.0,0.95,50.04,3,recommendation,amenity_gesture,in-room amenity gesture,55,14,25,36,0.8,1,3,true,true,true,false,false,false,false,false,true,false,false,true,false,true,true,synthetic_case_policy_assumption
comp-policy-comparison-v1.0.0,cost_guardrail,Guardrailed recovery,lowest_cost_adequate,true,case_00184,new_guest,housekeeping_miss,2,0.9,true,0.669,false,false,1.0,0.95,50.04,3,recommendation,amenity_gesture,in-room amenity gesture,55,14,25,36,0.8,1,3,true,true,true,false,false,false,false,false,true,false,false,true,false,true,true,synthetic_case_policy_assumption
comp-policy-comparison-v1.0.0,recovery_first,Recovery first,highest_perceived_recovery,true,case_00184,new_guest,housekeeping_miss,2,0.9,true,0.669,false,false,1.0,0.95,50.04,3,recommendation,spa_wellness_credit,Surya Spa or Recovery Suite credit,275,82,151,206,0.25,3,5,true,false,true,false,false,false,false,true,true,false,true,true,false,true,true,synthetic_case_policy_assumption
comp-policy-comparison-v1.0.0,intelligent_generosity,Intelligent generosity,context_aware_policy_engine,true,case_00184,new_guest,housekeeping_miss,2,0.9,true,0.669,false,false,1.0,0.95,50.04,3,recommendation,rooftop_f_and_b_credit,Calabra or Palma dining credit,150,38,60,90,0.45,2,5,true,false,true,false,false,false,false,true,true,false,true,true,false,true,true,synthetic_case_policy_assumption
comp-policy-comparison-v1.0.0,synthetic_discretionary_baseline,Synthetic discretionary baseline,replay_synthetic_history,false,case_00185,vip_guest,rooftop_pool_access_issue,4,0.69,true,0.347,false,false,1.0,0.95,65.28,4,reference_action,spa_wellness_credit,Surya Spa or Recovery Suite credit,385,212,212,212,0.25,3,5,true,false,false,true,true,false,false,false,true,false,false,false,false,true,true,synthetic_case_policy_assumption
comp-policy-comparison-v1.0.0,tiered_standardization,Tiered standardization,highest_issue_fit,true,case_00185,vip_guest,rooftop_pool_access_issue,4,0.69,true,0.347,false,false,1.0,0.95,65.28,4,recommendation,rooftop_f_and_b_credit,Calabra or Palma dining credit,180,45,72,108,0.86,2,5,true,true,true,true,false,false,false,false,true,false,false,true,false,true,true,synthetic_case_policy_assumption
comp-policy-comparison-v1.0.0,cost_guardrail,Guardrailed recovery,lowest_cost_adequate,true,case_00185,vip_guest,rooftop_pool_access_issue,4,0.69,true,0.347,false,false,1.0,0.95,65.28,4,recommendation,rooftop_f_and_b_credit,Calabra or Palma dining credit,180,45,72,108,0.86,2,5,true,true,true,true,false,false,false,false,true,false,false,true,false,true,true,synthetic_case_policy_assumption
comp-policy-comparison-v1.0.0,recovery_first,Recovery first,highest_perceived_recovery,true,case_00185,vip_guest,rooftop_pool_access_issue,4,0.69,true,0.347,false,false,1.0,0.95,65.28,4,recommendation,future_stay_credit,future-stay credit,255,76,153,217,0.78,4,5,true,true,true,true,false,false,false,false,false,false,false,true,false,true,true,synthetic_case_policy_assumption
comp-policy-comparison-v1.0.0,intelligent_generosity,Intelligent generosity,context_aware_policy_engine,true,case_00185,vip_guest,rooftop_pool_access_issue,4,0.69,true,0.347,false,false,1.0,0.95,65.28,4,recommendation,rooftop_f_and_b_credit,Calabra or Palma dining credit,180,45,72,108,0.86,2,5,true,true,true,true,false,false,false,false,true,false,false,true,false,true,true,synthetic_case_policy_assumption
comp-policy-comparison-v1.0.0,synthetic_discretionary_baseline,Synthetic discretionary baseline,replay_synthetic_history,false,case_00186,returning_guest,noise_disruption,4,0.53,true,0.688,true,false,1.0,0.95,63.55,4,reference_action,lobby_lounge_credit,Palma lounge credit,90,34,34,34,0.52,2,4,true,false,false,true,true,false,false,false,true,false,false,false,false,true,true,synthetic_case_policy_assumption
comp-policy-comparison-v1.0.0,tiered_standardization,Tiered standardization,highest_issue_fit,true,case_00186,returning_guest,noise_disruption,4,0.53,true,0.688,true,false,1.0,0.95,63.55,4,recommendation,late_checkout,late checkout,100,8,20,45,0.82,2,4,true,true,true,true,false,false,true,false,true,false,true,true,false,true,true,synthetic_case_policy_assumption
comp-policy-comparison-v1.0.0,cost_guardrail,Guardrailed recovery,lowest_cost_adequate,true,case_00186,returning_guest,noise_disruption,4,0.53,true,0.688,true,false,1.0,0.95,63.55,4,recommendation,late_checkout,late checkout,100,8,20,45,0.82,2,4,true,true,true,true,false,false,true,false,true,false,true,true,false,true,true,synthetic_case_policy_assumption
comp-policy-comparison-v1.0.0,recovery_first,Recovery first,highest_perceived_recovery,true,case_00186,returning_guest,noise_disruption,4,0.53,true,0.688,true,false,1.0,0.95,63.55,4,recommendation,spa_wellness_credit,Surya Spa or Recovery Suite credit,330,99,182,248,0.62,3,5,true,true,true,true,false,false,false,true,true,false,true,true,false,true,true,synthetic_case_policy_assumption
comp-policy-comparison-v1.0.0,intelligent_generosity,Intelligent generosity,context_aware_policy_engine,true,case_00186,returning_guest,noise_disruption,4,0.53,true,0.688,true,false,1.0,0.95,63.55,4,recommendation,spa_wellness_credit,Surya Spa or Recovery Suite credit,330,99,182,248,0.62,3,5,true,true,true,true,false,false,false,true,true,false,true,true,false,true,true,synthetic_case_policy_assumption
comp-policy-comparison-v1.0.0,synthetic_discretionary_baseline,Synthetic discretionary baseline,replay_synthetic_history,false,case_00187,new_guest,spa_wellness_service_issue,3,0.74,true,0.796,false,false,1.0,0.95,53.66,3,reference_action,amenity_gesture,in-room amenity gesture,60,27,27,27,0.7,1,3,true,true,true,false,false,false,false,false,true,false,false,false,false,true,true,synthetic_case_policy_assumption
comp-policy-comparison-v1.0.0,tiered_standardization,Tiered standardization,highest_issue_fit,true,case_00187,new_guest,spa_wellness_service_issue,3,0.74,true,0.796,false,false,1.0,0.95,53.66,3,recommendation,spa_wellness_credit,Surya Spa or Recovery Suite credit,275,82,151,206,0.9,3,5,true,true,true,false,false,false,false,false,true,false,false,true,false,true,true,synthetic_case_policy_assumption
comp-policy-comparison-v1.0.0,cost_guardrail,Guardrailed recovery,lowest_cost_adequate,true,case_00187,new_guest,spa_wellness_service_issue,3,0.74,true,0.796,false,false,1.0,0.95,53.66,3,recommendation,spa_wellness_credit,Surya Spa or Recovery Suite credit,275,82,151,206,0.9,3,5,true,true,true,false,false,false,false,false,true,false,false,true,false,true,true,synthetic_case_policy_assumption
comp-policy-comparison-v1.0.0,recovery_first,Recovery first,highest_perceived_recovery,true,case_00187,new_guest,spa_wellness_service_issue,3,0.74,true,0.796,false,false,1.0,0.95,53.66,3,recommendation,spa_wellness_credit,Surya Spa or Recovery Suite credit,275,82,151,206,0.9,3,5,true,true,true,false,false,false,false,false,true,false,false,true,false,true,true,synthetic_case_policy_assumption
comp-policy-comparison-v1.0.0,intelligent_generosity,Intelligent generosity,context_aware_policy_engine,true,case_00187,new_guest,spa_wellness_service_issue,3,0.74,true,0.796,false,false,1.0,0.95,53.66,3,recommendation,spa_wellness_credit,Surya Spa or Recovery Suite credit,275,82,151,206,0.9,3,5,true,true,true,false,false,false,false,false,true,false,false,true,false,true,true,synthetic_case_policy_assumption
comp-policy-comparison-v1.0.0,synthetic_discretionary_baseline,Synthetic discretionary baseline,replay_synthetic_history,false,case_00188,returning_guest,maintenance_issue,3,0.78,true,0.453,false,false,1.0,0.95,56.44,3,reference_action,rooftop_f_and_b_credit,Calabra or Palma dining credit,140,56,56,56,0.45,2,5,true,false,false,false,false,false,false,false,true,false,false,false,false,true,true,synthetic_case_policy_assumption
comp-policy-comparison-v1.0.0,tiered_standardization,Tiered standardization,highest_issue_fit,true,case_00188,returning_guest,maintenance_issue,3,0.78,true,0.453,false,false,1.0,0.95,56.44,3,recommendation,manager_note,manager note and personal follow-up,0,0,0,0,0.72,1,3,true,true,true,false,false,false,false,true,false,false,true,true,false,true,true,synthetic_case_policy_assumption
comp-policy-comparison-v1.0.0,cost_guardrail,Guardrailed recovery,lowest_cost_adequate,true,case_00188,returning_guest,maintenance_issue,3,0.78,true,0.453,false,false,1.0,0.95,56.44,3,recommendation,manager_note,manager note and personal follow-up,0,0,0,0,0.72,1,3,true,true,true,false,false,false,false,true,false,false,true,true,false,true,true,synthetic_case_policy_assumption
comp-policy-comparison-v1.0.0,recovery_first,Recovery first,highest_perceived_recovery,true,case_00188,returning_guest,maintenance_issue,3,0.78,true,0.453,false,false,1.0,0.95,56.44,3,recommendation,spa_wellness_credit,Surya Spa or Recovery Suite credit,275,82,151,206,0.45,3,5,true,false,true,false,false,false,false,true,true,false,true,true,false,true,true,synthetic_case_policy_assumption
comp-policy-comparison-v1.0.0,intelligent_generosity,Intelligent generosity,context_aware_policy_engine,true,case_00188,returning_guest,maintenance_issue,3,0.78,true,0.453,false,false,1.0,0.95,56.44,3,recommendation,spa_wellness_credit,Surya Spa or Recovery Suite credit,275,82,151,206,0.45,3,5,true,false,true,false,false,false,false,true,true,false,true,true,false,true,true,synthetic_case_policy_assumption
comp-policy-comparison-v1.0.0,synthetic_discretionary_baseline,Synthetic discretionary baseline,replay_synthetic_history,false,case_00189,new_guest,noise_disruption,2,0.48,true,0.98,false,false,1.0,0.95,40.1,2,reference_action,amenity_gesture,in-room amenity gesture,70,32,32,32,0.78,1,3,true,true,true,false,false,false,false,false,true,false,false,false,false,true,true,synthetic_case_policy_assumption
comp-policy-comparison-v1.0.0,tiered_standardization,Tiered standardization,highest_issue_fit,true,case_00189,new_guest,noise_disruption,2,0.48,true,0.98,false,false,1.0,0.95,40.1,2,recommendation,late_checkout,late checkout,75,6,15,34,0.82,2,4,true,true,true,false,false,false,true,false,true,false,true,true,false,true,true,synthetic_case_policy_assumption
comp-policy-comparison-v1.0.0,cost_guardrail,Guardrailed recovery,lowest_cost_adequate,true,case_00189,new_guest,noise_disruption,2,0.48,true,0.98,false,false,1.0,0.95,40.1,2,recommendation,late_checkout,late checkout,75,6,15,34,0.82,2,4,true,true,true,false,false,false,true,false,true,false,true,true,false,true,true,synthetic_case_policy_assumption
comp-policy-comparison-v1.0.0,recovery_first,Recovery first,highest_perceived_recovery,true,case_00189,new_guest,noise_disruption,2,0.48,true,0.98,false,false,1.0,0.95,40.1,2,recommendation,late_checkout,late checkout,75,6,15,34,0.82,2,4,true,true,true,false,false,false,true,false,true,false,true,true,false,true,true,synthetic_case_policy_assumption
comp-policy-comparison-v1.0.0,intelligent_generosity,Intelligent generosity,context_aware_policy_engine,true,case_00189,new_guest,noise_disruption,2,0.48,true,0.98,false,false,1.0,0.95,40.1,2,recommendation,rooftop_f_and_b_credit,Calabra or Palma dining credit,135,34,54,81,0.45,2,5,true,false,true,false,false,false,false,true,true,false,true,true,false,true,true,synthetic_case_policy_assumption
comp-policy-comparison-v1.0.0,synthetic_discretionary_baseline,Synthetic discretionary baseline,replay_synthetic_history,false,case_00190,loyalty_guest,f_and_b_service_lapse,1,0.7,false,0.347,false,false,1.0,0.95,38.41,2,reference_action,amenity_gesture,in-room amenity gesture,0,0,0,0,0.7,1,3,true,true,true,false,false,false,false,false,true,false,false,false,false,true,true,synthetic_case_policy_assumption
comp-policy-comparison-v1.0.0,tiered_standardization,Tiered standardization,highest_issue_fit,true,case_00190,loyalty_guest,f_and_b_service_lapse,1,0.7,false,0.347,false,false,1.0,0.95,38.41,2,recommendation,rooftop_f_and_b_credit,Calabra or Palma dining credit,135,34,54,81,0.88,2,5,true,true,true,false,false,false,false,false,true,false,false,true,false,true,true,synthetic_case_policy_assumption
comp-policy-comparison-v1.0.0,cost_guardrail,Guardrailed recovery,lowest_cost_adequate,true,case_00190,loyalty_guest,f_and_b_service_lapse,1,0.7,false,0.347,false,false,1.0,0.95,38.41,2,recommendation,rooftop_f_and_b_credit,Calabra or Palma dining credit,135,34,54,81,0.88,2,5,true,true,true,false,false,false,false,false,true,false,false,true,false,true,true,synthetic_case_policy_assumption
comp-policy-comparison-v1.0.0,recovery_first,Recovery first,highest_perceived_recovery,true,case_00190,loyalty_guest,f_and_b_service_lapse,1,0.7,false,0.347,false,false,1.0,0.95,38.41,2,recommendation,rooftop_f_and_b_credit,Calabra or Palma dining credit,135,34,54,81,0.88,2,5,true,true,true,false,false,false,false,false,true,false,false,true,false,true,true,synthetic_case_policy_assumption
comp-policy-comparison-v1.0.0,intelligent_generosity,Intelligent generosity,context_aware_policy_engine,true,case_00190,loyalty_guest,f_and_b_service_lapse,1,0.7,false,0.347,false,false,1.0,0.95,38.41,2,recommendation,rooftop_f_and_b_credit,Calabra or Palma dining credit,135,34,54,81,0.88,2,5,true,true,true,false,false,false,false,false,true,false,false,true,false,true,true,synthetic_case_policy_assumption
comp-policy-comparison-v1.0.0,synthetic_discretionary_baseline,Synthetic discretionary baseline,replay_synthetic_history,false,case_00191,returning_guest,f_and_b_service_lapse,2,0.7,false,0.486,false,false,1.0,0.95,46.77,3,reference_action,rooftop_f_and_b_credit,Calabra or Palma dining credit,200,80,80,80,0.88,2,5,true,true,true,false,false,false,false,false,true,false,false,false,false,true,true,synthetic_case_policy_assumption
comp-policy-comparison-v1.0.0,tiered_standardization,Tiered standardization,highest_issue_fit,true,case_00191,returning_guest,f_and_b_service_lapse,2,0.7,false,0.486,false,false,1.0,0.95,46.77,3,recommendation,rooftop_f_and_b_credit,Calabra or Palma dining credit,150,38,60,90,0.88,2,5,true,true,true,false,false,false,false,false,true,false,false,true,false,true,true,synthetic_case_policy_assumption
comp-policy-comparison-v1.0.0,cost_guardrail,Guardrailed recovery,lowest_cost_adequate,true,case_00191,returning_guest,f_and_b_service_lapse,2,0.7,false,0.486,false,false,1.0,0.95,46.77,3,recommendation,rooftop_f_and_b_credit,Calabra or Palma dining credit,150,38,60,90,0.88,2,5,true,true,true,false,false,false,false,false,true,false,false,true,false,true,true,synthetic_case_policy_assumption
comp-policy-comparison-v1.0.0,recovery_first,Recovery first,highest_perceived_recovery,true,case_00191,returning_guest,f_and_b_service_lapse,2,0.7,false,0.486,false,false,1.0,0.95,46.77,3,recommendation,rooftop_f_and_b_credit,Calabra or Palma dining credit,150,38,60,90,0.88,2,5,true,true,true,false,false,false,false,false,true,false,false,true,false,true,true,synthetic_case_policy_assumption
comp-policy-comparison-v1.0.0,intelligent_generosity,Intelligent generosity,context_aware_policy_engine,true,case_00191,returning_guest,f_and_b_service_lapse,2,0.7,false,0.486,false,false,1.0,0.95,46.77,3,recommendation,rooftop_f_and_b_credit,Calabra or Palma dining credit,150,38,60,90,0.88,2,5,true,true,true,false,false,false,false,false,true,false,false,true,false,true,true,synthetic_case_policy_assumption
comp-policy-comparison-v1.0.0,synthetic_discretionary_baseline,Synthetic discretionary baseline,replay_synthetic_history,false,case_00192,new_guest,room_readiness_delay,4,0.93,false,0.73,false,false,1.0,0.95,69.03,4,reference_action,rooftop_f_and_b_credit,Calabra or Palma dining credit,170,68,68,68,0.72,2,5,true,true,true,true,false,false,false,false,true,false,false,false,false,true,true,synthetic_case_policy_assumption
comp-policy-comparison-v1.0.0,tiered_standardization,Tiered standardization,highest_issue_fit,true,case_00192,new_guest,room_readiness_delay,4,0.93,false,0.73,false,false,1.0,0.95,69.03,4,recommendation,partial_room_refund,partial room refund,175,175,175,175,0.82,4,5,true,true,true,true,false,false,false,false,false,true,false,true,false,true,true,synthetic_case_policy_assumption
comp-policy-comparison-v1.0.0,cost_guardrail,Guardrailed recovery,lowest_cost_adequate,true,case_00192,new_guest,room_readiness_delay,4,0.93,false,0.73,false,false,1.0,0.95,69.03,4,recommendation,lobby_lounge_credit,Palma lounge credit,120,30,46,66,0.76,2,4,true,true,true,true,false,false,false,false,true,false,false,true,false,true,true,synthetic_case_policy_assumption
comp-policy-comparison-v1.0.0,recovery_first,Recovery first,highest_perceived_recovery,true,case_00192,new_guest,room_readiness_delay,4,0.93,false,0.73,false,false,1.0,0.95,69.03,4,recommendation,future_stay_credit,future-stay credit,240,72,144,204,0.7,4,5,true,true,true,true,false,false,false,true,false,false,true,true,false,true,true,synthetic_case_policy_assumption
comp-policy-comparison-v1.0.0,intelligent_generosity,Intelligent generosity,context_aware_policy_engine,true,case_00192,new_guest,room_readiness_delay,4,0.93,false,0.73,false,false,1.0,0.95,69.03,4,recommendation,rooftop_f_and_b_credit,Calabra or Palma dining credit,180,45,72,108,0.72,2,5,true,true,true,true,false,false,false,true,true,false,true,true,false,true,true,synthetic_case_policy_assumption
comp-policy-comparison-v1.0.0,synthetic_discretionary_baseline,Synthetic discretionary baseline,replay_synthetic_history,false,case_00193,returning_guest,housekeeping_miss,3,0.9,true,0.585,false,false,1.0,0.95,58.73,4,reference_unknown,no_matched_comp_record,No matched synthetic comp record,0,0,0,0,0.0,0,0,false,false,false,true,false,false,false,false,false,false,false,false,false,true,true,synthetic_case_policy_assumption
comp-policy-comparison-v1.0.0,tiered_standardization,Tiered standardization,highest_issue_fit,true,case_00193,returning_guest,housekeeping_miss,3,0.9,true,0.585,false,false,1.0,0.95,58.73,4,recommendation,amenity_gesture,in-room amenity gesture,65,16,29,42,0.8,1,3,true,false,false,true,true,false,false,false,true,false,false,true,false,true,true,synthetic_case_policy_assumption
comp-policy-comparison-v1.0.0,cost_guardrail,Guardrailed recovery,lowest_cost_adequate,true,case_00193,returning_guest,housekeeping_miss,3,0.9,true,0.585,false,false,1.0,0.95,58.73,4,recommendation,partial_room_refund,partial room refund,175,175,175,175,0.78,4,5,true,true,true,true,false,false,false,false,false,true,false,true,false,true,true,synthetic_case_policy_assumption
comp-policy-comparison-v1.0.0,recovery_first,Recovery first,highest_perceived_recovery,true,case_00193,returning_guest,housekeeping_miss,3,0.9,true,0.585,false,false,1.0,0.95,58.73,4,recommendation,future_stay_credit,future-stay credit,240,72,144,204,0.56,4,5,true,false,true,true,false,false,false,true,false,false,true,true,false,true,true,synthetic_case_policy_assumption
comp-policy-comparison-v1.0.0,intelligent_generosity,Intelligent generosity,context_aware_policy_engine,true,case_00193,returning_guest,housekeeping_miss,3,0.9,true,0.585,false,false,1.0,0.95,58.73,4,recommendation,future_stay_credit,future-stay credit,240,72,144,204,0.56,4,5,true,false,true,true,false,false,false,true,false,false,true,true,false,true,true,synthetic_case_policy_assumption
comp-policy-comparison-v1.0.0,synthetic_discretionary_baseline,Synthetic discretionary baseline,replay_synthetic_history,false,case_00194,returning_guest,billing_or_fee_dispute,2,0.55,false,0.32,true,false,1.0,0.95,47.1,3,reference_action,rooftop_f_and_b_credit,Calabra or Palma dining credit,210,84,84,84,0.45,2,5,true,false,false,false,false,false,false,false,true,false,false,false,false,true,true,synthetic_case_policy_assumption
comp-policy-comparison-v1.0.0,tiered_standardization,Tiered standardization,highest_issue_fit,true,case_00194,returning_guest,billing_or_fee_dispute,2,0.55,false,0.32,true,false,1.0,0.95,47.1,3,recommendation,manager_note,manager note and personal follow-up,0,0,0,0,0.72,1,3,true,true,true,false,false,false,false,true,false,false,true,true,false,true,true,synthetic_case_policy_assumption
comp-policy-comparison-v1.0.0,cost_guardrail,Guardrailed recovery,lowest_cost_adequate,true,case_00194,returning_guest,billing_or_fee_dispute,2,0.55,false,0.32,true,false,1.0,0.95,47.1,3,recommendation,manager_note,manager note and personal follow-up,0,0,0,0,0.72,1,3,true,true,true,false,false,false,false,true,false,false,true,true,false,true,true,synthetic_case_policy_assumption
comp-policy-comparison-v1.0.0,recovery_first,Recovery first,highest_perceived_recovery,true,case_00194,returning_guest,billing_or_fee_dispute,2,0.55,false,0.32,true,false,1.0,0.95,47.1,3,recommendation,spa_wellness_credit,Surya Spa or Recovery Suite credit,275,82,151,206,0.25,3,5,true,false,true,false,false,false,false,true,true,false,true,true,false,true,true,synthetic_case_policy_assumption
comp-policy-comparison-v1.0.0,intelligent_generosity,Intelligent generosity,context_aware_policy_engine,true,case_00194,returning_guest,billing_or_fee_dispute,2,0.55,false,0.32,true,false,1.0,0.95,47.1,3,recommendation,rooftop_f_and_b_credit,Calabra or Palma dining credit,150,38,60,90,0.45,2,5,true,false,true,false,false,false,false,true,true,false,true,true,false,true,true,synthetic_case_policy_assumption
comp-policy-comparison-v1.0.0,synthetic_discretionary_baseline,Synthetic discretionary baseline,replay_synthetic_history,false,case_00195,vip_guest,f_and_b_service_lapse,2,0.7,true,0.99,true,false,1.0,0.95,51.3,3,reference_unknown,no_matched_comp_record,No matched synthetic comp record,0,0,0,0,0.0,0,0,false,false,false,false,false,false,false,false,false,false,false,false,false,true,true,synthetic_case_policy_assumption
comp-policy-comparison-v1.0.0,tiered_standardization,Tiered standardization,highest_issue_fit,true,case_00195,vip_guest,f_and_b_service_lapse,2,0.7,true,0.99,true,false,1.0,0.95,51.3,3,recommendation,rooftop_f_and_b_credit,Calabra or Palma dining credit,150,38,60,90,0.88,2,5,true,true,true,false,false,false,false,false,true,false,false,true,false,true,true,synthetic_case_policy_assumption
comp-policy-comparison-v1.0.0,cost_guardrail,Guardrailed recovery,lowest_cost_adequate,true,case_00195,vip_guest,f_and_b_service_lapse,2,0.7,true,0.99,true,false,1.0,0.95,51.3,3,recommendation,rooftop_f_and_b_credit,Calabra or Palma dining credit,150,38,60,90,0.88,2,5,true,true,true,false,false,false,false,false,true,false,false,true,false,true,true,synthetic_case_policy_assumption
comp-policy-comparison-v1.0.0,recovery_first,Recovery first,highest_perceived_recovery,true,case_00195,vip_guest,f_and_b_service_lapse,2,0.7,true,0.99,true,false,1.0,0.95,51.3,3,recommendation,rooftop_f_and_b_credit,Calabra or Palma dining credit,150,38,60,90,0.88,2,5,true,true,true,false,false,false,false,false,true,false,false,true,false,true,true,synthetic_case_policy_assumption
comp-policy-comparison-v1.0.0,intelligent_generosity,Intelligent generosity,context_aware_policy_engine,true,case_00195,vip_guest,f_and_b_service_lapse,2,0.7,true,0.99,true,false,1.0,0.95,51.3,3,recommendation,rooftop_f_and_b_credit,Calabra or Palma dining credit,150,38,60,90,0.88,2,5,true,true,true,false,false,false,false,false,true,false,false,true,false,true,true,synthetic_case_policy_assumption
comp-policy-comparison-v1.0.0,synthetic_discretionary_baseline,Synthetic discretionary baseline,replay_synthetic_history,false,case_00196,returning_guest,spa_wellness_service_issue,2,0.74,true,0.504,false,false,1.0,0.95,47.14,3,reference_action,lobby_lounge_credit,Palma lounge credit,95,36,36,36,0.52,2,4,true,false,false,false,false,false,false,false,true,false,false,false,false,true,true,synthetic_case_policy_assumption
comp-policy-comparison-v1.0.0,tiered_standardization,Tiered standardization,highest_issue_fit,true,case_00196,returning_guest,spa_wellness_service_issue,2,0.74,true,0.504,false,false,1.0,0.95,47.14,3,recommendation,spa_wellness_credit,Surya Spa or Recovery Suite credit,275,82,151,206,0.9,3,5,true,true,true,false,false,false,false,false,true,false,false,true,false,true,true,synthetic_case_policy_assumption
comp-policy-comparison-v1.0.0,cost_guardrail,Guardrailed recovery,lowest_cost_adequate,true,case_00196,returning_guest,spa_wellness_service_issue,2,0.74,true,0.504,false,false,1.0,0.95,47.14,3,recommendation,spa_wellness_credit,Surya Spa or Recovery Suite credit,275,82,151,206,0.9,3,5,true,true,true,false,false,false,false,false,true,false,false,true,false,true,true,synthetic_case_policy_assumption
comp-policy-comparison-v1.0.0,recovery_first,Recovery first,highest_perceived_recovery,true,case_00196,returning_guest,spa_wellness_service_issue,2,0.74,true,0.504,false,false,1.0,0.95,47.14,3,recommendation,spa_wellness_credit,Surya Spa or Recovery Suite credit,275,82,151,206,0.9,3,5,true,true,true,false,false,false,false,false,true,false,false,true,false,true,true,synthetic_case_policy_assumption
comp-policy-comparison-v1.0.0,intelligent_generosity,Intelligent generosity,context_aware_policy_engine,true,case_00196,returning_guest,spa_wellness_service_issue,2,0.74,true,0.504,false,false,1.0,0.95,47.14,3,recommendation,spa_wellness_credit,Surya Spa or Recovery Suite credit,275,82,151,206,0.9,3,5,true,true,true,false,false,false,false,false,true,false,false,true,false,true,true,synthetic_case_policy_assumption
comp-policy-comparison-v1.0.0,synthetic_discretionary_baseline,Synthetic discretionary baseline,replay_synthetic_history,false,case_00197,new_guest,spa_wellness_service_issue,5,0.79,false,0.782,true,false,1.0,0.95,78.71,5,reference_unknown,no_matched_comp_record,No matched synthetic comp record,0,0,0,0,0.0,0,0,false,false,false,true,false,false,false,false,false,false,false,false,false,true,false,synthetic_case_policy_assumption
comp-policy-comparison-v1.0.0,tiered_standardization,Tiered standardization,highest_issue_fit,true,case_00197,new_guest,spa_wellness_service_issue,5,0.79,false,0.782,true,false,1.0,0.95,78.71,5,recommendation,spa_wellness_credit,Surya Spa or Recovery Suite credit,400,120,220,300,0.9,3,5,true,true,true,true,false,false,false,false,true,false,true,true,false,true,true,synthetic_case_policy_assumption
comp-policy-comparison-v1.0.0,cost_guardrail,Guardrailed recovery,lowest_cost_adequate,true,case_00197,new_guest,spa_wellness_service_issue,5,0.79,false,0.782,true,false,1.0,0.95,78.71,5,recommendation,spa_wellness_credit,Surya Spa or Recovery Suite credit,400,120,220,300,0.9,3,5,true,true,true,true,false,false,false,false,true,false,true,true,false,true,true,synthetic_case_policy_assumption
comp-policy-comparison-v1.0.0,recovery_first,Recovery first,highest_perceived_recovery,true,case_00197,new_guest,spa_wellness_service_issue,5,0.79,false,0.782,true,false,1.0,0.95,78.71,5,recommendation,spa_wellness_credit,Surya Spa or Recovery Suite credit,400,120,220,300,0.9,3,5,true,true,true,true,false,false,false,false,true,false,true,true,false,true,true,synthetic_case_policy_assumption
comp-policy-comparison-v1.0.0,intelligent_generosity,Intelligent generosity,context_aware_policy_engine,true,case_00197,new_guest,spa_wellness_service_issue,5,0.79,false,0.782,true,false,1.0,0.95,78.71,5,recommendation,spa_wellness_credit,Surya Spa or Recovery Suite credit,400,120,220,300,0.9,3,5,true,true,true,true,false,false,false,false,true,false,true,true,false,true,true,synthetic_case_policy_assumption
comp-policy-comparison-v1.0.0,synthetic_discretionary_baseline,Synthetic discretionary baseline,replay_synthetic_history,false,case_00198,new_guest,billing_or_fee_dispute,5,0.6,true,0.658,true,false,1.0,0.95,68.57,4,reference_action,spa_wellness_credit,Surya Spa or Recovery Suite credit,345,190,190,190,0.25,3,5,true,false,false,true,true,false,false,false,true,false,false,false,false,true,true,synthetic_case_policy_assumption
comp-policy-comparison-v1.0.0,tiered_standardization,Tiered standardization,highest_issue_fit,true,case_00198,new_guest,billing_or_fee_dispute,5,0.6,true,0.658,true,false,1.0,0.95,68.57,4,recommendation,manager_note,manager note and personal follow-up,0,0,0,0,0.72,1,3,true,false,true,true,false,false,false,true,false,false,true,true,false,true,true,synthetic_case_policy_assumption
comp-policy-comparison-v1.0.0,cost_guardrail,Guardrailed recovery,lowest_cost_adequate,true,case_00198,new_guest,billing_or_fee_dispute,5,0.6,true,0.658,true,false,1.0,0.95,68.57,4,recommendation,parking_fee_waiver,parking or destination-fee waiver,100,8,18,35,0.66,2,4,true,true,true,true,false,false,false,true,true,false,true,true,false,true,true,synthetic_case_policy_assumption
comp-policy-comparison-v1.0.0,recovery_first,Recovery first,highest_perceived_recovery,true,case_00198,new_guest,billing_or_fee_dispute,5,0.6,true,0.658,true,false,1.0,0.95,68.57,4,recommendation,future_stay_credit,future-stay credit,255,76,153,217,0.56,4,5,true,false,true,true,false,false,false,true,false,false,true,true,false,true,true,synthetic_case_policy_assumption
comp-policy-comparison-v1.0.0,intelligent_generosity,Intelligent generosity,context_aware_policy_engine,true,case_00198,new_guest,billing_or_fee_dispute,5,0.6,true,0.658,true,false,1.0,0.95,68.57,4,recommendation,rooftop_f_and_b_credit,Calabra or Palma dining credit,180,45,72,108,0.45,2,5,true,false,true,true,false,false,false,true,true,false,true,true,false,true,true,synthetic_case_policy_assumption
comp-policy-comparison-v1.0.0,synthetic_discretionary_baseline,Synthetic discretionary baseline,replay_synthetic_history,false,case_00199,new_guest,room_readiness_delay,3,0.88,false,0.65,true,false,1.0,0.95,60.17,4,reference_action,late_checkout,late checkout,115,23,23,23,0.9,2,4,true,true,true,true,false,true,true,false,true,false,false,false,false,true,true,synthetic_case_policy_assumption
comp-policy-comparison-v1.0.0,tiered_standardization,Tiered standardization,highest_issue_fit,true,case_00199,new_guest,room_readiness_delay,3,0.88,false,0.65,true,false,1.0,0.95,60.17,4,recommendation,partial_room_refund,partial room refund,150,150,150,150,0.82,4,5,true,true,true,true,false,false,false,false,false,true,false,true,false,true,true,synthetic_case_policy_assumption
comp-policy-comparison-v1.0.0,cost_guardrail,Guardrailed recovery,lowest_cost_adequate,true,case_00199,new_guest,room_readiness_delay,3,0.88,false,0.65,true,false,1.0,0.95,60.17,4,recommendation,lobby_lounge_credit,Palma lounge credit,120,30,46,66,0.76,2,4,true,true,true,true,false,false,false,false,true,false,false,true,false,true,true,synthetic_case_policy_assumption
comp-policy-comparison-v1.0.0,recovery_first,Recovery first,highest_perceived_recovery,true,case_00199,new_guest,room_readiness_delay,3,0.88,false,0.65,true,false,1.0,0.95,60.17,4,recommendation,rooftop_f_and_b_credit,Calabra or Palma dining credit,180,45,72,108,0.72,2,5,true,true,true,true,false,false,false,true,true,false,true,true,false,true,true,synthetic_case_policy_assumption
comp-policy-comparison-v1.0.0,intelligent_generosity,Intelligent generosity,context_aware_policy_engine,true,case_00199,new_guest,room_readiness_delay,3,0.88,false,0.65,true,false,1.0,0.95,60.17,4,recommendation,rooftop_f_and_b_credit,Calabra or Palma dining credit,180,45,72,108,0.72,2,5,true,true,true,true,false,false,false,true,true,false,true,true,false,true,true,synthetic_case_policy_assumption
comp-policy-comparison-v1.0.0,synthetic_discretionary_baseline,Synthetic discretionary baseline,replay_synthetic_history,false,case_00200,returning_guest,spa_wellness_service_issue,3,0.74,true,0.652,false,false,1.0,0.95,58.55,4,reference_unknown,no_matched_comp_record,No matched synthetic comp record,0,0,0,0,0.0,0,0,false,false,false,true,false,false,false,false,false,false,false,false,false,true,true,synthetic_case_policy_assumption
comp-policy-comparison-v1.0.0,tiered_standardization,Tiered standardization,highest_issue_fit,true,case_00200,returning_guest,spa_wellness_service_issue,3,0.74,true,0.652,false,false,1.0,0.95,58.55,4,recommendation,spa_wellness_credit,Surya Spa or Recovery Suite credit,330,99,182,248,0.9,3,5,true,true,true,true,false,false,false,false,true,false,false,true,false,true,true,synthetic_case_policy_assumption
comp-policy-comparison-v1.0.0,cost_guardrail,Guardrailed recovery,lowest_cost_adequate,true,case_00200,returning_guest,spa_wellness_service_issue,3,0.74,true,0.652,false,false,1.0,0.95,58.55,4,recommendation,spa_wellness_credit,Surya Spa or Recovery Suite credit,330,99,182,248,0.9,3,5,true,true,true,true,false,false,false,false,true,false,false,true,false,true,true,synthetic_case_policy_assumption
comp-policy-comparison-v1.0.0,recovery_first,Recovery first,highest_perceived_recovery,true,case_00200,returning_guest,spa_wellness_service_issue,3,0.74,true,0.652,false,false,1.0,0.95,58.55,4,recommendation,spa_wellness_credit,Surya Spa or Recovery Suite credit,330,99,182,248,0.9,3,5,true,true,true,true,false,false,false,false,true,false,false,true,false,true,true,synthetic_case_policy_assumption
comp-policy-comparison-v1.0.0,intelligent_generosity,Intelligent generosity,context_aware_policy_engine,true,case_00200,returning_guest,spa_wellness_service_issue,3,0.74,true,0.652,false,false,1.0,0.95,58.55,4,recommendation,spa_wellness_credit,Surya Spa or Recovery Suite credit,330,99,182,248,0.9,3,5,true,true,true,true,false,false,false,false,true,false,false,true,false,true,true,synthetic_case_policy_assumption
comp-policy-comparison-v1.0.0,synthetic_discretionary_baseline,Synthetic discretionary baseline,replay_synthetic_history,false,case_00201,new_guest,room_readiness_delay,2,0.88,true,0.463,false,false,1.0,0.95,51.31,3,reference_action,lobby_lounge_credit,Palma lounge credit,135,51,51,51,0.76,2,4,true,true,true,false,false,false,false,false,true,false,false,false,false,true,true,synthetic_case_policy_assumption
comp-policy-comparison-v1.0.0,tiered_standardization,Tiered standardization,highest_issue_fit,true,case_00201,new_guest,room_readiness_delay,2,0.88,true,0.463,false,false,1.0,0.95,51.31,3,recommendation,late_checkout,late checkout,85,7,17,38,0.9,2,4,true,true,true,false,false,false,false,false,true,false,false,true,false,true,true,synthetic_case_policy_assumption
comp-policy-comparison-v1.0.0,cost_guardrail,Guardrailed recovery,lowest_cost_adequate,true,case_00201,new_guest,room_readiness_delay,2,0.88,true,0.463,false,false,1.0,0.95,51.31,3,recommendation,late_checkout,late checkout,85,7,17,38,0.9,2,4,true,true,true,false,false,false,false,false,true,false,false,true,false,true,true,synthetic_case_policy_assumption
comp-policy-comparison-v1.0.0,recovery_first,Recovery first,highest_perceived_recovery,true,case_00201,new_guest,room_readiness_delay,2,0.88,true,0.463,false,false,1.0,0.95,51.31,3,recommendation,room_upgrade,room upgrade,300,24,75,195,0.48,3,5,true,false,true,false,false,false,false,true,true,false,true,true,false,true,true,synthetic_case_policy_assumption
comp-policy-comparison-v1.0.0,intelligent_generosity,Intelligent generosity,context_aware_policy_engine,true,case_00201,new_guest,room_readiness_delay,2,0.88,true,0.463,false,false,1.0,0.95,51.31,3,recommendation,late_checkout,late checkout,85,7,17,38,0.9,2,4,true,true,true,false,false,false,false,false,true,false,false,true,false,true,true,synthetic_case_policy_assumption
comp-policy-comparison-v1.0.0,synthetic_discretionary_baseline,Synthetic discretionary baseline,replay_synthetic_history,false,case_00202,returning_guest,maintenance_issue,3,0.78,false,0.325,false,false,1.0,0.95,62.99,4,reference_action,spa_wellness_credit,Surya Spa or Recovery Suite credit,395,217,217,217,0.45,3,5,true,false,false,true,true,false,false,false,true,false,false,false,false,true,true,synthetic_case_policy_assumption
comp-policy-comparison-v1.0.0,tiered_standardization,Tiered standardization,highest_issue_fit,true,case_00202,returning_guest,maintenance_issue,3,0.78,false,0.325,false,false,1.0,0.95,62.99,4,recommendation,partial_room_refund,partial room refund,150,150,150,150,0.8,4,5,true,true,true,true,false,false,false,false,false,true,false,true,false,true,true,synthetic_case_policy_assumption
comp-policy-comparison-v1.0.0,cost_guardrail,Guardrailed recovery,lowest_cost_adequate,true,case_00202,returning_guest,maintenance_issue,3,0.78,false,0.325,false,false,1.0,0.95,62.99,4,recommendation,partial_room_refund,partial room refund,150,150,150,150,0.8,4,5,true,true,true,true,false,false,false,false,false,true,false,true,false,true,true,synthetic_case_policy_assumption
comp-policy-comparison-v1.0.0,recovery_first,Recovery first,highest_perceived_recovery,true,case_00202,returning_guest,maintenance_issue,3,0.78,false,0.325,false,false,1.0,0.95,62.99,4,recommendation,spa_wellness_credit,Surya Spa or Recovery Suite credit,330,99,182,248,0.45,3,5,true,false,true,true,false,false,false,true,true,false,true,true,false,true,true,synthetic_case_policy_assumption
comp-policy-comparison-v1.0.0,intelligent_generosity,Intelligent generosity,context_aware_policy_engine,true,case_00202,returning_guest,maintenance_issue,3,0.78,false,0.325,false,false,1.0,0.95,62.99,4,recommendation,spa_wellness_credit,Surya Spa or Recovery Suite credit,330,99,182,248,0.45,3,5,true,false,true,true,false,false,false,true,true,false,true,true,false,true,true,synthetic_case_policy_assumption
comp-policy-comparison-v1.0.0,synthetic_discretionary_baseline,Synthetic discretionary baseline,replay_synthetic_history,false,case_00203,returning_guest,billing_or_fee_dispute,1,0.55,true,0.79,false,false,1.0,0.95,36.12,2,reference_action,manager_note,manager note and personal follow-up,0,0,0,0,0.72,1,3,true,true,true,false,false,false,false,false,false,false,false,false,false,true,true,synthetic_case_policy_assumption
comp-policy-comparison-v1.0.0,tiered_standardization,Tiered standardization,highest_issue_fit,true,case_00203,returning_guest,billing_or_fee_dispute,1,0.55,true,0.79,false,false,1.0,0.95,36.12,2,recommendation,manager_note,manager note and personal follow-up,0,0,0,0,0.72,1,3,true,true,true,false,false,false,false,true,false,false,true,true,false,true,true,synthetic_case_policy_assumption
comp-policy-comparison-v1.0.0,cost_guardrail,Guardrailed recovery,lowest_cost_adequate,true,case_00203,returning_guest,billing_or_fee_dispute,1,0.55,true,0.79,false,false,1.0,0.95,36.12,2,recommendation,manager_note,manager note and personal follow-up,0,0,0,0,0.72,1,3,true,true,true,false,false,false,false,true,false,false,true,true,false,true,true,synthetic_case_policy_assumption
comp-policy-comparison-v1.0.0,recovery_first,Recovery first,highest_perceived_recovery,true,case_00203,returning_guest,billing_or_fee_dispute,1,0.55,true,0.79,false,false,1.0,0.95,36.12,2,recommendation,rooftop_f_and_b_credit,Calabra or Palma dining credit,135,34,54,81,0.45,2,5,true,false,true,false,false,false,false,true,true,false,true,true,false,true,true,synthetic_case_policy_assumption
comp-policy-comparison-v1.0.0,intelligent_generosity,Intelligent generosity,context_aware_policy_engine,true,case_00203,returning_guest,billing_or_fee_dispute,1,0.55,true,0.79,false,false,1.0,0.95,36.12,2,recommendation,parking_fee_waiver,parking or destination-fee waiver,75,6,14,26,0.66,2,4,true,true,true,false,false,false,false,true,true,false,true,true,false,true,true,synthetic_case_policy_assumption
comp-policy-comparison-v1.0.0,synthetic_discretionary_baseline,Synthetic discretionary baseline,replay_synthetic_history,false,case_00204,new_guest,valet_or_parking_delay,1,0.62,false,0.541,true,false,1.0,0.95,34.6,2,reference_action,parking_fee_waiver,parking or destination-fee waiver,110,20,20,20,0.9,2,4,true,true,true,false,false,false,false,false,true,false,false,false,false,true,true,synthetic_case_policy_assumption
comp-policy-comparison-v1.0.0,tiered_standardization,Tiered standardization,highest_issue_fit,true,case_00204,new_guest,valet_or_parking_delay,1,0.62,false,0.541,true,false,1.0,0.95,34.6,2,recommendation,parking_fee_waiver,parking or destination-fee waiver,75,6,14,26,0.9,2,4,true,true,true,false,false,false,false,false,true,false,false,true,false,true,true,synthetic_case_policy_assumption
comp-policy-comparison-v1.0.0,cost_guardrail,Guardrailed recovery,lowest_cost_adequate,true,case_00204,new_guest,valet_or_parking_delay,1,0.62,false,0.541,true,false,1.0,0.95,34.6,2,recommendation,parking_fee_waiver,parking or destination-fee waiver,75,6,14,26,0.9,2,4,true,true,true,false,false,false,false,false,true,false,false,true,false,true,true,synthetic_case_policy_assumption
comp-policy-comparison-v1.0.0,recovery_first,Recovery first,highest_perceived_recovery,true,case_00204,new_guest,valet_or_parking_delay,1,0.62,false,0.541,true,false,1.0,0.95,34.6,2,recommendation,parking_fee_waiver,parking or destination-fee waiver,75,6,14,26,0.9,2,4,true,true,true,false,false,false,false,false,true,false,false,true,false,true,true,synthetic_case_policy_assumption
comp-policy-comparison-v1.0.0,intelligent_generosity,Intelligent generosity,context_aware_policy_engine,true,case_00204,new_guest,valet_or_parking_delay,1,0.62,false,0.541,true,false,1.0,0.95,34.6,2,recommendation,rooftop_f_and_b_credit,Calabra or Palma dining credit,135,34,54,81,0.45,2,5,true,false,true,false,false,false,false,true,true,false,true,true,false,true,true,synthetic_case_policy_assumption
comp-policy-comparison-v1.0.0,synthetic_discretionary_baseline,Synthetic discretionary baseline,replay_synthetic_history,false,case_00205,new_guest,billing_or_fee_dispute,1,0.55,true,0.944,true,false,1.0,0.95,31.89,2,reference_unknown,no_matched_comp_record,No matched synthetic comp record,0,0,0,0,0.0,0,0,false,false,false,false,false,false,false,false,false,false,false,false,false,true,true,synthetic_case_policy_assumption
comp-policy-comparison-v1.0.0,tiered_standardization,Tiered standardization,highest_issue_fit,true,case_00205,new_guest,billing_or_fee_dispute,1,0.55,true,0.944,true,false,1.0,0.95,31.89,2,recommendation,manager_note,manager note and personal follow-up,0,0,0,0,0.72,1,3,true,true,true,false,false,false,false,true,false,false,true,true,false,true,true,synthetic_case_policy_assumption
comp-policy-comparison-v1.0.0,cost_guardrail,Guardrailed recovery,lowest_cost_adequate,true,case_00205,new_guest,billing_or_fee_dispute,1,0.55,true,0.944,true,false,1.0,0.95,31.89,2,recommendation,manager_note,manager note and personal follow-up,0,0,0,0,0.72,1,3,true,true,true,false,false,false,false,true,false,false,true,true,false,true,true,synthetic_case_policy_assumption
comp-policy-comparison-v1.0.0,recovery_first,Recovery first,highest_perceived_recovery,true,case_00205,new_guest,billing_or_fee_dispute,1,0.55,true,0.944,true,false,1.0,0.95,31.89,2,recommendation,rooftop_f_and_b_credit,Calabra or Palma dining credit,135,34,54,81,0.45,2,5,true,false,true,false,false,false,false,true,true,false,true,true,false,true,true,synthetic_case_policy_assumption
comp-policy-comparison-v1.0.0,intelligent_generosity,Intelligent generosity,context_aware_policy_engine,true,case_00205,new_guest,billing_or_fee_dispute,1,0.55,true,0.944,true,false,1.0,0.95,31.89,2,recommendation,rooftop_f_and_b_credit,Calabra or Palma dining credit,135,34,54,81,0.45,2,5,true,false,true,false,false,false,false,true,true,false,true,true,false,true,true,synthetic_case_policy_assumption
comp-policy-comparison-v1.0.0,synthetic_discretionary_baseline,Synthetic discretionary baseline,replay_synthetic_history,false,case_00206,loyalty_guest,room_assignment_expectation_gap,3,0.74,false,0.658,true,false,1.0,0.95,60.75,4,reference_action,manager_note,manager note and personal follow-up,0,0,0,0,0.72,1,3,true,false,false,true,true,false,false,false,false,false,false,false,false,true,true,synthetic_case_policy_assumption
comp-policy-comparison-v1.0.0,tiered_standardization,Tiered standardization,highest_issue_fit,true,case_00206,loyalty_guest,room_assignment_expectation_gap,3,0.74,false,0.658,true,false,1.0,0.95,60.75,4,recommendation,partial_room_refund,partial room refund,155,155,155,155,0.75,4,5,true,true,true,true,false,false,false,false,false,true,false,true,false,true,true,synthetic_case_policy_assumption
comp-policy-comparison-v1.0.0,cost_guardrail,Guardrailed recovery,lowest_cost_adequate,true,case_00206,loyalty_guest,room_assignment_expectation_gap,3,0.74,false,0.658,true,false,1.0,0.95,60.75,4,recommendation,partial_room_refund,partial room refund,155,155,155,155,0.75,4,5,true,true,true,true,false,false,false,false,false,true,false,true,false,true,true,synthetic_case_policy_assumption
comp-policy-comparison-v1.0.0,recovery_first,Recovery first,highest_perceived_recovery,true,case_00206,loyalty_guest,room_assignment_expectation_gap,3,0.74,false,0.658,true,false,1.0,0.95,60.75,4,recommendation,future_stay_credit,future-stay credit,205,62,123,174,0.56,4,5,true,false,true,true,false,false,false,true,false,false,true,true,false,true,true,synthetic_case_policy_assumption
comp-policy-comparison-v1.0.0,intelligent_generosity,Intelligent generosity,context_aware_policy_engine,true,case_00206,loyalty_guest,room_assignment_expectation_gap,3,0.74,false,0.658,true,false,1.0,0.95,60.75,4,recommendation,rooftop_f_and_b_credit,Calabra or Palma dining credit,180,45,72,108,0.45,2,5,true,false,true,true,false,false,false,true,true,false,true,true,false,true,true,synthetic_case_policy_assumption
comp-policy-comparison-v1.0.0,synthetic_discretionary_baseline,Synthetic discretionary baseline,replay_synthetic_history,false,case_00207,loyalty_guest,valet_or_parking_delay,1,0.62,true,0.926,true,false,1.0,0.95,34.4,2,reference_action,amenity_gesture,in-room amenity gesture,55,25,25,25,0.7,1,3,true,true,true,false,false,false,false,false,true,false,false,false,false,true,true,synthetic_case_policy_assumption
comp-policy-comparison-v1.0.0,tiered_standardization,Tiered standardization,highest_issue_fit,true,case_00207,loyalty_guest,valet_or_parking_delay,1,0.62,true,0.926,true,false,1.0,0.95,34.4,2,recommendation,parking_fee_waiver,parking or destination-fee waiver,75,6,14,26,0.9,2,4,true,true,true,false,false,false,false,false,true,false,false,true,false,true,true,synthetic_case_policy_assumption
comp-policy-comparison-v1.0.0,cost_guardrail,Guardrailed recovery,lowest_cost_adequate,true,case_00207,loyalty_guest,valet_or_parking_delay,1,0.62,true,0.926,true,false,1.0,0.95,34.4,2,recommendation,parking_fee_waiver,parking or destination-fee waiver,75,6,14,26,0.9,2,4,true,true,true,false,false,false,false,false,true,false,false,true,false,true,true,synthetic_case_policy_assumption
comp-policy-comparison-v1.0.0,recovery_first,Recovery first,highest_perceived_recovery,true,case_00207,loyalty_guest,valet_or_parking_delay,1,0.62,true,0.926,true,false,1.0,0.95,34.4,2,recommendation,parking_fee_waiver,parking or destination-fee waiver,75,6,14,26,0.9,2,4,true,true,true,false,false,false,false,false,true,false,false,true,false,true,true,synthetic_case_policy_assumption
comp-policy-comparison-v1.0.0,intelligent_generosity,Intelligent generosity,context_aware_policy_engine,true,case_00207,loyalty_guest,valet_or_parking_delay,1,0.62,true,0.926,true,false,1.0,0.95,34.4,2,recommendation,rooftop_f_and_b_credit,Calabra or Palma dining credit,135,34,54,81,0.45,2,5,true,false,true,false,false,false,false,true,true,false,true,true,false,true,true,synthetic_case_policy_assumption
comp-policy-comparison-v1.0.0,synthetic_discretionary_baseline,Synthetic discretionary baseline,replay_synthetic_history,false,case_00208,new_guest,noise_disruption,2,0.48,true,0.859,true,false,1.0,0.95,43.79,3,reference_action,partial_room_refund,partial room refund,390,390,390,390,0.5,4,5,true,false,false,false,false,false,false,false,false,true,false,false,false,true,true,synthetic_case_policy_assumption
comp-policy-comparison-v1.0.0,tiered_standardization,Tiered standardization,highest_issue_fit,true,case_00208,new_guest,noise_disruption,2,0.48,true,0.859,true,false,1.0,0.95,43.79,3,recommendation,late_checkout,late checkout,85,7,17,38,0.82,2,4,true,true,true,false,false,false,true,false,true,false,true,true,false,true,true,synthetic_case_policy_assumption
comp-policy-comparison-v1.0.0,cost_guardrail,Guardrailed recovery,lowest_cost_adequate,true,case_00208,new_guest,noise_disruption,2,0.48,true,0.859,true,false,1.0,0.95,43.79,3,recommendation,late_checkout,late checkout,85,7,17,38,0.82,2,4,true,true,true,false,false,false,true,false,true,false,true,true,false,true,true,synthetic_case_policy_assumption
comp-policy-comparison-v1.0.0,recovery_first,Recovery first,highest_perceived_recovery,true,case_00208,new_guest,noise_disruption,2,0.48,true,0.859,true,false,1.0,0.95,43.79,3,recommendation,spa_wellness_credit,Surya Spa or Recovery Suite credit,275,82,151,206,0.62,3,5,true,true,true,false,false,false,false,true,true,false,true,true,false,true,true,synthetic_case_policy_assumption
comp-policy-comparison-v1.0.0,intelligent_generosity,Intelligent generosity,context_aware_policy_engine,true,case_00208,new_guest,noise_disruption,2,0.48,true,0.859,true,false,1.0,0.95,43.79,3,recommendation,spa_wellness_credit,Surya Spa or Recovery Suite credit,275,82,151,206,0.62,3,5,true,true,true,false,false,false,false,true,true,false,true,true,false,true,true,synthetic_case_policy_assumption
comp-policy-comparison-v1.0.0,synthetic_discretionary_baseline,Synthetic discretionary baseline,replay_synthetic_history,false,case_00209,loyalty_guest,room_readiness_delay,2,0.88,false,0.32,false,false,0.78,0.95,55.91,3,reference_action,amenity_gesture,in-room amenity gesture,0,0,0,0,0.7,1,3,true,true,true,false,false,false,false,false,true,false,false,false,false,true,true,synthetic_case_policy_assumption
comp-policy-comparison-v1.0.0,tiered_standardization,Tiered standardization,highest_issue_fit,true,case_00209,loyalty_guest,room_readiness_delay,2,0.88,false,0.32,false,false,0.78,0.95,55.91,3,recommendation,lobby_lounge_credit,Palma lounge credit,100,25,38,55,0.76,2,4,true,true,true,false,false,false,false,false,true,false,false,true,false,true,true,synthetic_case_policy_assumption
comp-policy-comparison-v1.0.0,cost_guardrail,Guardrailed recovery,lowest_cost_adequate,true,case_00209,loyalty_guest,room_readiness_delay,2,0.88,false,0.32,false,false,0.78,0.95,55.91,3,recommendation,lobby_lounge_credit,Palma lounge credit,100,25,38,55,0.76,2,4,true,true,true,false,false,false,false,false,true,false,false,true,false,true,true,synthetic_case_policy_assumption
comp-policy-comparison-v1.0.0,recovery_first,Recovery first,highest_perceived_recovery,true,case_00209,loyalty_guest,room_readiness_delay,2,0.88,false,0.32,false,false,0.78,0.95,55.91,3,recommendation,rooftop_f_and_b_credit,Calabra or Palma dining credit,150,38,60,90,0.72,2,5,true,true,true,false,false,false,false,true,true,false,true,true,false,true,true,synthetic_case_policy_assumption
comp-policy-comparison-v1.0.0,intelligent_generosity,Intelligent generosity,context_aware_policy_engine,true,case_00209,loyalty_guest,room_readiness_delay,2,0.88,false,0.32,false,false,0.78,0.95,55.91,3,recommendation,rooftop_f_and_b_credit,Calabra or Palma dining credit,150,38,60,90,0.72,2,5,true,true,true,false,false,false,false,true,true,false,true,true,false,true,true,synthetic_case_policy_assumption
comp-policy-comparison-v1.0.0,synthetic_discretionary_baseline,Synthetic discretionary baseline,replay_synthetic_history,false,case_00210,new_guest,f_and_b_service_lapse,1,0.7,false,0.746,false,false,1.0,0.95,38.36,2,reference_unknown,no_matched_comp_record,No matched synthetic comp record,0,0,0,0,0.0,0,0,false,false,false,false,false,false,false,false,false,false,false,false,false,true,true,synthetic_case_policy_assumption
comp-policy-comparison-v1.0.0,tiered_standardization,Tiered standardization,highest_issue_fit,true,case_00210,new_guest,f_and_b_service_lapse,1,0.7,false,0.746,false,false,1.0,0.95,38.36,2,recommendation,rooftop_f_and_b_credit,Calabra or Palma dining credit,135,34,54,81,0.88,2,5,true,true,true,false,false,false,false,false,true,false,false,true,false,true,true,synthetic_case_policy_assumption
comp-policy-comparison-v1.0.0,cost_guardrail,Guardrailed recovery,lowest_cost_adequate,true,case_00210,new_guest,f_and_b_service_lapse,1,0.7,false,0.746,false,false,1.0,0.95,38.36,2,recommendation,rooftop_f_and_b_credit,Calabra or Palma dining credit,135,34,54,81,0.88,2,5,true,true,true,false,false,false,false,false,true,false,false,true,false,true,true,synthetic_case_policy_assumption
comp-policy-comparison-v1.0.0,recovery_first,Recovery first,highest_perceived_recovery,true,case_00210,new_guest,f_and_b_service_lapse,1,0.7,false,0.746,false,false,1.0,0.95,38.36,2,recommendation,rooftop_f_and_b_credit,Calabra or Palma dining credit,135,34,54,81,0.88,2,5,true,true,true,false,false,false,false,false,true,false,false,true,false,true,true,synthetic_case_policy_assumption
comp-policy-comparison-v1.0.0,intelligent_generosity,Intelligent generosity,context_aware_policy_engine,true,case_00210,new_guest,f_and_b_service_lapse,1,0.7,false,0.746,false,false,1.0,0.95,38.36,2,recommendation,rooftop_f_and_b_credit,Calabra or Palma dining credit,135,34,54,81,0.88,2,5,true,true,true,false,false,false,false,false,true,false,false,true,false,true,true,synthetic_case_policy_assumption
comp-policy-comparison-v1.0.0,synthetic_discretionary_baseline,Synthetic discretionary baseline,replay_synthetic_history,false,case_00211,returning_guest,room_assignment_expectation_gap,3,0.74,false,0.39,false,false,1.0,0.95,56.73,3,reference_unknown,no_matched_comp_record,No matched synthetic comp record,0,0,0,0,0.0,0,0,false,false,false,false,false,false,false,false,false,false,false,false,false,true,true,synthetic_case_policy_assumption
comp-policy-comparison-v1.0.0,tiered_standardization,Tiered standardization,highest_issue_fit,true,case_00211,returning_guest,room_assignment_expectation_gap,3,0.74,false,0.39,false,false,1.0,0.95,56.73,3,recommendation,manager_note,manager note and personal follow-up,0,0,0,0,0.72,1,3,true,true,true,false,false,false,false,true,false,false,true,true,false,true,true,synthetic_case_policy_assumption
comp-policy-comparison-v1.0.0,cost_guardrail,Guardrailed recovery,lowest_cost_adequate,true,case_00211,returning_guest,room_assignment_expectation_gap,3,0.74,false,0.39,false,false,1.0,0.95,56.73,3,recommendation,manager_note,manager note and personal follow-up,0,0,0,0,0.72,1,3,true,true,true,false,false,false,false,true,false,false,true,true,false,true,true,synthetic_case_policy_assumption
comp-policy-comparison-v1.0.0,recovery_first,Recovery first,highest_perceived_recovery,true,case_00211,returning_guest,room_assignment_expectation_gap,3,0.74,false,0.39,false,false,1.0,0.95,56.73,3,recommendation,spa_wellness_credit,Surya Spa or Recovery Suite credit,275,82,151,206,0.25,3,5,true,false,true,false,false,false,false,true,true,false,true,true,false,true,true,synthetic_case_policy_assumption
comp-policy-comparison-v1.0.0,intelligent_generosity,Intelligent generosity,context_aware_policy_engine,true,case_00211,returning_guest,room_assignment_expectation_gap,3,0.74,false,0.39,false,false,1.0,0.95,56.73,3,recommendation,rooftop_f_and_b_credit,Calabra or Palma dining credit,150,38,60,90,0.45,2,5,true,false,true,false,false,false,false,true,true,false,true,true,false,true,true,synthetic_case_policy_assumption
comp-policy-comparison-v1.0.0,synthetic_discretionary_baseline,Synthetic discretionary baseline,replay_synthetic_history,false,case_00212,new_guest,billing_or_fee_dispute,2,0.55,true,0.469,false,false,1.0,0.95,40.47,2,reference_unknown,no_matched_comp_record,No matched synthetic comp record,0,0,0,0,0.0,0,0,false,false,false,false,false,false,false,false,false,false,false,false,false,true,true,synthetic_case_policy_assumption
comp-policy-comparison-v1.0.0,tiered_standardization,Tiered standardization,highest_issue_fit,true,case_00212,new_guest,billing_or_fee_dispute,2,0.55,true,0.469,false,false,1.0,0.95,40.47,2,recommendation,manager_note,manager note and personal follow-up,0,0,0,0,0.72,1,3,true,true,true,false,false,false,false,true,false,false,true,true,false,true,true,synthetic_case_policy_assumption
comp-policy-comparison-v1.0.0,cost_guardrail,Guardrailed recovery,lowest_cost_adequate,true,case_00212,new_guest,billing_or_fee_dispute,2,0.55,true,0.469,false,false,1.0,0.95,40.47,2,recommendation,manager_note,manager note and personal follow-up,0,0,0,0,0.72,1,3,true,true,true,false,false,false,false,true,false,false,true,true,false,true,true,synthetic_case_policy_assumption
comp-policy-comparison-v1.0.0,recovery_first,Recovery first,highest_perceived_recovery,true,case_00212,new_guest,billing_or_fee_dispute,2,0.55,true,0.469,false,false,1.0,0.95,40.47,2,recommendation,rooftop_f_and_b_credit,Calabra or Palma dining credit,135,34,54,81,0.45,2,5,true,false,true,false,false,false,false,true,true,false,true,true,false,true,true,synthetic_case_policy_assumption
comp-policy-comparison-v1.0.0,intelligent_generosity,Intelligent generosity,context_aware_policy_engine,true,case_00212,new_guest,billing_or_fee_dispute,2,0.55,true,0.469,false,false,1.0,0.95,40.47,2,recommendation,parking_fee_waiver,parking or destination-fee waiver,75,6,14,26,0.66,2,4,true,true,true,false,false,false,false,true,true,false,true,true,false,true,true,synthetic_case_policy_assumption
comp-policy-comparison-v1.0.0,synthetic_discretionary_baseline,Synthetic discretionary baseline,replay_synthetic_history,false,case_00213,new_guest,room_assignment_expectation_gap,3,0.74,true,0.65,true,false,1.0,0.95,54.7,3,reference_unknown,no_matched_comp_record,No matched synthetic comp record,0,0,0,0,0.0,0,0,false,false,false,false,false,false,false,false,false,false,false,false,false,true,true,synthetic_case_policy_assumption
comp-policy-comparison-v1.0.0,tiered_standardization,Tiered standardization,highest_issue_fit,true,case_00213,new_guest,room_assignment_expectation_gap,3,0.74,true,0.65,true,false,1.0,0.95,54.7,3,recommendation,room_upgrade,room upgrade,300,24,75,195,0.9,3,5,true,true,true,false,false,false,true,false,true,false,true,true,false,true,true,synthetic_case_policy_assumption
comp-policy-comparison-v1.0.0,cost_guardrail,Guardrailed recovery,lowest_cost_adequate,true,case_00213,new_guest,room_assignment_expectation_gap,3,0.74,true,0.65,true,false,1.0,0.95,54.7,3,recommendation,room_upgrade,room upgrade,300,24,75,195,0.9,3,5,true,true,true,false,false,false,true,false,true,false,true,true,false,true,true,synthetic_case_policy_assumption
comp-policy-comparison-v1.0.0,recovery_first,Recovery first,highest_perceived_recovery,true,case_00213,new_guest,room_assignment_expectation_gap,3,0.74,true,0.65,true,false,1.0,0.95,54.7,3,recommendation,room_upgrade,room upgrade,300,24,75,195,0.9,3,5,true,true,true,false,false,false,true,false,true,false,true,true,false,true,true,synthetic_case_policy_assumption
comp-policy-comparison-v1.0.0,intelligent_generosity,Intelligent generosity,context_aware_policy_engine,true,case_00213,new_guest,room_assignment_expectation_gap,3,0.74,true,0.65,true,false,1.0,0.95,54.7,3,recommendation,rooftop_f_and_b_credit,Calabra or Palma dining credit,150,38,60,90,0.45,2,5,true,false,true,false,false,false,false,true,true,false,true,true,false,true,true,synthetic_case_policy_assumption
comp-policy-comparison-v1.0.0,synthetic_discretionary_baseline,Synthetic discretionary baseline,replay_synthetic_history,false,case_00214,new_guest,room_readiness_delay,5,0.93,true,0.912,true,false,1.0,0.95,74.96,4,reference_action,rooftop_f_and_b_credit,Calabra or Palma dining credit,180,72,72,72,0.72,2,5,true,true,true,true,false,false,false,false,true,false,false,false,false,true,true,synthetic_case_policy_assumption
comp-policy-comparison-v1.0.0,tiered_standardization,Tiered standardization,highest_issue_fit,true,case_00214,new_guest,room_readiness_delay,5,0.93,true,0.912,true,false,1.0,0.95,74.96,4,recommendation,late_checkout,late checkout,100,8,20,45,0.9,2,4,true,true,true,true,false,false,true,false,true,false,true,true,false,true,true,synthetic_case_policy_assumption
comp-policy-comparison-v1.0.0,cost_guardrail,Guardrailed recovery,lowest_cost_adequate,true,case_00214,new_guest,room_readiness_delay,5,0.93,true,0.912,true,false,1.0,0.95,74.96,4,recommendation,late_checkout,late checkout,100,8,20,45,0.9,2,4,true,true,true,true,false,false,true,false,true,false,true,true,false,true,true,synthetic_case_policy_assumption
comp-policy-comparison-v1.0.0,recovery_first,Recovery first,highest_perceived_recovery,true,case_00214,new_guest,room_readiness_delay,5,0.93,true,0.912,true,false,1.0,0.95,74.96,4,recommendation,room_upgrade,room upgrade,360,29,90,234,0.48,3,5,true,false,true,true,false,false,true,true,true,false,true,true,false,true,true,synthetic_case_policy_assumption
comp-policy-comparison-v1.0.0,intelligent_generosity,Intelligent generosity,context_aware_policy_engine,true,case_00214,new_guest,room_readiness_delay,5,0.93,true,0.912,true,false,1.0,0.95,74.96,4,recommendation,rooftop_f_and_b_credit,Calabra or Palma dining credit,180,45,72,108,0.72,2,5,true,true,true,true,false,false,false,true,true,false,true,true,false,true,true,synthetic_case_policy_assumption
comp-policy-comparison-v1.0.0,synthetic_discretionary_baseline,Synthetic discretionary baseline,replay_synthetic_history,false,case_00215,loyalty_guest,housekeeping_miss,4,0.95,false,0.479,true,true,1.0,0.95,73.67,4,reference_action,late_checkout,late checkout,65,13,13,13,0.5,2,4,true,false,false,true,true,true,true,false,true,false,false,false,false,true,true,synthetic_case_policy_assumption
comp-policy-comparison-v1.0.0,tiered_standardization,Tiered standardization,highest_issue_fit,true,case_00215,loyalty_guest,housekeeping_miss,4,0.95,false,0.479,true,true,1.0,0.95,73.67,4,recommendation,amenity_gesture,in-room amenity gesture,65,16,29,42,0.8,1,3,true,false,false,true,true,false,false,false,true,false,false,true,false,true,true,synthetic_case_policy_assumption
comp-policy-comparison-v1.0.0,cost_guardrail,Guardrailed recovery,lowest_cost_adequate,true,case_00215,loyalty_guest,housekeeping_miss,4,0.95,false,0.479,true,true,1.0,0.95,73.67,4,recommendation,partial_room_refund,partial room refund,175,175,175,175,0.78,4,5,true,true,true,true,false,false,false,false,false,true,false,true,false,true,true,synthetic_case_policy_assumption
comp-policy-comparison-v1.0.0,recovery_first,Recovery first,highest_perceived_recovery,true,case_00215,loyalty_guest,housekeeping_miss,4,0.95,false,0.479,true,true,1.0,0.95,73.67,4,recommendation,future_stay_credit,future-stay credit,240,72,144,204,0.56,4,5,true,false,true,true,false,false,false,true,false,false,true,true,false,true,true,synthetic_case_policy_assumption
comp-policy-comparison-v1.0.0,intelligent_generosity,Intelligent generosity,context_aware_policy_engine,true,case_00215,loyalty_guest,housekeeping_miss,4,0.95,false,0.479,true,true,1.0,0.95,73.67,4,recommendation,rooftop_f_and_b_credit,Calabra or Palma dining credit,180,45,72,108,0.45,2,5,true,false,true,true,false,false,false,true,true,false,true,true,false,true,true,synthetic_case_policy_assumption
comp-policy-comparison-v1.0.0,synthetic_discretionary_baseline,Synthetic discretionary baseline,replay_synthetic_history,false,case_00216,new_guest,room_readiness_delay,5,0.93,true,0.933,true,false,1.0,0.95,77.72,5,reference_action,partial_room_refund,partial room refund,505,505,505,505,0.82,4,5,true,true,true,true,false,false,false,false,false,true,false,false,false,true,false,synthetic_case_policy_assumption
comp-policy-comparison-v1.0.0,tiered_standardization,Tiered standardization,highest_issue_fit,true,case_00216,new_guest,room_readiness_delay,5,0.93,true,0.933,true,false,1.0,0.95,77.72,5,recommendation,late_checkout,late checkout,125,10,25,56,0.9,2,4,true,false,true,true,false,false,true,false,true,false,true,true,false,true,true,synthetic_case_policy_assumption
comp-policy-comparison-v1.0.0,cost_guardrail,Guardrailed recovery,lowest_cost_adequate,true,case_00216,new_guest,room_readiness_delay,5,0.93,true,0.933,true,false,1.0,0.95,77.72,5,recommendation,partial_room_refund,partial room refund,245,245,245,245,0.82,4,5,true,true,true,true,false,false,false,false,false,true,true,true,false,true,true,synthetic_case_policy_assumption
comp-policy-comparison-v1.0.0,recovery_first,Recovery first,highest_perceived_recovery,true,case_00216,new_guest,room_readiness_delay,5,0.93,true,0.933,true,false,1.0,0.95,77.72,5,recommendation,room_upgrade,room upgrade,435,35,109,283,0.48,3,5,true,false,true,true,false,false,true,true,true,false,true,true,false,true,true,synthetic_case_policy_assumption
comp-policy-comparison-v1.0.0,intelligent_generosity,Intelligent generosity,context_aware_policy_engine,true,case_00216,new_guest,room_readiness_delay,5,0.93,true,0.933,true,false,1.0,0.95,77.72,5,recommendation,partial_room_refund,partial room refund,245,245,245,245,0.82,4,5,true,true,true,true,false,false,false,false,false,true,true,true,false,true,true,synthetic_case_policy_assumption
comp-policy-comparison-v1.0.0,synthetic_discretionary_baseline,Synthetic discretionary baseline,replay_synthetic_history,false,case_00217,loyalty_guest,maintenance_issue,2,0.78,true,0.771,false,false,1.0,0.95,50.33,3,reference_unknown,no_matched_comp_record,No matched synthetic comp record,0,0,0,0,0.0,0,0,false,false,false,false,false,false,false,false,false,false,false,false,false,true,true,synthetic_case_policy_assumption
comp-policy-comparison-v1.0.0,tiered_standardization,Tiered standardization,highest_issue_fit,true,case_00217,loyalty_guest,maintenance_issue,2,0.78,true,0.771,false,false,1.0,0.95,50.33,3,recommendation,manager_note,manager note and personal follow-up,0,0,0,0,0.72,1,3,true,true,true,false,false,false,false,true,false,false,true,true,false,true,true,synthetic_case_policy_assumption
comp-policy-comparison-v1.0.0,cost_guardrail,Guardrailed recovery,lowest_cost_adequate,true,case_00217,loyalty_guest,maintenance_issue,2,0.78,true,0.771,false,false,1.0,0.95,50.33,3,recommendation,manager_note,manager note and personal follow-up,0,0,0,0,0.72,1,3,true,true,true,false,false,false,false,true,false,false,true,true,false,true,true,synthetic_case_policy_assumption
comp-policy-comparison-v1.0.0,recovery_first,Recovery first,highest_perceived_recovery,true,case_00217,loyalty_guest,maintenance_issue,2,0.78,true,0.771,false,false,1.0,0.95,50.33,3,recommendation,spa_wellness_credit,Surya Spa or Recovery Suite credit,275,82,151,206,0.45,3,5,true,false,true,false,false,false,false,true,true,false,true,true,false,true,true,synthetic_case_policy_assumption
comp-policy-comparison-v1.0.0,intelligent_generosity,Intelligent generosity,context_aware_policy_engine,true,case_00217,loyalty_guest,maintenance_issue,2,0.78,true,0.771,false,false,1.0,0.95,50.33,3,recommendation,spa_wellness_credit,Surya Spa or Recovery Suite credit,275,82,151,206,0.45,3,5,true,false,true,false,false,false,false,true,true,false,true,true,false,true,true,synthetic_case_policy_assumption
comp-policy-comparison-v1.0.0,synthetic_discretionary_baseline,Synthetic discretionary baseline,replay_synthetic_history,false,case_00218,new_guest,spa_wellness_service_issue,3,0.74,true,0.724,false,false,1.0,0.95,55.37,3,reference_unknown,no_matched_comp_record,No matched synthetic comp record,0,0,0,0,0.0,0,0,false,false,false,false,false,false,false,false,false,false,false,false,false,true,true,synthetic_case_policy_assumption
comp-policy-comparison-v1.0.0,tiered_standardization,Tiered standardization,highest_issue_fit,true,case_00218,new_guest,spa_wellness_service_issue,3,0.74,true,0.724,false,false,1.0,0.95,55.37,3,recommendation,spa_wellness_credit,Surya Spa or Recovery Suite credit,275,82,151,206,0.9,3,5,true,true,true,false,false,false,false,false,true,false,false,true,false,true,true,synthetic_case_policy_assumption
comp-policy-comparison-v1.0.0,cost_guardrail,Guardrailed recovery,lowest_cost_adequate,true,case_00218,new_guest,spa_wellness_service_issue,3,0.74,true,0.724,false,false,1.0,0.95,55.37,3,recommendation,spa_wellness_credit,Surya Spa or Recovery Suite credit,275,82,151,206,0.9,3,5,true,true,true,false,false,false,false,false,true,false,false,true,false,true,true,synthetic_case_policy_assumption
comp-policy-comparison-v1.0.0,recovery_first,Recovery first,highest_perceived_recovery,true,case_00218,new_guest,spa_wellness_service_issue,3,0.74,true,0.724,false,false,1.0,0.95,55.37,3,recommendation,spa_wellness_credit,Surya Spa or Recovery Suite credit,275,82,151,206,0.9,3,5,true,true,true,false,false,false,false,false,true,false,false,true,false,true,true,synthetic_case_policy_assumption
comp-policy-comparison-v1.0.0,intelligent_generosity,Intelligent generosity,context_aware_policy_engine,true,case_00218,new_guest,spa_wellness_service_issue,3,0.74,true,0.724,false,false,1.0,0.95,55.37,3,recommendation,spa_wellness_credit,Surya Spa or Recovery Suite credit,275,82,151,206,0.9,3,5,true,true,true,false,false,false,false,false,true,false,false,true,false,true,true,synthetic_case_policy_assumption
comp-policy-comparison-v1.0.0,synthetic_discretionary_baseline,Synthetic discretionary baseline,replay_synthetic_history,false,case_00219,new_guest,valet_or_parking_delay,3,0.62,true,0.609,false,false,1.0,0.95,48.06,3,reference_unknown,no_matched_comp_record,No matched synthetic comp record,0,0,0,0,0.0,0,0,false,false,false,false,false,false,false,false,false,false,false,false,false,true,true,synthetic_case_policy_assumption
comp-policy-comparison-v1.0.0,tiered_standardization,Tiered standardization,highest_issue_fit,true,case_00219,new_guest,valet_or_parking_delay,3,0.62,true,0.609,false,false,1.0,0.95,48.06,3,recommendation,parking_fee_waiver,parking or destination-fee waiver,85,7,15,30,0.9,2,4,true,true,true,false,false,false,false,false,true,false,false,true,false,true,true,synthetic_case_policy_assumption
comp-policy-comparison-v1.0.0,cost_guardrail,Guardrailed recovery,lowest_cost_adequate,true,case_00219,new_guest,valet_or_parking_delay,3,0.62,true,0.609,false,false,1.0,0.95,48.06,3,recommendation,parking_fee_waiver,parking or destination-fee waiver,85,7,15,30,0.9,2,4,true,true,true,false,false,false,false,false,true,false,false,true,false,true,true,synthetic_case_policy_assumption
comp-policy-comparison-v1.0.0,recovery_first,Recovery first,highest_perceived_recovery,true,case_00219,new_guest,valet_or_parking_delay,3,0.62,true,0.609,false,false,1.0,0.95,48.06,3,recommendation,spa_wellness_credit,Surya Spa or Recovery Suite credit,275,82,151,206,0.25,3,5,true,false,true,false,false,false,false,true,true,false,true,true,false,true,true,synthetic_case_policy_assumption
comp-policy-comparison-v1.0.0,intelligent_generosity,Intelligent generosity,context_aware_policy_engine,true,case_00219,new_guest,valet_or_parking_delay,3,0.62,true,0.609,false,false,1.0,0.95,48.06,3,recommendation,parking_fee_waiver,parking or destination-fee waiver,85,7,15,30,0.9,2,4,true,true,true,false,false,false,false,false,true,false,false,true,false,true,true,synthetic_case_policy_assumption
comp-policy-comparison-v1.0.0,synthetic_discretionary_baseline,Synthetic discretionary baseline,replay_synthetic_history,false,case_00220,new_guest,room_readiness_delay,3,0.88,true,0.774,false,false,1.0,0.95,58.4,4,reference_unknown,no_matched_comp_record,No matched synthetic comp record,0,0,0,0,0.0,0,0,false,false,false,true,false,false,false,false,false,false,false,false,false,true,true,synthetic_case_policy_assumption
comp-policy-comparison-v1.0.0,tiered_standardization,Tiered standardization,highest_issue_fit,true,case_00220,new_guest,room_readiness_delay,3,0.88,true,0.774,false,false,1.0,0.95,58.4,4,recommendation,late_checkout,late checkout,100,8,20,45,0.9,2,4,true,true,true,true,false,false,false,false,true,false,false,true,false,true,true,synthetic_case_policy_assumption
comp-policy-comparison-v1.0.0,cost_guardrail,Guardrailed recovery,lowest_cost_adequate,true,case_00220,new_guest,room_readiness_delay,3,0.88,true,0.774,false,false,1.0,0.95,58.4,4,recommendation,late_checkout,late checkout,100,8,20,45,0.9,2,4,true,true,true,true,false,false,false,false,true,false,false,true,false,true,true,synthetic_case_policy_assumption
comp-policy-comparison-v1.0.0,recovery_first,Recovery first,highest_perceived_recovery,true,case_00220,new_guest,room_readiness_delay,3,0.88,true,0.774,false,false,1.0,0.95,58.4,4,recommendation,room_upgrade,room upgrade,360,29,90,234,0.48,3,5,true,false,true,true,false,false,false,true,true,false,true,true,false,true,true,synthetic_case_policy_assumption
comp-policy-comparison-v1.0.0,intelligent_generosity,Intelligent generosity,context_aware_policy_engine,true,case_00220,new_guest,room_readiness_delay,3,0.88,true,0.774,false,false,1.0,0.95,58.4,4,recommendation,future_stay_credit,future-stay credit,275,82,165,234,0.7,4,5,true,true,true,true,false,false,false,true,false,false,true,true,false,true,true,synthetic_case_policy_assumption
comp-policy-comparison-v1.0.0,synthetic_discretionary_baseline,Synthetic discretionary baseline,replay_synthetic_history,false,case_00221,new_guest,valet_or_parking_delay,2,0.62,false,0.42,false,false,1.0,0.95,42.78,3,reference_unknown,no_matched_comp_record,No matched synthetic comp record,0,0,0,0,0.0,0,0,false,false,false,false,false,false,false,false,false,false,false,false,false,true,true,synthetic_case_policy_assumption
comp-policy-comparison-v1.0.0,tiered_standardization,Tiered standardization,highest_issue_fit,true,case_00221,new_guest,valet_or_parking_delay,2,0.62,false,0.42,false,false,1.0,0.95,42.78,3,recommendation,parking_fee_waiver,parking or destination-fee waiver,85,7,15,30,0.9,2,4,true,true,true,false,false,false,false,false,true,false,false,true,false,true,true,synthetic_case_policy_assumption
comp-policy-comparison-v1.0.0,cost_guardrail,Guardrailed recovery,lowest_cost_adequate,true,case_00221,new_guest,valet_or_parking_delay,2,0.62,false,0.42,false,false,1.0,0.95,42.78,3,recommendation,parking_fee_waiver,parking or destination-fee waiver,85,7,15,30,0.9,2,4,true,true,true,false,false,false,false,false,true,false,false,true,false,true,true,synthetic_case_policy_assumption
comp-policy-comparison-v1.0.0,recovery_first,Recovery first,highest_perceived_recovery,true,case_00221,new_guest,valet_or_parking_delay,2,0.62,false,0.42,false,false,1.0,0.95,42.78,3,recommendation,spa_wellness_credit,Surya Spa or Recovery Suite credit,275,82,151,206,0.25,3,5,true,false,true,false,false,false,false,true,true,false,true,true,false,true,true,synthetic_case_policy_assumption
comp-policy-comparison-v1.0.0,intelligent_generosity,Intelligent generosity,context_aware_policy_engine,true,case_00221,new_guest,valet_or_parking_delay,2,0.62,false,0.42,false,false,1.0,0.95,42.78,3,recommendation,parking_fee_waiver,parking or destination-fee waiver,85,7,15,30,0.9,2,4,true,true,true,false,false,false,false,false,true,false,false,true,false,true,true,synthetic_case_policy_assumption
comp-policy-comparison-v1.0.0,synthetic_discretionary_baseline,Synthetic discretionary baseline,replay_synthetic_history,false,case_00222,new_guest,room_assignment_expectation_gap,3,0.74,true,0.923,true,false,1.0,0.95,56.29,3,reference_action,manager_note,manager note and personal follow-up,0,0,0,0,0.72,1,3,true,true,true,false,false,false,false,false,false,false,false,false,false,true,true,synthetic_case_policy_assumption
comp-policy-comparison-v1.0.0,tiered_standardization,Tiered standardization,highest_issue_fit,true,case_00222,new_guest,room_assignment_expectation_gap,3,0.74,true,0.923,true,false,1.0,0.95,56.29,3,recommendation,room_upgrade,room upgrade,300,24,75,195,0.9,3,5,true,true,true,false,false,false,true,false,true,false,true,true,false,true,true,synthetic_case_policy_assumption
comp-policy-comparison-v1.0.0,cost_guardrail,Guardrailed recovery,lowest_cost_adequate,true,case_00222,new_guest,room_assignment_expectation_gap,3,0.74,true,0.923,true,false,1.0,0.95,56.29,3,recommendation,room_upgrade,room upgrade,300,24,75,195,0.9,3,5,true,true,true,false,false,false,true,false,true,false,true,true,false,true,true,synthetic_case_policy_assumption
comp-policy-comparison-v1.0.0,recovery_first,Recovery first,highest_perceived_recovery,true,case_00222,new_guest,room_assignment_expectation_gap,3,0.74,true,0.923,true,false,1.0,0.95,56.29,3,recommendation,room_upgrade,room upgrade,300,24,75,195,0.9,3,5,true,true,true,false,false,false,true,false,true,false,true,true,false,true,true,synthetic_case_policy_assumption
comp-policy-comparison-v1.0.0,intelligent_generosity,Intelligent generosity,context_aware_policy_engine,true,case_00222,new_guest,room_assignment_expectation_gap,3,0.74,true,0.923,true,false,1.0,0.95,56.29,3,recommendation,rooftop_f_and_b_credit,Calabra or Palma dining credit,150,38,60,90,0.45,2,5,true,false,true,false,false,false,false,true,true,false,true,true,false,true,true,synthetic_case_policy_assumption
comp-policy-comparison-v1.0.0,synthetic_discretionary_baseline,Synthetic discretionary baseline,replay_synthetic_history,false,case_00223,loyalty_guest,noise_disruption,2,0.48,true,0.69,true,false,0.78,0.95,49.57,3,reference_unknown,no_matched_comp_record,No matched synthetic comp record,0,0,0,0,0.0,0,0,false,false,false,false,false,false,false,false,false,false,false,false,false,true,true,synthetic_case_policy_assumption
comp-policy-comparison-v1.0.0,tiered_standardization,Tiered standardization,highest_issue_fit,true,case_00223,loyalty_guest,noise_disruption,2,0.48,true,0.69,true,false,0.78,0.95,49.57,3,recommendation,late_checkout,late checkout,85,7,17,38,0.82,2,4,true,true,true,false,false,false,true,false,true,false,true,true,false,true,true,synthetic_case_policy_assumption
comp-policy-comparison-v1.0.0,cost_guardrail,Guardrailed recovery,lowest_cost_adequate,true,case_00223,loyalty_guest,noise_disruption,2,0.48,true,0.69,true,false,0.78,0.95,49.57,3,recommendation,late_checkout,late checkout,85,7,17,38,0.82,2,4,true,true,true,false,false,false,true,false,true,false,true,true,false,true,true,synthetic_case_policy_assumption
comp-policy-comparison-v1.0.0,recovery_first,Recovery first,highest_perceived_recovery,true,case_00223,loyalty_guest,noise_disruption,2,0.48,true,0.69,true,false,0.78,0.95,49.57,3,recommendation,spa_wellness_credit,Surya Spa or Recovery Suite credit,275,82,151,206,0.62,3,5,true,true,true,false,false,false,false,true,true,false,true,true,false,true,true,synthetic_case_policy_assumption
comp-policy-comparison-v1.0.0,intelligent_generosity,Intelligent generosity,context_aware_policy_engine,true,case_00223,loyalty_guest,noise_disruption,2,0.48,true,0.69,true,false,0.78,0.95,49.57,3,recommendation,spa_wellness_credit,Surya Spa or Recovery Suite credit,275,82,151,206,0.62,3,5,true,true,true,false,false,false,false,true,true,false,true,true,false,true,true,synthetic_case_policy_assumption
comp-policy-comparison-v1.0.0,synthetic_discretionary_baseline,Synthetic discretionary baseline,replay_synthetic_history,false,case_00224,new_guest,maintenance_issue,5,0.83,true,0.99,false,false,1.0,0.95,71.05,4,reference_action,partial_room_refund,partial room refund,430,430,430,430,0.8,4,5,true,true,true,true,false,false,false,false,false,true,false,false,false,true,true,synthetic_case_policy_assumption
comp-policy-comparison-v1.0.0,tiered_standardization,Tiered standardization,highest_issue_fit,true,case_00224,new_guest,maintenance_issue,5,0.83,true,0.99,false,false,1.0,0.95,71.05,4,recommendation,partial_room_refund,partial room refund,150,150,150,150,0.8,4,5,true,true,true,true,false,false,false,false,false,true,false,true,false,true,true,synthetic_case_policy_assumption
comp-policy-comparison-v1.0.0,cost_guardrail,Guardrailed recovery,lowest_cost_adequate,true,case_00224,new_guest,maintenance_issue,5,0.83,true,0.99,false,false,1.0,0.95,71.05,4,recommendation,partial_room_refund,partial room refund,150,150,150,150,0.8,4,5,true,true,true,true,false,false,false,false,false,true,false,true,false,true,true,synthetic_case_policy_assumption
comp-policy-comparison-v1.0.0,recovery_first,Recovery first,highest_perceived_recovery,true,case_00224,new_guest,maintenance_issue,5,0.83,true,0.99,false,false,1.0,0.95,71.05,4,recommendation,spa_wellness_credit,Surya Spa or Recovery Suite credit,330,99,182,248,0.45,3,5,true,false,true,true,false,false,false,true,true,false,true,true,false,true,true,synthetic_case_policy_assumption
comp-policy-comparison-v1.0.0,intelligent_generosity,Intelligent generosity,context_aware_policy_engine,true,case_00224,new_guest,maintenance_issue,5,0.83,true,0.99,false,false,1.0,0.95,71.05,4,recommendation,spa_wellness_credit,Surya Spa or Recovery Suite credit,330,99,182,248,0.45,3,5,true,false,true,true,false,false,false,true,true,false,true,true,false,true,true,synthetic_case_policy_assumption
comp-policy-comparison-v1.0.0,synthetic_discretionary_baseline,Synthetic discretionary baseline,replay_synthetic_history,false,case_00225,returning_guest,room_readiness_delay,2,0.88,true,0.676,true,false,0.78,0.95,46.51,3,reference_unknown,no_matched_comp_record,No matched synthetic comp record,0,0,0,0,0.0,0,0,false,false,false,false,false,false,false,false,false,false,false,false,false,true,true,synthetic_case_policy_assumption
comp-policy-comparison-v1.0.0,tiered_standardization,Tiered standardization,highest_issue_fit,true,case_00225,returning_guest,room_readiness_delay,2,0.88,true,0.676,true,false,0.78,0.95,46.51,3,recommendation,late_checkout,late checkout,85,7,17,38,0.9,2,4,true,true,true,false,false,false,true,false,true,false,true,true,false,true,true,synthetic_case_policy_assumption
comp-policy-comparison-v1.0.0,cost_guardrail,Guardrailed recovery,lowest_cost_adequate,true,case_00225,returning_guest,room_readiness_delay,2,0.88,true,0.676,true,false,0.78,0.95,46.51,3,recommendation,late_checkout,late checkout,85,7,17,38,0.9,2,4,true,true,true,false,false,false,true,false,true,false,true,true,false,true,true,synthetic_case_policy_assumption
comp-policy-comparison-v1.0.0,recovery_first,Recovery first,highest_perceived_recovery,true,case_00225,returning_guest,room_readiness_delay,2,0.88,true,0.676,true,false,0.78,0.95,46.51,3,recommendation,room_upgrade,room upgrade,300,24,75,195,0.48,3,5,true,false,true,false,false,false,true,true,true,false,true,true,false,true,true,synthetic_case_policy_assumption
comp-policy-comparison-v1.0.0,intelligent_generosity,Intelligent generosity,context_aware_policy_engine,true,case_00225,returning_guest,room_readiness_delay,2,0.88,true,0.676,true,false,0.78,0.95,46.51,3,recommendation,rooftop_f_and_b_credit,Calabra or Palma dining credit,150,38,60,90,0.72,2,5,true,true,true,false,false,false,false,true,true,false,true,true,false,true,true,synthetic_case_policy_assumption
comp-policy-comparison-v1.0.0,synthetic_discretionary_baseline,Synthetic discretionary baseline,replay_synthetic_history,false,case_00226,new_guest,noise_disruption,2,0.48,true,0.99,true,false,1.0,0.95,39.38,2,reference_unknown,no_matched_comp_record,No matched synthetic comp record,0,0,0,0,0.0,0,0,false,false,false,false,false,false,false,false,false,false,false,false,false,true,true,synthetic_case_policy_assumption
comp-policy-comparison-v1.0.0,tiered_standardization,Tiered standardization,highest_issue_fit,true,case_00226,new_guest,noise_disruption,2,0.48,true,0.99,true,false,1.0,0.95,39.38,2,recommendation,late_checkout,late checkout,75,6,15,34,0.82,2,4,true,true,true,false,false,false,true,false,true,false,true,true,false,true,true,synthetic_case_policy_assumption
comp-policy-comparison-v1.0.0,cost_guardrail,Guardrailed recovery,lowest_cost_adequate,true,case_00226,new_guest,noise_disruption,2,0.48,true,0.99,true,false,1.0,0.95,39.38,2,recommendation,late_checkout,late checkout,75,6,15,34,0.82,2,4,true,true,true,false,false,false,true,false,true,false,true,true,false,true,true,synthetic_case_policy_assumption
comp-policy-comparison-v1.0.0,recovery_first,Recovery first,highest_perceived_recovery,true,case_00226,new_guest,noise_disruption,2,0.48,true,0.99,true,false,1.0,0.95,39.38,2,recommendation,late_checkout,late checkout,75,6,15,34,0.82,2,4,true,true,true,false,false,false,true,false,true,false,true,true,false,true,true,synthetic_case_policy_assumption
comp-policy-comparison-v1.0.0,intelligent_generosity,Intelligent generosity,context_aware_policy_engine,true,case_00226,new_guest,noise_disruption,2,0.48,true,0.99,true,false,1.0,0.95,39.38,2,recommendation,rooftop_f_and_b_credit,Calabra or Palma dining credit,135,34,54,81,0.45,2,5,true,false,true,false,false,false,false,true,true,false,true,true,false,true,true,synthetic_case_policy_assumption
comp-policy-comparison-v1.0.0,synthetic_discretionary_baseline,Synthetic discretionary baseline,replay_synthetic_history,false,case_00227,loyalty_guest,housekeeping_miss,5,0.95,false,0.925,true,false,1.0,0.95,84.03,5,reference_unknown,no_matched_comp_record,No matched synthetic comp record,0,0,0,0,0.0,0,0,false,false,false,true,false,false,false,false,false,false,false,false,false,true,false,synthetic_case_policy_assumption
comp-policy-comparison-v1.0.0,tiered_standardization,Tiered standardization,highest_issue_fit,true,case_00227,loyalty_guest,housekeeping_miss,5,0.95,false,0.925,true,false,1.0,0.95,84.03,5,recommendation,amenity_gesture,in-room amenity gesture,80,20,36,52,0.8,1,3,true,false,true,true,false,false,false,false,true,false,true,true,false,true,true,synthetic_case_policy_assumption
comp-policy-comparison-v1.0.0,cost_guardrail,Guardrailed recovery,lowest_cost_adequate,true,case_00227,loyalty_guest,housekeeping_miss,5,0.95,false,0.925,true,false,1.0,0.95,84.03,5,recommendation,partial_room_refund,partial room refund,210,210,210,210,0.78,4,5,true,true,true,true,false,false,false,false,false,true,true,true,false,true,true,synthetic_case_policy_assumption
comp-policy-comparison-v1.0.0,recovery_first,Recovery first,highest_perceived_recovery,true,case_00227,loyalty_guest,housekeeping_miss,5,0.95,false,0.925,true,false,1.0,0.95,84.03,5,recommendation,partial_room_refund,partial room refund,210,210,210,210,0.78,4,5,true,true,true,true,false,false,false,false,false,true,true,true,false,true,true,synthetic_case_policy_assumption
comp-policy-comparison-v1.0.0,intelligent_generosity,Intelligent generosity,context_aware_policy_engine,true,case_00227,loyalty_guest,housekeeping_miss,5,0.95,false,0.925,true,false,1.0,0.95,84.03,5,recommendation,partial_room_refund,partial room refund,210,210,210,210,0.78,4,5,true,true,true,true,false,false,false,false,false,true,true,true,false,true,true,synthetic_case_policy_assumption
comp-policy-comparison-v1.0.0,synthetic_discretionary_baseline,Synthetic discretionary baseline,replay_synthetic_history,false,case_00228,loyalty_guest,room_assignment_expectation_gap,3,0.74,true,0.793,false,false,1.0,0.95,60.49,4,reference_unknown,no_matched_comp_record,No matched synthetic comp record,0,0,0,0,0.0,0,0,false,false,false,true,false,false,false,false,false,false,false,false,false,true,true,synthetic_case_policy_assumption
comp-policy-comparison-v1.0.0,tiered_standardization,Tiered standardization,highest_issue_fit,true,case_00228,loyalty_guest,room_assignment_expectation_gap,3,0.74,true,0.793,false,false,1.0,0.95,60.49,4,recommendation,room_upgrade,room upgrade,360,29,90,234,0.9,3,5,true,true,true,true,false,false,false,false,true,false,false,true,false,true,true,synthetic_case_policy_assumption
comp-policy-comparison-v1.0.0,cost_guardrail,Guardrailed recovery,lowest_cost_adequate,true,case_00228,loyalty_guest,room_assignment_expectation_gap,3,0.74,true,0.793,false,false,1.0,0.95,60.49,4,recommendation,room_upgrade,room upgrade,360,29,90,234,0.9,3,5,true,true,true,true,false,false,false,false,true,false,false,true,false,true,true,synthetic_case_policy_assumption
comp-policy-comparison-v1.0.0,recovery_first,Recovery first,highest_perceived_recovery,true,case_00228,loyalty_guest,room_assignment_expectation_gap,3,0.74,true,0.793,false,false,1.0,0.95,60.49,4,recommendation,room_upgrade,room upgrade,360,29,90,234,0.9,3,5,true,true,true,true,false,false,false,false,true,false,false,true,false,true,true,synthetic_case_policy_assumption
comp-policy-comparison-v1.0.0,intelligent_generosity,Intelligent generosity,context_aware_policy_engine,true,case_00228,loyalty_guest,room_assignment_expectation_gap,3,0.74,true,0.793,false,false,1.0,0.95,60.49,4,recommendation,room_upgrade,room upgrade,360,29,90,234,0.9,3,5,true,true,true,true,false,false,false,false,true,false,false,true,false,true,true,synthetic_case_policy_assumption
comp-policy-comparison-v1.0.0,synthetic_discretionary_baseline,Synthetic discretionary baseline,replay_synthetic_history,false,case_00229,new_guest,billing_or_fee_dispute,2,0.55,false,0.99,false,false,0.78,0.95,44.05,3,reference_unknown,no_matched_comp_record,No matched synthetic comp record,0,0,0,0,0.0,0,0,false,false,false,false,false,false,false,false,false,false,false,false,false,true,true,synthetic_case_policy_assumption
comp-policy-comparison-v1.0.0,tiered_standardization,Tiered standardization,highest_issue_fit,true,case_00229,new_guest,billing_or_fee_dispute,2,0.55,false,0.99,false,false,0.78,0.95,44.05,3,recommendation,manager_note,manager note and personal follow-up,0,0,0,0,0.72,1,3,true,true,true,false,false,false,false,true,false,false,true,true,false,true,true,synthetic_case_policy_assumption
comp-policy-comparison-v1.0.0,cost_guardrail,Guardrailed recovery,lowest_cost_adequate,true,case_00229,new_guest,billing_or_fee_dispute,2,0.55,false,0.99,false,false,0.78,0.95,44.05,3,recommendation,manager_note,manager note and personal follow-up,0,0,0,0,0.72,1,3,true,true,true,false,false,false,false,true,false,false,true,true,false,true,true,synthetic_case_policy_assumption
comp-policy-comparison-v1.0.0,recovery_first,Recovery first,highest_perceived_recovery,true,case_00229,new_guest,billing_or_fee_dispute,2,0.55,false,0.99,false,false,0.78,0.95,44.05,3,recommendation,spa_wellness_credit,Surya Spa or Recovery Suite credit,275,82,151,206,0.25,3,5,true,false,true,false,false,false,false,true,true,false,true,true,false,true,true,synthetic_case_policy_assumption
comp-policy-comparison-v1.0.0,intelligent_generosity,Intelligent generosity,context_aware_policy_engine,true,case_00229,new_guest,billing_or_fee_dispute,2,0.55,false,0.99,false,false,0.78,0.95,44.05,3,recommendation,parking_fee_waiver,parking or destination-fee waiver,85,7,15,30,0.66,2,4,true,true,true,false,false,false,false,true,true,false,true,true,false,true,true,synthetic_case_policy_assumption
comp-policy-comparison-v1.0.0,synthetic_discretionary_baseline,Synthetic discretionary baseline,replay_synthetic_history,false,case_00230,loyalty_guest,room_readiness_delay,3,0.88,true,0.736,false,false,1.0,0.95,58.92,4,reference_action,lobby_lounge_credit,Palma lounge credit,115,44,44,44,0.76,2,4,true,true,true,true,false,false,false,false,true,false,false,false,false,true,true,synthetic_case_policy_assumption
comp-policy-comparison-v1.0.0,tiered_standardization,Tiered standardization,highest_issue_fit,true,case_00230,loyalty_guest,room_readiness_delay,3,0.88,true,0.736,false,false,1.0,0.95,58.92,4,recommendation,late_checkout,late checkout,100,8,20,45,0.9,2,4,true,true,true,true,false,false,false,false,true,false,false,true,false,true,true,synthetic_case_policy_assumption
comp-policy-comparison-v1.0.0,cost_guardrail,Guardrailed recovery,lowest_cost_adequate,true,case_00230,loyalty_guest,room_readiness_delay,3,0.88,true,0.736,false,false,1.0,0.95,58.92,4,recommendation,late_checkout,late checkout,100,8,20,45,0.9,2,4,true,true,true,true,false,false,false,false,true,false,false,true,false,true,true,synthetic_case_policy_assumption
comp-policy-comparison-v1.0.0,recovery_first,Recovery first,highest_perceived_recovery,true,case_00230,loyalty_guest,room_readiness_delay,3,0.88,true,0.736,false,false,1.0,0.95,58.92,4,recommendation,room_upgrade,room upgrade,360,29,90,234,0.48,3,5,true,false,true,true,false,false,false,true,true,false,true,true,false,true,true,synthetic_case_policy_assumption
comp-policy-comparison-v1.0.0,intelligent_generosity,Intelligent generosity,context_aware_policy_engine,true,case_00230,loyalty_guest,room_readiness_delay,3,0.88,true,0.736,false,false,1.0,0.95,58.92,4,recommendation,late_checkout,late checkout,100,8,20,45,0.9,2,4,true,true,true,true,false,false,false,false,true,false,false,true,false,true,true,synthetic_case_policy_assumption
comp-policy-comparison-v1.0.0,synthetic_discretionary_baseline,Synthetic discretionary baseline,replay_synthetic_history,false,case_00231,returning_guest,room_assignment_expectation_gap,4,0.79,true,0.752,true,false,1.0,0.95,64.45,4,reference_unknown,no_matched_comp_record,No matched synthetic comp record,0,0,0,0,0.0,0,0,false,false,false,true,false,false,false,false,false,false,false,false,false,true,true,synthetic_case_policy_assumption
comp-policy-comparison-v1.0.0,tiered_standardization,Tiered standardization,highest_issue_fit,true,case_00231,returning_guest,room_assignment_expectation_gap,4,0.79,true,0.752,true,false,1.0,0.95,64.45,4,recommendation,room_upgrade,room upgrade,360,29,90,234,0.9,3,5,true,true,true,true,false,false,true,false,true,false,true,true,false,true,true,synthetic_case_policy_assumption
comp-policy-comparison-v1.0.0,cost_guardrail,Guardrailed recovery,lowest_cost_adequate,true,case_00231,returning_guest,room_assignment_expectation_gap,4,0.79,true,0.752,true,false,1.0,0.95,64.45,4,recommendation,room_upgrade,room upgrade,360,29,90,234,0.9,3,5,true,true,true,true,false,false,true,false,true,false,true,true,false,true,true,synthetic_case_policy_assumption
comp-policy-comparison-v1.0.0,recovery_first,Recovery first,highest_perceived_recovery,true,case_00231,returning_guest,room_assignment_expectation_gap,4,0.79,true,0.752,true,false,1.0,0.95,64.45,4,recommendation,room_upgrade,room upgrade,360,29,90,234,0.9,3,5,true,true,true,true,false,false,true,false,true,false,true,true,false,true,true,synthetic_case_policy_assumption
comp-policy-comparison-v1.0.0,intelligent_generosity,Intelligent generosity,context_aware_policy_engine,true,case_00231,returning_guest,room_assignment_expectation_gap,4,0.79,true,0.752,true,false,1.0,0.95,64.45,4,recommendation,rooftop_f_and_b_credit,Calabra or Palma dining credit,180,45,72,108,0.45,2,5,true,false,true,true,false,false,false,true,true,false,true,true,false,true,true,synthetic_case_policy_assumption
comp-policy-comparison-v1.0.0,synthetic_discretionary_baseline,Synthetic discretionary baseline,replay_synthetic_history,false,case_00232,new_guest,maintenance_issue,3,0.78,true,0.826,true,false,1.0,0.95,57.53,3,reference_action,late_checkout,late checkout,80,16,16,16,0.5,2,4,true,false,false,false,false,false,true,false,true,false,false,false,false,true,true,synthetic_case_policy_assumption
comp-policy-comparison-v1.0.0,tiered_standardization,Tiered standardization,highest_issue_fit,true,case_00232,new_guest,maintenance_issue,3,0.78,true,0.826,true,false,1.0,0.95,57.53,3,recommendation,manager_note,manager note and personal follow-up,0,0,0,0,0.72,1,3,true,true,true,false,false,false,false,true,false,false,true,true,false,true,true,synthetic_case_policy_assumption
comp-policy-comparison-v1.0.0,cost_guardrail,Guardrailed recovery,lowest_cost_adequate,true,case_00232,new_guest,maintenance_issue,3,0.78,true,0.826,true,false,1.0,0.95,57.53,3,recommendation,manager_note,manager note and personal follow-up,0,0,0,0,0.72,1,3,true,true,true,false,false,false,false,true,false,false,true,true,false,true,true,synthetic_case_policy_assumption
comp-policy-comparison-v1.0.0,recovery_first,Recovery first,highest_perceived_recovery,true,case_00232,new_guest,maintenance_issue,3,0.78,true,0.826,true,false,1.0,0.95,57.53,3,recommendation,spa_wellness_credit,Surya Spa or Recovery Suite credit,275,82,151,206,0.45,3,5,true,false,true,false,false,false,false,true,true,false,true,true,false,true,true,synthetic_case_policy_assumption
comp-policy-comparison-v1.0.0,intelligent_generosity,Intelligent generosity,context_aware_policy_engine,true,case_00232,new_guest,maintenance_issue,3,0.78,true,0.826,true,false,1.0,0.95,57.53,3,recommendation,spa_wellness_credit,Surya Spa or Recovery Suite credit,275,82,151,206,0.45,3,5,true,false,true,false,false,false,false,true,true,false,true,true,false,true,true,synthetic_case_policy_assumption
comp-policy-comparison-v1.0.0,synthetic_discretionary_baseline,Synthetic discretionary baseline,replay_synthetic_history,false,case_00233,new_guest,valet_or_parking_delay,3,0.62,true,0.764,true,false,1.0,0.95,50.37,3,reference_unknown,no_matched_comp_record,No matched synthetic comp record,0,0,0,0,0.0,0,0,false,false,false,false,false,false,false,false,false,false,false,false,false,true,true,synthetic_case_policy_assumption
comp-policy-comparison-v1.0.0,tiered_standardization,Tiered standardization,highest_issue_fit,true,case_00233,new_guest,valet_or_parking_delay,3,0.62,true,0.764,true,false,1.0,0.95,50.37,3,recommendation,parking_fee_waiver,parking or destination-fee waiver,85,7,15,30,0.9,2,4,true,true,true,false,false,false,false,false,true,false,false,true,false,true,true,synthetic_case_policy_assumption
comp-policy-comparison-v1.0.0,cost_guardrail,Guardrailed recovery,lowest_cost_adequate,true,case_00233,new_guest,valet_or_parking_delay,3,0.62,true,0.764,true,false,1.0,0.95,50.37,3,recommendation,parking_fee_waiver,parking or destination-fee waiver,85,7,15,30,0.9,2,4,true,true,true,false,false,false,false,false,true,false,false,true,false,true,true,synthetic_case_policy_assumption
comp-policy-comparison-v1.0.0,recovery_first,Recovery first,highest_perceived_recovery,true,case_00233,new_guest,valet_or_parking_delay,3,0.62,true,0.764,true,false,1.0,0.95,50.37,3,recommendation,spa_wellness_credit,Surya Spa or Recovery Suite credit,275,82,151,206,0.25,3,5,true,false,true,false,false,false,false,true,true,false,true,true,false,true,true,synthetic_case_policy_assumption
comp-policy-comparison-v1.0.0,intelligent_generosity,Intelligent generosity,context_aware_policy_engine,true,case_00233,new_guest,valet_or_parking_delay,3,0.62,true,0.764,true,false,1.0,0.95,50.37,3,recommendation,rooftop_f_and_b_credit,Calabra or Palma dining credit,150,38,60,90,0.45,2,5,true,false,true,false,false,false,false,true,true,false,true,true,false,true,true,synthetic_case_policy_assumption
comp-policy-comparison-v1.0.0,synthetic_discretionary_baseline,Synthetic discretionary baseline,replay_synthetic_history,false,case_00234,returning_guest,valet_or_parking_delay,2,0.62,false,0.761,false,false,1.0,0.95,46.09,3,reference_action,parking_fee_waiver,parking or destination-fee waiver,80,14,14,14,0.9,2,4,true,true,true,false,false,false,false,false,true,false,false,false,false,true,true,synthetic_case_policy_assumption
comp-policy-comparison-v1.0.0,tiered_standardization,Tiered standardization,highest_issue_fit,true,case_00234,returning_guest,valet_or_parking_delay,2,0.62,false,0.761,false,false,1.0,0.95,46.09,3,recommendation,parking_fee_waiver,parking or destination-fee waiver,85,7,15,30,0.9,2,4,true,true,true,false,false,false,false,false,true,false,false,true,false,true,true,synthetic_case_policy_assumption
comp-policy-comparison-v1.0.0,cost_guardrail,Guardrailed recovery,lowest_cost_adequate,true,case_00234,returning_guest,valet_or_parking_delay,2,0.62,false,0.761,false,false,1.0,0.95,46.09,3,recommendation,parking_fee_waiver,parking or destination-fee waiver,85,7,15,30,0.9,2,4,true,true,true,false,false,false,false,false,true,false,false,true,false,true,true,synthetic_case_policy_assumption
comp-policy-comparison-v1.0.0,recovery_first,Recovery first,highest_perceived_recovery,true,case_00234,returning_guest,valet_or_parking_delay,2,0.62,false,0.761,false,false,1.0,0.95,46.09,3,recommendation,spa_wellness_credit,Surya Spa or Recovery Suite credit,275,82,151,206,0.25,3,5,true,false,true,false,false,false,false,true,true,false,true,true,false,true,true,synthetic_case_policy_assumption
comp-policy-comparison-v1.0.0,intelligent_generosity,Intelligent generosity,context_aware_policy_engine,true,case_00234,returning_guest,valet_or_parking_delay,2,0.62,false,0.761,false,false,1.0,0.95,46.09,3,recommendation,parking_fee_waiver,parking or destination-fee waiver,85,7,15,30,0.9,2,4,true,true,true,false,false,false,false,false,true,false,false,true,false,true,true,synthetic_case_policy_assumption
comp-policy-comparison-v1.0.0,synthetic_discretionary_baseline,Synthetic discretionary baseline,replay_synthetic_history,false,case_00235,returning_guest,room_readiness_delay,4,0.93,false,0.99,false,false,1.0,0.95,69.77,4,reference_action,rooftop_f_and_b_credit,Calabra or Palma dining credit,145,58,58,58,0.72,2,5,true,true,true,true,false,false,false,false,true,false,false,false,false,true,true,synthetic_case_policy_assumption
comp-policy-comparison-v1.0.0,tiered_standardization,Tiered standardization,highest_issue_fit,true,case_00235,returning_guest,room_readiness_delay,4,0.93,false,0.99,false,false,1.0,0.95,69.77,4,recommendation,partial_room_refund,partial room refund,190,190,190,190,0.82,4,5,true,true,true,true,false,false,false,false,false,true,false,true,false,true,true,synthetic_case_policy_assumption
comp-policy-comparison-v1.0.0,cost_guardrail,Guardrailed recovery,lowest_cost_adequate,true,case_00235,returning_guest,room_readiness_delay,4,0.93,false,0.99,false,false,1.0,0.95,69.77,4,recommendation,lobby_lounge_credit,Palma lounge credit,120,30,46,66,0.76,2,4,true,true,true,true,false,false,false,false,true,false,false,true,false,true,true,synthetic_case_policy_assumption
comp-policy-comparison-v1.0.0,recovery_first,Recovery first,highest_perceived_recovery,true,case_00235,returning_guest,room_readiness_delay,4,0.93,false,0.99,false,false,1.0,0.95,69.77,4,recommendation,future_stay_credit,future-stay credit,255,76,153,217,0.7,4,5,true,true,true,true,false,false,false,true,false,false,true,true,false,true,true,synthetic_case_policy_assumption
comp-policy-comparison-v1.0.0,intelligent_generosity,Intelligent generosity,context_aware_policy_engine,true,case_00235,returning_guest,room_readiness_delay,4,0.93,false,0.99,false,false,1.0,0.95,69.77,4,recommendation,rooftop_f_and_b_credit,Calabra or Palma dining credit,180,45,72,108,0.72,2,5,true,true,true,true,false,false,false,true,true,false,true,true,false,true,true,synthetic_case_policy_assumption
comp-policy-comparison-v1.0.0,synthetic_discretionary_baseline,Synthetic discretionary baseline,replay_synthetic_history,false,case_00236,event_or_suite_guest,spa_wellness_service_issue,4,0.79,true,0.32,false,false,1.0,0.95,69.32,4,reference_action,lobby_lounge_credit,Palma lounge credit,145,55,55,55,0.52,2,4,true,false,false,true,true,false,false,false,true,false,false,false,false,true,true,synthetic_case_policy_assumption
comp-policy-comparison-v1.0.0,tiered_standardization,Tiered standardization,highest_issue_fit,true,case_00236,event_or_suite_guest,spa_wellness_service_issue,4,0.79,true,0.32,false,false,1.0,0.95,69.32,4,recommendation,spa_wellness_credit,Surya Spa or Recovery Suite credit,330,99,182,248,0.9,3,5,true,true,true,true,false,false,false,false,true,false,false,true,false,true,true,synthetic_case_policy_assumption
comp-policy-comparison-v1.0.0,cost_guardrail,Guardrailed recovery,lowest_cost_adequate,true,case_00236,event_or_suite_guest,spa_wellness_service_issue,4,0.79,true,0.32,false,false,1.0,0.95,69.32,4,recommendation,spa_wellness_credit,Surya Spa or Recovery Suite credit,330,99,182,248,0.9,3,5,true,true,true,true,false,false,false,false,true,false,false,true,false,true,true,synthetic_case_policy_assumption
comp-policy-comparison-v1.0.0,recovery_first,Recovery first,highest_perceived_recovery,true,case_00236,event_or_suite_guest,spa_wellness_service_issue,4,0.79,true,0.32,false,false,1.0,0.95,69.32,4,recommendation,spa_wellness_credit,Surya Spa or Recovery Suite credit,330,99,182,248,0.9,3,5,true,true,true,true,false,false,false,false,true,false,false,true,false,true,true,synthetic_case_policy_assumption
comp-policy-comparison-v1.0.0,intelligent_generosity,Intelligent generosity,context_aware_policy_engine,true,case_00236,event_or_suite_guest,spa_wellness_service_issue,4,0.79,true,0.32,false,false,1.0,0.95,69.32,4,recommendation,spa_wellness_credit,Surya Spa or Recovery Suite credit,330,99,182,248,0.9,3,5,true,true,true,true,false,false,false,false,true,false,false,true,false,true,true,synthetic_case_policy_assumption
comp-policy-comparison-v1.0.0,synthetic_discretionary_baseline,Synthetic discretionary baseline,replay_synthetic_history,false,case_00237,new_guest,noise_disruption,1,0.48,true,0.737,false,false,0.78,0.95,31.08,2,reference_action,amenity_gesture,in-room amenity gesture,55,25,25,25,0.78,1,3,true,true,true,false,false,false,false,false,true,false,false,false,false,true,true,synthetic_case_policy_assumption
comp-policy-comparison-v1.0.0,tiered_standardization,Tiered standardization,highest_issue_fit,true,case_00237,new_guest,noise_disruption,1,0.48,true,0.737,false,false,0.78,0.95,31.08,2,recommendation,late_checkout,late checkout,75,6,15,34,0.82,2,4,true,true,true,false,false,false,false,false,true,false,false,true,false,true,true,synthetic_case_policy_assumption
comp-policy-comparison-v1.0.0,cost_guardrail,Guardrailed recovery,lowest_cost_adequate,true,case_00237,new_guest,noise_disruption,1,0.48,true,0.737,false,false,0.78,0.95,31.08,2,recommendation,late_checkout,late checkout,75,6,15,34,0.82,2,4,true,true,true,false,false,false,false,false,true,false,false,true,false,true,true,synthetic_case_policy_assumption
comp-policy-comparison-v1.0.0,recovery_first,Recovery first,highest_perceived_recovery,true,case_00237,new_guest,noise_disruption,1,0.48,true,0.737,false,false,0.78,0.95,31.08,2,recommendation,late_checkout,late checkout,75,6,15,34,0.82,2,4,true,true,true,false,false,false,false,false,true,false,false,true,false,true,true,synthetic_case_policy_assumption
comp-policy-comparison-v1.0.0,intelligent_generosity,Intelligent generosity,context_aware_policy_engine,true,case_00237,new_guest,noise_disruption,1,0.48,true,0.737,false,false,0.78,0.95,31.08,2,recommendation,late_checkout,late checkout,75,6,15,34,0.82,2,4,true,true,true,false,false,false,false,false,true,false,false,true,false,true,true,synthetic_case_policy_assumption
comp-policy-comparison-v1.0.0,synthetic_discretionary_baseline,Synthetic discretionary baseline,replay_synthetic_history,false,case_00238,new_guest,noise_disruption,3,0.48,true,0.567,false,false,1.0,0.95,48.22,3,reference_action,late_checkout,late checkout,70,14,14,14,0.82,2,4,true,true,true,false,false,false,false,false,true,false,false,false,false,true,true,synthetic_case_policy_assumption
comp-policy-comparison-v1.0.0,tiered_standardization,Tiered standardization,highest_issue_fit,true,case_00238,new_guest,noise_disruption,3,0.48,true,0.567,false,false,1.0,0.95,48.22,3,recommendation,late_checkout,late checkout,85,7,17,38,0.82,2,4,true,true,true,false,false,false,false,false,true,false,false,true,false,true,true,synthetic_case_policy_assumption
comp-policy-comparison-v1.0.0,cost_guardrail,Guardrailed recovery,lowest_cost_adequate,true,case_00238,new_guest,noise_disruption,3,0.48,true,0.567,false,false,1.0,0.95,48.22,3,recommendation,late_checkout,late checkout,85,7,17,38,0.82,2,4,true,true,true,false,false,false,false,false,true,false,false,true,false,true,true,synthetic_case_policy_assumption
comp-policy-comparison-v1.0.0,recovery_first,Recovery first,highest_perceived_recovery,true,case_00238,new_guest,noise_disruption,3,0.48,true,0.567,false,false,1.0,0.95,48.22,3,recommendation,spa_wellness_credit,Surya Spa or Recovery Suite credit,275,82,151,206,0.62,3,5,true,true,true,false,false,false,false,true,true,false,true,true,false,true,true,synthetic_case_policy_assumption
comp-policy-comparison-v1.0.0,intelligent_generosity,Intelligent generosity,context_aware_policy_engine,true,case_00238,new_guest,noise_disruption,3,0.48,true,0.567,false,false,1.0,0.95,48.22,3,recommendation,spa_wellness_credit,Surya Spa or Recovery Suite credit,275,82,151,206,0.62,3,5,true,true,true,false,false,false,false,true,true,false,true,true,false,true,true,synthetic_case_policy_assumption
comp-policy-comparison-v1.0.0,synthetic_discretionary_baseline,Synthetic discretionary baseline,replay_synthetic_history,false,case_00239,returning_guest,room_readiness_delay,4,0.93,true,0.32,false,false,1.0,0.95,68.59,4,reference_unknown,no_matched_comp_record,No matched synthetic comp record,0,0,0,0,0.0,0,0,false,false,false,true,false,false,false,false,false,false,false,false,false,true,true,synthetic_case_policy_assumption
comp-policy-comparison-v1.0.0,tiered_standardization,Tiered standardization,highest_issue_fit,true,case_00239,returning_guest,room_readiness_delay,4,0.93,true,0.32,false,false,1.0,0.95,68.59,4,recommendation,late_checkout,late checkout,100,8,20,45,0.9,2,4,true,true,true,true,false,false,false,false,true,false,false,true,false,true,true,synthetic_case_policy_assumption
comp-policy-comparison-v1.0.0,cost_guardrail,Guardrailed recovery,lowest_cost_adequate,true,case_00239,returning_guest,room_readiness_delay,4,0.93,true,0.32,false,false,1.0,0.95,68.59,4,recommendation,late_checkout,late checkout,100,8,20,45,0.9,2,4,true,true,true,true,false,false,false,false,true,false,false,true,false,true,true,synthetic_case_policy_assumption
comp-policy-comparison-v1.0.0,recovery_first,Recovery first,highest_perceived_recovery,true,case_00239,returning_guest,room_readiness_delay,4,0.93,true,0.32,false,false,1.0,0.95,68.59,4,recommendation,room_upgrade,room upgrade,360,29,90,234,0.48,3,5,true,false,true,true,false,false,false,true,true,false,true,true,false,true,true,synthetic_case_policy_assumption
comp-policy-comparison-v1.0.0,intelligent_generosity,Intelligent generosity,context_aware_policy_engine,true,case_00239,returning_guest,room_readiness_delay,4,0.93,true,0.32,false,false,1.0,0.95,68.59,4,recommendation,room_upgrade,room upgrade,360,29,90,234,0.48,3,5,true,false,true,true,false,false,false,true,true,false,true,true,false,true,true,synthetic_case_policy_assumption
comp-policy-comparison-v1.0.0,synthetic_discretionary_baseline,Synthetic discretionary baseline,replay_synthetic_history,false,case_00240,new_guest,billing_or_fee_dispute,3,0.55,false,0.469,false,false,1.0,0.95,50.85,3,reference_action,parking_fee_waiver,parking or destination-fee waiver,70,13,13,13,0.66,2,4,true,true,true,false,false,false,false,false,true,false,false,false,false,true,true,synthetic_case_policy_assumption
comp-policy-comparison-v1.0.0,tiered_standardization,Tiered standardization,highest_issue_fit,true,case_00240,new_guest,billing_or_fee_dispute,3,0.55,false,0.469,false,false,1.0,0.95,50.85,3,recommendation,manager_note,manager note and personal follow-up,0,0,0,0,0.72,1,3,true,true,true,false,false,false,false,true,false,false,true,true,false,true,true,synthetic_case_policy_assumption
comp-policy-comparison-v1.0.0,cost_guardrail,Guardrailed recovery,lowest_cost_adequate,true,case_00240,new_guest,billing_or_fee_dispute,3,0.55,false,0.469,false,false,1.0,0.95,50.85,3,recommendation,manager_note,manager note and personal follow-up,0,0,0,0,0.72,1,3,true,true,true,false,false,false,false,true,false,false,true,true,false,true,true,synthetic_case_policy_assumption
comp-policy-comparison-v1.0.0,recovery_first,Recovery first,highest_perceived_recovery,true,case_00240,new_guest,billing_or_fee_dispute,3,0.55,false,0.469,false,false,1.0,0.95,50.85,3,recommendation,spa_wellness_credit,Surya Spa or Recovery Suite credit,275,82,151,206,0.25,3,5,true,false,true,false,false,false,false,true,true,false,true,true,false,true,true,synthetic_case_policy_assumption
comp-policy-comparison-v1.0.0,intelligent_generosity,Intelligent generosity,context_aware_policy_engine,true,case_00240,new_guest,billing_or_fee_dispute,3,0.55,false,0.469,false,false,1.0,0.95,50.85,3,recommendation,parking_fee_waiver,parking or destination-fee waiver,85,7,15,30,0.66,2,4,true,true,true,false,false,false,false,true,true,false,true,true,false,true,true,synthetic_case_policy_assumption
comp-policy-comparison-v1.0.0,synthetic_discretionary_baseline,Synthetic discretionary baseline,replay_synthetic_history,false,case_00241,new_guest,maintenance_issue,5,0.83,true,0.328,false,false,1.0,0.95,72.72,4,reference_action,partial_room_refund,partial room refund,360,360,360,360,0.8,4,5,true,true,true,true,false,false,false,false,false,true,false,false,false,true,true,synthetic_case_policy_assumption
comp-policy-comparison-v1.0.0,tiered_standardization,Tiered standardization,highest_issue_fit,true,case_00241,new_guest,maintenance_issue,5,0.83,true,0.328,false,false,1.0,0.95,72.72,4,recommendation,partial_room_refund,partial room refund,150,150,150,150,0.8,4,5,true,true,true,true,false,false,false,false,false,true,false,true,false,true,true,synthetic_case_policy_assumption
comp-policy-comparison-v1.0.0,cost_guardrail,Guardrailed recovery,lowest_cost_adequate,true,case_00241,new_guest,maintenance_issue,5,0.83,true,0.328,false,false,1.0,0.95,72.72,4,recommendation,partial_room_refund,partial room refund,150,150,150,150,0.8,4,5,true,true,true,true,false,false,false,false,false,true,false,true,false,true,true,synthetic_case_policy_assumption
comp-policy-comparison-v1.0.0,recovery_first,Recovery first,highest_perceived_recovery,true,case_00241,new_guest,maintenance_issue,5,0.83,true,0.328,false,false,1.0,0.95,72.72,4,recommendation,spa_wellness_credit,Surya Spa or Recovery Suite credit,330,99,182,248,0.45,3,5,true,false,true,true,false,false,false,true,true,false,true,true,false,true,true,synthetic_case_policy_assumption
comp-policy-comparison-v1.0.0,intelligent_generosity,Intelligent generosity,context_aware_policy_engine,true,case_00241,new_guest,maintenance_issue,5,0.83,true,0.328,false,false,1.0,0.95,72.72,4,recommendation,spa_wellness_credit,Surya Spa or Recovery Suite credit,330,99,182,248,0.45,3,5,true,false,true,true,false,false,false,true,true,false,true,true,false,true,true,synthetic_case_policy_assumption
comp-policy-comparison-v1.0.0,synthetic_discretionary_baseline,Synthetic discretionary baseline,replay_synthetic_history,false,case_00242,new_guest,spa_wellness_service_issue,3,0.74,true,0.463,false,false,1.0,0.95,55.31,3,reference_action,partial_room_refund,partial room refund,435,435,435,435,0.5,4,5,true,false,false,false,false,false,false,false,false,true,false,false,false,true,true,synthetic_case_policy_assumption
comp-policy-comparison-v1.0.0,tiered_standardization,Tiered standardization,highest_issue_fit,true,case_00242,new_guest,spa_wellness_service_issue,3,0.74,true,0.463,false,false,1.0,0.95,55.31,3,recommendation,spa_wellness_credit,Surya Spa or Recovery Suite credit,275,82,151,206,0.9,3,5,true,true,true,false,false,false,false,false,true,false,false,true,false,true,true,synthetic_case_policy_assumption
comp-policy-comparison-v1.0.0,cost_guardrail,Guardrailed recovery,lowest_cost_adequate,true,case_00242,new_guest,spa_wellness_service_issue,3,0.74,true,0.463,false,false,1.0,0.95,55.31,3,recommendation,spa_wellness_credit,Surya Spa or Recovery Suite credit,275,82,151,206,0.9,3,5,true,true,true,false,false,false,false,false,true,false,false,true,false,true,true,synthetic_case_policy_assumption
comp-policy-comparison-v1.0.0,recovery_first,Recovery first,highest_perceived_recovery,true,case_00242,new_guest,spa_wellness_service_issue,3,0.74,true,0.463,false,false,1.0,0.95,55.31,3,recommendation,spa_wellness_credit,Surya Spa or Recovery Suite credit,275,82,151,206,0.9,3,5,true,true,true,false,false,false,false,false,true,false,false,true,false,true,true,synthetic_case_policy_assumption
comp-policy-comparison-v1.0.0,intelligent_generosity,Intelligent generosity,context_aware_policy_engine,true,case_00242,new_guest,spa_wellness_service_issue,3,0.74,true,0.463,false,false,1.0,0.95,55.31,3,recommendation,spa_wellness_credit,Surya Spa or Recovery Suite credit,275,82,151,206,0.9,3,5,true,true,true,false,false,false,false,false,true,false,false,true,false,true,true,synthetic_case_policy_assumption
comp-policy-comparison-v1.0.0,synthetic_discretionary_baseline,Synthetic discretionary baseline,replay_synthetic_history,false,case_00243,returning_guest,room_readiness_delay,4,0.93,true,0.648,false,false,1.0,0.95,67.6,4,reference_action,rooftop_f_and_b_credit,Calabra or Palma dining credit,125,50,50,50,0.72,2,5,true,true,true,true,false,false,false,false,true,false,false,false,false,true,true,synthetic_case_policy_assumption
comp-policy-comparison-v1.0.0,tiered_standardization,Tiered standardization,highest_issue_fit,true,case_00243,returning_guest,room_readiness_delay,4,0.93,true,0.648,false,false,1.0,0.95,67.6,4,recommendation,late_checkout,late checkout,100,8,20,45,0.9,2,4,true,true,true,true,false,false,false,false,true,false,false,true,false,true,true,synthetic_case_policy_assumption
comp-policy-comparison-v1.0.0,cost_guardrail,Guardrailed recovery,lowest_cost_adequate,true,case_00243,returning_guest,room_readiness_delay,4,0.93,true,0.648,false,false,1.0,0.95,67.6,4,recommendation,late_checkout,late checkout,100,8,20,45,0.9,2,4,true,true,true,true,false,false,false,false,true,false,false,true,false,true,true,synthetic_case_policy_assumption
comp-policy-comparison-v1.0.0,recovery_first,Recovery first,highest_perceived_recovery,true,case_00243,returning_guest,room_readiness_delay,4,0.93,true,0.648,false,false,1.0,0.95,67.6,4,recommendation,room_upgrade,room upgrade,360,29,90,234,0.48,3,5,true,false,true,true,false,false,false,true,true,false,true,true,false,true,true,synthetic_case_policy_assumption
comp-policy-comparison-v1.0.0,intelligent_generosity,Intelligent generosity,context_aware_policy_engine,true,case_00243,returning_guest,room_readiness_delay,4,0.93,true,0.648,false,false,1.0,0.95,67.6,4,recommendation,room_upgrade,room upgrade,360,29,90,234,0.48,3,5,true,false,true,true,false,false,false,true,true,false,true,true,false,true,true,synthetic_case_policy_assumption
comp-policy-comparison-v1.0.0,synthetic_discretionary_baseline,Synthetic discretionary baseline,replay_synthetic_history,false,case_00244,returning_guest,rooftop_pool_access_issue,5,0.69,false,0.583,false,false,1.0,0.95,73.84,4,reference_action,partial_room_refund,partial room refund,490,490,490,490,0.5,4,5,true,false,false,true,true,false,false,false,false,true,false,false,false,true,true,synthetic_case_policy_assumption
comp-policy-comparison-v1.0.0,tiered_standardization,Tiered standardization,highest_issue_fit,true,case_00244,returning_guest,rooftop_pool_access_issue,5,0.69,false,0.583,false,false,1.0,0.95,73.84,4,recommendation,rooftop_f_and_b_credit,Calabra or Palma dining credit,180,45,72,108,0.86,2,5,true,true,true,true,false,false,false,false,true,false,false,true,false,true,true,synthetic_case_policy_assumption
comp-policy-comparison-v1.0.0,cost_guardrail,Guardrailed recovery,lowest_cost_adequate,true,case_00244,returning_guest,rooftop_pool_access_issue,5,0.69,false,0.583,false,false,1.0,0.95,73.84,4,recommendation,rooftop_f_and_b_credit,Calabra or Palma dining credit,180,45,72,108,0.86,2,5,true,true,true,true,false,false,false,false,true,false,false,true,false,true,true,synthetic_case_policy_assumption
comp-policy-comparison-v1.0.0,recovery_first,Recovery first,highest_perceived_recovery,true,case_00244,returning_guest,rooftop_pool_access_issue,5,0.69,false,0.583,false,false,1.0,0.95,73.84,4,recommendation,rooftop_f_and_b_credit,Calabra or Palma dining credit,180,45,72,108,0.86,2,5,true,true,true,true,false,false,false,false,true,false,false,true,false,true,true,synthetic_case_policy_assumption
comp-policy-comparison-v1.0.0,intelligent_generosity,Intelligent generosity,context_aware_policy_engine,true,case_00244,returning_guest,rooftop_pool_access_issue,5,0.69,false,0.583,false,false,1.0,0.95,73.84,4,recommendation,rooftop_f_and_b_credit,Calabra or Palma dining credit,180,45,72,108,0.86,2,5,true,true,true,true,false,false,false,false,true,false,false,true,false,true,true,synthetic_case_policy_assumption
comp-policy-comparison-v1.0.0,synthetic_discretionary_baseline,Synthetic discretionary baseline,replay_synthetic_history,false,case_00245,new_guest,room_readiness_delay,3,0.88,true,0.32,false,false,1.0,0.95,56.85,3,reference_unknown,no_matched_comp_record,No matched synthetic comp record,0,0,0,0,0.0,0,0,false,false,false,false,false,false,false,false,false,false,false,false,false,true,true,synthetic_case_policy_assumption
comp-policy-comparison-v1.0.0,tiered_standardization,Tiered standardization,highest_issue_fit,true,case_00245,new_guest,room_readiness_delay,3,0.88,true,0.32,false,false,1.0,0.95,56.85,3,recommendation,late_checkout,late checkout,85,7,17,38,0.9,2,4,true,true,true,false,false,false,false,false,true,false,false,true,false,true,true,synthetic_case_policy_assumption
comp-policy-comparison-v1.0.0,cost_guardrail,Guardrailed recovery,lowest_cost_adequate,true,case_00245,new_guest,room_readiness_delay,3,0.88,true,0.32,false,false,1.0,0.95,56.85,3,recommendation,late_checkout,late checkout,85,7,17,38,0.9,2,4,true,true,true,false,false,false,false,false,true,false,false,true,false,true,true,synthetic_case_policy_assumption
comp-policy-comparison-v1.0.0,recovery_first,Recovery first,highest_perceived_recovery,true,case_00245,new_guest,room_readiness_delay,3,0.88,true,0.32,false,false,1.0,0.95,56.85,3,recommendation,room_upgrade,room upgrade,300,24,75,195,0.48,3,5,true,false,true,false,false,false,false,true,true,false,true,true,false,true,true,synthetic_case_policy_assumption
comp-policy-comparison-v1.0.0,intelligent_generosity,Intelligent generosity,context_aware_policy_engine,true,case_00245,new_guest,room_readiness_delay,3,0.88,true,0.32,false,false,1.0,0.95,56.85,3,recommendation,room_upgrade,room upgrade,300,24,75,195,0.48,3,5,true,false,true,false,false,false,false,true,true,false,true,true,false,true,true,synthetic_case_policy_assumption
comp-policy-comparison-v1.0.0,synthetic_discretionary_baseline,Synthetic discretionary baseline,replay_synthetic_history,false,case_00246,new_guest,room_assignment_expectation_gap,5,0.79,true,0.558,false,false,1.0,0.95,71.68,4,reference_unknown,no_matched_comp_record,No matched synthetic comp record,0,0,0,0,0.0,0,0,false,false,false,true,false,false,false,false,false,false,false,false,false,true,true,synthetic_case_policy_assumption
comp-policy-comparison-v1.0.0,tiered_standardization,Tiered standardization,highest_issue_fit,true,case_00246,new_guest,room_assignment_expectation_gap,5,0.79,true,0.558,false,false,1.0,0.95,71.68,4,recommendation,room_upgrade,room upgrade,360,29,90,234,0.9,3,5,true,true,true,true,false,false,false,false,true,false,false,true,false,true,true,synthetic_case_policy_assumption
comp-policy-comparison-v1.0.0,cost_guardrail,Guardrailed recovery,lowest_cost_adequate,true,case_00246,new_guest,room_assignment_expectation_gap,5,0.79,true,0.558,false,false,1.0,0.95,71.68,4,recommendation,room_upgrade,room upgrade,360,29,90,234,0.9,3,5,true,true,true,true,false,false,false,false,true,false,false,true,false,true,true,synthetic_case_policy_assumption
comp-policy-comparison-v1.0.0,recovery_first,Recovery first,highest_perceived_recovery,true,case_00246,new_guest,room_assignment_expectation_gap,5,0.79,true,0.558,false,false,1.0,0.95,71.68,4,recommendation,room_upgrade,room upgrade,360,29,90,234,0.9,3,5,true,true,true,true,false,false,false,false,true,false,false,true,false,true,true,synthetic_case_policy_assumption
comp-policy-comparison-v1.0.0,intelligent_generosity,Intelligent generosity,context_aware_policy_engine,true,case_00246,new_guest,room_assignment_expectation_gap,5,0.79,true,0.558,false,false,1.0,0.95,71.68,4,recommendation,room_upgrade,room upgrade,360,29,90,234,0.9,3,5,true,true,true,true,false,false,false,false,true,false,false,true,false,true,true,synthetic_case_policy_assumption
comp-policy-comparison-v1.0.0,synthetic_discretionary_baseline,Synthetic discretionary baseline,replay_synthetic_history,false,case_00247,new_guest,housekeeping_miss,3,0.9,true,0.32,false,false,0.78,0.95,57.0,3,reference_unknown,no_matched_comp_record,No matched synthetic comp record,0,0,0,0,0.0,0,0,false,false,false,false,false,false,false,false,false,false,false,false,false,true,true,synthetic_case_policy_assumption
comp-policy-comparison-v1.0.0,tiered_standardization,Tiered standardization,highest_issue_fit,true,case_00247,new_guest,housekeeping_miss,3,0.9,true,0.32,false,false,0.78,0.95,57.0,3,recommendation,amenity_gesture,in-room amenity gesture,55,14,25,36,0.8,1,3,true,true,true,false,false,false,false,false,true,false,false,true,false,true,true,synthetic_case_policy_assumption
comp-policy-comparison-v1.0.0,cost_guardrail,Guardrailed recovery,lowest_cost_adequate,true,case_00247,new_guest,housekeeping_miss,3,0.9,true,0.32,false,false,0.78,0.95,57.0,3,recommendation,amenity_gesture,in-room amenity gesture,55,14,25,36,0.8,1,3,true,true,true,false,false,false,false,false,true,false,false,true,false,true,true,synthetic_case_policy_assumption
comp-policy-comparison-v1.0.0,recovery_first,Recovery first,highest_perceived_recovery,true,case_00247,new_guest,housekeeping_miss,3,0.9,true,0.32,false,false,0.78,0.95,57.0,3,recommendation,spa_wellness_credit,Surya Spa or Recovery Suite credit,275,82,151,206,0.25,3,5,true,false,true,false,false,false,false,true,true,false,true,true,false,true,true,synthetic_case_policy_assumption
comp-policy-comparison-v1.0.0,intelligent_generosity,Intelligent generosity,context_aware_policy_engine,true,case_00247,new_guest,housekeeping_miss,3,0.9,true,0.32,false,false,0.78,0.95,57.0,3,recommendation,rooftop_f_and_b_credit,Calabra or Palma dining credit,150,38,60,90,0.45,2,5,true,false,true,false,false,false,false,true,true,false,true,true,false,true,true,synthetic_case_policy_assumption
comp-policy-comparison-v1.0.0,synthetic_discretionary_baseline,Synthetic discretionary baseline,replay_synthetic_history,false,case_00248,returning_guest,maintenance_issue,2,0.78,false,0.712,false,false,1.0,0.95,52.11,3,reference_unknown,no_matched_comp_record,No matched synthetic comp record,0,0,0,0,0.0,0,0,false,false,false,false,false,false,false,false,false,false,false,false,false,true,true,synthetic_case_policy_assumption
comp-policy-comparison-v1.0.0,tiered_standardization,Tiered standardization,highest_issue_fit,true,case_00248,returning_guest,maintenance_issue,2,0.78,false,0.712,false,false,1.0,0.95,52.11,3,recommendation,manager_note,manager note and personal follow-up,0,0,0,0,0.72,1,3,true,true,true,false,false,false,false,true,false,false,true,true,false,true,true,synthetic_case_policy_assumption
comp-policy-comparison-v1.0.0,cost_guardrail,Guardrailed recovery,lowest_cost_adequate,true,case_00248,returning_guest,maintenance_issue,2,0.78,false,0.712,false,false,1.0,0.95,52.11,3,recommendation,manager_note,manager note and personal follow-up,0,0,0,0,0.72,1,3,true,true,true,false,false,false,false,true,false,false,true,true,false,true,true,synthetic_case_policy_assumption
comp-policy-comparison-v1.0.0,recovery_first,Recovery first,highest_perceived_recovery,true,case_00248,returning_guest,maintenance_issue,2,0.78,false,0.712,false,false,1.0,0.95,52.11,3,recommendation,spa_wellness_credit,Surya Spa or Recovery Suite credit,275,82,151,206,0.45,3,5,true,false,true,false,false,false,false,true,true,false,true,true,false,true,true,synthetic_case_policy_assumption
comp-policy-comparison-v1.0.0,intelligent_generosity,Intelligent generosity,context_aware_policy_engine,true,case_00248,returning_guest,maintenance_issue,2,0.78,false,0.712,false,false,1.0,0.95,52.11,3,recommendation,spa_wellness_credit,Surya Spa or Recovery Suite credit,275,82,151,206,0.45,3,5,true,false,true,false,false,false,false,true,true,false,true,true,false,true,true,synthetic_case_policy_assumption
comp-policy-comparison-v1.0.0,synthetic_discretionary_baseline,Synthetic discretionary baseline,replay_synthetic_history,false,case_00249,returning_guest,maintenance_issue,1,0.78,true,0.603,false,false,1.0,0.95,37.64,2,reference_unknown,no_matched_comp_record,No matched synthetic comp record,0,0,0,0,0.0,0,0,false,false,false,false,false,false,false,false,false,false,false,false,false,true,true,synthetic_case_policy_assumption
comp-policy-comparison-v1.0.0,tiered_standardization,Tiered standardization,highest_issue_fit,true,case_00249,returning_guest,maintenance_issue,1,0.78,true,0.603,false,false,1.0,0.95,37.64,2,recommendation,manager_note,manager note and personal follow-up,0,0,0,0,0.72,1,3,true,true,true,false,false,false,false,true,false,false,true,true,false,true,true,synthetic_case_policy_assumption
comp-policy-comparison-v1.0.0,cost_guardrail,Guardrailed recovery,lowest_cost_adequate,true,case_00249,returning_guest,maintenance_issue,1,0.78,true,0.603,false,false,1.0,0.95,37.64,2,recommendation,manager_note,manager note and personal follow-up,0,0,0,0,0.72,1,3,true,true,true,false,false,false,false,true,false,false,true,true,false,true,true,synthetic_case_policy_assumption
comp-policy-comparison-v1.0.0,recovery_first,Recovery first,highest_perceived_recovery,true,case_00249,returning_guest,maintenance_issue,1,0.78,true,0.603,false,false,1.0,0.95,37.64,2,recommendation,rooftop_f_and_b_credit,Calabra or Palma dining credit,135,34,54,81,0.45,2,5,true,false,true,false,false,false,false,true,true,false,true,true,false,true,true,synthetic_case_policy_assumption
comp-policy-comparison-v1.0.0,intelligent_generosity,Intelligent generosity,context_aware_policy_engine,true,case_00249,returning_guest,maintenance_issue,1,0.78,true,0.603,false,false,1.0,0.95,37.64,2,recommendation,rooftop_f_and_b_credit,Calabra or Palma dining credit,135,34,54,81,0.45,2,5,true,false,true,false,false,false,false,true,true,false,true,true,false,true,true,synthetic_case_policy_assumption
comp-policy-comparison-v1.0.0,synthetic_discretionary_baseline,Synthetic discretionary baseline,replay_synthetic_history,false,case_00250,vip_guest,spa_wellness_service_issue,4,0.79,true,0.9,true,false,1.0,0.95,70.3,4,reference_action,partial_room_refund,partial room refund,430,430,430,430,0.5,4,5,true,false,false,true,true,false,false,false,false,true,false,false,false,true,true,synthetic_case_policy_assumption
comp-policy-comparison-v1.0.0,tiered_standardization,Tiered standardization,highest_issue_fit,true,case_00250,vip_guest,spa_wellness_service_issue,4,0.79,true,0.9,true,false,1.0,0.95,70.3,4,recommendation,spa_wellness_credit,Surya Spa or Recovery Suite credit,330,99,182,248,0.9,3,5,true,true,true,true,false,false,false,false,true,false,false,true,false,true,true,synthetic_case_policy_assumption
comp-policy-comparison-v1.0.0,cost_guardrail,Guardrailed recovery,lowest_cost_adequate,true,case_00250,vip_guest,spa_wellness_service_issue,4,0.79,true,0.9,true,false,1.0,0.95,70.3,4,recommendation,spa_wellness_credit,Surya Spa or Recovery Suite credit,330,99,182,248,0.9,3,5,true,true,true,true,false,false,false,false,true,false,false,true,false,true,true,synthetic_case_policy_assumption
comp-policy-comparison-v1.0.0,recovery_first,Recovery first,highest_perceived_recovery,true,case_00250,vip_guest,spa_wellness_service_issue,4,0.79,true,0.9,true,false,1.0,0.95,70.3,4,recommendation,spa_wellness_credit,Surya Spa or Recovery Suite credit,330,99,182,248,0.9,3,5,true,true,true,true,false,false,false,false,true,false,false,true,false,true,true,synthetic_case_policy_assumption
comp-policy-comparison-v1.0.0,intelligent_generosity,Intelligent generosity,context_aware_policy_engine,true,case_00250,vip_guest,spa_wellness_service_issue,4,0.79,true,0.9,true,false,1.0,0.95,70.3,4,recommendation,spa_wellness_credit,Surya Spa or Recovery Suite credit,330,99,182,248,0.9,3,5,true,true,true,true,false,false,false,false,true,false,false,true,false,true,true,synthetic_case_policy_assumption
comp-policy-comparison-v1.0.0,synthetic_discretionary_baseline,Synthetic discretionary baseline,replay_synthetic_history,false,case_00251,returning_guest,spa_wellness_service_issue,2,0.74,true,0.698,false,false,1.0,0.95,46.86,3,reference_unknown,no_matched_comp_record,No matched synthetic comp record,0,0,0,0,0.0,0,0,false,false,false,false,false,false,false,false,false,false,false,false,false,true,true,synthetic_case_policy_assumption
comp-policy-comparison-v1.0.0,tiered_standardization,Tiered standardization,highest_issue_fit,true,case_00251,returning_guest,spa_wellness_service_issue,2,0.74,true,0.698,false,false,1.0,0.95,46.86,3,recommendation,spa_wellness_credit,Surya Spa or Recovery Suite credit,275,82,151,206,0.9,3,5,true,true,true,false,false,false,false,false,true,false,false,true,false,true,true,synthetic_case_policy_assumption
comp-policy-comparison-v1.0.0,cost_guardrail,Guardrailed recovery,lowest_cost_adequate,true,case_00251,returning_guest,spa_wellness_service_issue,2,0.74,true,0.698,false,false,1.0,0.95,46.86,3,recommendation,spa_wellness_credit,Surya Spa or Recovery Suite credit,275,82,151,206,0.9,3,5,true,true,true,false,false,false,false,false,true,false,false,true,false,true,true,synthetic_case_policy_assumption
comp-policy-comparison-v1.0.0,recovery_first,Recovery first,highest_perceived_recovery,true,case_00251,returning_guest,spa_wellness_service_issue,2,0.74,true,0.698,false,false,1.0,0.95,46.86,3,recommendation,spa_wellness_credit,Surya Spa or Recovery Suite credit,275,82,151,206,0.9,3,5,true,true,true,false,false,false,false,false,true,false,false,true,false,true,true,synthetic_case_policy_assumption
comp-policy-comparison-v1.0.0,intelligent_generosity,Intelligent generosity,context_aware_policy_engine,true,case_00251,returning_guest,spa_wellness_service_issue,2,0.74,true,0.698,false,false,1.0,0.95,46.86,3,recommendation,spa_wellness_credit,Surya Spa or Recovery Suite credit,275,82,151,206,0.9,3,5,true,true,true,false,false,false,false,false,true,false,false,true,false,true,true,synthetic_case_policy_assumption
comp-policy-comparison-v1.0.0,synthetic_discretionary_baseline,Synthetic discretionary baseline,replay_synthetic_history,false,case_00252,new_guest,f_and_b_service_lapse,2,0.7,false,0.774,false,false,1.0,0.95,44.58,3,reference_unknown,no_matched_comp_record,No matched synthetic comp record,0,0,0,0,0.0,0,0,false,false,false,false,false,false,false,false,false,false,false,false,false,true,true,synthetic_case_policy_assumption
comp-policy-comparison-v1.0.0,tiered_standardization,Tiered standardization,highest_issue_fit,true,case_00252,new_guest,f_and_b_service_lapse,2,0.7,false,0.774,false,false,1.0,0.95,44.58,3,recommendation,rooftop_f_and_b_credit,Calabra or Palma dining credit,150,38,60,90,0.88,2,5,true,true,true,false,false,false,false,false,true,false,false,true,false,true,true,synthetic_case_policy_assumption
comp-policy-comparison-v1.0.0,cost_guardrail,Guardrailed recovery,lowest_cost_adequate,true,case_00252,new_guest,f_and_b_service_lapse,2,0.7,false,0.774,false,false,1.0,0.95,44.58,3,recommendation,rooftop_f_and_b_credit,Calabra or Palma dining credit,150,38,60,90,0.88,2,5,true,true,true,false,false,false,false,false,true,false,false,true,false,true,true,synthetic_case_policy_assumption
comp-policy-comparison-v1.0.0,recovery_first,Recovery first,highest_perceived_recovery,true,case_00252,new_guest,f_and_b_service_lapse,2,0.7,false,0.774,false,false,1.0,0.95,44.58,3,recommendation,rooftop_f_and_b_credit,Calabra or Palma dining credit,150,38,60,90,0.88,2,5,true,true,true,false,false,false,false,false,true,false,false,true,false,true,true,synthetic_case_policy_assumption
comp-policy-comparison-v1.0.0,intelligent_generosity,Intelligent generosity,context_aware_policy_engine,true,case_00252,new_guest,f_and_b_service_lapse,2,0.7,false,0.774,false,false,1.0,0.95,44.58,3,recommendation,rooftop_f_and_b_credit,Calabra or Palma dining credit,150,38,60,90,0.88,2,5,true,true,true,false,false,false,false,false,true,false,false,true,false,true,true,synthetic_case_policy_assumption
comp-policy-comparison-v1.0.0,synthetic_discretionary_baseline,Synthetic discretionary baseline,replay_synthetic_history,false,case_00253,loyalty_guest,billing_or_fee_dispute,5,0.6,false,0.688,false,false,1.0,0.95,72.68,4,reference_action,partial_room_refund,partial room refund,410,410,410,410,0.5,4,5,true,false,false,true,true,false,false,false,false,true,false,false,false,true,true,synthetic_case_policy_assumption
comp-policy-comparison-v1.0.0,tiered_standardization,Tiered standardization,highest_issue_fit,true,case_00253,loyalty_guest,billing_or_fee_dispute,5,0.6,false,0.688,false,false,1.0,0.95,72.68,4,recommendation,manager_note,manager note and personal follow-up,0,0,0,0,0.72,1,3,true,false,true,true,false,false,false,true,false,false,true,true,false,true,true,synthetic_case_policy_assumption
comp-policy-comparison-v1.0.0,cost_guardrail,Guardrailed recovery,lowest_cost_adequate,true,case_00253,loyalty_guest,billing_or_fee_dispute,5,0.6,false,0.688,false,false,1.0,0.95,72.68,4,recommendation,parking_fee_waiver,parking or destination-fee waiver,100,8,18,35,0.66,2,4,true,true,true,true,false,false,false,true,true,false,true,true,false,true,true,synthetic_case_policy_assumption
comp-policy-comparison-v1.0.0,recovery_first,Recovery first,highest_perceived_recovery,true,case_00253,loyalty_guest,billing_or_fee_dispute,5,0.6,false,0.688,false,false,1.0,0.95,72.68,4,recommendation,future_stay_credit,future-stay credit,260,78,156,221,0.56,4,5,true,false,true,true,false,false,false,true,false,false,true,true,false,true,true,synthetic_case_policy_assumption
comp-policy-comparison-v1.0.0,intelligent_generosity,Intelligent generosity,context_aware_policy_engine,true,case_00253,loyalty_guest,billing_or_fee_dispute,5,0.6,false,0.688,false,false,1.0,0.95,72.68,4,recommendation,future_stay_credit,future-stay credit,260,78,156,221,0.56,4,5,true,false,true,true,false,false,false,true,false,false,true,true,false,true,true,synthetic_case_policy_assumption
comp-policy-comparison-v1.0.0,synthetic_discretionary_baseline,Synthetic discretionary baseline,replay_synthetic_history,false,case_00254,new_guest,valet_or_parking_delay,3,0.62,true,0.479,true,true,1.0,0.95,53.36,3,reference_action,parking_fee_waiver,parking or destination-fee waiver,65,12,12,12,0.9,2,4,true,true,true,false,false,false,false,false,true,false,false,false,false,true,true,synthetic_case_policy_assumption
comp-policy-comparison-v1.0.0,tiered_standardization,Tiered standardization,highest_issue_fit,true,case_00254,new_guest,valet_or_parking_delay,3,0.62,true,0.479,true,true,1.0,0.95,53.36,3,recommendation,parking_fee_waiver,parking or destination-fee waiver,85,7,15,30,0.9,2,4,true,true,true,false,false,false,false,false,true,false,false,true,false,true,true,synthetic_case_policy_assumption
comp-policy-comparison-v1.0.0,cost_guardrail,Guardrailed recovery,lowest_cost_adequate,true,case_00254,new_guest,valet_or_parking_delay,3,0.62,true,0.479,true,true,1.0,0.95,53.36,3,recommendation,parking_fee_waiver,parking or destination-fee waiver,85,7,15,30,0.9,2,4,true,true,true,false,false,false,false,false,true,false,false,true,false,true,true,synthetic_case_policy_assumption
comp-policy-comparison-v1.0.0,recovery_first,Recovery first,highest_perceived_recovery,true,case_00254,new_guest,valet_or_parking_delay,3,0.62,true,0.479,true,true,1.0,0.95,53.36,3,recommendation,spa_wellness_credit,Surya Spa or Recovery Suite credit,275,82,151,206,0.25,3,5,true,false,true,false,false,false,false,true,true,false,true,true,false,true,true,synthetic_case_policy_assumption
comp-policy-comparison-v1.0.0,intelligent_generosity,Intelligent generosity,context_aware_policy_engine,true,case_00254,new_guest,valet_or_parking_delay,3,0.62,true,0.479,true,true,1.0,0.95,53.36,3,recommendation,rooftop_f_and_b_credit,Calabra or Palma dining credit,150,38,60,90,0.45,2,5,true,false,true,false,false,false,false,true,true,false,true,true,false,true,true,synthetic_case_policy_assumption
comp-policy-comparison-v1.0.0,synthetic_discretionary_baseline,Synthetic discretionary baseline,replay_synthetic_history,false,case_00255,loyalty_guest,room_assignment_expectation_gap,4,0.79,true,0.32,false,false,1.0,0.95,71.25,4,reference_action,partial_room_refund,partial room refund,460,460,460,460,0.75,4,5,true,true,true,true,false,false,false,false,false,true,false,false,false,true,true,synthetic_case_policy_assumption
comp-policy-comparison-v1.0.0,tiered_standardization,Tiered standardization,highest_issue_fit,true,case_00255,loyalty_guest,room_assignment_expectation_gap,4,0.79,true,0.32,false,false,1.0,0.95,71.25,4,recommendation,room_upgrade,room upgrade,360,29,90,234,0.9,3,5,true,true,true,true,false,false,false,false,true,false,false,true,false,true,true,synthetic_case_policy_assumption
comp-policy-comparison-v1.0.0,cost_guardrail,Guardrailed recovery,lowest_cost_adequate,true,case_00255,loyalty_guest,room_assignment_expectation_gap,4,0.79,true,0.32,false,false,1.0,0.95,71.25,4,recommendation,room_upgrade,room upgrade,360,29,90,234,0.9,3,5,true,true,true,true,false,false,false,false,true,false,false,true,false,true,true,synthetic_case_policy_assumption
comp-policy-comparison-v1.0.0,recovery_first,Recovery first,highest_perceived_recovery,true,case_00255,loyalty_guest,room_assignment_expectation_gap,4,0.79,true,0.32,false,false,1.0,0.95,71.25,4,recommendation,room_upgrade,room upgrade,360,29,90,234,0.9,3,5,true,true,true,true,false,false,false,false,true,false,false,true,false,true,true,synthetic_case_policy_assumption
comp-policy-comparison-v1.0.0,intelligent_generosity,Intelligent generosity,context_aware_policy_engine,true,case_00255,loyalty_guest,room_assignment_expectation_gap,4,0.79,true,0.32,false,false,1.0,0.95,71.25,4,recommendation,room_upgrade,room upgrade,360,29,90,234,0.9,3,5,true,true,true,true,false,false,false,false,true,false,false,true,false,true,true,synthetic_case_policy_assumption
comp-policy-comparison-v1.0.0,synthetic_discretionary_baseline,Synthetic discretionary baseline,replay_synthetic_history,false,case_00256,new_guest,room_assignment_expectation_gap,4,0.79,true,0.628,true,false,1.0,0.95,66.65,4,reference_action,lobby_lounge_credit,Palma lounge credit,135,51,51,51,0.52,2,4,true,false,false,true,true,false,false,false,true,false,false,false,false,true,true,synthetic_case_policy_assumption
comp-policy-comparison-v1.0.0,tiered_standardization,Tiered standardization,highest_issue_fit,true,case_00256,new_guest,room_assignment_expectation_gap,4,0.79,true,0.628,true,false,1.0,0.95,66.65,4,recommendation,room_upgrade,room upgrade,360,29,90,234,0.9,3,5,true,true,true,true,false,false,true,false,true,false,true,true,false,true,true,synthetic_case_policy_assumption
comp-policy-comparison-v1.0.0,cost_guardrail,Guardrailed recovery,lowest_cost_adequate,true,case_00256,new_guest,room_assignment_expectation_gap,4,0.79,true,0.628,true,false,1.0,0.95,66.65,4,recommendation,room_upgrade,room upgrade,360,29,90,234,0.9,3,5,true,true,true,true,false,false,true,false,true,false,true,true,false,true,true,synthetic_case_policy_assumption
comp-policy-comparison-v1.0.0,recovery_first,Recovery first,highest_perceived_recovery,true,case_00256,new_guest,room_assignment_expectation_gap,4,0.79,true,0.628,true,false,1.0,0.95,66.65,4,recommendation,room_upgrade,room upgrade,360,29,90,234,0.9,3,5,true,true,true,true,false,false,true,false,true,false,true,true,false,true,true,synthetic_case_policy_assumption
comp-policy-comparison-v1.0.0,intelligent_generosity,Intelligent generosity,context_aware_policy_engine,true,case_00256,new_guest,room_assignment_expectation_gap,4,0.79,true,0.628,true,false,1.0,0.95,66.65,4,recommendation,rooftop_f_and_b_credit,Calabra or Palma dining credit,180,45,72,108,0.45,2,5,true,false,true,true,false,false,false,true,true,false,true,true,false,true,true,synthetic_case_policy_assumption
comp-policy-comparison-v1.0.0,synthetic_discretionary_baseline,Synthetic discretionary baseline,replay_synthetic_history,false,case_00257,new_guest,maintenance_issue,4,0.83,true,0.622,false,false,1.0,0.95,65.06,4,reference_action,spa_wellness_credit,Surya Spa or Recovery Suite credit,300,165,165,165,0.45,3,5,true,false,false,true,true,false,false,false,true,false,false,false,false,true,true,synthetic_case_policy_assumption
comp-policy-comparison-v1.0.0,tiered_standardization,Tiered standardization,highest_issue_fit,true,case_00257,new_guest,maintenance_issue,4,0.83,true,0.622,false,false,1.0,0.95,65.06,4,recommendation,partial_room_refund,partial room refund,155,155,155,155,0.8,4,5,true,true,true,true,false,false,false,false,false,true,false,true,false,true,true,synthetic_case_policy_assumption
comp-policy-comparison-v1.0.0,cost_guardrail,Guardrailed recovery,lowest_cost_adequate,true,case_00257,new_guest,maintenance_issue,4,0.83,true,0.622,false,false,1.0,0.95,65.06,4,recommendation,partial_room_refund,partial room refund,155,155,155,155,0.8,4,5,true,true,true,true,false,false,false,false,false,true,false,true,false,true,true,synthetic_case_policy_assumption
comp-policy-comparison-v1.0.0,recovery_first,Recovery first,highest_perceived_recovery,true,case_00257,new_guest,maintenance_issue,4,0.83,true,0.622,false,false,1.0,0.95,65.06,4,recommendation,spa_wellness_credit,Surya Spa or Recovery Suite credit,330,99,182,248,0.45,3,5,true,false,true,true,false,false,false,true,true,false,true,true,false,true,true,synthetic_case_policy_assumption
comp-policy-comparison-v1.0.0,intelligent_generosity,Intelligent generosity,context_aware_policy_engine,true,case_00257,new_guest,maintenance_issue,4,0.83,true,0.622,false,false,1.0,0.95,65.06,4,recommendation,spa_wellness_credit,Surya Spa or Recovery Suite credit,330,99,182,248,0.45,3,5,true,false,true,true,false,false,false,true,true,false,true,true,false,true,true,synthetic_case_policy_assumption
comp-policy-comparison-v1.0.0,synthetic_discretionary_baseline,Synthetic discretionary baseline,replay_synthetic_history,false,case_00258,vip_guest,f_and_b_service_lapse,2,0.7,true,0.783,false,false,1.0,0.95,47.4,3,reference_action,room_upgrade,room upgrade,395,99,99,99,0.16,3,5,true,false,false,false,false,false,false,false,true,false,false,false,false,true,true,synthetic_case_policy_assumption
comp-policy-comparison-v1.0.0,tiered_standardization,Tiered standardization,highest_issue_fit,true,case_00258,vip_guest,f_and_b_service_lapse,2,0.7,true,0.783,false,false,1.0,0.95,47.4,3,recommendation,rooftop_f_and_b_credit,Calabra or Palma dining credit,150,38,60,90,0.88,2,5,true,true,true,false,false,false,false,false,true,false,false,true,false,true,true,synthetic_case_policy_assumption
comp-policy-comparison-v1.0.0,cost_guardrail,Guardrailed recovery,lowest_cost_adequate,true,case_00258,vip_guest,f_and_b_service_lapse,2,0.7,true,0.783,false,false,1.0,0.95,47.4,3,recommendation,rooftop_f_and_b_credit,Calabra or Palma dining credit,150,38,60,90,0.88,2,5,true,true,true,false,false,false,false,false,true,false,false,true,false,true,true,synthetic_case_policy_assumption
comp-policy-comparison-v1.0.0,recovery_first,Recovery first,highest_perceived_recovery,true,case_00258,vip_guest,f_and_b_service_lapse,2,0.7,true,0.783,false,false,1.0,0.95,47.4,3,recommendation,rooftop_f_and_b_credit,Calabra or Palma dining credit,150,38,60,90,0.88,2,5,true,true,true,false,false,false,false,false,true,false,false,true,false,true,true,synthetic_case_policy_assumption
comp-policy-comparison-v1.0.0,intelligent_generosity,Intelligent generosity,context_aware_policy_engine,true,case_00258,vip_guest,f_and_b_service_lapse,2,0.7,true,0.783,false,false,1.0,0.95,47.4,3,recommendation,rooftop_f_and_b_credit,Calabra or Palma dining credit,150,38,60,90,0.88,2,5,true,true,true,false,false,false,false,false,true,false,false,true,false,true,true,synthetic_case_policy_assumption
comp-policy-comparison-v1.0.0,synthetic_discretionary_baseline,Synthetic discretionary baseline,replay_synthetic_history,false,case_00259,new_guest,f_and_b_service_lapse,2,0.7,false,0.666,false,false,1.0,0.95,46.14,3,reference_action,late_checkout,late checkout,70,14,14,14,0.5,2,4,true,false,false,false,false,true,false,false,true,false,false,false,false,true,true,synthetic_case_policy_assumption
comp-policy-comparison-v1.0.0,tiered_standardization,Tiered standardization,highest_issue_fit,true,case_00259,new_guest,f_and_b_service_lapse,2,0.7,false,0.666,false,false,1.0,0.95,46.14,3,recommendation,rooftop_f_and_b_credit,Calabra or Palma dining credit,150,38,60,90,0.88,2,5,true,true,true,false,false,false,false,false,true,false,false,true,false,true,true,synthetic_case_policy_assumption
comp-policy-comparison-v1.0.0,cost_guardrail,Guardrailed recovery,lowest_cost_adequate,true,case_00259,new_guest,f_and_b_service_lapse,2,0.7,false,0.666,false,false,1.0,0.95,46.14,3,recommendation,rooftop_f_and_b_credit,Calabra or Palma dining credit,150,38,60,90,0.88,2,5,true,true,true,false,false,false,false,false,true,false,false,true,false,true,true,synthetic_case_policy_assumption
comp-policy-comparison-v1.0.0,recovery_first,Recovery first,highest_perceived_recovery,true,case_00259,new_guest,f_and_b_service_lapse,2,0.7,false,0.666,false,false,1.0,0.95,46.14,3,recommendation,rooftop_f_and_b_credit,Calabra or Palma dining credit,150,38,60,90,0.88,2,5,true,true,true,false,false,false,false,false,true,false,false,true,false,true,true,synthetic_case_policy_assumption
comp-policy-comparison-v1.0.0,intelligent_generosity,Intelligent generosity,context_aware_policy_engine,true,case_00259,new_guest,f_and_b_service_lapse,2,0.7,false,0.666,false,false,1.0,0.95,46.14,3,recommendation,rooftop_f_and_b_credit,Calabra or Palma dining credit,150,38,60,90,0.88,2,5,true,true,true,false,false,false,false,false,true,false,false,true,false,true,true,synthetic_case_policy_assumption
comp-policy-comparison-v1.0.0,synthetic_discretionary_baseline,Synthetic discretionary baseline,replay_synthetic_history,false,case_00260,returning_guest,rooftop_pool_access_issue,1,0.64,true,0.325,false,false,1.0,0.95,36.11,2,reference_unknown,no_matched_comp_record,No matched synthetic comp record,0,0,0,0,0.0,0,0,false,false,false,false,false,false,false,false,false,false,false,false,false,true,true,synthetic_case_policy_assumption
comp-policy-comparison-v1.0.0,tiered_standardization,Tiered standardization,highest_issue_fit,true,case_00260,returning_guest,rooftop_pool_access_issue,1,0.64,true,0.325,false,false,1.0,0.95,36.11,2,recommendation,rooftop_f_and_b_credit,Calabra or Palma dining credit,135,34,54,81,0.86,2,5,true,true,true,false,false,false,false,false,true,false,false,true,false,true,true,synthetic_case_policy_assumption
comp-policy-comparison-v1.0.0,cost_guardrail,Guardrailed recovery,lowest_cost_adequate,true,case_00260,returning_guest,rooftop_pool_access_issue,1,0.64,true,0.325,false,false,1.0,0.95,36.11,2,recommendation,rooftop_f_and_b_credit,Calabra or Palma dining credit,135,34,54,81,0.86,2,5,true,true,true,false,false,false,false,false,true,false,false,true,false,true,true,synthetic_case_policy_assumption
comp-policy-comparison-v1.0.0,recovery_first,Recovery first,highest_perceived_recovery,true,case_00260,returning_guest,rooftop_pool_access_issue,1,0.64,true,0.325,false,false,1.0,0.95,36.11,2,recommendation,rooftop_f_and_b_credit,Calabra or Palma dining credit,135,34,54,81,0.86,2,5,true,true,true,false,false,false,false,false,true,false,false,true,false,true,true,synthetic_case_policy_assumption
comp-policy-comparison-v1.0.0,intelligent_generosity,Intelligent generosity,context_aware_policy_engine,true,case_00260,returning_guest,rooftop_pool_access_issue,1,0.64,true,0.325,false,false,1.0,0.95,36.11,2,recommendation,rooftop_f_and_b_credit,Calabra or Palma dining credit,135,34,54,81,0.86,2,5,true,true,true,false,false,false,false,false,true,false,false,true,false,true,true,synthetic_case_policy_assumption
comp-policy-comparison-v1.0.0,synthetic_discretionary_baseline,Synthetic discretionary baseline,replay_synthetic_history,false,case_00261,new_guest,f_and_b_service_lapse,2,0.7,true,0.786,true,false,0.78,0.95,44.9,3,reference_unknown,no_matched_comp_record,No matched synthetic comp record,0,0,0,0,0.0,0,0,false,false,false,false,false,false,false,false,false,false,false,false,false,true,true,synthetic_case_policy_assumption
comp-policy-comparison-v1.0.0,tiered_standardization,Tiered standardization,highest_issue_fit,true,case_00261,new_guest,f_and_b_service_lapse,2,0.7,true,0.786,true,false,0.78,0.95,44.9,3,recommendation,rooftop_f_and_b_credit,Calabra or Palma dining credit,150,38,60,90,0.88,2,5,true,true,true,false,false,false,false,false,true,false,false,true,false,true,true,synthetic_case_policy_assumption
comp-policy-comparison-v1.0.0,cost_guardrail,Guardrailed recovery,lowest_cost_adequate,true,case_00261,new_guest,f_and_b_service_lapse,2,0.7,true,0.786,true,false,0.78,0.95,44.9,3,recommendation,rooftop_f_and_b_credit,Calabra or Palma dining credit,150,38,60,90,0.88,2,5,true,true,true,false,false,false,false,false,true,false,false,true,false,true,true,synthetic_case_policy_assumption
comp-policy-comparison-v1.0.0,recovery_first,Recovery first,highest_perceived_recovery,true,case_00261,new_guest,f_and_b_service_lapse,2,0.7,true,0.786,true,false,0.78,0.95,44.9,3,recommendation,rooftop_f_and_b_credit,Calabra or Palma dining credit,150,38,60,90,0.88,2,5,true,true,true,false,false,false,false,false,true,false,false,true,false,true,true,synthetic_case_policy_assumption
comp-policy-comparison-v1.0.0,intelligent_generosity,Intelligent generosity,context_aware_policy_engine,true,case_00261,new_guest,f_and_b_service_lapse,2,0.7,true,0.786,true,false,0.78,0.95,44.9,3,recommendation,rooftop_f_and_b_credit,Calabra or Palma dining credit,150,38,60,90,0.88,2,5,true,true,true,false,false,false,false,false,true,false,false,true,false,true,true,synthetic_case_policy_assumption
comp-policy-comparison-v1.0.0,synthetic_discretionary_baseline,Synthetic discretionary baseline,replay_synthetic_history,false,case_00262,vip_guest,valet_or_parking_delay,2,0.62,true,0.585,false,false,1.0,0.95,47.05,3,reference_action,parking_fee_waiver,parking or destination-fee waiver,115,21,21,21,0.9,2,4,true,true,true,false,false,false,false,false,true,false,false,false,false,true,true,synthetic_case_policy_assumption
comp-policy-comparison-v1.0.0,tiered_standardization,Tiered standardization,highest_issue_fit,true,case_00262,vip_guest,valet_or_parking_delay,2,0.62,true,0.585,false,false,1.0,0.95,47.05,3,recommendation,parking_fee_waiver,parking or destination-fee waiver,85,7,15,30,0.9,2,4,true,true,true,false,false,false,false,false,true,false,false,true,false,true,true,synthetic_case_policy_assumption
comp-policy-comparison-v1.0.0,cost_guardrail,Guardrailed recovery,lowest_cost_adequate,true,case_00262,vip_guest,valet_or_parking_delay,2,0.62,true,0.585,false,false,1.0,0.95,47.05,3,recommendation,parking_fee_waiver,parking or destination-fee waiver,85,7,15,30,0.9,2,4,true,true,true,false,false,false,false,false,true,false,false,true,false,true,true,synthetic_case_policy_assumption
comp-policy-comparison-v1.0.0,recovery_first,Recovery first,highest_perceived_recovery,true,case_00262,vip_guest,valet_or_parking_delay,2,0.62,true,0.585,false,false,1.0,0.95,47.05,3,recommendation,spa_wellness_credit,Surya Spa or Recovery Suite credit,275,82,151,206,0.25,3,5,true,false,true,false,false,false,false,true,true,false,true,true,false,true,true,synthetic_case_policy_assumption
comp-policy-comparison-v1.0.0,intelligent_generosity,Intelligent generosity,context_aware_policy_engine,true,case_00262,vip_guest,valet_or_parking_delay,2,0.62,true,0.585,false,false,1.0,0.95,47.05,3,recommendation,parking_fee_waiver,parking or destination-fee waiver,85,7,15,30,0.9,2,4,true,true,true,false,false,false,false,false,true,false,false,true,false,true,true,synthetic_case_policy_assumption
comp-policy-comparison-v1.0.0,synthetic_discretionary_baseline,Synthetic discretionary baseline,replay_synthetic_history,false,case_00263,returning_guest,noise_disruption,2,0.48,true,0.32,false,false,1.0,0.95,44.38,3,reference_unknown,no_matched_comp_record,No matched synthetic comp record,0,0,0,0,0.0,0,0,false,false,false,false,false,false,false,false,false,false,false,false,false,true,true,synthetic_case_policy_assumption
comp-policy-comparison-v1.0.0,tiered_standardization,Tiered standardization,highest_issue_fit,true,case_00263,returning_guest,noise_disruption,2,0.48,true,0.32,false,false,1.0,0.95,44.38,3,recommendation,late_checkout,late checkout,85,7,17,38,0.82,2,4,true,true,true,false,false,false,false,false,true,false,false,true,false,true,true,synthetic_case_policy_assumption
comp-policy-comparison-v1.0.0,cost_guardrail,Guardrailed recovery,lowest_cost_adequate,true,case_00263,returning_guest,noise_disruption,2,0.48,true,0.32,false,false,1.0,0.95,44.38,3,recommendation,late_checkout,late checkout,85,7,17,38,0.82,2,4,true,true,true,false,false,false,false,false,true,false,false,true,false,true,true,synthetic_case_policy_assumption
comp-policy-comparison-v1.0.0,recovery_first,Recovery first,highest_perceived_recovery,true,case_00263,returning_guest,noise_disruption,2,0.48,true,0.32,false,false,1.0,0.95,44.38,3,recommendation,spa_wellness_credit,Surya Spa or Recovery Suite credit,275,82,151,206,0.62,3,5,true,true,true,false,false,false,false,true,true,false,true,true,false,true,true,synthetic_case_policy_assumption
comp-policy-comparison-v1.0.0,intelligent_generosity,Intelligent generosity,context_aware_policy_engine,true,case_00263,returning_guest,noise_disruption,2,0.48,true,0.32,false,false,1.0,0.95,44.38,3,recommendation,spa_wellness_credit,Surya Spa or Recovery Suite credit,275,82,151,206,0.62,3,5,true,true,true,false,false,false,false,true,true,false,true,true,false,true,true,synthetic_case_policy_assumption
comp-policy-comparison-v1.0.0,synthetic_discretionary_baseline,Synthetic discretionary baseline,replay_synthetic_history,false,case_00264,new_guest,room_readiness_delay,4,0.93,true,0.99,false,false,1.0,0.95,68.74,4,reference_action,spa_wellness_credit,Surya Spa or Recovery Suite credit,305,168,168,168,0.25,3,5,true,false,false,true,true,false,false,false,true,false,false,false,false,true,true,synthetic_case_policy_assumption
comp-policy-comparison-v1.0.0,tiered_standardization,Tiered standardization,highest_issue_fit,true,case_00264,new_guest,room_readiness_delay,4,0.93,true,0.99,false,false,1.0,0.95,68.74,4,recommendation,late_checkout,late checkout,100,8,20,45,0.9,2,4,true,true,true,true,false,false,true,false,true,false,true,true,false,true,true,synthetic_case_policy_assumption
comp-policy-comparison-v1.0.0,cost_guardrail,Guardrailed recovery,lowest_cost_adequate,true,case_00264,new_guest,room_readiness_delay,4,0.93,true,0.99,false,false,1.0,0.95,68.74,4,recommendation,late_checkout,late checkout,100,8,20,45,0.9,2,4,true,true,true,true,false,false,true,false,true,false,true,true,false,true,true,synthetic_case_policy_assumption
comp-policy-comparison-v1.0.0,recovery_first,Recovery first,highest_perceived_recovery,true,case_00264,new_guest,room_readiness_delay,4,0.93,true,0.99,false,false,1.0,0.95,68.74,4,recommendation,room_upgrade,room upgrade,360,29,90,234,0.48,3,5,true,false,true,true,false,false,true,true,true,false,true,true,false,true,true,synthetic_case_policy_assumption
comp-policy-comparison-v1.0.0,intelligent_generosity,Intelligent generosity,context_aware_policy_engine,true,case_00264,new_guest,room_readiness_delay,4,0.93,true,0.99,false,false,1.0,0.95,68.74,4,recommendation,rooftop_f_and_b_credit,Calabra or Palma dining credit,180,45,72,108,0.72,2,5,true,true,true,true,false,false,false,true,true,false,true,true,false,true,true,synthetic_case_policy_assumption
comp-policy-comparison-v1.0.0,synthetic_discretionary_baseline,Synthetic discretionary baseline,replay_synthetic_history,false,case_00265,vip_guest,billing_or_fee_dispute,4,0.6,false,0.456,false,false,1.0,0.95,64.71,4,reference_action,spa_wellness_credit,Surya Spa or Recovery Suite credit,230,127,127,127,0.25,3,5,true,false,false,true,true,false,false,false,true,false,false,false,false,true,true,synthetic_case_policy_assumption
comp-policy-comparison-v1.0.0,tiered_standardization,Tiered standardization,highest_issue_fit,true,case_00265,vip_guest,billing_or_fee_dispute,4,0.6,false,0.456,false,false,1.0,0.95,64.71,4,recommendation,future_stay_credit,future-stay credit,300,90,180,255,0.78,4,5,true,true,true,true,false,false,false,false,false,false,false,true,false,true,true,synthetic_case_policy_assumption
comp-policy-comparison-v1.0.0,cost_guardrail,Guardrailed recovery,lowest_cost_adequate,true,case_00265,vip_guest,billing_or_fee_dispute,4,0.6,false,0.456,false,false,1.0,0.95,64.71,4,recommendation,future_stay_credit,future-stay credit,300,90,180,255,0.78,4,5,true,true,true,true,false,false,false,false,false,false,false,true,false,true,true,synthetic_case_policy_assumption
comp-policy-comparison-v1.0.0,recovery_first,Recovery first,highest_perceived_recovery,true,case_00265,vip_guest,billing_or_fee_dispute,4,0.6,false,0.456,false,false,1.0,0.95,64.71,4,recommendation,future_stay_credit,future-stay credit,300,90,180,255,0.78,4,5,true,true,true,true,false,false,false,false,false,false,false,true,false,true,true,synthetic_case_policy_assumption
comp-policy-comparison-v1.0.0,intelligent_generosity,Intelligent generosity,context_aware_policy_engine,true,case_00265,vip_guest,billing_or_fee_dispute,4,0.6,false,0.456,false,false,1.0,0.95,64.71,4,recommendation,future_stay_credit,future-stay credit,300,90,180,255,0.78,4,5,true,true,true,true,false,false,false,false,false,false,false,true,false,true,true,synthetic_case_policy_assumption
comp-policy-comparison-v1.0.0,synthetic_discretionary_baseline,Synthetic discretionary baseline,replay_synthetic_history,false,case_00266,new_guest,valet_or_parking_delay,1,0.62,true,0.347,false,false,1.0,0.95,31.13,2,reference_action,late_checkout,late checkout,85,17,17,17,0.5,2,4,true,false,false,false,false,false,false,false,true,false,false,false,false,true,true,synthetic_case_policy_assumption
comp-policy-comparison-v1.0.0,tiered_standardization,Tiered standardization,highest_issue_fit,true,case_00266,new_guest,valet_or_parking_delay,1,0.62,true,0.347,false,false,1.0,0.95,31.13,2,recommendation,parking_fee_waiver,parking or destination-fee waiver,75,6,14,26,0.9,2,4,true,true,true,false,false,false,false,false,true,false,false,true,false,true,true,synthetic_case_policy_assumption
comp-policy-comparison-v1.0.0,cost_guardrail,Guardrailed recovery,lowest_cost_adequate,true,case_00266,new_guest,valet_or_parking_delay,1,0.62,true,0.347,false,false,1.0,0.95,31.13,2,recommendation,parking_fee_waiver,parking or destination-fee waiver,75,6,14,26,0.9,2,4,true,true,true,false,false,false,false,false,true,false,false,true,false,true,true,synthetic_case_policy_assumption
comp-policy-comparison-v1.0.0,recovery_first,Recovery first,highest_perceived_recovery,true,case_00266,new_guest,valet_or_parking_delay,1,0.62,true,0.347,false,false,1.0,0.95,31.13,2,recommendation,parking_fee_waiver,parking or destination-fee waiver,75,6,14,26,0.9,2,4,true,true,true,false,false,false,false,false,true,false,false,true,false,true,true,synthetic_case_policy_assumption
comp-policy-comparison-v1.0.0,intelligent_generosity,Intelligent generosity,context_aware_policy_engine,true,case_00266,new_guest,valet_or_parking_delay,1,0.62,true,0.347,false,false,1.0,0.95,31.13,2,recommendation,parking_fee_waiver,parking or destination-fee waiver,75,6,14,26,0.9,2,4,true,true,true,false,false,false,false,false,true,false,false,true,false,true,true,synthetic_case_policy_assumption
comp-policy-comparison-v1.0.0,synthetic_discretionary_baseline,Synthetic discretionary baseline,replay_synthetic_history,false,case_00267,new_guest,billing_or_fee_dispute,4,0.6,false,0.593,false,false,1.0,0.95,63.8,4,reference_unknown,no_matched_comp_record,No matched synthetic comp record,0,0,0,0,0.0,0,0,false,false,false,true,false,false,false,false,false,false,false,false,false,true,true,synthetic_case_policy_assumption
comp-policy-comparison-v1.0.0,tiered_standardization,Tiered standardization,highest_issue_fit,true,case_00267,new_guest,billing_or_fee_dispute,4,0.6,false,0.593,false,false,1.0,0.95,63.8,4,recommendation,manager_note,manager note and personal follow-up,0,0,0,0,0.72,1,3,true,false,true,true,false,false,false,true,false,false,true,true,false,true,true,synthetic_case_policy_assumption
comp-policy-comparison-v1.0.0,cost_guardrail,Guardrailed recovery,lowest_cost_adequate,true,case_00267,new_guest,billing_or_fee_dispute,4,0.6,false,0.593,false,false,1.0,0.95,63.8,4,recommendation,parking_fee_waiver,parking or destination-fee waiver,100,8,18,35,0.66,2,4,true,true,true,true,false,false,false,true,true,false,true,true,false,true,true,synthetic_case_policy_assumption
comp-policy-comparison-v1.0.0,recovery_first,Recovery first,highest_perceived_recovery,true,case_00267,new_guest,billing_or_fee_dispute,4,0.6,false,0.593,false,false,1.0,0.95,63.8,4,recommendation,future_stay_credit,future-stay credit,275,82,165,234,0.56,4,5,true,false,true,true,false,false,false,true,false,false,true,true,false,true,true,synthetic_case_policy_assumption
comp-policy-comparison-v1.0.0,intelligent_generosity,Intelligent generosity,context_aware_policy_engine,true,case_00267,new_guest,billing_or_fee_dispute,4,0.6,false,0.593,false,false,1.0,0.95,63.8,4,recommendation,future_stay_credit,future-stay credit,275,82,165,234,0.56,4,5,true,false,true,true,false,false,false,true,false,false,true,true,false,true,true,synthetic_case_policy_assumption
comp-policy-comparison-v1.0.0,synthetic_discretionary_baseline,Synthetic discretionary baseline,replay_synthetic_history,false,case_00268,returning_guest,spa_wellness_service_issue,3,0.74,true,0.688,true,false,1.0,0.95,57.02,3,reference_action,lobby_lounge_credit,Palma lounge credit,100,38,38,38,0.52,2,4,true,false,false,false,false,false,false,false,true,false,false,false,false,true,true,synthetic_case_policy_assumption
comp-policy-comparison-v1.0.0,tiered_standardization,Tiered standardization,highest_issue_fit,true,case_00268,returning_guest,spa_wellness_service_issue,3,0.74,true,0.688,true,false,1.0,0.95,57.02,3,recommendation,spa_wellness_credit,Surya Spa or Recovery Suite credit,275,82,151,206,0.9,3,5,true,true,true,false,false,false,false,false,true,false,false,true,false,true,true,synthetic_case_policy_assumption
comp-policy-comparison-v1.0.0,cost_guardrail,Guardrailed recovery,lowest_cost_adequate,true,case_00268,returning_guest,spa_wellness_service_issue,3,0.74,true,0.688,true,false,1.0,0.95,57.02,3,recommendation,spa_wellness_credit,Surya Spa or Recovery Suite credit,275,82,151,206,0.9,3,5,true,true,true,false,false,false,false,false,true,false,false,true,false,true,true,synthetic_case_policy_assumption
comp-policy-comparison-v1.0.0,recovery_first,Recovery first,highest_perceived_recovery,true,case_00268,returning_guest,spa_wellness_service_issue,3,0.74,true,0.688,true,false,1.0,0.95,57.02,3,recommendation,spa_wellness_credit,Surya Spa or Recovery Suite credit,275,82,151,206,0.9,3,5,true,true,true,false,false,false,false,false,true,false,false,true,false,true,true,synthetic_case_policy_assumption
comp-policy-comparison-v1.0.0,intelligent_generosity,Intelligent generosity,context_aware_policy_engine,true,case_00268,returning_guest,spa_wellness_service_issue,3,0.74,true,0.688,true,false,1.0,0.95,57.02,3,recommendation,spa_wellness_credit,Surya Spa or Recovery Suite credit,275,82,151,206,0.9,3,5,true,true,true,false,false,false,false,false,true,false,false,true,false,true,true,synthetic_case_policy_assumption
comp-policy-comparison-v1.0.0,synthetic_discretionary_baseline,Synthetic discretionary baseline,replay_synthetic_history,false,case_00269,returning_guest,noise_disruption,2,0.48,false,0.945,false,false,1.0,0.95,43.47,3,reference_action,room_upgrade,room upgrade,260,65,65,65,0.16,3,5,true,false,false,false,false,true,true,false,true,false,false,false,false,true,true,synthetic_case_policy_assumption
comp-policy-comparison-v1.0.0,tiered_standardization,Tiered standardization,highest_issue_fit,true,case_00269,returning_guest,noise_disruption,2,0.48,false,0.945,false,false,1.0,0.95,43.47,3,recommendation,amenity_gesture,in-room amenity gesture,55,14,25,36,0.78,1,3,true,true,true,false,false,false,false,false,true,false,false,true,false,true,true,synthetic_case_policy_assumption
comp-policy-comparison-v1.0.0,cost_guardrail,Guardrailed recovery,lowest_cost_adequate,true,case_00269,returning_guest,noise_disruption,2,0.48,false,0.945,false,false,1.0,0.95,43.47,3,recommendation,amenity_gesture,in-room amenity gesture,55,14,25,36,0.78,1,3,true,true,true,false,false,false,false,false,true,false,false,true,false,true,true,synthetic_case_policy_assumption
comp-policy-comparison-v1.0.0,recovery_first,Recovery first,highest_perceived_recovery,true,case_00269,returning_guest,noise_disruption,2,0.48,false,0.945,false,false,1.0,0.95,43.47,3,recommendation,spa_wellness_credit,Surya Spa or Recovery Suite credit,275,82,151,206,0.62,3,5,true,true,true,false,false,false,false,true,true,false,true,true,false,true,true,synthetic_case_policy_assumption
comp-policy-comparison-v1.0.0,intelligent_generosity,Intelligent generosity,context_aware_policy_engine,true,case_00269,returning_guest,noise_disruption,2,0.48,false,0.945,false,false,1.0,0.95,43.47,3,recommendation,spa_wellness_credit,Surya Spa or Recovery Suite credit,275,82,151,206,0.62,3,5,true,true,true,false,false,false,false,true,true,false,true,true,false,true,true,synthetic_case_policy_assumption
comp-policy-comparison-v1.0.0,synthetic_discretionary_baseline,Synthetic discretionary baseline,replay_synthetic_history,false,case_00270,loyalty_guest,maintenance_issue,3,0.78,true,0.688,true,false,1.0,0.95,59.13,4,reference_unknown,no_matched_comp_record,No matched synthetic comp record,0,0,0,0,0.0,0,0,false,false,false,true,false,false,false,false,false,false,false,false,false,true,true,synthetic_case_policy_assumption
comp-policy-comparison-v1.0.0,tiered_standardization,Tiered standardization,highest_issue_fit,true,case_00270,loyalty_guest,maintenance_issue,3,0.78,true,0.688,true,false,1.0,0.95,59.13,4,recommendation,partial_room_refund,partial room refund,200,200,200,200,0.8,4,5,true,true,true,true,false,false,false,false,false,true,false,true,false,true,true,synthetic_case_policy_assumption
comp-policy-comparison-v1.0.0,cost_guardrail,Guardrailed recovery,lowest_cost_adequate,true,case_00270,loyalty_guest,maintenance_issue,3,0.78,true,0.688,true,false,1.0,0.95,59.13,4,recommendation,partial_room_refund,partial room refund,200,200,200,200,0.8,4,5,true,true,true,true,false,false,false,false,false,true,false,true,false,true,true,synthetic_case_policy_assumption
comp-policy-comparison-v1.0.0,recovery_first,Recovery first,highest_perceived_recovery,true,case_00270,loyalty_guest,maintenance_issue,3,0.78,true,0.688,true,false,1.0,0.95,59.13,4,recommendation,spa_wellness_credit,Surya Spa or Recovery Suite credit,330,99,182,248,0.45,3,5,true,false,true,true,false,false,false,true,true,false,true,true,false,true,true,synthetic_case_policy_assumption
comp-policy-comparison-v1.0.0,intelligent_generosity,Intelligent generosity,context_aware_policy_engine,true,case_00270,loyalty_guest,maintenance_issue,3,0.78,true,0.688,true,false,1.0,0.95,59.13,4,recommendation,spa_wellness_credit,Surya Spa or Recovery Suite credit,330,99,182,248,0.45,3,5,true,false,true,true,false,false,false,true,true,false,true,true,false,true,true,synthetic_case_policy_assumption
comp-policy-comparison-v1.0.0,synthetic_discretionary_baseline,Synthetic discretionary baseline,replay_synthetic_history,false,case_00271,new_guest,housekeeping_miss,4,0.95,true,0.328,false,false,1.0,0.95,66.07,4,reference_action,rooftop_f_and_b_credit,Calabra or Palma dining credit,200,80,80,80,0.45,2,5,true,false,false,true,true,false,false,false,true,false,false,false,false,true,true,synthetic_case_policy_assumption
comp-policy-comparison-v1.0.0,tiered_standardization,Tiered standardization,highest_issue_fit,true,case_00271,new_guest,housekeeping_miss,4,0.95,true,0.328,false,false,1.0,0.95,66.07,4,recommendation,amenity_gesture,in-room amenity gesture,65,16,29,42,0.8,1,3,true,false,false,true,true,false,false,false,true,false,false,true,false,true,true,synthetic_case_policy_assumption
comp-policy-comparison-v1.0.0,cost_guardrail,Guardrailed recovery,lowest_cost_adequate,true,case_00271,new_guest,housekeeping_miss,4,0.95,true,0.328,false,false,1.0,0.95,66.07,4,recommendation,partial_room_refund,partial room refund,155,155,155,155,0.78,4,5,true,true,true,true,false,false,false,false,false,true,false,true,false,true,true,synthetic_case_policy_assumption
comp-policy-comparison-v1.0.0,recovery_first,Recovery first,highest_perceived_recovery,true,case_00271,new_guest,housekeeping_miss,4,0.95,true,0.328,false,false,1.0,0.95,66.07,4,recommendation,future_stay_credit,future-stay credit,205,62,123,174,0.56,4,5,true,false,true,true,false,false,false,true,false,false,true,true,false,true,true,synthetic_case_policy_assumption
comp-policy-comparison-v1.0.0,intelligent_generosity,Intelligent generosity,context_aware_policy_engine,true,case_00271,new_guest,housekeeping_miss,4,0.95,true,0.328,false,false,1.0,0.95,66.07,4,recommendation,rooftop_f_and_b_credit,Calabra or Palma dining credit,180,45,72,108,0.45,2,5,true,false,true,true,false,false,false,true,true,false,true,true,false,true,true,synthetic_case_policy_assumption
comp-policy-comparison-v1.0.0,synthetic_discretionary_baseline,Synthetic discretionary baseline,replay_synthetic_history,false,case_00272,vip_guest,f_and_b_service_lapse,2,0.7,true,0.777,true,true,1.0,0.95,45.38,3,reference_unknown,no_matched_comp_record,No matched synthetic comp record,0,0,0,0,0.0,0,0,false,false,false,false,false,false,false,false,false,false,false,false,false,true,true,synthetic_case_policy_assumption
comp-policy-comparison-v1.0.0,tiered_standardization,Tiered standardization,highest_issue_fit,true,case_00272,vip_guest,f_and_b_service_lapse,2,0.7,true,0.777,true,true,1.0,0.95,45.38,3,recommendation,rooftop_f_and_b_credit,Calabra or Palma dining credit,150,38,60,90,0.88,2,5,true,true,true,false,false,false,false,false,true,false,false,true,false,true,true,synthetic_case_policy_assumption
comp-policy-comparison-v1.0.0,cost_guardrail,Guardrailed recovery,lowest_cost_adequate,true,case_00272,vip_guest,f_and_b_service_lapse,2,0.7,true,0.777,true,true,1.0,0.95,45.38,3,recommendation,rooftop_f_and_b_credit,Calabra or Palma dining credit,150,38,60,90,0.88,2,5,true,true,true,false,false,false,false,false,true,false,false,true,false,true,true,synthetic_case_policy_assumption
comp-policy-comparison-v1.0.0,recovery_first,Recovery first,highest_perceived_recovery,true,case_00272,vip_guest,f_and_b_service_lapse,2,0.7,true,0.777,true,true,1.0,0.95,45.38,3,recommendation,rooftop_f_and_b_credit,Calabra or Palma dining credit,150,38,60,90,0.88,2,5,true,true,true,false,false,false,false,false,true,false,false,true,false,true,true,synthetic_case_policy_assumption
comp-policy-comparison-v1.0.0,intelligent_generosity,Intelligent generosity,context_aware_policy_engine,true,case_00272,vip_guest,f_and_b_service_lapse,2,0.7,true,0.777,true,true,1.0,0.95,45.38,3,recommendation,rooftop_f_and_b_credit,Calabra or Palma dining credit,150,38,60,90,0.88,2,5,true,true,true,false,false,false,false,false,true,false,false,true,false,true,true,synthetic_case_policy_assumption
comp-policy-comparison-v1.0.0,synthetic_discretionary_baseline,Synthetic discretionary baseline,replay_synthetic_history,false,case_00273,new_guest,housekeeping_miss,5,0.95,false,0.325,false,false,1.0,0.95,78.46,5,reference_unknown,no_matched_comp_record,No matched synthetic comp record,0,0,0,0,0.0,0,0,false,false,false,true,false,false,false,false,false,false,false,false,false,true,false,synthetic_case_policy_assumption
comp-policy-comparison-v1.0.0,tiered_standardization,Tiered standardization,highest_issue_fit,true,case_00273,new_guest,housekeeping_miss,5,0.95,false,0.325,false,false,1.0,0.95,78.46,5,recommendation,amenity_gesture,in-room amenity gesture,80,20,36,52,0.8,1,3,true,false,true,true,false,false,false,false,true,false,true,true,false,true,true,synthetic_case_policy_assumption
comp-policy-comparison-v1.0.0,cost_guardrail,Guardrailed recovery,lowest_cost_adequate,true,case_00273,new_guest,housekeeping_miss,5,0.95,false,0.325,false,false,1.0,0.95,78.46,5,recommendation,partial_room_refund,partial room refund,190,190,190,190,0.78,4,5,true,true,true,true,false,false,false,false,false,true,true,true,false,true,true,synthetic_case_policy_assumption
comp-policy-comparison-v1.0.0,recovery_first,Recovery first,highest_perceived_recovery,true,case_00273,new_guest,housekeeping_miss,5,0.95,false,0.325,false,false,1.0,0.95,78.46,5,recommendation,partial_room_refund,partial room refund,190,190,190,190,0.78,4,5,true,true,true,true,false,false,false,false,false,true,true,true,false,true,true,synthetic_case_policy_assumption
comp-policy-comparison-v1.0.0,intelligent_generosity,Intelligent generosity,context_aware_policy_engine,true,case_00273,new_guest,housekeeping_miss,5,0.95,false,0.325,false,false,1.0,0.95,78.46,5,recommendation,partial_room_refund,partial room refund,190,190,190,190,0.78,4,5,true,true,true,true,false,false,false,false,false,true,true,true,false,true,true,synthetic_case_policy_assumption
comp-policy-comparison-v1.0.0,synthetic_discretionary_baseline,Synthetic discretionary baseline,replay_synthetic_history,false,case_00274,returning_guest,f_and_b_service_lapse,1,0.7,false,0.622,false,false,1.0,0.95,43.01,3,reference_action,parking_fee_waiver,parking or destination-fee waiver,105,19,19,19,0.45,2,4,true,false,false,false,false,false,false,false,true,false,false,false,false,true,true,synthetic_case_policy_assumption
comp-policy-comparison-v1.0.0,tiered_standardization,Tiered standardization,highest_issue_fit,true,case_00274,returning_guest,f_and_b_service_lapse,1,0.7,false,0.622,false,false,1.0,0.95,43.01,3,recommendation,rooftop_f_and_b_credit,Calabra or Palma dining credit,150,38,60,90,0.88,2,5,true,true,true,false,false,false,false,false,true,false,false,true,false,true,true,synthetic_case_policy_assumption
comp-policy-comparison-v1.0.0,cost_guardrail,Guardrailed recovery,lowest_cost_adequate,true,case_00274,returning_guest,f_and_b_service_lapse,1,0.7,false,0.622,false,false,1.0,0.95,43.01,3,recommendation,rooftop_f_and_b_credit,Calabra or Palma dining credit,150,38,60,90,0.88,2,5,true,true,true,false,false,false,false,false,true,false,false,true,false,true,true,synthetic_case_policy_assumption
comp-policy-comparison-v1.0.0,recovery_first,Recovery first,highest_perceived_recovery,true,case_00274,returning_guest,f_and_b_service_lapse,1,0.7,false,0.622,false,false,1.0,0.95,43.01,3,recommendation,rooftop_f_and_b_credit,Calabra or Palma dining credit,150,38,60,90,0.88,2,5,true,true,true,false,false,false,false,false,true,false,false,true,false,true,true,synthetic_case_policy_assumption
comp-policy-comparison-v1.0.0,intelligent_generosity,Intelligent generosity,context_aware_policy_engine,true,case_00274,returning_guest,f_and_b_service_lapse,1,0.7,false,0.622,false,false,1.0,0.95,43.01,3,recommendation,rooftop_f_and_b_credit,Calabra or Palma dining credit,150,38,60,90,0.88,2,5,true,true,true,false,false,false,false,false,true,false,false,true,false,true,true,synthetic_case_policy_assumption
comp-policy-comparison-v1.0.0,synthetic_discretionary_baseline,Synthetic discretionary baseline,replay_synthetic_history,false,case_00275,event_or_suite_guest,noise_disruption,2,0.48,true,0.687,false,false,0.58,0.95,43.18,3,reference_unknown,no_matched_comp_record,No matched synthetic comp record,0,0,0,0,0.0,0,0,false,false,false,false,false,false,false,false,false,false,false,false,true,false,true,synthetic_case_policy_assumption
comp-policy-comparison-v1.0.0,tiered_standardization,Tiered standardization,highest_issue_fit,true,case_00275,event_or_suite_guest,noise_disruption,2,0.48,true,0.687,false,false,0.58,0.95,43.18,3,data_quality_hold,data_quality_hold,Data-quality hold,0,0,0,0,0.0,0,0,false,false,false,false,false,false,false,false,false,false,true,true,true,true,true,synthetic_case_policy_assumption
comp-policy-comparison-v1.0.0,cost_guardrail,Guardrailed recovery,lowest_cost_adequate,true,case_00275,event_or_suite_guest,noise_disruption,2,0.48,true,0.687,false,false,0.58,0.95,43.18,3,data_quality_hold,data_quality_hold,Data-quality hold,0,0,0,0,0.0,0,0,false,false,false,false,false,false,false,false,false,false,true,true,true,true,true,synthetic_case_policy_assumption
comp-policy-comparison-v1.0.0,recovery_first,Recovery first,highest_perceived_recovery,true,case_00275,event_or_suite_guest,noise_disruption,2,0.48,true,0.687,false,false,0.58,0.95,43.18,3,data_quality_hold,data_quality_hold,Data-quality hold,0,0,0,0,0.0,0,0,false,false,false,false,false,false,false,false,false,false,true,true,true,true,true,synthetic_case_policy_assumption
comp-policy-comparison-v1.0.0,intelligent_generosity,Intelligent generosity,context_aware_policy_engine,true,case_00275,event_or_suite_guest,noise_disruption,2,0.48,true,0.687,false,false,0.58,0.95,43.18,3,data_quality_hold,data_quality_hold,Data-quality hold,0,0,0,0,0.0,0,0,false,false,false,false,false,false,false,false,false,false,true,true,true,true,true,synthetic_case_policy_assumption
comp-policy-comparison-v1.0.0,synthetic_discretionary_baseline,Synthetic discretionary baseline,replay_synthetic_history,false,case_00276,new_guest,room_assignment_expectation_gap,3,0.74,true,0.32,true,false,0.78,0.95,52.28,3,reference_unknown,no_matched_comp_record,No matched synthetic comp record,0,0,0,0,0.0,0,0,false,false,false,false,false,false,false,false,false,false,false,false,false,true,true,synthetic_case_policy_assumption
comp-policy-comparison-v1.0.0,tiered_standardization,Tiered standardization,highest_issue_fit,true,case_00276,new_guest,room_assignment_expectation_gap,3,0.74,true,0.32,true,false,0.78,0.95,52.28,3,recommendation,room_upgrade,room upgrade,300,24,75,195,0.9,3,5,true,true,true,false,false,false,true,false,true,false,true,true,false,true,true,synthetic_case_policy_assumption
comp-policy-comparison-v1.0.0,cost_guardrail,Guardrailed recovery,lowest_cost_adequate,true,case_00276,new_guest,room_assignment_expectation_gap,3,0.74,true,0.32,true,false,0.78,0.95,52.28,3,recommendation,room_upgrade,room upgrade,300,24,75,195,0.9,3,5,true,true,true,false,false,false,true,false,true,false,true,true,false,true,true,synthetic_case_policy_assumption
comp-policy-comparison-v1.0.0,recovery_first,Recovery first,highest_perceived_recovery,true,case_00276,new_guest,room_assignment_expectation_gap,3,0.74,true,0.32,true,false,0.78,0.95,52.28,3,recommendation,room_upgrade,room upgrade,300,24,75,195,0.9,3,5,true,true,true,false,false,false,true,false,true,false,true,true,false,true,true,synthetic_case_policy_assumption
comp-policy-comparison-v1.0.0,intelligent_generosity,Intelligent generosity,context_aware_policy_engine,true,case_00276,new_guest,room_assignment_expectation_gap,3,0.74,true,0.32,true,false,0.78,0.95,52.28,3,recommendation,rooftop_f_and_b_credit,Calabra or Palma dining credit,150,38,60,90,0.45,2,5,true,false,true,false,false,false,false,true,true,false,true,true,false,true,true,synthetic_case_policy_assumption
comp-policy-comparison-v1.0.0,synthetic_discretionary_baseline,Synthetic discretionary baseline,replay_synthetic_history,false,case_00277,new_guest,room_readiness_delay,4,0.93,false,0.882,true,false,1.0,0.95,70.38,4,reference_unknown,no_matched_comp_record,No matched synthetic comp record,0,0,0,0,0.0,0,0,false,false,false,true,false,false,false,false,false,false,false,false,false,true,true,synthetic_case_policy_assumption
comp-policy-comparison-v1.0.0,tiered_standardization,Tiered standardization,highest_issue_fit,true,case_00277,new_guest,room_readiness_delay,4,0.93,false,0.882,true,false,1.0,0.95,70.38,4,recommendation,partial_room_refund,partial room refund,250,250,250,250,0.82,4,5,true,true,true,true,false,false,false,false,false,true,false,true,false,true,true,synthetic_case_policy_assumption
comp-policy-comparison-v1.0.0,cost_guardrail,Guardrailed recovery,lowest_cost_adequate,true,case_00277,new_guest,room_readiness_delay,4,0.93,false,0.882,true,false,1.0,0.95,70.38,4,recommendation,lobby_lounge_credit,Palma lounge credit,120,30,46,66,0.76,2,4,true,true,true,true,false,false,false,false,true,false,false,true,false,true,true,synthetic_case_policy_assumption
comp-policy-comparison-v1.0.0,recovery_first,Recovery first,highest_perceived_recovery,true,case_00277,new_guest,room_readiness_delay,4,0.93,false,0.882,true,false,1.0,0.95,70.38,4,recommendation,future_stay_credit,future-stay credit,340,102,204,289,0.7,4,5,true,true,true,true,false,false,false,true,false,false,true,true,false,true,true,synthetic_case_policy_assumption
comp-policy-comparison-v1.0.0,intelligent_generosity,Intelligent generosity,context_aware_policy_engine,true,case_00277,new_guest,room_readiness_delay,4,0.93,false,0.882,true,false,1.0,0.95,70.38,4,recommendation,rooftop_f_and_b_credit,Calabra or Palma dining credit,180,45,72,108,0.72,2,5,true,true,true,true,false,false,false,true,true,false,true,true,false,true,true,synthetic_case_policy_assumption
comp-policy-comparison-v1.0.0,synthetic_discretionary_baseline,Synthetic discretionary baseline,replay_synthetic_history,false,case_00278,new_guest,room_readiness_delay,1,0.88,true,0.505,false,false,1.0,0.95,39.94,2,reference_unknown,no_matched_comp_record,No matched synthetic comp record,0,0,0,0,0.0,0,0,false,false,false,false,false,false,false,false,false,false,false,false,false,true,true,synthetic_case_policy_assumption
comp-policy-comparison-v1.0.0,tiered_standardization,Tiered standardization,highest_issue_fit,true,case_00278,new_guest,room_readiness_delay,1,0.88,true,0.505,false,false,1.0,0.95,39.94,2,recommendation,late_checkout,late checkout,75,6,15,34,0.9,2,4,true,true,true,false,false,false,false,false,true,false,false,true,false,true,true,synthetic_case_policy_assumption
comp-policy-comparison-v1.0.0,cost_guardrail,Guardrailed recovery,lowest_cost_adequate,true,case_00278,new_guest,room_readiness_delay,1,0.88,true,0.505,false,false,1.0,0.95,39.94,2,recommendation,late_checkout,late checkout,75,6,15,34,0.9,2,4,true,true,true,false,false,false,false,false,true,false,false,true,false,true,true,synthetic_case_policy_assumption
comp-policy-comparison-v1.0.0,recovery_first,Recovery first,highest_perceived_recovery,true,case_00278,new_guest,room_readiness_delay,1,0.88,true,0.505,false,false,1.0,0.95,39.94,2,recommendation,rooftop_f_and_b_credit,Calabra or Palma dining credit,135,34,54,81,0.72,2,5,true,true,true,false,false,false,false,true,true,false,true,true,false,true,true,synthetic_case_policy_assumption
comp-policy-comparison-v1.0.0,intelligent_generosity,Intelligent generosity,context_aware_policy_engine,true,case_00278,new_guest,room_readiness_delay,1,0.88,true,0.505,false,false,1.0,0.95,39.94,2,recommendation,late_checkout,late checkout,75,6,15,34,0.9,2,4,true,true,true,false,false,false,false,false,true,false,false,true,false,true,true,synthetic_case_policy_assumption
comp-policy-comparison-v1.0.0,synthetic_discretionary_baseline,Synthetic discretionary baseline,replay_synthetic_history,false,case_00279,new_guest,valet_or_parking_delay,2,0.62,true,0.663,false,false,1.0,0.95,43.63,3,reference_action,parking_fee_waiver,parking or destination-fee waiver,70,13,13,13,0.9,2,4,true,true,true,false,false,false,false,false,true,false,false,false,false,true,true,synthetic_case_policy_assumption
comp-policy-comparison-v1.0.0,tiered_standardization,Tiered standardization,highest_issue_fit,true,case_00279,new_guest,valet_or_parking_delay,2,0.62,true,0.663,false,false,1.0,0.95,43.63,3,recommendation,parking_fee_waiver,parking or destination-fee waiver,85,7,15,30,0.9,2,4,true,true,true,false,false,false,false,false,true,false,false,true,false,true,true,synthetic_case_policy_assumption
comp-policy-comparison-v1.0.0,cost_guardrail,Guardrailed recovery,lowest_cost_adequate,true,case_00279,new_guest,valet_or_parking_delay,2,0.62,true,0.663,false,false,1.0,0.95,43.63,3,recommendation,parking_fee_waiver,parking or destination-fee waiver,85,7,15,30,0.9,2,4,true,true,true,false,false,false,false,false,true,false,false,true,false,true,true,synthetic_case_policy_assumption
comp-policy-comparison-v1.0.0,recovery_first,Recovery first,highest_perceived_recovery,true,case_00279,new_guest,valet_or_parking_delay,2,0.62,true,0.663,false,false,1.0,0.95,43.63,3,recommendation,spa_wellness_credit,Surya Spa or Recovery Suite credit,275,82,151,206,0.25,3,5,true,false,true,false,false,false,false,true,true,false,true,true,false,true,true,synthetic_case_policy_assumption
comp-policy-comparison-v1.0.0,intelligent_generosity,Intelligent generosity,context_aware_policy_engine,true,case_00279,new_guest,valet_or_parking_delay,2,0.62,true,0.663,false,false,1.0,0.95,43.63,3,recommendation,parking_fee_waiver,parking or destination-fee waiver,85,7,15,30,0.9,2,4,true,true,true,false,false,false,false,false,true,false,false,true,false,true,true,synthetic_case_policy_assumption
comp-policy-comparison-v1.0.0,synthetic_discretionary_baseline,Synthetic discretionary baseline,replay_synthetic_history,false,case_00280,loyalty_guest,room_readiness_delay,4,0.93,true,0.562,true,false,1.0,0.95,73.41,4,reference_action,late_checkout,late checkout,70,14,14,14,0.9,2,4,true,true,true,true,false,false,true,false,true,false,false,false,false,true,true,synthetic_case_policy_assumption
comp-policy-comparison-v1.0.0,tiered_standardization,Tiered standardization,highest_issue_fit,true,case_00280,loyalty_guest,room_readiness_delay,4,0.93,true,0.562,true,false,1.0,0.95,73.41,4,recommendation,late_checkout,late checkout,100,8,20,45,0.9,2,4,true,true,true,true,false,false,true,false,true,false,true,true,false,true,true,synthetic_case_policy_assumption
comp-policy-comparison-v1.0.0,cost_guardrail,Guardrailed recovery,lowest_cost_adequate,true,case_00280,loyalty_guest,room_readiness_delay,4,0.93,true,0.562,true,false,1.0,0.95,73.41,4,recommendation,late_checkout,late checkout,100,8,20,45,0.9,2,4,true,true,true,true,false,false,true,false,true,false,true,true,false,true,true,synthetic_case_policy_assumption
comp-policy-comparison-v1.0.0,recovery_first,Recovery first,highest_perceived_recovery,true,case_00280,loyalty_guest,room_readiness_delay,4,0.93,true,0.562,true,false,1.0,0.95,73.41,4,recommendation,room_upgrade,room upgrade,360,29,90,234,0.48,3,5,true,false,true,true,false,false,true,true,true,false,true,true,false,true,true,synthetic_case_policy_assumption
comp-policy-comparison-v1.0.0,intelligent_generosity,Intelligent generosity,context_aware_policy_engine,true,case_00280,loyalty_guest,room_readiness_delay,4,0.93,true,0.562,true,false,1.0,0.95,73.41,4,recommendation,rooftop_f_and_b_credit,Calabra or Palma dining credit,180,45,72,108,0.72,2,5,true,true,true,true,false,false,false,true,true,false,true,true,false,true,true,synthetic_case_policy_assumption
comp-policy-comparison-v1.0.0,synthetic_discretionary_baseline,Synthetic discretionary baseline,replay_synthetic_history,false,case_00281,new_guest,f_and_b_service_lapse,2,0.7,true,0.562,true,false,1.0,0.95,43.43,3,reference_action,rooftop_f_and_b_credit,Calabra or Palma dining credit,155,62,62,62,0.88,2,5,true,true,true,false,false,false,false,false,true,false,false,false,false,true,true,synthetic_case_policy_assumption
comp-policy-comparison-v1.0.0,tiered_standardization,Tiered standardization,highest_issue_fit,true,case_00281,new_guest,f_and_b_service_lapse,2,0.7,true,0.562,true,false,1.0,0.95,43.43,3,recommendation,rooftop_f_and_b_credit,Calabra or Palma dining credit,150,38,60,90,0.88,2,5,true,true,true,false,false,false,false,false,true,false,false,true,false,true,true,synthetic_case_policy_assumption
comp-policy-comparison-v1.0.0,cost_guardrail,Guardrailed recovery,lowest_cost_adequate,true,case_00281,new_guest,f_and_b_service_lapse,2,0.7,true,0.562,true,false,1.0,0.95,43.43,3,recommendation,rooftop_f_and_b_credit,Calabra or Palma dining credit,150,38,60,90,0.88,2,5,true,true,true,false,false,false,false,false,true,false,false,true,false,true,true,synthetic_case_policy_assumption
comp-policy-comparison-v1.0.0,recovery_first,Recovery first,highest_perceived_recovery,true,case_00281,new_guest,f_and_b_service_lapse,2,0.7,true,0.562,true,false,1.0,0.95,43.43,3,recommendation,rooftop_f_and_b_credit,Calabra or Palma dining credit,150,38,60,90,0.88,2,5,true,true,true,false,false,false,false,false,true,false,false,true,false,true,true,synthetic_case_policy_assumption
comp-policy-comparison-v1.0.0,intelligent_generosity,Intelligent generosity,context_aware_policy_engine,true,case_00281,new_guest,f_and_b_service_lapse,2,0.7,true,0.562,true,false,1.0,0.95,43.43,3,recommendation,rooftop_f_and_b_credit,Calabra or Palma dining credit,150,38,60,90,0.88,2,5,true,true,true,false,false,false,false,false,true,false,false,true,false,true,true,synthetic_case_policy_assumption
comp-policy-comparison-v1.0.0,synthetic_discretionary_baseline,Synthetic discretionary baseline,replay_synthetic_history,false,case_00282,new_guest,housekeeping_miss,3,0.9,false,0.568,false,false,1.0,0.95,61.15,4,reference_action,spa_wellness_credit,Surya Spa or Recovery Suite credit,325,179,179,179,0.25,3,5,true,false,false,true,true,false,false,false,true,false,false,false,false,true,true,synthetic_case_policy_assumption
comp-policy-comparison-v1.0.0,tiered_standardization,Tiered standardization,highest_issue_fit,true,case_00282,new_guest,housekeeping_miss,3,0.9,false,0.568,false,false,1.0,0.95,61.15,4,recommendation,amenity_gesture,in-room amenity gesture,65,16,29,42,0.8,1,3,true,false,false,true,true,false,false,false,true,false,false,true,false,true,true,synthetic_case_policy_assumption
comp-policy-comparison-v1.0.0,cost_guardrail,Guardrailed recovery,lowest_cost_adequate,true,case_00282,new_guest,housekeeping_miss,3,0.9,false,0.568,false,false,1.0,0.95,61.15,4,recommendation,partial_room_refund,partial room refund,175,175,175,175,0.78,4,5,true,true,true,true,false,false,false,false,false,true,false,true,false,true,true,synthetic_case_policy_assumption
comp-policy-comparison-v1.0.0,recovery_first,Recovery first,highest_perceived_recovery,true,case_00282,new_guest,housekeeping_miss,3,0.9,false,0.568,false,false,1.0,0.95,61.15,4,recommendation,future_stay_credit,future-stay credit,235,70,141,200,0.56,4,5,true,false,true,true,false,false,false,true,false,false,true,true,false,true,true,synthetic_case_policy_assumption
comp-policy-comparison-v1.0.0,intelligent_generosity,Intelligent generosity,context_aware_policy_engine,true,case_00282,new_guest,housekeeping_miss,3,0.9,false,0.568,false,false,1.0,0.95,61.15,4,recommendation,future_stay_credit,future-stay credit,235,70,141,200,0.56,4,5,true,false,true,true,false,false,false,true,false,false,true,true,false,true,true,synthetic_case_policy_assumption
comp-policy-comparison-v1.0.0,synthetic_discretionary_baseline,Synthetic discretionary baseline,replay_synthetic_history,false,case_00283,loyalty_guest,spa_wellness_service_issue,3,0.74,true,0.7,false,false,1.0,0.95,56.94,3,reference_action,manager_note,manager note and personal follow-up,0,0,0,0,0.72,1,3,true,true,true,false,false,false,false,false,false,false,false,false,false,true,true,synthetic_case_policy_assumption
comp-policy-comparison-v1.0.0,tiered_standardization,Tiered standardization,highest_issue_fit,true,case_00283,loyalty_guest,spa_wellness_service_issue,3,0.74,true,0.7,false,false,1.0,0.95,56.94,3,recommendation,spa_wellness_credit,Surya Spa or Recovery Suite credit,275,82,151,206,0.9,3,5,true,true,true,false,false,false,false,false,true,false,false,true,false,true,true,synthetic_case_policy_assumption
comp-policy-comparison-v1.0.0,cost_guardrail,Guardrailed recovery,lowest_cost_adequate,true,case_00283,loyalty_guest,spa_wellness_service_issue,3,0.74,true,0.7,false,false,1.0,0.95,56.94,3,recommendation,spa_wellness_credit,Surya Spa or Recovery Suite credit,275,82,151,206,0.9,3,5,true,true,true,false,false,false,false,false,true,false,false,true,false,true,true,synthetic_case_policy_assumption
comp-policy-comparison-v1.0.0,recovery_first,Recovery first,highest_perceived_recovery,true,case_00283,loyalty_guest,spa_wellness_service_issue,3,0.74,true,0.7,false,false,1.0,0.95,56.94,3,recommendation,spa_wellness_credit,Surya Spa or Recovery Suite credit,275,82,151,206,0.9,3,5,true,true,true,false,false,false,false,false,true,false,false,true,false,true,true,synthetic_case_policy_assumption
comp-policy-comparison-v1.0.0,intelligent_generosity,Intelligent generosity,context_aware_policy_engine,true,case_00283,loyalty_guest,spa_wellness_service_issue,3,0.74,true,0.7,false,false,1.0,0.95,56.94,3,recommendation,spa_wellness_credit,Surya Spa or Recovery Suite credit,275,82,151,206,0.9,3,5,true,true,true,false,false,false,false,false,true,false,false,true,false,true,true,synthetic_case_policy_assumption
comp-policy-comparison-v1.0.0,synthetic_discretionary_baseline,Synthetic discretionary baseline,replay_synthetic_history,false,case_00284,new_guest,housekeeping_miss,3,0.9,true,0.529,false,false,0.78,0.95,58.57,4,reference_action,room_upgrade,room upgrade,230,58,58,58,0.16,3,5,true,false,false,true,true,false,false,false,true,false,false,false,false,true,true,synthetic_case_policy_assumption
comp-policy-comparison-v1.0.0,tiered_standardization,Tiered standardization,highest_issue_fit,true,case_00284,new_guest,housekeeping_miss,3,0.9,true,0.529,false,false,0.78,0.95,58.57,4,recommendation,amenity_gesture,in-room amenity gesture,65,16,29,42,0.8,1,3,true,false,false,true,true,false,false,false,true,false,false,true,false,true,true,synthetic_case_policy_assumption
comp-policy-comparison-v1.0.0,cost_guardrail,Guardrailed recovery,lowest_cost_adequate,true,case_00284,new_guest,housekeeping_miss,3,0.9,true,0.529,false,false,0.78,0.95,58.57,4,recommendation,partial_room_refund,partial room refund,150,150,150,150,0.78,4,5,true,true,true,true,false,false,false,false,false,true,false,true,false,true,true,synthetic_case_policy_assumption
comp-policy-comparison-v1.0.0,recovery_first,Recovery first,highest_perceived_recovery,true,case_00284,new_guest,housekeeping_miss,3,0.9,true,0.529,false,false,0.78,0.95,58.57,4,recommendation,future_stay_credit,future-stay credit,200,60,120,170,0.56,4,5,true,false,true,true,false,false,false,true,false,false,true,true,false,true,true,synthetic_case_policy_assumption
comp-policy-comparison-v1.0.0,intelligent_generosity,Intelligent generosity,context_aware_policy_engine,true,case_00284,new_guest,housekeeping_miss,3,0.9,true,0.529,false,false,0.78,0.95,58.57,4,recommendation,rooftop_f_and_b_credit,Calabra or Palma dining credit,180,45,72,108,0.45,2,5,true,false,true,true,false,false,false,true,true,false,true,true,false,true,true,synthetic_case_policy_assumption
comp-policy-comparison-v1.0.0,synthetic_discretionary_baseline,Synthetic discretionary baseline,replay_synthetic_history,false,case_00285,vip_guest,housekeeping_miss,4,0.95,false,0.746,true,false,0.78,0.95,76.2,5,reference_action,late_checkout,late checkout,85,17,17,17,0.5,2,4,true,false,false,true,true,true,true,false,true,false,false,false,false,true,false,synthetic_case_policy_assumption
comp-policy-comparison-v1.0.0,tiered_standardization,Tiered standardization,highest_issue_fit,true,case_00285,vip_guest,housekeeping_miss,4,0.95,false,0.746,true,false,0.78,0.95,76.2,5,recommendation,amenity_gesture,in-room amenity gesture,80,20,36,52,0.8,1,3,true,false,true,true,false,false,false,false,true,false,true,true,false,true,true,synthetic_case_policy_assumption
comp-policy-comparison-v1.0.0,cost_guardrail,Guardrailed recovery,lowest_cost_adequate,true,case_00285,vip_guest,housekeeping_miss,4,0.95,false,0.746,true,false,0.78,0.95,76.2,5,recommendation,future_stay_credit,future-stay credit,390,117,234,332,0.78,4,5,true,true,true,true,false,false,false,false,false,false,true,true,false,true,true,synthetic_case_policy_assumption
comp-policy-comparison-v1.0.0,recovery_first,Recovery first,highest_perceived_recovery,true,case_00285,vip_guest,housekeeping_miss,4,0.95,false,0.746,true,false,0.78,0.95,76.2,5,recommendation,future_stay_credit,future-stay credit,390,117,234,332,0.78,4,5,true,true,true,true,false,false,false,false,false,false,true,true,false,true,true,synthetic_case_policy_assumption
comp-policy-comparison-v1.0.0,intelligent_generosity,Intelligent generosity,context_aware_policy_engine,true,case_00285,vip_guest,housekeeping_miss,4,0.95,false,0.746,true,false,0.78,0.95,76.2,5,recommendation,future_stay_credit,future-stay credit,390,117,234,332,0.78,4,5,true,true,true,true,false,false,false,false,false,false,true,true,false,true,true,synthetic_case_policy_assumption
comp-policy-comparison-v1.0.0,synthetic_discretionary_baseline,Synthetic discretionary baseline,replay_synthetic_history,false,case_00286,returning_guest,room_readiness_delay,3,0.88,true,0.32,false,false,0.78,0.95,57.44,3,reference_action,rooftop_f_and_b_credit,Calabra or Palma dining credit,0,0,0,0,0.72,2,5,true,true,true,false,false,false,false,false,true,false,false,false,false,true,true,synthetic_case_policy_assumption
comp-policy-comparison-v1.0.0,tiered_standardization,Tiered standardization,highest_issue_fit,true,case_00286,returning_guest,room_readiness_delay,3,0.88,true,0.32,false,false,0.78,0.95,57.44,3,recommendation,late_checkout,late checkout,85,7,17,38,0.9,2,4,true,true,true,false,false,false,false,false,true,false,false,true,false,true,true,synthetic_case_policy_assumption
comp-policy-comparison-v1.0.0,cost_guardrail,Guardrailed recovery,lowest_cost_adequate,true,case_00286,returning_guest,room_readiness_delay,3,0.88,true,0.32,false,false,0.78,0.95,57.44,3,recommendation,late_checkout,late checkout,85,7,17,38,0.9,2,4,true,true,true,false,false,false,false,false,true,false,false,true,false,true,true,synthetic_case_policy_assumption
comp-policy-comparison-v1.0.0,recovery_first,Recovery first,highest_perceived_recovery,true,case_00286,returning_guest,room_readiness_delay,3,0.88,true,0.32,false,false,0.78,0.95,57.44,3,recommendation,room_upgrade,room upgrade,300,24,75,195,0.48,3,5,true,false,true,false,false,false,false,true,true,false,true,true,false,true,true,synthetic_case_policy_assumption
comp-policy-comparison-v1.0.0,intelligent_generosity,Intelligent generosity,context_aware_policy_engine,true,case_00286,returning_guest,room_readiness_delay,3,0.88,true,0.32,false,false,0.78,0.95,57.44,3,recommendation,late_checkout,late checkout,85,7,17,38,0.9,2,4,true,true,true,false,false,false,false,false,true,false,false,true,false,true,true,synthetic_case_policy_assumption
comp-policy-comparison-v1.0.0,synthetic_discretionary_baseline,Synthetic discretionary baseline,replay_synthetic_history,false,case_00287,loyalty_guest,billing_or_fee_dispute,2,0.55,true,0.777,true,true,1.0,0.95,44.92,3,reference_unknown,no_matched_comp_record,No matched synthetic comp record,0,0,0,0,0.0,0,0,false,false,false,false,false,false,false,false,false,false,false,false,false,true,true,synthetic_case_policy_assumption
comp-policy-comparison-v1.0.0,tiered_standardization,Tiered standardization,highest_issue_fit,true,case_00287,loyalty_guest,billing_or_fee_dispute,2,0.55,true,0.777,true,true,1.0,0.95,44.92,3,recommendation,manager_note,manager note and personal follow-up,0,0,0,0,0.72,1,3,true,true,true,false,false,false,false,true,false,false,true,true,false,true,true,synthetic_case_policy_assumption
comp-policy-comparison-v1.0.0,cost_guardrail,Guardrailed recovery,lowest_cost_adequate,true,case_00287,loyalty_guest,billing_or_fee_dispute,2,0.55,true,0.777,true,true,1.0,0.95,44.92,3,recommendation,manager_note,manager note and personal follow-up,0,0,0,0,0.72,1,3,true,true,true,false,false,false,false,true,false,false,true,true,false,true,true,synthetic_case_policy_assumption
comp-policy-comparison-v1.0.0,recovery_first,Recovery first,highest_perceived_recovery,true,case_00287,loyalty_guest,billing_or_fee_dispute,2,0.55,true,0.777,true,true,1.0,0.95,44.92,3,recommendation,spa_wellness_credit,Surya Spa or Recovery Suite credit,275,82,151,206,0.25,3,5,true,false,true,false,false,false,false,true,true,false,true,true,false,true,true,synthetic_case_policy_assumption
comp-policy-comparison-v1.0.0,intelligent_generosity,Intelligent generosity,context_aware_policy_engine,true,case_00287,loyalty_guest,billing_or_fee_dispute,2,0.55,true,0.777,true,true,1.0,0.95,44.92,3,recommendation,rooftop_f_and_b_credit,Calabra or Palma dining credit,150,38,60,90,0.45,2,5,true,false,true,false,false,false,false,true,true,false,true,true,false,true,true,synthetic_case_policy_assumption
comp-policy-comparison-v1.0.0,synthetic_discretionary_baseline,Synthetic discretionary baseline,replay_synthetic_history,false,case_00288,new_guest,rooftop_pool_access_issue,2,0.64,true,0.53,false,false,1.0,0.95,44.87,3,reference_action,spa_wellness_credit,Surya Spa or Recovery Suite credit,335,184,184,184,0.25,3,5,true,false,false,false,false,false,false,false,true,false,false,false,false,true,true,synthetic_case_policy_assumption
comp-policy-comparison-v1.0.0,tiered_standardization,Tiered standardization,highest_issue_fit,true,case_00288,new_guest,rooftop_pool_access_issue,2,0.64,true,0.53,false,false,1.0,0.95,44.87,3,recommendation,rooftop_f_and_b_credit,Calabra or Palma dining credit,150,38,60,90,0.86,2,5,true,true,true,false,false,false,false,false,true,false,false,true,false,true,true,synthetic_case_policy_assumption
comp-policy-comparison-v1.0.0,cost_guardrail,Guardrailed recovery,lowest_cost_adequate,true,case_00288,new_guest,rooftop_pool_access_issue,2,0.64,true,0.53,false,false,1.0,0.95,44.87,3,recommendation,rooftop_f_and_b_credit,Calabra or Palma dining credit,150,38,60,90,0.86,2,5,true,true,true,false,false,false,false,false,true,false,false,true,false,true,true,synthetic_case_policy_assumption
comp-policy-comparison-v1.0.0,recovery_first,Recovery first,highest_perceived_recovery,true,case_00288,new_guest,rooftop_pool_access_issue,2,0.64,true,0.53,false,false,1.0,0.95,44.87,3,recommendation,rooftop_f_and_b_credit,Calabra or Palma dining credit,150,38,60,90,0.86,2,5,true,true,true,false,false,false,false,false,true,false,false,true,false,true,true,synthetic_case_policy_assumption
comp-policy-comparison-v1.0.0,intelligent_generosity,Intelligent generosity,context_aware_policy_engine,true,case_00288,new_guest,rooftop_pool_access_issue,2,0.64,true,0.53,false,false,1.0,0.95,44.87,3,recommendation,rooftop_f_and_b_credit,Calabra or Palma dining credit,150,38,60,90,0.86,2,5,true,true,true,false,false,false,false,false,true,false,false,true,false,true,true,synthetic_case_policy_assumption
comp-policy-comparison-v1.0.0,synthetic_discretionary_baseline,Synthetic discretionary baseline,replay_synthetic_history,false,case_00289,returning_guest,housekeeping_miss,4,0.95,true,0.611,false,false,0.78,0.95,71.34,4,reference_action,late_checkout,late checkout,75,15,15,15,0.5,2,4,true,false,false,true,true,false,false,false,true,false,false,false,false,true,true,synthetic_case_policy_assumption
comp-policy-comparison-v1.0.0,tiered_standardization,Tiered standardization,highest_issue_fit,true,case_00289,returning_guest,housekeeping_miss,4,0.95,true,0.611,false,false,0.78,0.95,71.34,4,recommendation,amenity_gesture,in-room amenity gesture,65,16,29,42,0.8,1,3,true,false,false,true,true,false,false,false,true,false,false,true,false,true,true,synthetic_case_policy_assumption
comp-policy-comparison-v1.0.0,cost_guardrail,Guardrailed recovery,lowest_cost_adequate,true,case_00289,returning_guest,housekeeping_miss,4,0.95,true,0.611,false,false,0.78,0.95,71.34,4,recommendation,partial_room_refund,partial room refund,180,180,180,180,0.78,4,5,true,true,true,true,false,false,false,false,false,true,false,true,false,true,true,synthetic_case_policy_assumption
comp-policy-comparison-v1.0.0,recovery_first,Recovery first,highest_perceived_recovery,true,case_00289,returning_guest,housekeeping_miss,4,0.95,true,0.611,false,false,0.78,0.95,71.34,4,recommendation,future_stay_credit,future-stay credit,245,74,147,208,0.56,4,5,true,false,true,true,false,false,false,true,false,false,true,true,false,true,true,synthetic_case_policy_assumption
comp-policy-comparison-v1.0.0,intelligent_generosity,Intelligent generosity,context_aware_policy_engine,true,case_00289,returning_guest,housekeeping_miss,4,0.95,true,0.611,false,false,0.78,0.95,71.34,4,recommendation,future_stay_credit,future-stay credit,245,74,147,208,0.56,4,5,true,false,true,true,false,false,false,true,false,false,true,true,false,true,true,synthetic_case_policy_assumption
comp-policy-comparison-v1.0.0,synthetic_discretionary_baseline,Synthetic discretionary baseline,replay_synthetic_history,false,case_00290,new_guest,valet_or_parking_delay,3,0.62,true,0.783,false,false,1.0,0.95,52.51,3,reference_unknown,no_matched_comp_record,No matched synthetic comp record,0,0,0,0,0.0,0,0,false,false,false,false,false,false,false,false,false,false,false,false,false,true,true,synthetic_case_policy_assumption
comp-policy-comparison-v1.0.0,tiered_standardization,Tiered standardization,highest_issue_fit,true,case_00290,new_guest,valet_or_parking_delay,3,0.62,true,0.783,false,false,1.0,0.95,52.51,3,recommendation,parking_fee_waiver,parking or destination-fee waiver,85,7,15,30,0.9,2,4,true,true,true,false,false,false,false,false,true,false,false,true,false,true,true,synthetic_case_policy_assumption
comp-policy-comparison-v1.0.0,cost_guardrail,Guardrailed recovery,lowest_cost_adequate,true,case_00290,new_guest,valet_or_parking_delay,3,0.62,true,0.783,false,false,1.0,0.95,52.51,3,recommendation,parking_fee_waiver,parking or destination-fee waiver,85,7,15,30,0.9,2,4,true,true,true,false,false,false,false,false,true,false,false,true,false,true,true,synthetic_case_policy_assumption
comp-policy-comparison-v1.0.0,recovery_first,Recovery first,highest_perceived_recovery,true,case_00290,new_guest,valet_or_parking_delay,3,0.62,true,0.783,false,false,1.0,0.95,52.51,3,recommendation,spa_wellness_credit,Surya Spa or Recovery Suite credit,275,82,151,206,0.25,3,5,true,false,true,false,false,false,false,true,true,false,true,true,false,true,true,synthetic_case_policy_assumption
comp-policy-comparison-v1.0.0,intelligent_generosity,Intelligent generosity,context_aware_policy_engine,true,case_00290,new_guest,valet_or_parking_delay,3,0.62,true,0.783,false,false,1.0,0.95,52.51,3,recommendation,parking_fee_waiver,parking or destination-fee waiver,85,7,15,30,0.9,2,4,true,true,true,false,false,false,false,false,true,false,false,true,false,true,true,synthetic_case_policy_assumption
comp-policy-comparison-v1.0.0,synthetic_discretionary_baseline,Synthetic discretionary baseline,replay_synthetic_history,false,case_00291,new_guest,room_assignment_expectation_gap,5,0.79,true,0.683,false,false,1.0,0.95,68.31,4,reference_action,future_stay_credit,future-stay credit,385,231,231,231,0.56,4,5,true,false,false,true,true,false,false,false,false,false,false,false,false,true,true,synthetic_case_policy_assumption
comp-policy-comparison-v1.0.0,tiered_standardization,Tiered standardization,highest_issue_fit,true,case_00291,new_guest,room_assignment_expectation_gap,5,0.79,true,0.683,false,false,1.0,0.95,68.31,4,recommendation,room_upgrade,room upgrade,360,29,90,234,0.9,3,5,true,true,true,true,false,false,false,false,true,false,false,true,false,true,true,synthetic_case_policy_assumption
comp-policy-comparison-v1.0.0,cost_guardrail,Guardrailed recovery,lowest_cost_adequate,true,case_00291,new_guest,room_assignment_expectation_gap,5,0.79,true,0.683,false,false,1.0,0.95,68.31,4,recommendation,room_upgrade,room upgrade,360,29,90,234,0.9,3,5,true,true,true,true,false,false,false,false,true,false,false,true,false,true,true,synthetic_case_policy_assumption
comp-policy-comparison-v1.0.0,recovery_first,Recovery first,highest_perceived_recovery,true,case_00291,new_guest,room_assignment_expectation_gap,5,0.79,true,0.683,false,false,1.0,0.95,68.31,4,recommendation,room_upgrade,room upgrade,360,29,90,234,0.9,3,5,true,true,true,true,false,false,false,false,true,false,false,true,false,true,true,synthetic_case_policy_assumption
comp-policy-comparison-v1.0.0,intelligent_generosity,Intelligent generosity,context_aware_policy_engine,true,case_00291,new_guest,room_assignment_expectation_gap,5,0.79,true,0.683,false,false,1.0,0.95,68.31,4,recommendation,room_upgrade,room upgrade,360,29,90,234,0.9,3,5,true,true,true,true,false,false,false,false,true,false,false,true,false,true,true,synthetic_case_policy_assumption
comp-policy-comparison-v1.0.0,synthetic_discretionary_baseline,Synthetic discretionary baseline,replay_synthetic_history,false,case_00292,new_guest,billing_or_fee_dispute,2,0.55,false,0.73,false,false,1.0,0.95,45.34,3,reference_unknown,no_matched_comp_record,No matched synthetic comp record,0,0,0,0,0.0,0,0,false,false,false,false,false,false,false,false,false,false,false,false,false,true,true,synthetic_case_policy_assumption
comp-policy-comparison-v1.0.0,tiered_standardization,Tiered standardization,highest_issue_fit,true,case_00292,new_guest,billing_or_fee_dispute,2,0.55,false,0.73,false,false,1.0,0.95,45.34,3,recommendation,manager_note,manager note and personal follow-up,0,0,0,0,0.72,1,3,true,true,true,false,false,false,false,true,false,false,true,true,false,true,true,synthetic_case_policy_assumption
comp-policy-comparison-v1.0.0,cost_guardrail,Guardrailed recovery,lowest_cost_adequate,true,case_00292,new_guest,billing_or_fee_dispute,2,0.55,false,0.73,false,false,1.0,0.95,45.34,3,recommendation,manager_note,manager note and personal follow-up,0,0,0,0,0.72,1,3,true,true,true,false,false,false,false,true,false,false,true,true,false,true,true,synthetic_case_policy_assumption
comp-policy-comparison-v1.0.0,recovery_first,Recovery first,highest_perceived_recovery,true,case_00292,new_guest,billing_or_fee_dispute,2,0.55,false,0.73,false,false,1.0,0.95,45.34,3,recommendation,spa_wellness_credit,Surya Spa or Recovery Suite credit,275,82,151,206,0.25,3,5,true,false,true,false,false,false,false,true,true,false,true,true,false,true,true,synthetic_case_policy_assumption
comp-policy-comparison-v1.0.0,intelligent_generosity,Intelligent generosity,context_aware_policy_engine,true,case_00292,new_guest,billing_or_fee_dispute,2,0.55,false,0.73,false,false,1.0,0.95,45.34,3,recommendation,parking_fee_waiver,parking or destination-fee waiver,85,7,15,30,0.66,2,4,true,true,true,false,false,false,false,true,true,false,true,true,false,true,true,synthetic_case_policy_assumption
comp-policy-comparison-v1.0.0,synthetic_discretionary_baseline,Synthetic discretionary baseline,replay_synthetic_history,false,case_00293,returning_guest,f_and_b_service_lapse,2,0.7,true,0.752,true,false,1.0,0.95,44.91,3,reference_unknown,no_matched_comp_record,No matched synthetic comp record,0,0,0,0,0.0,0,0,false,false,false,false,false,false,false,false,false,false,false,false,false,true,true,synthetic_case_policy_assumption
comp-policy-comparison-v1.0.0,tiered_standardization,Tiered standardization,highest_issue_fit,true,case_00293,returning_guest,f_and_b_service_lapse,2,0.7,true,0.752,true,false,1.0,0.95,44.91,3,recommendation,rooftop_f_and_b_credit,Calabra or Palma dining credit,150,38,60,90,0.88,2,5,true,true,true,false,false,false,false,false,true,false,false,true,false,true,true,synthetic_case_policy_assumption
comp-policy-comparison-v1.0.0,cost_guardrail,Guardrailed recovery,lowest_cost_adequate,true,case_00293,returning_guest,f_and_b_service_lapse,2,0.7,true,0.752,true,false,1.0,0.95,44.91,3,recommendation,rooftop_f_and_b_credit,Calabra or Palma dining credit,150,38,60,90,0.88,2,5,true,true,true,false,false,false,false,false,true,false,false,true,false,true,true,synthetic_case_policy_assumption
comp-policy-comparison-v1.0.0,recovery_first,Recovery first,highest_perceived_recovery,true,case_00293,returning_guest,f_and_b_service_lapse,2,0.7,true,0.752,true,false,1.0,0.95,44.91,3,recommendation,rooftop_f_and_b_credit,Calabra or Palma dining credit,150,38,60,90,0.88,2,5,true,true,true,false,false,false,false,false,true,false,false,true,false,true,true,synthetic_case_policy_assumption
comp-policy-comparison-v1.0.0,intelligent_generosity,Intelligent generosity,context_aware_policy_engine,true,case_00293,returning_guest,f_and_b_service_lapse,2,0.7,true,0.752,true,false,1.0,0.95,44.91,3,recommendation,rooftop_f_and_b_credit,Calabra or Palma dining credit,150,38,60,90,0.88,2,5,true,true,true,false,false,false,false,false,true,false,false,true,false,true,true,synthetic_case_policy_assumption
comp-policy-comparison-v1.0.0,synthetic_discretionary_baseline,Synthetic discretionary baseline,replay_synthetic_history,false,case_00294,new_guest,noise_disruption,3,0.48,true,0.926,true,false,1.0,0.95,46.99,3,reference_unknown,no_matched_comp_record,No matched synthetic comp record,0,0,0,0,0.0,0,0,false,false,false,false,false,false,false,false,false,false,false,false,false,true,true,synthetic_case_policy_assumption
comp-policy-comparison-v1.0.0,tiered_standardization,Tiered standardization,highest_issue_fit,true,case_00294,new_guest,noise_disruption,3,0.48,true,0.926,true,false,1.0,0.95,46.99,3,recommendation,late_checkout,late checkout,85,7,17,38,0.82,2,4,true,true,true,false,false,false,true,false,true,false,true,true,false,true,true,synthetic_case_policy_assumption
comp-policy-comparison-v1.0.0,cost_guardrail,Guardrailed recovery,lowest_cost_adequate,true,case_00294,new_guest,noise_disruption,3,0.48,true,0.926,true,false,1.0,0.95,46.99,3,recommendation,late_checkout,late checkout,85,7,17,38,0.82,2,4,true,true,true,false,false,false,true,false,true,false,true,true,false,true,true,synthetic_case_policy_assumption
comp-policy-comparison-v1.0.0,recovery_first,Recovery first,highest_perceived_recovery,true,case_00294,new_guest,noise_disruption,3,0.48,true,0.926,true,false,1.0,0.95,46.99,3,recommendation,spa_wellness_credit,Surya Spa or Recovery Suite credit,275,82,151,206,0.62,3,5,true,true,true,false,false,false,false,true,true,false,true,true,false,true,true,synthetic_case_policy_assumption
comp-policy-comparison-v1.0.0,intelligent_generosity,Intelligent generosity,context_aware_policy_engine,true,case_00294,new_guest,noise_disruption,3,0.48,true,0.926,true,false,1.0,0.95,46.99,3,recommendation,spa_wellness_credit,Surya Spa or Recovery Suite credit,275,82,151,206,0.62,3,5,true,true,true,false,false,false,false,true,true,false,true,true,false,true,true,synthetic_case_policy_assumption
comp-policy-comparison-v1.0.0,synthetic_discretionary_baseline,Synthetic discretionary baseline,replay_synthetic_history,false,case_00295,new_guest,room_assignment_expectation_gap,2,0.74,true,0.325,false,false,1.0,0.95,51.51,3,reference_action,amenity_gesture,in-room amenity gesture,75,34,34,34,0.7,1,3,true,true,true,false,false,false,false,false,true,false,false,false,false,true,true,synthetic_case_policy_assumption
comp-policy-comparison-v1.0.0,tiered_standardization,Tiered standardization,highest_issue_fit,true,case_00295,new_guest,room_assignment_expectation_gap,2,0.74,true,0.325,false,false,1.0,0.95,51.51,3,recommendation,room_upgrade,room upgrade,300,24,75,195,0.9,3,5,true,true,true,false,false,false,false,false,true,false,false,true,false,true,true,synthetic_case_policy_assumption
comp-policy-comparison-v1.0.0,cost_guardrail,Guardrailed recovery,lowest_cost_adequate,true,case_00295,new_guest,room_assignment_expectation_gap,2,0.74,true,0.325,false,false,1.0,0.95,51.51,3,recommendation,room_upgrade,room upgrade,300,24,75,195,0.9,3,5,true,true,true,false,false,false,false,false,true,false,false,true,false,true,true,synthetic_case_policy_assumption
comp-policy-comparison-v1.0.0,recovery_first,Recovery first,highest_perceived_recovery,true,case_00295,new_guest,room_assignment_expectation_gap,2,0.74,true,0.325,false,false,1.0,0.95,51.51,3,recommendation,room_upgrade,room upgrade,300,24,75,195,0.9,3,5,true,true,true,false,false,false,false,false,true,false,false,true,false,true,true,synthetic_case_policy_assumption
comp-policy-comparison-v1.0.0,intelligent_generosity,Intelligent generosity,context_aware_policy_engine,true,case_00295,new_guest,room_assignment_expectation_gap,2,0.74,true,0.325,false,false,1.0,0.95,51.51,3,recommendation,room_upgrade,room upgrade,300,24,75,195,0.9,3,5,true,true,true,false,false,false,false,false,true,false,false,true,false,true,true,synthetic_case_policy_assumption
comp-policy-comparison-v1.0.0,synthetic_discretionary_baseline,Synthetic discretionary baseline,replay_synthetic_history,false,case_00296,returning_guest,f_and_b_service_lapse,2,0.7,true,0.624,true,false,1.0,0.95,45.15,3,reference_unknown,no_matched_comp_record,No matched synthetic comp record,0,0,0,0,0.0,0,0,false,false,false,false,false,false,false,false,false,false,false,false,false,true,true,synthetic_case_policy_assumption
comp-policy-comparison-v1.0.0,tiered_standardization,Tiered standardization,highest_issue_fit,true,case_00296,returning_guest,f_and_b_service_lapse,2,0.7,true,0.624,true,false,1.0,0.95,45.15,3,recommendation,rooftop_f_and_b_credit,Calabra or Palma dining credit,150,38,60,90,0.88,2,5,true,true,true,false,false,false,false,false,true,false,false,true,false,true,true,synthetic_case_policy_assumption
comp-policy-comparison-v1.0.0,cost_guardrail,Guardrailed recovery,lowest_cost_adequate,true,case_00296,returning_guest,f_and_b_service_lapse,2,0.7,true,0.624,true,false,1.0,0.95,45.15,3,recommendation,rooftop_f_and_b_credit,Calabra or Palma dining credit,150,38,60,90,0.88,2,5,true,true,true,false,false,false,false,false,true,false,false,true,false,true,true,synthetic_case_policy_assumption
comp-policy-comparison-v1.0.0,recovery_first,Recovery first,highest_perceived_recovery,true,case_00296,returning_guest,f_and_b_service_lapse,2,0.7,true,0.624,true,false,1.0,0.95,45.15,3,recommendation,rooftop_f_and_b_credit,Calabra or Palma dining credit,150,38,60,90,0.88,2,5,true,true,true,false,false,false,false,false,true,false,false,true,false,true,true,synthetic_case_policy_assumption
comp-policy-comparison-v1.0.0,intelligent_generosity,Intelligent generosity,context_aware_policy_engine,true,case_00296,returning_guest,f_and_b_service_lapse,2,0.7,true,0.624,true,false,1.0,0.95,45.15,3,recommendation,rooftop_f_and_b_credit,Calabra or Palma dining credit,150,38,60,90,0.88,2,5,true,true,true,false,false,false,false,false,true,false,false,true,false,true,true,synthetic_case_policy_assumption
comp-policy-comparison-v1.0.0,synthetic_discretionary_baseline,Synthetic discretionary baseline,replay_synthetic_history,false,case_00297,returning_guest,billing_or_fee_dispute,5,0.6,true,0.623,true,false,1.0,0.95,73.08,4,reference_action,future_stay_credit,future-stay credit,235,141,141,141,0.56,4,5,true,false,false,true,true,false,false,false,false,false,false,false,false,true,true,synthetic_case_policy_assumption
comp-policy-comparison-v1.0.0,tiered_standardization,Tiered standardization,highest_issue_fit,true,case_00297,returning_guest,billing_or_fee_dispute,5,0.6,true,0.623,true,false,1.0,0.95,73.08,4,recommendation,manager_note,manager note and personal follow-up,0,0,0,0,0.72,1,3,true,false,true,true,false,false,false,true,false,false,true,true,false,true,true,synthetic_case_policy_assumption
comp-policy-comparison-v1.0.0,cost_guardrail,Guardrailed recovery,lowest_cost_adequate,true,case_00297,returning_guest,billing_or_fee_dispute,5,0.6,true,0.623,true,false,1.0,0.95,73.08,4,recommendation,parking_fee_waiver,parking or destination-fee waiver,100,8,18,35,0.66,2,4,true,true,true,true,false,false,false,true,true,false,true,true,false,true,true,synthetic_case_policy_assumption
comp-policy-comparison-v1.0.0,recovery_first,Recovery first,highest_perceived_recovery,true,case_00297,returning_guest,billing_or_fee_dispute,5,0.6,true,0.623,true,false,1.0,0.95,73.08,4,recommendation,future_stay_credit,future-stay credit,310,93,186,264,0.56,4,5,true,false,true,true,false,false,false,true,false,false,true,true,false,true,true,synthetic_case_policy_assumption
comp-policy-comparison-v1.0.0,intelligent_generosity,Intelligent generosity,context_aware_policy_engine,true,case_00297,returning_guest,billing_or_fee_dispute,5,0.6,true,0.623,true,false,1.0,0.95,73.08,4,recommendation,rooftop_f_and_b_credit,Calabra or Palma dining credit,180,45,72,108,0.45,2,5,true,false,true,true,false,false,false,true,true,false,true,true,false,true,true,synthetic_case_policy_assumption
comp-policy-comparison-v1.0.0,synthetic_discretionary_baseline,Synthetic discretionary baseline,replay_synthetic_history,false,case_00298,new_guest,spa_wellness_service_issue,1,0.74,true,0.475,false,false,0.78,0.95,35.38,2,reference_action,rooftop_f_and_b_credit,Calabra or Palma dining credit,140,56,56,56,0.45,2,5,true,false,false,false,false,false,false,false,true,false,false,false,false,true,true,synthetic_case_policy_assumption
comp-policy-comparison-v1.0.0,tiered_standardization,Tiered standardization,highest_issue_fit,true,case_00298,new_guest,spa_wellness_service_issue,1,0.74,true,0.475,false,false,0.78,0.95,35.38,2,recommendation,manager_note,manager note and personal follow-up,0,0,0,0,0.72,1,3,true,true,true,false,false,false,false,true,false,false,true,true,false,true,true,synthetic_case_policy_assumption
comp-policy-comparison-v1.0.0,cost_guardrail,Guardrailed recovery,lowest_cost_adequate,true,case_00298,new_guest,spa_wellness_service_issue,1,0.74,true,0.475,false,false,0.78,0.95,35.38,2,recommendation,manager_note,manager note and personal follow-up,0,0,0,0,0.72,1,3,true,true,true,false,false,false,false,true,false,false,true,true,false,true,true,synthetic_case_policy_assumption
comp-policy-comparison-v1.0.0,recovery_first,Recovery first,highest_perceived_recovery,true,case_00298,new_guest,spa_wellness_service_issue,1,0.74,true,0.475,false,false,0.78,0.95,35.38,2,recommendation,rooftop_f_and_b_credit,Calabra or Palma dining credit,135,34,54,81,0.45,2,5,true,false,true,false,false,false,false,true,true,false,true,true,false,true,true,synthetic_case_policy_assumption
comp-policy-comparison-v1.0.0,intelligent_generosity,Intelligent generosity,context_aware_policy_engine,true,case_00298,new_guest,spa_wellness_service_issue,1,0.74,true,0.475,false,false,0.78,0.95,35.38,2,recommendation,rooftop_f_and_b_credit,Calabra or Palma dining credit,135,34,54,81,0.45,2,5,true,false,true,false,false,false,false,true,true,false,true,true,false,true,true,synthetic_case_policy_assumption
comp-policy-comparison-v1.0.0,synthetic_discretionary_baseline,Synthetic discretionary baseline,replay_synthetic_history,false,case_00299,new_guest,f_and_b_service_lapse,2,0.7,true,0.68,false,false,1.0,0.95,41.99,2,reference_action,amenity_gesture,in-room amenity gesture,50,22,22,22,0.7,1,3,true,true,true,false,false,false,false,false,true,false,false,false,false,true,true,synthetic_case_policy_assumption
comp-policy-comparison-v1.0.0,tiered_standardization,Tiered standardization,highest_issue_fit,true,case_00299,new_guest,f_and_b_service_lapse,2,0.7,true,0.68,false,false,1.0,0.95,41.99,2,recommendation,rooftop_f_and_b_credit,Calabra or Palma dining credit,135,34,54,81,0.88,2,5,true,true,true,false,false,false,false,false,true,false,false,true,false,true,true,synthetic_case_policy_assumption
comp-policy-comparison-v1.0.0,cost_guardrail,Guardrailed recovery,lowest_cost_adequate,true,case_00299,new_guest,f_and_b_service_lapse,2,0.7,true,0.68,false,false,1.0,0.95,41.99,2,recommendation,rooftop_f_and_b_credit,Calabra or Palma dining credit,135,34,54,81,0.88,2,5,true,true,true,false,false,false,false,false,true,false,false,true,false,true,true,synthetic_case_policy_assumption
comp-policy-comparison-v1.0.0,recovery_first,Recovery first,highest_perceived_recovery,true,case_00299,new_guest,f_and_b_service_lapse,2,0.7,true,0.68,false,false,1.0,0.95,41.99,2,recommendation,rooftop_f_and_b_credit,Calabra or Palma dining credit,135,34,54,81,0.88,2,5,true,true,true,false,false,false,false,false,true,false,false,true,false,true,true,synthetic_case_policy_assumption
comp-policy-comparison-v1.0.0,intelligent_generosity,Intelligent generosity,context_aware_policy_engine,true,case_00299,new_guest,f_and_b_service_lapse,2,0.7,true,0.68,false,false,1.0,0.95,41.99,2,recommendation,rooftop_f_and_b_credit,Calabra or Palma dining credit,135,34,54,81,0.88,2,5,true,true,true,false,false,false,false,false,true,false,false,true,false,true,true,synthetic_case_policy_assumption
comp-policy-comparison-v1.0.0,synthetic_discretionary_baseline,Synthetic discretionary baseline,replay_synthetic_history,false,case_00300,new_guest,f_and_b_service_lapse,2,0.7,true,0.71,true,false,1.0,0.95,46.21,3,reference_action,amenity_gesture,in-room amenity gesture,55,25,25,25,0.7,1,3,true,true,true,false,false,false,false,false,true,false,false,false,false,true,true,synthetic_case_policy_assumption
comp-policy-comparison-v1.0.0,tiered_standardization,Tiered standardization,highest_issue_fit,true,case_00300,new_guest,f_and_b_service_lapse,2,0.7,true,0.71,true,false,1.0,0.95,46.21,3,recommendation,rooftop_f_and_b_credit,Calabra or Palma dining credit,150,38,60,90,0.88,2,5,true,true,true,false,false,false,false,false,true,false,false,true,false,true,true,synthetic_case_policy_assumption
comp-policy-comparison-v1.0.0,cost_guardrail,Guardrailed recovery,lowest_cost_adequate,true,case_00300,new_guest,f_and_b_service_lapse,2,0.7,true,0.71,true,false,1.0,0.95,46.21,3,recommendation,rooftop_f_and_b_credit,Calabra or Palma dining credit,150,38,60,90,0.88,2,5,true,true,true,false,false,false,false,false,true,false,false,true,false,true,true,synthetic_case_policy_assumption
comp-policy-comparison-v1.0.0,recovery_first,Recovery first,highest_perceived_recovery,true,case_00300,new_guest,f_and_b_service_lapse,2,0.7,true,0.71,true,false,1.0,0.95,46.21,3,recommendation,rooftop_f_and_b_credit,Calabra or Palma dining credit,150,38,60,90,0.88,2,5,true,true,true,false,false,false,false,false,true,false,false,true,false,true,true,synthetic_case_policy_assumption
comp-policy-comparison-v1.0.0,intelligent_generosity,Intelligent generosity,context_aware_policy_engine,true,case_00300,new_guest,f_and_b_service_lapse,2,0.7,true,0.71,true,false,1.0,0.95,46.21,3,recommendation,rooftop_f_and_b_credit,Calabra or Palma dining credit,150,38,60,90,0.88,2,5,true,true,true,false,false,false,false,false,true,false,false,true,false,true,true,synthetic_case_policy_assumption
comp-policy-comparison-v1.0.0,synthetic_discretionary_baseline,Synthetic discretionary baseline,replay_synthetic_history,false,case_00301,returning_guest,housekeeping_miss,4,0.95,true,0.765,false,false,1.0,0.95,73.05,4,reference_action,rooftop_f_and_b_credit,Calabra or Palma dining credit,190,76,76,76,0.45,2,5,true,false,false,true,true,false,false,false,true,false,false,false,false,true,true,synthetic_case_policy_assumption
comp-policy-comparison-v1.0.0,tiered_standardization,Tiered standardization,highest_issue_fit,true,case_00301,returning_guest,housekeeping_miss,4,0.95,true,0.765,false,false,1.0,0.95,73.05,4,recommendation,amenity_gesture,in-room amenity gesture,65,16,29,42,0.8,1,3,true,false,false,true,true,false,false,false,true,false,false,true,false,true,true,synthetic_case_policy_assumption
comp-policy-comparison-v1.0.0,cost_guardrail,Guardrailed recovery,lowest_cost_adequate,true,case_00301,returning_guest,housekeeping_miss,4,0.95,true,0.765,false,false,1.0,0.95,73.05,4,recommendation,partial_room_refund,partial room refund,195,195,195,195,0.78,4,5,true,true,true,true,false,false,false,false,false,true,false,true,false,true,true,synthetic_case_policy_assumption
comp-policy-comparison-v1.0.0,recovery_first,Recovery first,highest_perceived_recovery,true,case_00301,returning_guest,housekeeping_miss,4,0.95,true,0.765,false,false,1.0,0.95,73.05,4,recommendation,future_stay_credit,future-stay credit,260,78,156,221,0.56,4,5,true,false,true,true,false,false,false,true,false,false,true,true,false,true,true,synthetic_case_policy_assumption
comp-policy-comparison-v1.0.0,intelligent_generosity,Intelligent generosity,context_aware_policy_engine,true,case_00301,returning_guest,housekeeping_miss,4,0.95,true,0.765,false,false,1.0,0.95,73.05,4,recommendation,future_stay_credit,future-stay credit,260,78,156,221,0.56,4,5,true,false,true,true,false,false,false,true,false,false,true,true,false,true,true,synthetic_case_policy_assumption
comp-policy-comparison-v1.0.0,synthetic_discretionary_baseline,Synthetic discretionary baseline,replay_synthetic_history,false,case_00302,new_guest,f_and_b_service_lapse,3,0.7,true,0.585,false,false,1.0,0.95,54.91,3,reference_unknown,no_matched_comp_record,No matched synthetic comp record,0,0,0,0,0.0,0,0,false,false,false,false,false,false,false,false,false,false,false,false,false,true,true,synthetic_case_policy_assumption
comp-policy-comparison-v1.0.0,tiered_standardization,Tiered standardization,highest_issue_fit,true,case_00302,new_guest,f_and_b_service_lapse,3,0.7,true,0.585,false,false,1.0,0.95,54.91,3,recommendation,rooftop_f_and_b_credit,Calabra or Palma dining credit,150,38,60,90,0.88,2,5,true,true,true,false,false,false,false,false,true,false,false,true,false,true,true,synthetic_case_policy_assumption
comp-policy-comparison-v1.0.0,cost_guardrail,Guardrailed recovery,lowest_cost_adequate,true,case_00302,new_guest,f_and_b_service_lapse,3,0.7,true,0.585,false,false,1.0,0.95,54.91,3,recommendation,rooftop_f_and_b_credit,Calabra or Palma dining credit,150,38,60,90,0.88,2,5,true,true,true,false,false,false,false,false,true,false,false,true,false,true,true,synthetic_case_policy_assumption
comp-policy-comparison-v1.0.0,recovery_first,Recovery first,highest_perceived_recovery,true,case_00302,new_guest,f_and_b_service_lapse,3,0.7,true,0.585,false,false,1.0,0.95,54.91,3,recommendation,rooftop_f_and_b_credit,Calabra or Palma dining credit,150,38,60,90,0.88,2,5,true,true,true,false,false,false,false,false,true,false,false,true,false,true,true,synthetic_case_policy_assumption
comp-policy-comparison-v1.0.0,intelligent_generosity,Intelligent generosity,context_aware_policy_engine,true,case_00302,new_guest,f_and_b_service_lapse,3,0.7,true,0.585,false,false,1.0,0.95,54.91,3,recommendation,rooftop_f_and_b_credit,Calabra or Palma dining credit,150,38,60,90,0.88,2,5,true,true,true,false,false,false,false,false,true,false,false,true,false,true,true,synthetic_case_policy_assumption
comp-policy-comparison-v1.0.0,synthetic_discretionary_baseline,Synthetic discretionary baseline,replay_synthetic_history,false,case_00303,returning_guest,room_assignment_expectation_gap,3,0.74,true,0.783,false,false,1.0,0.95,54.0,3,reference_action,amenity_gesture,in-room amenity gesture,75,34,34,34,0.7,1,3,true,true,true,false,false,false,false,false,true,false,false,false,false,true,true,synthetic_case_policy_assumption
comp-policy-comparison-v1.0.0,tiered_standardization,Tiered standardization,highest_issue_fit,true,case_00303,returning_guest,room_assignment_expectation_gap,3,0.74,true,0.783,false,false,1.0,0.95,54.0,3,recommendation,room_upgrade,room upgrade,300,24,75,195,0.9,3,5,true,true,true,false,false,false,false,false,true,false,false,true,false,true,true,synthetic_case_policy_assumption
comp-policy-comparison-v1.0.0,cost_guardrail,Guardrailed recovery,lowest_cost_adequate,true,case_00303,returning_guest,room_assignment_expectation_gap,3,0.74,true,0.783,false,false,1.0,0.95,54.0,3,recommendation,room_upgrade,room upgrade,300,24,75,195,0.9,3,5,true,true,true,false,false,false,false,false,true,false,false,true,false,true,true,synthetic_case_policy_assumption
comp-policy-comparison-v1.0.0,recovery_first,Recovery first,highest_perceived_recovery,true,case_00303,returning_guest,room_assignment_expectation_gap,3,0.74,true,0.783,false,false,1.0,0.95,54.0,3,recommendation,room_upgrade,room upgrade,300,24,75,195,0.9,3,5,true,true,true,false,false,false,false,false,true,false,false,true,false,true,true,synthetic_case_policy_assumption
comp-policy-comparison-v1.0.0,intelligent_generosity,Intelligent generosity,context_aware_policy_engine,true,case_00303,returning_guest,room_assignment_expectation_gap,3,0.74,true,0.783,false,false,1.0,0.95,54.0,3,recommendation,room_upgrade,room upgrade,300,24,75,195,0.9,3,5,true,true,true,false,false,false,false,false,true,false,false,true,false,true,true,synthetic_case_policy_assumption
comp-policy-comparison-v1.0.0,synthetic_discretionary_baseline,Synthetic discretionary baseline,replay_synthetic_history,false,case_00304,loyalty_guest,room_readiness_delay,3,0.88,true,0.469,false,false,1.0,0.95,58.59,4,reference_unknown,no_matched_comp_record,No matched synthetic comp record,0,0,0,0,0.0,0,0,false,false,false,true,false,false,false,false,false,false,false,false,false,true,true,synthetic_case_policy_assumption
comp-policy-comparison-v1.0.0,tiered_standardization,Tiered standardization,highest_issue_fit,true,case_00304,loyalty_guest,room_readiness_delay,3,0.88,true,0.469,false,false,1.0,0.95,58.59,4,recommendation,late_checkout,late checkout,100,8,20,45,0.9,2,4,true,true,true,true,false,false,false,false,true,false,false,true,false,true,true,synthetic_case_policy_assumption
comp-policy-comparison-v1.0.0,cost_guardrail,Guardrailed recovery,lowest_cost_adequate,true,case_00304,loyalty_guest,room_readiness_delay,3,0.88,true,0.469,false,false,1.0,0.95,58.59,4,recommendation,late_checkout,late checkout,100,8,20,45,0.9,2,4,true,true,true,true,false,false,false,false,true,false,false,true,false,true,true,synthetic_case_policy_assumption
comp-policy-comparison-v1.0.0,recovery_first,Recovery first,highest_perceived_recovery,true,case_00304,loyalty_guest,room_readiness_delay,3,0.88,true,0.469,false,false,1.0,0.95,58.59,4,recommendation,room_upgrade,room upgrade,360,29,90,234,0.48,3,5,true,false,true,true,false,false,false,true,true,false,true,true,false,true,true,synthetic_case_policy_assumption
comp-policy-comparison-v1.0.0,intelligent_generosity,Intelligent generosity,context_aware_policy_engine,true,case_00304,loyalty_guest,room_readiness_delay,3,0.88,true,0.469,false,false,1.0,0.95,58.59,4,recommendation,room_upgrade,room upgrade,360,29,90,234,0.48,3,5,true,false,true,true,false,false,false,true,true,false,true,true,false,true,true,synthetic_case_policy_assumption
comp-policy-comparison-v1.0.0,synthetic_discretionary_baseline,Synthetic discretionary baseline,replay_synthetic_history,false,case_00305,new_guest,housekeeping_miss,3,0.9,true,0.99,true,false,1.0,0.95,53.18,3,reference_action,lobby_lounge_credit,Palma lounge credit,110,42,42,42,0.52,2,4,true,false,false,false,false,false,false,false,true,false,false,false,false,true,true,synthetic_case_policy_assumption
comp-policy-comparison-v1.0.0,tiered_standardization,Tiered standardization,highest_issue_fit,true,case_00305,new_guest,housekeeping_miss,3,0.9,true,0.99,true,false,1.0,0.95,53.18,3,recommendation,amenity_gesture,in-room amenity gesture,55,14,25,36,0.8,1,3,true,true,true,false,false,false,false,false,true,false,false,true,false,true,true,synthetic_case_policy_assumption
comp-policy-comparison-v1.0.0,cost_guardrail,Guardrailed recovery,lowest_cost_adequate,true,case_00305,new_guest,housekeeping_miss,3,0.9,true,0.99,true,false,1.0,0.95,53.18,3,recommendation,amenity_gesture,in-room amenity gesture,55,14,25,36,0.8,1,3,true,true,true,false,false,false,false,false,true,false,false,true,false,true,true,synthetic_case_policy_assumption
comp-policy-comparison-v1.0.0,recovery_first,Recovery first,highest_perceived_recovery,true,case_00305,new_guest,housekeeping_miss,3,0.9,true,0.99,true,false,1.0,0.95,53.18,3,recommendation,spa_wellness_credit,Surya Spa or Recovery Suite credit,275,82,151,206,0.25,3,5,true,false,true,false,false,false,false,true,true,false,true,true,false,true,true,synthetic_case_policy_assumption
comp-policy-comparison-v1.0.0,intelligent_generosity,Intelligent generosity,context_aware_policy_engine,true,case_00305,new_guest,housekeeping_miss,3,0.9,true,0.99,true,false,1.0,0.95,53.18,3,recommendation,rooftop_f_and_b_credit,Calabra or Palma dining credit,150,38,60,90,0.45,2,5,true,false,true,false,false,false,false,true,true,false,true,true,false,true,true,synthetic_case_policy_assumption
comp-policy-comparison-v1.0.0,synthetic_discretionary_baseline,Synthetic discretionary baseline,replay_synthetic_history,false,case_00306,loyalty_guest,valet_or_parking_delay,3,0.62,true,0.757,true,false,1.0,0.95,51.74,3,reference_action,parking_fee_waiver,parking or destination-fee waiver,110,20,20,20,0.9,2,4,true,true,true,false,false,false,false,false,true,false,false,false,false,true,true,synthetic_case_policy_assumption
comp-policy-comparison-v1.0.0,tiered_standardization,Tiered standardization,highest_issue_fit,true,case_00306,loyalty_guest,valet_or_parking_delay,3,0.62,true,0.757,true,false,1.0,0.95,51.74,3,recommendation,parking_fee_waiver,parking or destination-fee waiver,85,7,15,30,0.9,2,4,true,true,true,false,false,false,false,false,true,false,false,true,false,true,true,synthetic_case_policy_assumption
comp-policy-comparison-v1.0.0,cost_guardrail,Guardrailed recovery,lowest_cost_adequate,true,case_00306,loyalty_guest,valet_or_parking_delay,3,0.62,true,0.757,true,false,1.0,0.95,51.74,3,recommendation,parking_fee_waiver,parking or destination-fee waiver,85,7,15,30,0.9,2,4,true,true,true,false,false,false,false,false,true,false,false,true,false,true,true,synthetic_case_policy_assumption
comp-policy-comparison-v1.0.0,recovery_first,Recovery first,highest_perceived_recovery,true,case_00306,loyalty_guest,valet_or_parking_delay,3,0.62,true,0.757,true,false,1.0,0.95,51.74,3,recommendation,spa_wellness_credit,Surya Spa or Recovery Suite credit,275,82,151,206,0.25,3,5,true,false,true,false,false,false,false,true,true,false,true,true,false,true,true,synthetic_case_policy_assumption
comp-policy-comparison-v1.0.0,intelligent_generosity,Intelligent generosity,context_aware_policy_engine,true,case_00306,loyalty_guest,valet_or_parking_delay,3,0.62,true,0.757,true,false,1.0,0.95,51.74,3,recommendation,rooftop_f_and_b_credit,Calabra or Palma dining credit,150,38,60,90,0.45,2,5,true,false,true,false,false,false,false,true,true,false,true,true,false,true,true,synthetic_case_policy_assumption
comp-policy-comparison-v1.0.0,synthetic_discretionary_baseline,Synthetic discretionary baseline,replay_synthetic_history,false,case_00307,event_or_suite_guest,housekeeping_miss,3,0.9,false,0.765,false,false,1.0,0.95,72.94,4,reference_action,manager_note,manager note and personal follow-up,0,0,0,0,0.72,1,3,true,false,false,true,true,false,false,false,false,false,false,false,false,true,true,synthetic_case_policy_assumption
comp-policy-comparison-v1.0.0,tiered_standardization,Tiered standardization,highest_issue_fit,true,case_00307,event_or_suite_guest,housekeeping_miss,3,0.9,false,0.765,false,false,1.0,0.95,72.94,4,recommendation,amenity_gesture,in-room amenity gesture,65,16,29,42,0.8,1,3,true,false,false,true,true,false,false,false,true,false,false,true,false,true,true,synthetic_case_policy_assumption
comp-policy-comparison-v1.0.0,cost_guardrail,Guardrailed recovery,lowest_cost_adequate,true,case_00307,event_or_suite_guest,housekeeping_miss,3,0.9,false,0.765,false,false,1.0,0.95,72.94,4,recommendation,future_stay_credit,future-stay credit,260,78,156,221,0.76,4,5,true,true,true,true,false,false,false,false,false,false,false,true,false,true,true,synthetic_case_policy_assumption
comp-policy-comparison-v1.0.0,recovery_first,Recovery first,highest_perceived_recovery,true,case_00307,event_or_suite_guest,housekeeping_miss,3,0.9,false,0.765,false,false,1.0,0.95,72.94,4,recommendation,future_stay_credit,future-stay credit,260,78,156,221,0.76,4,5,true,true,true,true,false,false,false,false,false,false,false,true,false,true,true,synthetic_case_policy_assumption
comp-policy-comparison-v1.0.0,intelligent_generosity,Intelligent generosity,context_aware_policy_engine,true,case_00307,event_or_suite_guest,housekeeping_miss,3,0.9,false,0.765,false,false,1.0,0.95,72.94,4,recommendation,future_stay_credit,future-stay credit,260,78,156,221,0.76,4,5,true,true,true,true,false,false,false,false,false,false,false,true,false,true,true,synthetic_case_policy_assumption
comp-policy-comparison-v1.0.0,synthetic_discretionary_baseline,Synthetic discretionary baseline,replay_synthetic_history,false,case_00308,loyalty_guest,maintenance_issue,3,0.78,false,0.538,false,false,1.0,0.95,59.29,4,reference_action,spa_wellness_credit,Surya Spa or Recovery Suite credit,225,124,124,124,0.45,3,5,true,false,false,true,true,false,false,false,true,false,false,false,false,true,true,synthetic_case_policy_assumption
comp-policy-comparison-v1.0.0,tiered_standardization,Tiered standardization,highest_issue_fit,true,case_00308,loyalty_guest,maintenance_issue,3,0.78,false,0.538,false,false,1.0,0.95,59.29,4,recommendation,partial_room_refund,partial room refund,170,170,170,170,0.8,4,5,true,true,true,true,false,false,false,false,false,true,false,true,false,true,true,synthetic_case_policy_assumption
comp-policy-comparison-v1.0.0,cost_guardrail,Guardrailed recovery,lowest_cost_adequate,true,case_00308,loyalty_guest,maintenance_issue,3,0.78,false,0.538,false,false,1.0,0.95,59.29,4,recommendation,partial_room_refund,partial room refund,170,170,170,170,0.8,4,5,true,true,true,true,false,false,false,false,false,true,false,true,false,true,true,synthetic_case_policy_assumption
comp-policy-comparison-v1.0.0,recovery_first,Recovery first,highest_perceived_recovery,true,case_00308,loyalty_guest,maintenance_issue,3,0.78,false,0.538,false,false,1.0,0.95,59.29,4,recommendation,spa_wellness_credit,Surya Spa or Recovery Suite credit,330,99,182,248,0.45,3,5,true,false,true,true,false,false,false,true,true,false,true,true,false,true,true,synthetic_case_policy_assumption
comp-policy-comparison-v1.0.0,intelligent_generosity,Intelligent generosity,context_aware_policy_engine,true,case_00308,loyalty_guest,maintenance_issue,3,0.78,false,0.538,false,false,1.0,0.95,59.29,4,recommendation,spa_wellness_credit,Surya Spa or Recovery Suite credit,330,99,182,248,0.45,3,5,true,false,true,true,false,false,false,true,true,false,true,true,false,true,true,synthetic_case_policy_assumption
comp-policy-comparison-v1.0.0,synthetic_discretionary_baseline,Synthetic discretionary baseline,replay_synthetic_history,false,case_00309,new_guest,room_assignment_expectation_gap,3,0.74,false,0.737,false,false,0.58,0.95,55.97,3,reference_action,rooftop_f_and_b_credit,Calabra or Palma dining credit,155,62,62,62,0.45,2,5,true,false,false,false,false,false,false,false,true,false,false,false,true,false,true,synthetic_case_policy_assumption
comp-policy-comparison-v1.0.0,tiered_standardization,Tiered standardization,highest_issue_fit,true,case_00309,new_guest,room_assignment_expectation_gap,3,0.74,false,0.737,false,false,0.58,0.95,55.97,3,data_quality_hold,data_quality_hold,Data-quality hold,0,0,0,0,0.0,0,0,false,false,false,false,false,false,false,false,false,false,true,true,true,true,true,synthetic_case_policy_assumption
comp-policy-comparison-v1.0.0,cost_guardrail,Guardrailed recovery,lowest_cost_adequate,true,case_00309,new_guest,room_assignment_expectation_gap,3,0.74,false,0.737,false,false,0.58,0.95,55.97,3,data_quality_hold,data_quality_hold,Data-quality hold,0,0,0,0,0.0,0,0,false,false,false,false,false,false,false,false,false,false,true,true,true,true,true,synthetic_case_policy_assumption
comp-policy-comparison-v1.0.0,recovery_first,Recovery first,highest_perceived_recovery,true,case_00309,new_guest,room_assignment_expectation_gap,3,0.74,false,0.737,false,false,0.58,0.95,55.97,3,data_quality_hold,data_quality_hold,Data-quality hold,0,0,0,0,0.0,0,0,false,false,false,false,false,false,false,false,false,false,true,true,true,true,true,synthetic_case_policy_assumption
comp-policy-comparison-v1.0.0,intelligent_generosity,Intelligent generosity,context_aware_policy_engine,true,case_00309,new_guest,room_assignment_expectation_gap,3,0.74,false,0.737,false,false,0.58,0.95,55.97,3,data_quality_hold,data_quality_hold,Data-quality hold,0,0,0,0,0.0,0,0,false,false,false,false,false,false,false,false,false,false,true,true,true,true,true,synthetic_case_policy_assumption
comp-policy-comparison-v1.0.0,synthetic_discretionary_baseline,Synthetic discretionary baseline,replay_synthetic_history,false,case_00310,new_guest,housekeeping_miss,3,0.9,true,0.404,false,false,0.78,0.95,56.53,3,reference_unknown,no_matched_comp_record,No matched synthetic comp record,0,0,0,0,0.0,0,0,false,false,false,false,false,false,false,false,false,false,false,false,false,true,true,synthetic_case_policy_assumption
comp-policy-comparison-v1.0.0,tiered_standardization,Tiered standardization,highest_issue_fit,true,case_00310,new_guest,housekeeping_miss,3,0.9,true,0.404,false,false,0.78,0.95,56.53,3,recommendation,amenity_gesture,in-room amenity gesture,55,14,25,36,0.8,1,3,true,true,true,false,false,false,false,false,true,false,false,true,false,true,true,synthetic_case_policy_assumption
comp-policy-comparison-v1.0.0,cost_guardrail,Guardrailed recovery,lowest_cost_adequate,true,case_00310,new_guest,housekeeping_miss,3,0.9,true,0.404,false,false,0.78,0.95,56.53,3,recommendation,amenity_gesture,in-room amenity gesture,55,14,25,36,0.8,1,3,true,true,true,false,false,false,false,false,true,false,false,true,false,true,true,synthetic_case_policy_assumption
comp-policy-comparison-v1.0.0,recovery_first,Recovery first,highest_perceived_recovery,true,case_00310,new_guest,housekeeping_miss,3,0.9,true,0.404,false,false,0.78,0.95,56.53,3,recommendation,spa_wellness_credit,Surya Spa or Recovery Suite credit,275,82,151,206,0.25,3,5,true,false,true,false,false,false,false,true,true,false,true,true,false,true,true,synthetic_case_policy_assumption
comp-policy-comparison-v1.0.0,intelligent_generosity,Intelligent generosity,context_aware_policy_engine,true,case_00310,new_guest,housekeeping_miss,3,0.9,true,0.404,false,false,0.78,0.95,56.53,3,recommendation,rooftop_f_and_b_credit,Calabra or Palma dining credit,150,38,60,90,0.45,2,5,true,false,true,false,false,false,false,true,true,false,true,true,false,true,true,synthetic_case_policy_assumption
comp-policy-comparison-v1.0.0,synthetic_discretionary_baseline,Synthetic discretionary baseline,replay_synthetic_history,false,case_00311,returning_guest,rooftop_pool_access_issue,3,0.64,false,0.635,false,false,1.0,0.95,53.89,3,reference_unknown,no_matched_comp_record,No matched synthetic comp record,0,0,0,0,0.0,0,0,false,false,false,false,false,false,false,false,false,false,false,false,false,true,true,synthetic_case_policy_assumption
comp-policy-comparison-v1.0.0,tiered_standardization,Tiered standardization,highest_issue_fit,true,case_00311,returning_guest,rooftop_pool_access_issue,3,0.64,false,0.635,false,false,1.0,0.95,53.89,3,recommendation,rooftop_f_and_b_credit,Calabra or Palma dining credit,150,38,60,90,0.86,2,5,true,true,true,false,false,false,false,false,true,false,false,true,false,true,true,synthetic_case_policy_assumption
comp-policy-comparison-v1.0.0,cost_guardrail,Guardrailed recovery,lowest_cost_adequate,true,case_00311,returning_guest,rooftop_pool_access_issue,3,0.64,false,0.635,false,false,1.0,0.95,53.89,3,recommendation,rooftop_f_and_b_credit,Calabra or Palma dining credit,150,38,60,90,0.86,2,5,true,true,true,false,false,false,false,false,true,false,false,true,false,true,true,synthetic_case_policy_assumption
comp-policy-comparison-v1.0.0,recovery_first,Recovery first,highest_perceived_recovery,true,case_00311,returning_guest,rooftop_pool_access_issue,3,0.64,false,0.635,false,false,1.0,0.95,53.89,3,recommendation,rooftop_f_and_b_credit,Calabra or Palma dining credit,150,38,60,90,0.86,2,5,true,true,true,false,false,false,false,false,true,false,false,true,false,true,true,synthetic_case_policy_assumption
comp-policy-comparison-v1.0.0,intelligent_generosity,Intelligent generosity,context_aware_policy_engine,true,case_00311,returning_guest,rooftop_pool_access_issue,3,0.64,false,0.635,false,false,1.0,0.95,53.89,3,recommendation,rooftop_f_and_b_credit,Calabra or Palma dining credit,150,38,60,90,0.86,2,5,true,true,true,false,false,false,false,false,true,false,false,true,false,true,true,synthetic_case_policy_assumption
comp-policy-comparison-v1.0.0,synthetic_discretionary_baseline,Synthetic discretionary baseline,replay_synthetic_history,false,case_00312,returning_guest,rooftop_pool_access_issue,2,0.64,false,0.32,false,false,0.78,0.95,47.84,3,reference_unknown,no_matched_comp_record,No matched synthetic comp record,0,0,0,0,0.0,0,0,false,false,false,false,false,false,false,false,false,false,false,false,false,true,true,synthetic_case_policy_assumption
comp-policy-comparison-v1.0.0,tiered_standardization,Tiered standardization,highest_issue_fit,true,case_00312,returning_guest,rooftop_pool_access_issue,2,0.64,false,0.32,false,false,0.78,0.95,47.84,3,recommendation,rooftop_f_and_b_credit,Calabra or Palma dining credit,150,38,60,90,0.86,2,5,true,true,true,false,false,false,false,false,true,false,false,true,false,true,true,synthetic_case_policy_assumption
comp-policy-comparison-v1.0.0,cost_guardrail,Guardrailed recovery,lowest_cost_adequate,true,case_00312,returning_guest,rooftop_pool_access_issue,2,0.64,false,0.32,false,false,0.78,0.95,47.84,3,recommendation,rooftop_f_and_b_credit,Calabra or Palma dining credit,150,38,60,90,0.86,2,5,true,true,true,false,false,false,false,false,true,false,false,true,false,true,true,synthetic_case_policy_assumption
comp-policy-comparison-v1.0.0,recovery_first,Recovery first,highest_perceived_recovery,true,case_00312,returning_guest,rooftop_pool_access_issue,2,0.64,false,0.32,false,false,0.78,0.95,47.84,3,recommendation,rooftop_f_and_b_credit,Calabra or Palma dining credit,150,38,60,90,0.86,2,5,true,true,true,false,false,false,false,false,true,false,false,true,false,true,true,synthetic_case_policy_assumption
comp-policy-comparison-v1.0.0,intelligent_generosity,Intelligent generosity,context_aware_policy_engine,true,case_00312,returning_guest,rooftop_pool_access_issue,2,0.64,false,0.32,false,false,0.78,0.95,47.84,3,recommendation,rooftop_f_and_b_credit,Calabra or Palma dining credit,150,38,60,90,0.86,2,5,true,true,true,false,false,false,false,false,true,false,false,true,false,true,true,synthetic_case_policy_assumption
comp-policy-comparison-v1.0.0,synthetic_discretionary_baseline,Synthetic discretionary baseline,replay_synthetic_history,false,case_00313,new_guest,housekeeping_miss,5,0.95,true,0.603,false,false,1.0,0.95,77.84,5,reference_action,rooftop_f_and_b_credit,Calabra or Palma dining credit,170,68,68,68,0.45,2,5,true,false,false,true,true,false,false,false,true,false,false,false,false,true,false,synthetic_case_policy_assumption
comp-policy-comparison-v1.0.0,tiered_standardization,Tiered standardization,highest_issue_fit,true,case_00313,new_guest,housekeeping_miss,5,0.95,true,0.603,false,false,1.0,0.95,77.84,5,recommendation,amenity_gesture,in-room amenity gesture,80,20,36,52,0.8,1,3,true,false,true,true,false,false,false,false,true,false,true,true,false,true,true,synthetic_case_policy_assumption
comp-policy-comparison-v1.0.0,cost_guardrail,Guardrailed recovery,lowest_cost_adequate,true,case_00313,new_guest,housekeeping_miss,5,0.95,true,0.603,false,false,1.0,0.95,77.84,5,recommendation,partial_room_refund,partial room refund,250,250,250,250,0.78,4,5,true,true,true,true,false,false,false,false,false,true,true,true,false,true,true,synthetic_case_policy_assumption
comp-policy-comparison-v1.0.0,recovery_first,Recovery first,highest_perceived_recovery,true,case_00313,new_guest,housekeeping_miss,5,0.95,true,0.603,false,false,1.0,0.95,77.84,5,recommendation,partial_room_refund,partial room refund,250,250,250,250,0.78,4,5,true,true,true,true,false,false,false,false,false,true,true,true,false,true,true,synthetic_case_policy_assumption
comp-policy-comparison-v1.0.0,intelligent_generosity,Intelligent generosity,context_aware_policy_engine,true,case_00313,new_guest,housekeeping_miss,5,0.95,true,0.603,false,false,1.0,0.95,77.84,5,recommendation,future_stay_credit,future-stay credit,255,76,153,217,0.56,4,5,true,false,true,true,false,false,false,true,false,false,true,true,false,true,true,synthetic_case_policy_assumption
comp-policy-comparison-v1.0.0,synthetic_discretionary_baseline,Synthetic discretionary baseline,replay_synthetic_history,false,case_00314,new_guest,room_readiness_delay,2,0.88,true,0.426,false,false,0.78,0.95,49.48,3,reference_unknown,no_matched_comp_record,No matched synthetic comp record,0,0,0,0,0.0,0,0,false,false,false,false,false,false,false,false,false,false,false,false,false,true,true,synthetic_case_policy_assumption
comp-policy-comparison-v1.0.0,tiered_standardization,Tiered standardization,highest_issue_fit,true,case_00314,new_guest,room_readiness_delay,2,0.88,true,0.426,false,false,0.78,0.95,49.48,3,recommendation,late_checkout,late checkout,85,7,17,38,0.9,2,4,true,true,true,false,false,false,false,false,true,false,false,true,false,true,true,synthetic_case_policy_assumption
comp-policy-comparison-v1.0.0,cost_guardrail,Guardrailed recovery,lowest_cost_adequate,true,case_00314,new_guest,room_readiness_delay,2,0.88,true,0.426,false,false,0.78,0.95,49.48,3,recommendation,late_checkout,late checkout,85,7,17,38,0.9,2,4,true,true,true,false,false,false,false,false,true,false,false,true,false,true,true,synthetic_case_policy_assumption
comp-policy-comparison-v1.0.0,recovery_first,Recovery first,highest_perceived_recovery,true,case_00314,new_guest,room_readiness_delay,2,0.88,true,0.426,false,false,0.78,0.95,49.48,3,recommendation,room_upgrade,room upgrade,300,24,75,195,0.48,3,5,true,false,true,false,false,false,false,true,true,false,true,true,false,true,true,synthetic_case_policy_assumption
comp-policy-comparison-v1.0.0,intelligent_generosity,Intelligent generosity,context_aware_policy_engine,true,case_00314,new_guest,room_readiness_delay,2,0.88,true,0.426,false,false,0.78,0.95,49.48,3,recommendation,room_upgrade,room upgrade,300,24,75,195,0.48,3,5,true,false,true,false,false,false,false,true,true,false,true,true,false,true,true,synthetic_case_policy_assumption
comp-policy-comparison-v1.0.0,synthetic_discretionary_baseline,Synthetic discretionary baseline,replay_synthetic_history,false,case_00315,new_guest,maintenance_issue,4,0.83,true,0.413,false,false,1.0,0.95,64.93,4,reference_action,rooftop_f_and_b_credit,Calabra or Palma dining credit,145,58,58,58,0.45,2,5,true,false,false,true,true,false,false,false,true,false,false,false,false,true,true,synthetic_case_policy_assumption
comp-policy-comparison-v1.0.0,tiered_standardization,Tiered standardization,highest_issue_fit,true,case_00315,new_guest,maintenance_issue,4,0.83,true,0.413,false,false,1.0,0.95,64.93,4,recommendation,partial_room_refund,partial room refund,185,185,185,185,0.8,4,5,true,true,true,true,false,false,false,false,false,true,false,true,false,true,true,synthetic_case_policy_assumption
comp-policy-comparison-v1.0.0,cost_guardrail,Guardrailed recovery,lowest_cost_adequate,true,case_00315,new_guest,maintenance_issue,4,0.83,true,0.413,false,false,1.0,0.95,64.93,4,recommendation,partial_room_refund,partial room refund,185,185,185,185,0.8,4,5,true,true,true,true,false,false,false,false,false,true,false,true,false,true,true,synthetic_case_policy_assumption
comp-policy-comparison-v1.0.0,recovery_first,Recovery first,highest_perceived_recovery,true,case_00315,new_guest,maintenance_issue,4,0.83,true,0.413,false,false,1.0,0.95,64.93,4,recommendation,spa_wellness_credit,Surya Spa or Recovery Suite credit,330,99,182,248,0.45,3,5,true,false,true,true,false,false,false,true,true,false,true,true,false,true,true,synthetic_case_policy_assumption
comp-policy-comparison-v1.0.0,intelligent_generosity,Intelligent generosity,context_aware_policy_engine,true,case_00315,new_guest,maintenance_issue,4,0.83,true,0.413,false,false,1.0,0.95,64.93,4,recommendation,spa_wellness_credit,Surya Spa or Recovery Suite credit,330,99,182,248,0.45,3,5,true,false,true,true,false,false,false,true,true,false,true,true,false,true,true,synthetic_case_policy_assumption
comp-policy-comparison-v1.0.0,synthetic_discretionary_baseline,Synthetic discretionary baseline,replay_synthetic_history,false,case_00316,returning_guest,room_assignment_expectation_gap,4,0.79,true,0.952,true,false,1.0,0.95,68.48,4,reference_unknown,no_matched_comp_record,No matched synthetic comp record,0,0,0,0,0.0,0,0,false,false,false,true,false,false,false,false,false,false,false,false,false,true,true,synthetic_case_policy_assumption
comp-policy-comparison-v1.0.0,tiered_standardization,Tiered standardization,highest_issue_fit,true,case_00316,returning_guest,room_assignment_expectation_gap,4,0.79,true,0.952,true,false,1.0,0.95,68.48,4,recommendation,room_upgrade,room upgrade,360,29,90,234,0.9,3,5,true,true,true,true,false,false,true,false,true,false,true,true,false,true,true,synthetic_case_policy_assumption
comp-policy-comparison-v1.0.0,cost_guardrail,Guardrailed recovery,lowest_cost_adequate,true,case_00316,returning_guest,room_assignment_expectation_gap,4,0.79,true,0.952,true,false,1.0,0.95,68.48,4,recommendation,room_upgrade,room upgrade,360,29,90,234,0.9,3,5,true,true,true,true,false,false,true,false,true,false,true,true,false,true,true,synthetic_case_policy_assumption
comp-policy-comparison-v1.0.0,recovery_first,Recovery first,highest_perceived_recovery,true,case_00316,returning_guest,room_assignment_expectation_gap,4,0.79,true,0.952,true,false,1.0,0.95,68.48,4,recommendation,room_upgrade,room upgrade,360,29,90,234,0.9,3,5,true,true,true,true,false,false,true,false,true,false,true,true,false,true,true,synthetic_case_policy_assumption
comp-policy-comparison-v1.0.0,intelligent_generosity,Intelligent generosity,context_aware_policy_engine,true,case_00316,returning_guest,room_assignment_expectation_gap,4,0.79,true,0.952,true,false,1.0,0.95,68.48,4,recommendation,future_stay_credit,future-stay credit,320,96,192,272,0.56,4,5,true,false,true,true,false,false,false,true,false,false,true,true,false,true,true,synthetic_case_policy_assumption
comp-policy-comparison-v1.0.0,synthetic_discretionary_baseline,Synthetic discretionary baseline,replay_synthetic_history,false,case_00317,new_guest,valet_or_parking_delay,2,0.62,true,0.585,false,false,1.0,0.95,40.08,2,reference_action,amenity_gesture,in-room amenity gesture,60,27,27,27,0.7,1,3,true,true,true,false,false,false,false,false,true,false,false,false,false,true,true,synthetic_case_policy_assumption
comp-policy-comparison-v1.0.0,tiered_standardization,Tiered standardization,highest_issue_fit,true,case_00317,new_guest,valet_or_parking_delay,2,0.62,true,0.585,false,false,1.0,0.95,40.08,2,recommendation,parking_fee_waiver,parking or destination-fee waiver,75,6,14,26,0.9,2,4,true,true,true,false,false,false,false,false,true,false,false,true,false,true,true,synthetic_case_policy_assumption
comp-policy-comparison-v1.0.0,cost_guardrail,Guardrailed recovery,lowest_cost_adequate,true,case_00317,new_guest,valet_or_parking_delay,2,0.62,true,0.585,false,false,1.0,0.95,40.08,2,recommendation,parking_fee_waiver,parking or destination-fee waiver,75,6,14,26,0.9,2,4,true,true,true,false,false,false,false,false,true,false,false,true,false,true,true,synthetic_case_policy_assumption
comp-policy-comparison-v1.0.0,recovery_first,Recovery first,highest_perceived_recovery,true,case_00317,new_guest,valet_or_parking_delay,2,0.62,true,0.585,false,false,1.0,0.95,40.08,2,recommendation,parking_fee_waiver,parking or destination-fee waiver,75,6,14,26,0.9,2,4,true,true,true,false,false,false,false,false,true,false,false,true,false,true,true,synthetic_case_policy_assumption
comp-policy-comparison-v1.0.0,intelligent_generosity,Intelligent generosity,context_aware_policy_engine,true,case_00317,new_guest,valet_or_parking_delay,2,0.62,true,0.585,false,false,1.0,0.95,40.08,2,recommendation,parking_fee_waiver,parking or destination-fee waiver,75,6,14,26,0.9,2,4,true,true,true,false,false,false,false,false,true,false,false,true,false,true,true,synthetic_case_policy_assumption
comp-policy-comparison-v1.0.0,synthetic_discretionary_baseline,Synthetic discretionary baseline,replay_synthetic_history,false,case_00318,new_guest,housekeeping_miss,1,0.9,false,0.45,false,false,1.0,0.95,41.13,2,reference_unknown,no_matched_comp_record,No matched synthetic comp record,0,0,0,0,0.0,0,0,false,false,false,false,false,false,false,false,false,false,false,false,false,true,true,synthetic_case_policy_assumption
comp-policy-comparison-v1.0.0,tiered_standardization,Tiered standardization,highest_issue_fit,true,case_00318,new_guest,housekeeping_miss,1,0.9,false,0.45,false,false,1.0,0.95,41.13,2,recommendation,amenity_gesture,in-room amenity gesture,50,12,22,32,0.8,1,3,true,true,true,false,false,false,false,false,true,false,false,true,false,true,true,synthetic_case_policy_assumption
comp-policy-comparison-v1.0.0,cost_guardrail,Guardrailed recovery,lowest_cost_adequate,true,case_00318,new_guest,housekeeping_miss,1,0.9,false,0.45,false,false,1.0,0.95,41.13,2,recommendation,amenity_gesture,in-room amenity gesture,50,12,22,32,0.8,1,3,true,true,true,false,false,false,false,false,true,false,false,true,false,true,true,synthetic_case_policy_assumption
comp-policy-comparison-v1.0.0,recovery_first,Recovery first,highest_perceived_recovery,true,case_00318,new_guest,housekeeping_miss,1,0.9,false,0.45,false,false,1.0,0.95,41.13,2,recommendation,rooftop_f_and_b_credit,Calabra or Palma dining credit,135,34,54,81,0.45,2,5,true,false,true,false,false,false,false,true,true,false,true,true,false,true,true,synthetic_case_policy_assumption
comp-policy-comparison-v1.0.0,intelligent_generosity,Intelligent generosity,context_aware_policy_engine,true,case_00318,new_guest,housekeeping_miss,1,0.9,false,0.45,false,false,1.0,0.95,41.13,2,recommendation,rooftop_f_and_b_credit,Calabra or Palma dining credit,135,34,54,81,0.45,2,5,true,false,true,false,false,false,false,true,true,false,true,true,false,true,true,synthetic_case_policy_assumption
comp-policy-comparison-v1.0.0,synthetic_discretionary_baseline,Synthetic discretionary baseline,replay_synthetic_history,false,case_00319,new_guest,maintenance_issue,3,0.78,false,0.844,true,false,1.0,0.95,60.1,4,reference_unknown,no_matched_comp_record,No matched synthetic comp record,0,0,0,0,0.0,0,0,false,false,false,true,false,false,false,false,false,false,false,false,false,true,true,synthetic_case_policy_assumption
comp-policy-comparison-v1.0.0,tiered_standardization,Tiered standardization,highest_issue_fit,true,case_00319,new_guest,maintenance_issue,3,0.78,false,0.844,true,false,1.0,0.95,60.1,4,recommendation,partial_room_refund,partial room refund,155,155,155,155,0.8,4,5,true,true,true,true,false,false,false,false,false,true,false,true,false,true,true,synthetic_case_policy_assumption
comp-policy-comparison-v1.0.0,cost_guardrail,Guardrailed recovery,lowest_cost_adequate,true,case_00319,new_guest,maintenance_issue,3,0.78,false,0.844,true,false,1.0,0.95,60.1,4,recommendation,partial_room_refund,partial room refund,155,155,155,155,0.8,4,5,true,true,true,true,false,false,false,false,false,true,false,true,false,true,true,synthetic_case_policy_assumption
comp-policy-comparison-v1.0.0,recovery_first,Recovery first,highest_perceived_recovery,true,case_00319,new_guest,maintenance_issue,3,0.78,false,0.844,true,false,1.0,0.95,60.1,4,recommendation,spa_wellness_credit,Surya Spa or Recovery Suite credit,330,99,182,248,0.45,3,5,true,false,true,true,false,false,false,true,true,false,true,true,false,true,true,synthetic_case_policy_assumption
comp-policy-comparison-v1.0.0,intelligent_generosity,Intelligent generosity,context_aware_policy_engine,true,case_00319,new_guest,maintenance_issue,3,0.78,false,0.844,true,false,1.0,0.95,60.1,4,recommendation,spa_wellness_credit,Surya Spa or Recovery Suite credit,330,99,182,248,0.45,3,5,true,false,true,true,false,false,false,true,true,false,true,true,false,true,true,synthetic_case_policy_assumption
comp-policy-comparison-v1.0.0,synthetic_discretionary_baseline,Synthetic discretionary baseline,replay_synthetic_history,false,case_00320,new_guest,rooftop_pool_access_issue,1,0.64,false,0.365,false,false,1.0,0.95,36.57,2,reference_action,lobby_lounge_credit,Palma lounge credit,90,34,34,34,0.52,2,4,true,false,false,false,false,false,false,false,true,false,false,false,false,true,true,synthetic_case_policy_assumption
comp-policy-comparison-v1.0.0,tiered_standardization,Tiered standardization,highest_issue_fit,true,case_00320,new_guest,rooftop_pool_access_issue,1,0.64,false,0.365,false,false,1.0,0.95,36.57,2,recommendation,rooftop_f_and_b_credit,Calabra or Palma dining credit,135,34,54,81,0.86,2,5,true,true,true,false,false,false,false,false,true,false,false,true,false,true,true,synthetic_case_policy_assumption
comp-policy-comparison-v1.0.0,cost_guardrail,Guardrailed recovery,lowest_cost_adequate,true,case_00320,new_guest,rooftop_pool_access_issue,1,0.64,false,0.365,false,false,1.0,0.95,36.57,2,recommendation,rooftop_f_and_b_credit,Calabra or Palma dining credit,135,34,54,81,0.86,2,5,true,true,true,false,false,false,false,false,true,false,false,true,false,true,true,synthetic_case_policy_assumption
comp-policy-comparison-v1.0.0,recovery_first,Recovery first,highest_perceived_recovery,true,case_00320,new_guest,rooftop_pool_access_issue,1,0.64,false,0.365,false,false,1.0,0.95,36.57,2,recommendation,rooftop_f_and_b_credit,Calabra or Palma dining credit,135,34,54,81,0.86,2,5,true,true,true,false,false,false,false,false,true,false,false,true,false,true,true,synthetic_case_policy_assumption
comp-policy-comparison-v1.0.0,intelligent_generosity,Intelligent generosity,context_aware_policy_engine,true,case_00320,new_guest,rooftop_pool_access_issue,1,0.64,false,0.365,false,false,1.0,0.95,36.57,2,recommendation,rooftop_f_and_b_credit,Calabra or Palma dining credit,135,34,54,81,0.86,2,5,true,true,true,false,false,false,false,false,true,false,false,true,false,true,true,synthetic_case_policy_assumption
comp-policy-comparison-v1.0.0,synthetic_discretionary_baseline,Synthetic discretionary baseline,replay_synthetic_history,false,case_00321,returning_guest,spa_wellness_service_issue,2,0.74,false,0.611,false,false,1.0,0.95,48.97,3,reference_unknown,no_matched_comp_record,No matched synthetic comp record,0,0,0,0,0.0,0,0,false,false,false,false,false,false,false,false,false,false,false,false,false,true,true,synthetic_case_policy_assumption
comp-policy-comparison-v1.0.0,tiered_standardization,Tiered standardization,highest_issue_fit,true,case_00321,returning_guest,spa_wellness_service_issue,2,0.74,false,0.611,false,false,1.0,0.95,48.97,3,recommendation,spa_wellness_credit,Surya Spa or Recovery Suite credit,275,82,151,206,0.9,3,5,true,true,true,false,false,false,false,false,true,false,false,true,false,true,true,synthetic_case_policy_assumption
comp-policy-comparison-v1.0.0,cost_guardrail,Guardrailed recovery,lowest_cost_adequate,true,case_00321,returning_guest,spa_wellness_service_issue,2,0.74,false,0.611,false,false,1.0,0.95,48.97,3,recommendation,spa_wellness_credit,Surya Spa or Recovery Suite credit,275,82,151,206,0.9,3,5,true,true,true,false,false,false,false,false,true,false,false,true,false,true,true,synthetic_case_policy_assumption
comp-policy-comparison-v1.0.0,recovery_first,Recovery first,highest_perceived_recovery,true,case_00321,returning_guest,spa_wellness_service_issue,2,0.74,false,0.611,false,false,1.0,0.95,48.97,3,recommendation,spa_wellness_credit,Surya Spa or Recovery Suite credit,275,82,151,206,0.9,3,5,true,true,true,false,false,false,false,false,true,false,false,true,false,true,true,synthetic_case_policy_assumption
comp-policy-comparison-v1.0.0,intelligent_generosity,Intelligent generosity,context_aware_policy_engine,true,case_00321,returning_guest,spa_wellness_service_issue,2,0.74,false,0.611,false,false,1.0,0.95,48.97,3,recommendation,spa_wellness_credit,Surya Spa or Recovery Suite credit,275,82,151,206,0.9,3,5,true,true,true,false,false,false,false,false,true,false,false,true,false,true,true,synthetic_case_policy_assumption
comp-policy-comparison-v1.0.0,synthetic_discretionary_baseline,Synthetic discretionary baseline,replay_synthetic_history,false,case_00322,returning_guest,f_and_b_service_lapse,2,0.7,true,0.55,false,false,1.0,0.95,43.58,3,reference_unknown,no_matched_comp_record,No matched synthetic comp record,0,0,0,0,0.0,0,0,false,false,false,false,false,false,false,false,false,false,false,false,false,true,true,synthetic_case_policy_assumption
comp-policy-comparison-v1.0.0,tiered_standardization,Tiered standardization,highest_issue_fit,true,case_00322,returning_guest,f_and_b_service_lapse,2,0.7,true,0.55,false,false,1.0,0.95,43.58,3,recommendation,rooftop_f_and_b_credit,Calabra or Palma dining credit,150,38,60,90,0.88,2,5,true,true,true,false,false,false,false,false,true,false,false,true,false,true,true,synthetic_case_policy_assumption
comp-policy-comparison-v1.0.0,cost_guardrail,Guardrailed recovery,lowest_cost_adequate,true,case_00322,returning_guest,f_and_b_service_lapse,2,0.7,true,0.55,false,false,1.0,0.95,43.58,3,recommendation,rooftop_f_and_b_credit,Calabra or Palma dining credit,150,38,60,90,0.88,2,5,true,true,true,false,false,false,false,false,true,false,false,true,false,true,true,synthetic_case_policy_assumption
comp-policy-comparison-v1.0.0,recovery_first,Recovery first,highest_perceived_recovery,true,case_00322,returning_guest,f_and_b_service_lapse,2,0.7,true,0.55,false,false,1.0,0.95,43.58,3,recommendation,rooftop_f_and_b_credit,Calabra or Palma dining credit,150,38,60,90,0.88,2,5,true,true,true,false,false,false,false,false,true,false,false,true,false,true,true,synthetic_case_policy_assumption
comp-policy-comparison-v1.0.0,intelligent_generosity,Intelligent generosity,context_aware_policy_engine,true,case_00322,returning_guest,f_and_b_service_lapse,2,0.7,true,0.55,false,false,1.0,0.95,43.58,3,recommendation,rooftop_f_and_b_credit,Calabra or Palma dining credit,150,38,60,90,0.88,2,5,true,true,true,false,false,false,false,false,true,false,false,true,false,true,true,synthetic_case_policy_assumption
comp-policy-comparison-v1.0.0,synthetic_discretionary_baseline,Synthetic discretionary baseline,replay_synthetic_history,false,case_00323,new_guest,maintenance_issue,4,0.83,true,0.659,false,false,1.0,0.95,65.23,4,reference_action,rooftop_f_and_b_credit,Calabra or Palma dining credit,125,50,50,50,0.45,2,5,true,false,false,true,true,false,false,false,true,false,false,false,false,true,true,synthetic_case_policy_assumption
comp-policy-comparison-v1.0.0,tiered_standardization,Tiered standardization,highest_issue_fit,true,case_00323,new_guest,maintenance_issue,4,0.83,true,0.659,false,false,1.0,0.95,65.23,4,recommendation,partial_room_refund,partial room refund,150,150,150,150,0.8,4,5,true,true,true,true,false,false,false,false,false,true,false,true,false,true,true,synthetic_case_policy_assumption
comp-policy-comparison-v1.0.0,cost_guardrail,Guardrailed recovery,lowest_cost_adequate,true,case_00323,new_guest,maintenance_issue,4,0.83,true,0.659,false,false,1.0,0.95,65.23,4,recommendation,partial_room_refund,partial room refund,150,150,150,150,0.8,4,5,true,true,true,true,false,false,false,false,false,true,false,true,false,true,true,synthetic_case_policy_assumption
comp-policy-comparison-v1.0.0,recovery_first,Recovery first,highest_perceived_recovery,true,case_00323,new_guest,maintenance_issue,4,0.83,true,0.659,false,false,1.0,0.95,65.23,4,recommendation,spa_wellness_credit,Surya Spa or Recovery Suite credit,330,99,182,248,0.45,3,5,true,false,true,true,false,false,false,true,true,false,true,true,false,true,true,synthetic_case_policy_assumption
comp-policy-comparison-v1.0.0,intelligent_generosity,Intelligent generosity,context_aware_policy_engine,true,case_00323,new_guest,maintenance_issue,4,0.83,true,0.659,false,false,1.0,0.95,65.23,4,recommendation,spa_wellness_credit,Surya Spa or Recovery Suite credit,330,99,182,248,0.45,3,5,true,false,true,true,false,false,false,true,true,false,true,true,false,true,true,synthetic_case_policy_assumption
comp-policy-comparison-v1.0.0,synthetic_discretionary_baseline,Synthetic discretionary baseline,replay_synthetic_history,false,case_00324,new_guest,housekeeping_miss,5,0.95,true,0.71,true,false,1.0,0.95,75.38,4,reference_action,room_upgrade,room upgrade,360,90,90,90,0.16,3,5,true,false,false,true,true,false,true,false,true,false,false,false,false,true,true,synthetic_case_policy_assumption
comp-policy-comparison-v1.0.0,tiered_standardization,Tiered standardization,highest_issue_fit,true,case_00324,new_guest,housekeeping_miss,5,0.95,true,0.71,true,false,1.0,0.95,75.38,4,recommendation,amenity_gesture,in-room amenity gesture,65,16,29,42,0.8,1,3,true,false,false,true,true,false,false,false,true,false,false,true,false,true,true,synthetic_case_policy_assumption
comp-policy-comparison-v1.0.0,cost_guardrail,Guardrailed recovery,lowest_cost_adequate,true,case_00324,new_guest,housekeeping_miss,5,0.95,true,0.71,true,false,1.0,0.95,75.38,4,recommendation,partial_room_refund,partial room refund,150,150,150,150,0.78,4,5,true,true,true,true,false,false,false,false,false,true,false,true,false,true,true,synthetic_case_policy_assumption
comp-policy-comparison-v1.0.0,recovery_first,Recovery first,highest_perceived_recovery,true,case_00324,new_guest,housekeeping_miss,5,0.95,true,0.71,true,false,1.0,0.95,75.38,4,recommendation,future_stay_credit,future-stay credit,195,58,117,166,0.56,4,5,true,false,true,true,false,false,false,true,false,false,true,true,false,true,true,synthetic_case_policy_assumption
comp-policy-comparison-v1.0.0,intelligent_generosity,Intelligent generosity,context_aware_policy_engine,true,case_00324,new_guest,housekeeping_miss,5,0.95,true,0.71,true,false,1.0,0.95,75.38,4,recommendation,rooftop_f_and_b_credit,Calabra or Palma dining credit,180,45,72,108,0.45,2,5,true,false,true,true,false,false,false,true,true,false,true,true,false,true,true,synthetic_case_policy_assumption
comp-policy-comparison-v1.0.0,synthetic_discretionary_baseline,Synthetic discretionary baseline,replay_synthetic_history,false,case_00325,vip_guest,rooftop_pool_access_issue,2,0.64,true,0.328,false,false,1.0,0.95,43.78,3,reference_unknown,no_matched_comp_record,No matched synthetic comp record,0,0,0,0,0.0,0,0,false,false,false,false,false,false,false,false,false,false,false,false,false,true,true,synthetic_case_policy_assumption
comp-policy-comparison-v1.0.0,tiered_standardization,Tiered standardization,highest_issue_fit,true,case_00325,vip_guest,rooftop_pool_access_issue,2,0.64,true,0.328,false,false,1.0,0.95,43.78,3,recommendation,rooftop_f_and_b_credit,Calabra or Palma dining credit,150,38,60,90,0.86,2,5,true,true,true,false,false,false,false,false,true,false,false,true,false,true,true,synthetic_case_policy_assumption
comp-policy-comparison-v1.0.0,cost_guardrail,Guardrailed recovery,lowest_cost_adequate,true,case_00325,vip_guest,rooftop_pool_access_issue,2,0.64,true,0.328,false,false,1.0,0.95,43.78,3,recommendation,rooftop_f_and_b_credit,Calabra or Palma dining credit,150,38,60,90,0.86,2,5,true,true,true,false,false,false,false,false,true,false,false,true,false,true,true,synthetic_case_policy_assumption
comp-policy-comparison-v1.0.0,recovery_first,Recovery first,highest_perceived_recovery,true,case_00325,vip_guest,rooftop_pool_access_issue,2,0.64,true,0.328,false,false,1.0,0.95,43.78,3,recommendation,rooftop_f_and_b_credit,Calabra or Palma dining credit,150,38,60,90,0.86,2,5,true,true,true,false,false,false,false,false,true,false,false,true,false,true,true,synthetic_case_policy_assumption
comp-policy-comparison-v1.0.0,intelligent_generosity,Intelligent generosity,context_aware_policy_engine,true,case_00325,vip_guest,rooftop_pool_access_issue,2,0.64,true,0.328,false,false,1.0,0.95,43.78,3,recommendation,rooftop_f_and_b_credit,Calabra or Palma dining credit,150,38,60,90,0.86,2,5,true,true,true,false,false,false,false,false,true,false,false,true,false,true,true,synthetic_case_policy_assumption
comp-policy-comparison-v1.0.0,synthetic_discretionary_baseline,Synthetic discretionary baseline,replay_synthetic_history,false,case_00326,new_guest,maintenance_issue,2,0.78,false,0.99,true,false,1.0,0.95,47.9,3,reference_action,lobby_lounge_credit,Palma lounge credit,130,49,49,49,0.52,2,4,true,false,false,false,false,false,false,false,true,false,false,false,false,true,true,synthetic_case_policy_assumption
comp-policy-comparison-v1.0.0,tiered_standardization,Tiered standardization,highest_issue_fit,true,case_00326,new_guest,maintenance_issue,2,0.78,false,0.99,true,false,1.0,0.95,47.9,3,recommendation,manager_note,manager note and personal follow-up,0,0,0,0,0.72,1,3,true,true,true,false,false,false,false,true,false,false,true,true,false,true,true,synthetic_case_policy_assumption
comp-policy-comparison-v1.0.0,cost_guardrail,Guardrailed recovery,lowest_cost_adequate,true,case_00326,new_guest,maintenance_issue,2,0.78,false,0.99,true,false,1.0,0.95,47.9,3,recommendation,manager_note,manager note and personal follow-up,0,0,0,0,0.72,1,3,true,true,true,false,false,false,false,true,false,false,true,true,false,true,true,synthetic_case_policy_assumption
comp-policy-comparison-v1.0.0,recovery_first,Recovery first,highest_perceived_recovery,true,case_00326,new_guest,maintenance_issue,2,0.78,false,0.99,true,false,1.0,0.95,47.9,3,recommendation,spa_wellness_credit,Surya Spa or Recovery Suite credit,275,82,151,206,0.45,3,5,true,false,true,false,false,false,false,true,true,false,true,true,false,true,true,synthetic_case_policy_assumption
comp-policy-comparison-v1.0.0,intelligent_generosity,Intelligent generosity,context_aware_policy_engine,true,case_00326,new_guest,maintenance_issue,2,0.78,false,0.99,true,false,1.0,0.95,47.9,3,recommendation,spa_wellness_credit,Surya Spa or Recovery Suite credit,275,82,151,206,0.45,3,5,true,false,true,false,false,false,false,true,true,false,true,true,false,true,true,synthetic_case_policy_assumption
comp-policy-comparison-v1.0.0,synthetic_discretionary_baseline,Synthetic discretionary baseline,replay_synthetic_history,false,case_00327,vip_guest,valet_or_parking_delay,3,0.62,true,0.788,false,false,1.0,0.95,56.53,3,reference_unknown,no_matched_comp_record,No matched synthetic comp record,0,0,0,0,0.0,0,0,false,false,false,false,false,false,false,false,false,false,false,false,false,true,true,synthetic_case_policy_assumption
comp-policy-comparison-v1.0.0,tiered_standardization,Tiered standardization,highest_issue_fit,true,case_00327,vip_guest,valet_or_parking_delay,3,0.62,true,0.788,false,false,1.0,0.95,56.53,3,recommendation,parking_fee_waiver,parking or destination-fee waiver,85,7,15,30,0.9,2,4,true,true,true,false,false,false,false,false,true,false,false,true,false,true,true,synthetic_case_policy_assumption
comp-policy-comparison-v1.0.0,cost_guardrail,Guardrailed recovery,lowest_cost_adequate,true,case_00327,vip_guest,valet_or_parking_delay,3,0.62,true,0.788,false,false,1.0,0.95,56.53,3,recommendation,parking_fee_waiver,parking or destination-fee waiver,85,7,15,30,0.9,2,4,true,true,true,false,false,false,false,false,true,false,false,true,false,true,true,synthetic_case_policy_assumption
comp-policy-comparison-v1.0.0,recovery_first,Recovery first,highest_perceived_recovery,true,case_00327,vip_guest,valet_or_parking_delay,3,0.62,true,0.788,false,false,1.0,0.95,56.53,3,recommendation,spa_wellness_credit,Surya Spa or Recovery Suite credit,275,82,151,206,0.25,3,5,true,false,true,false,false,false,false,true,true,false,true,true,false,true,true,synthetic_case_policy_assumption
comp-policy-comparison-v1.0.0,intelligent_generosity,Intelligent generosity,context_aware_policy_engine,true,case_00327,vip_guest,valet_or_parking_delay,3,0.62,true,0.788,false,false,1.0,0.95,56.53,3,recommendation,parking_fee_waiver,parking or destination-fee waiver,85,7,15,30,0.9,2,4,true,true,true,false,false,false,false,false,true,false,false,true,false,true,true,synthetic_case_policy_assumption
comp-policy-comparison-v1.0.0,synthetic_discretionary_baseline,Synthetic discretionary baseline,replay_synthetic_history,false,case_00328,new_guest,room_readiness_delay,5,0.93,true,0.32,false,false,1.0,0.95,71.03,4,reference_action,room_upgrade,room upgrade,260,65,65,65,0.48,3,5,true,false,false,true,true,false,false,false,true,false,false,false,false,true,true,synthetic_case_policy_assumption
comp-policy-comparison-v1.0.0,tiered_standardization,Tiered standardization,highest_issue_fit,true,case_00328,new_guest,room_readiness_delay,5,0.93,true,0.32,false,false,1.0,0.95,71.03,4,recommendation,late_checkout,late checkout,100,8,20,45,0.9,2,4,true,true,true,true,false,false,false,false,true,false,false,true,false,true,true,synthetic_case_policy_assumption
comp-policy-comparison-v1.0.0,cost_guardrail,Guardrailed recovery,lowest_cost_adequate,true,case_00328,new_guest,room_readiness_delay,5,0.93,true,0.32,false,false,1.0,0.95,71.03,4,recommendation,late_checkout,late checkout,100,8,20,45,0.9,2,4,true,true,true,true,false,false,false,false,true,false,false,true,false,true,true,synthetic_case_policy_assumption
comp-policy-comparison-v1.0.0,recovery_first,Recovery first,highest_perceived_recovery,true,case_00328,new_guest,room_readiness_delay,5,0.93,true,0.32,false,false,1.0,0.95,71.03,4,recommendation,room_upgrade,room upgrade,360,29,90,234,0.48,3,5,true,false,true,true,false,false,false,true,true,false,true,true,false,true,true,synthetic_case_policy_assumption
comp-policy-comparison-v1.0.0,intelligent_generosity,Intelligent generosity,context_aware_policy_engine,true,case_00328,new_guest,room_readiness_delay,5,0.93,true,0.32,false,false,1.0,0.95,71.03,4,recommendation,room_upgrade,room upgrade,360,29,90,234,0.48,3,5,true,false,true,true,false,false,false,true,true,false,true,true,false,true,true,synthetic_case_policy_assumption
comp-policy-comparison-v1.0.0,synthetic_discretionary_baseline,Synthetic discretionary baseline,replay_synthetic_history,false,case_00329,returning_guest,rooftop_pool_access_issue,1,0.64,true,0.659,false,false,1.0,0.95,37.85,2,reference_action,manager_note,manager note and personal follow-up,0,0,0,0,0.72,1,3,true,true,true,false,false,false,false,false,false,false,false,false,false,true,true,synthetic_case_policy_assumption
comp-policy-comparison-v1.0.0,tiered_standardization,Tiered standardization,highest_issue_fit,true,case_00329,returning_guest,rooftop_pool_access_issue,1,0.64,true,0.659,false,false,1.0,0.95,37.85,2,recommendation,rooftop_f_and_b_credit,Calabra or Palma dining credit,135,34,54,81,0.86,2,5,true,true,true,false,false,false,false,false,true,false,false,true,false,true,true,synthetic_case_policy_assumption
comp-policy-comparison-v1.0.0,cost_guardrail,Guardrailed recovery,lowest_cost_adequate,true,case_00329,returning_guest,rooftop_pool_access_issue,1,0.64,true,0.659,false,false,1.0,0.95,37.85,2,recommendation,rooftop_f_and_b_credit,Calabra or Palma dining credit,135,34,54,81,0.86,2,5,true,true,true,false,false,false,false,false,true,false,false,true,false,true,true,synthetic_case_policy_assumption
comp-policy-comparison-v1.0.0,recovery_first,Recovery first,highest_perceived_recovery,true,case_00329,returning_guest,rooftop_pool_access_issue,1,0.64,true,0.659,false,false,1.0,0.95,37.85,2,recommendation,rooftop_f_and_b_credit,Calabra or Palma dining credit,135,34,54,81,0.86,2,5,true,true,true,false,false,false,false,false,true,false,false,true,false,true,true,synthetic_case_policy_assumption
comp-policy-comparison-v1.0.0,intelligent_generosity,Intelligent generosity,context_aware_policy_engine,true,case_00329,returning_guest,rooftop_pool_access_issue,1,0.64,true,0.659,false,false,1.0,0.95,37.85,2,recommendation,rooftop_f_and_b_credit,Calabra or Palma dining credit,135,34,54,81,0.86,2,5,true,true,true,false,false,false,false,false,true,false,false,true,false,true,true,synthetic_case_policy_assumption
comp-policy-comparison-v1.0.0,synthetic_discretionary_baseline,Synthetic discretionary baseline,replay_synthetic_history,false,case_00330,new_guest,valet_or_parking_delay,3,0.62,true,0.698,false,false,1.0,0.95,49.73,3,reference_action,parking_fee_waiver,parking or destination-fee waiver,120,22,22,22,0.9,2,4,true,true,true,false,false,false,false,false,true,false,false,false,false,true,true,synthetic_case_policy_assumption
comp-policy-comparison-v1.0.0,tiered_standardization,Tiered standardization,highest_issue_fit,true,case_00330,new_guest,valet_or_parking_delay,3,0.62,true,0.698,false,false,1.0,0.95,49.73,3,recommendation,parking_fee_waiver,parking or destination-fee waiver,85,7,15,30,0.9,2,4,true,true,true,false,false,false,false,false,true,false,false,true,false,true,true,synthetic_case_policy_assumption
comp-policy-comparison-v1.0.0,cost_guardrail,Guardrailed recovery,lowest_cost_adequate,true,case_00330,new_guest,valet_or_parking_delay,3,0.62,true,0.698,false,false,1.0,0.95,49.73,3,recommendation,parking_fee_waiver,parking or destination-fee waiver,85,7,15,30,0.9,2,4,true,true,true,false,false,false,false,false,true,false,false,true,false,true,true,synthetic_case_policy_assumption
comp-policy-comparison-v1.0.0,recovery_first,Recovery first,highest_perceived_recovery,true,case_00330,new_guest,valet_or_parking_delay,3,0.62,true,0.698,false,false,1.0,0.95,49.73,3,recommendation,spa_wellness_credit,Surya Spa or Recovery Suite credit,275,82,151,206,0.25,3,5,true,false,true,false,false,false,false,true,true,false,true,true,false,true,true,synthetic_case_policy_assumption
comp-policy-comparison-v1.0.0,intelligent_generosity,Intelligent generosity,context_aware_policy_engine,true,case_00330,new_guest,valet_or_parking_delay,3,0.62,true,0.698,false,false,1.0,0.95,49.73,3,recommendation,parking_fee_waiver,parking or destination-fee waiver,85,7,15,30,0.9,2,4,true,true,true,false,false,false,false,false,true,false,false,true,false,true,true,synthetic_case_policy_assumption
comp-policy-comparison-v1.0.0,synthetic_discretionary_baseline,Synthetic discretionary baseline,replay_synthetic_history,false,case_00331,returning_guest,noise_disruption,4,0.53,false,0.568,false,false,1.0,0.95,61.66,4,reference_action,lobby_lounge_credit,Palma lounge credit,75,28,28,28,0.52,2,4,true,false,false,true,true,false,false,false,true,false,false,false,false,true,true,synthetic_case_policy_assumption
comp-policy-comparison-v1.0.0,tiered_standardization,Tiered standardization,highest_issue_fit,true,case_00331,returning_guest,noise_disruption,4,0.53,false,0.568,false,false,1.0,0.95,61.66,4,recommendation,amenity_gesture,in-room amenity gesture,65,16,29,42,0.78,1,3,true,false,false,true,true,false,false,false,true,false,false,true,false,true,true,synthetic_case_policy_assumption
comp-policy-comparison-v1.0.0,cost_guardrail,Guardrailed recovery,lowest_cost_adequate,true,case_00331,returning_guest,noise_disruption,4,0.53,false,0.568,false,false,1.0,0.95,61.66,4,recommendation,spa_wellness_credit,Surya Spa or Recovery Suite credit,330,99,182,248,0.62,3,5,true,true,true,true,false,false,false,true,true,false,true,true,false,true,true,synthetic_case_policy_assumption
comp-policy-comparison-v1.0.0,recovery_first,Recovery first,highest_perceived_recovery,true,case_00331,returning_guest,noise_disruption,4,0.53,false,0.568,false,false,1.0,0.95,61.66,4,recommendation,spa_wellness_credit,Surya Spa or Recovery Suite credit,330,99,182,248,0.62,3,5,true,true,true,true,false,false,false,true,true,false,true,true,false,true,true,synthetic_case_policy_assumption
comp-policy-comparison-v1.0.0,intelligent_generosity,Intelligent generosity,context_aware_policy_engine,true,case_00331,returning_guest,noise_disruption,4,0.53,false,0.568,false,false,1.0,0.95,61.66,4,recommendation,spa_wellness_credit,Surya Spa or Recovery Suite credit,330,99,182,248,0.62,3,5,true,true,true,true,false,false,false,true,true,false,true,true,false,true,true,synthetic_case_policy_assumption
comp-policy-comparison-v1.0.0,synthetic_discretionary_baseline,Synthetic discretionary baseline,replay_synthetic_history,false,case_00332,new_guest,f_and_b_service_lapse,1,0.7,false,0.32,false,false,1.0,0.95,37.5,2,reference_action,rooftop_f_and_b_credit,Calabra or Palma dining credit,180,72,72,72,0.88,2,5,true,true,true,false,false,false,false,false,true,false,false,false,false,true,true,synthetic_case_policy_assumption
comp-policy-comparison-v1.0.0,tiered_standardization,Tiered standardization,highest_issue_fit,true,case_00332,new_guest,f_and_b_service_lapse,1,0.7,false,0.32,false,false,1.0,0.95,37.5,2,recommendation,rooftop_f_and_b_credit,Calabra or Palma dining credit,135,34,54,81,0.88,2,5,true,true,true,false,false,false,false,false,true,false,false,true,false,true,true,synthetic_case_policy_assumption
comp-policy-comparison-v1.0.0,cost_guardrail,Guardrailed recovery,lowest_cost_adequate,true,case_00332,new_guest,f_and_b_service_lapse,1,0.7,false,0.32,false,false,1.0,0.95,37.5,2,recommendation,rooftop_f_and_b_credit,Calabra or Palma dining credit,135,34,54,81,0.88,2,5,true,true,true,false,false,false,false,false,true,false,false,true,false,true,true,synthetic_case_policy_assumption
comp-policy-comparison-v1.0.0,recovery_first,Recovery first,highest_perceived_recovery,true,case_00332,new_guest,f_and_b_service_lapse,1,0.7,false,0.32,false,false,1.0,0.95,37.5,2,recommendation,rooftop_f_and_b_credit,Calabra or Palma dining credit,135,34,54,81,0.88,2,5,true,true,true,false,false,false,false,false,true,false,false,true,false,true,true,synthetic_case_policy_assumption
comp-policy-comparison-v1.0.0,intelligent_generosity,Intelligent generosity,context_aware_policy_engine,true,case_00332,new_guest,f_and_b_service_lapse,1,0.7,false,0.32,false,false,1.0,0.95,37.5,2,recommendation,rooftop_f_and_b_credit,Calabra or Palma dining credit,135,34,54,81,0.88,2,5,true,true,true,false,false,false,false,false,true,false,false,true,false,true,true,synthetic_case_policy_assumption
comp-policy-comparison-v1.0.0,synthetic_discretionary_baseline,Synthetic discretionary baseline,replay_synthetic_history,false,case_00333,returning_guest,room_readiness_delay,4,0.93,true,0.551,true,false,1.0,0.95,68.74,4,reference_action,late_checkout,late checkout,115,23,23,23,0.9,2,4,true,true,true,true,false,false,true,false,true,false,false,false,false,true,true,synthetic_case_policy_assumption
comp-policy-comparison-v1.0.0,tiered_standardization,Tiered standardization,highest_issue_fit,true,case_00333,returning_guest,room_readiness_delay,4,0.93,true,0.551,true,false,1.0,0.95,68.74,4,recommendation,late_checkout,late checkout,100,8,20,45,0.9,2,4,true,true,true,true,false,false,true,false,true,false,true,true,false,true,true,synthetic_case_policy_assumption
comp-policy-comparison-v1.0.0,cost_guardrail,Guardrailed recovery,lowest_cost_adequate,true,case_00333,returning_guest,room_readiness_delay,4,0.93,true,0.551,true,false,1.0,0.95,68.74,4,recommendation,late_checkout,late checkout,100,8,20,45,0.9,2,4,true,true,true,true,false,false,true,false,true,false,true,true,false,true,true,synthetic_case_policy_assumption
comp-policy-comparison-v1.0.0,recovery_first,Recovery first,highest_perceived_recovery,true,case_00333,returning_guest,room_readiness_delay,4,0.93,true,0.551,true,false,1.0,0.95,68.74,4,recommendation,room_upgrade,room upgrade,360,29,90,234,0.48,3,5,true,false,true,true,false,false,true,true,true,false,true,true,false,true,true,synthetic_case_policy_assumption
comp-policy-comparison-v1.0.0,intelligent_generosity,Intelligent generosity,context_aware_policy_engine,true,case_00333,returning_guest,room_readiness_delay,4,0.93,true,0.551,true,false,1.0,0.95,68.74,4,recommendation,rooftop_f_and_b_credit,Calabra or Palma dining credit,180,45,72,108,0.72,2,5,true,true,true,true,false,false,false,true,true,false,true,true,false,true,true,synthetic_case_policy_assumption
comp-policy-comparison-v1.0.0,synthetic_discretionary_baseline,Synthetic discretionary baseline,replay_synthetic_history,false,case_00334,returning_guest,rooftop_pool_access_issue,3,0.64,false,0.681,true,false,1.0,0.95,55.21,3,reference_unknown,no_matched_comp_record,No matched synthetic comp record,0,0,0,0,0.0,0,0,false,false,false,false,false,false,false,false,false,false,false,false,false,true,true,synthetic_case_policy_assumption
comp-policy-comparison-v1.0.0,tiered_standardization,Tiered standardization,highest_issue_fit,true,case_00334,returning_guest,rooftop_pool_access_issue,3,0.64,false,0.681,true,false,1.0,0.95,55.21,3,recommendation,rooftop_f_and_b_credit,Calabra or Palma dining credit,150,38,60,90,0.86,2,5,true,true,true,false,false,false,false,false,true,false,false,true,false,true,true,synthetic_case_policy_assumption
comp-policy-comparison-v1.0.0,cost_guardrail,Guardrailed recovery,lowest_cost_adequate,true,case_00334,returning_guest,rooftop_pool_access_issue,3,0.64,false,0.681,true,false,1.0,0.95,55.21,3,recommendation,rooftop_f_and_b_credit,Calabra or Palma dining credit,150,38,60,90,0.86,2,5,true,true,true,false,false,false,false,false,true,false,false,true,false,true,true,synthetic_case_policy_assumption
comp-policy-comparison-v1.0.0,recovery_first,Recovery first,highest_perceived_recovery,true,case_00334,returning_guest,rooftop_pool_access_issue,3,0.64,false,0.681,true,false,1.0,0.95,55.21,3,recommendation,rooftop_f_and_b_credit,Calabra or Palma dining credit,150,38,60,90,0.86,2,5,true,true,true,false,false,false,false,false,true,false,false,true,false,true,true,synthetic_case_policy_assumption
comp-policy-comparison-v1.0.0,intelligent_generosity,Intelligent generosity,context_aware_policy_engine,true,case_00334,returning_guest,rooftop_pool_access_issue,3,0.64,false,0.681,true,false,1.0,0.95,55.21,3,recommendation,rooftop_f_and_b_credit,Calabra or Palma dining credit,150,38,60,90,0.86,2,5,true,true,true,false,false,false,false,false,true,false,false,true,false,true,true,synthetic_case_policy_assumption
comp-policy-comparison-v1.0.0,synthetic_discretionary_baseline,Synthetic discretionary baseline,replay_synthetic_history,false,case_00335,returning_guest,maintenance_issue,3,0.78,true,0.717,false,false,1.0,0.95,59.34,4,reference_unknown,no_matched_comp_record,No matched synthetic comp record,0,0,0,0,0.0,0,0,false,false,false,true,false,false,false,false,false,false,false,false,false,true,true,synthetic_case_policy_assumption
comp-policy-comparison-v1.0.0,tiered_standardization,Tiered standardization,highest_issue_fit,true,case_00335,returning_guest,maintenance_issue,3,0.78,true,0.717,false,false,1.0,0.95,59.34,4,recommendation,partial_room_refund,partial room refund,160,160,160,160,0.8,4,5,true,true,true,true,false,false,false,false,false,true,false,true,false,true,true,synthetic_case_policy_assumption
comp-policy-comparison-v1.0.0,cost_guardrail,Guardrailed recovery,lowest_cost_adequate,true,case_00335,returning_guest,maintenance_issue,3,0.78,true,0.717,false,false,1.0,0.95,59.34,4,recommendation,partial_room_refund,partial room refund,160,160,160,160,0.8,4,5,true,true,true,true,false,false,false,false,false,true,false,true,false,true,true,synthetic_case_policy_assumption
comp-policy-comparison-v1.0.0,recovery_first,Recovery first,highest_perceived_recovery,true,case_00335,returning_guest,maintenance_issue,3,0.78,true,0.717,false,false,1.0,0.95,59.34,4,recommendation,spa_wellness_credit,Surya Spa or Recovery Suite credit,330,99,182,248,0.45,3,5,true,false,true,true,false,false,false,true,true,false,true,true,false,true,true,synthetic_case_policy_assumption
comp-policy-comparison-v1.0.0,intelligent_generosity,Intelligent generosity,context_aware_policy_engine,true,case_00335,returning_guest,maintenance_issue,3,0.78,true,0.717,false,false,1.0,0.95,59.34,4,recommendation,spa_wellness_credit,Surya Spa or Recovery Suite credit,330,99,182,248,0.45,3,5,true,false,true,true,false,false,false,true,true,false,true,true,false,true,true,synthetic_case_policy_assumption
comp-policy-comparison-v1.0.0,synthetic_discretionary_baseline,Synthetic discretionary baseline,replay_synthetic_history,false,case_00336,new_guest,housekeeping_miss,2,0.9,true,0.63,false,false,1.0,0.95,48.16,3,reference_action,rooftop_f_and_b_credit,Calabra or Palma dining credit,160,64,64,64,0.45,2,5,true,false,false,false,false,false,false,false,true,false,false,false,false,true,true,synthetic_case_policy_assumption
comp-policy-comparison-v1.0.0,tiered_standardization,Tiered standardization,highest_issue_fit,true,case_00336,new_guest,housekeeping_miss,2,0.9,true,0.63,false,false,1.0,0.95,48.16,3,recommendation,amenity_gesture,in-room amenity gesture,55,14,25,36,0.8,1,3,true,true,true,false,false,false,false,false,true,false,false,true,false,true,true,synthetic_case_policy_assumption
comp-policy-comparison-v1.0.0,cost_guardrail,Guardrailed recovery,lowest_cost_adequate,true,case_00336,new_guest,housekeeping_miss,2,0.9,true,0.63,false,false,1.0,0.95,48.16,3,recommendation,amenity_gesture,in-room amenity gesture,55,14,25,36,0.8,1,3,true,true,true,false,false,false,false,false,true,false,false,true,false,true,true,synthetic_case_policy_assumption
comp-policy-comparison-v1.0.0,recovery_first,Recovery first,highest_perceived_recovery,true,case_00336,new_guest,housekeeping_miss,2,0.9,true,0.63,false,false,1.0,0.95,48.16,3,recommendation,spa_wellness_credit,Surya Spa or Recovery Suite credit,275,82,151,206,0.25,3,5,true,false,true,false,false,false,false,true,true,false,true,true,false,true,true,synthetic_case_policy_assumption
comp-policy-comparison-v1.0.0,intelligent_generosity,Intelligent generosity,context_aware_policy_engine,true,case_00336,new_guest,housekeeping_miss,2,0.9,true,0.63,false,false,1.0,0.95,48.16,3,recommendation,rooftop_f_and_b_credit,Calabra or Palma dining credit,150,38,60,90,0.45,2,5,true,false,true,false,false,false,false,true,true,false,true,true,false,true,true,synthetic_case_policy_assumption
comp-policy-comparison-v1.0.0,synthetic_discretionary_baseline,Synthetic discretionary baseline,replay_synthetic_history,false,case_00337,vip_guest,housekeeping_miss,4,0.95,true,0.603,false,false,1.0,0.95,75.55,4,reference_action,amenity_gesture,in-room amenity gesture,55,25,25,25,0.8,1,3,true,false,false,true,true,false,false,false,true,false,false,false,false,true,true,synthetic_case_policy_assumption
comp-policy-comparison-v1.0.0,tiered_standardization,Tiered standardization,highest_issue_fit,true,case_00337,vip_guest,housekeeping_miss,4,0.95,true,0.603,false,false,1.0,0.95,75.55,4,recommendation,amenity_gesture,in-room amenity gesture,65,16,29,42,0.8,1,3,true,false,false,true,true,false,false,false,true,false,false,true,false,true,true,synthetic_case_policy_assumption
comp-policy-comparison-v1.0.0,cost_guardrail,Guardrailed recovery,lowest_cost_adequate,true,case_00337,vip_guest,housekeeping_miss,4,0.95,true,0.603,false,false,1.0,0.95,75.55,4,recommendation,future_stay_credit,future-stay credit,260,78,156,221,0.78,4,5,true,true,true,true,false,false,false,false,false,false,false,true,false,true,true,synthetic_case_policy_assumption
comp-policy-comparison-v1.0.0,recovery_first,Recovery first,highest_perceived_recovery,true,case_00337,vip_guest,housekeeping_miss,4,0.95,true,0.603,false,false,1.0,0.95,75.55,4,recommendation,future_stay_credit,future-stay credit,260,78,156,221,0.78,4,5,true,true,true,true,false,false,false,false,false,false,false,true,false,true,true,synthetic_case_policy_assumption
comp-policy-comparison-v1.0.0,intelligent_generosity,Intelligent generosity,context_aware_policy_engine,true,case_00337,vip_guest,housekeeping_miss,4,0.95,true,0.603,false,false,1.0,0.95,75.55,4,recommendation,future_stay_credit,future-stay credit,260,78,156,221,0.78,4,5,true,true,true,true,false,false,false,false,false,false,false,true,false,true,true,synthetic_case_policy_assumption
comp-policy-comparison-v1.0.0,synthetic_discretionary_baseline,Synthetic discretionary baseline,replay_synthetic_history,false,case_00338,new_guest,housekeeping_miss,3,0.9,true,0.967,true,false,1.0,0.95,56.38,3,reference_unknown,no_matched_comp_record,No matched synthetic comp record,0,0,0,0,0.0,0,0,false,false,false,false,false,false,false,false,false,false,false,false,false,true,true,synthetic_case_policy_assumption
comp-policy-comparison-v1.0.0,tiered_standardization,Tiered standardization,highest_issue_fit,true,case_00338,new_guest,housekeeping_miss,3,0.9,true,0.967,true,false,1.0,0.95,56.38,3,recommendation,amenity_gesture,in-room amenity gesture,55,14,25,36,0.8,1,3,true,true,true,false,false,false,false,false,true,false,false,true,false,true,true,synthetic_case_policy_assumption
comp-policy-comparison-v1.0.0,cost_guardrail,Guardrailed recovery,lowest_cost_adequate,true,case_00338,new_guest,housekeeping_miss,3,0.9,true,0.967,true,false,1.0,0.95,56.38,3,recommendation,amenity_gesture,in-room amenity gesture,55,14,25,36,0.8,1,3,true,true,true,false,false,false,false,false,true,false,false,true,false,true,true,synthetic_case_policy_assumption
comp-policy-comparison-v1.0.0,recovery_first,Recovery first,highest_perceived_recovery,true,case_00338,new_guest,housekeeping_miss,3,0.9,true,0.967,true,false,1.0,0.95,56.38,3,recommendation,spa_wellness_credit,Surya Spa or Recovery Suite credit,275,82,151,206,0.25,3,5,true,false,true,false,false,false,false,true,true,false,true,true,false,true,true,synthetic_case_policy_assumption
comp-policy-comparison-v1.0.0,intelligent_generosity,Intelligent generosity,context_aware_policy_engine,true,case_00338,new_guest,housekeeping_miss,3,0.9,true,0.967,true,false,1.0,0.95,56.38,3,recommendation,rooftop_f_and_b_credit,Calabra or Palma dining credit,150,38,60,90,0.45,2,5,true,false,true,false,false,false,false,true,true,false,true,true,false,true,true,synthetic_case_policy_assumption
comp-policy-comparison-v1.0.0,synthetic_discretionary_baseline,Synthetic discretionary baseline,replay_synthetic_history,false,case_00339,vip_guest,f_and_b_service_lapse,2,0.7,true,0.99,true,false,0.78,0.95,49.68,3,reference_unknown,no_matched_comp_record,No matched synthetic comp record,0,0,0,0,0.0,0,0,false,false,false,false,false,false,false,false,false,false,false,false,false,true,true,synthetic_case_policy_assumption
comp-policy-comparison-v1.0.0,tiered_standardization,Tiered standardization,highest_issue_fit,true,case_00339,vip_guest,f_and_b_service_lapse,2,0.7,true,0.99,true,false,0.78,0.95,49.68,3,recommendation,rooftop_f_and_b_credit,Calabra or Palma dining credit,150,38,60,90,0.88,2,5,true,true,true,false,false,false,false,false,true,false,false,true,false,true,true,synthetic_case_policy_assumption
comp-policy-comparison-v1.0.0,cost_guardrail,Guardrailed recovery,lowest_cost_adequate,true,case_00339,vip_guest,f_and_b_service_lapse,2,0.7,true,0.99,true,false,0.78,0.95,49.68,3,recommendation,rooftop_f_and_b_credit,Calabra or Palma dining credit,150,38,60,90,0.88,2,5,true,true,true,false,false,false,false,false,true,false,false,true,false,true,true,synthetic_case_policy_assumption
comp-policy-comparison-v1.0.0,recovery_first,Recovery first,highest_perceived_recovery,true,case_00339,vip_guest,f_and_b_service_lapse,2,0.7,true,0.99,true,false,0.78,0.95,49.68,3,recommendation,rooftop_f_and_b_credit,Calabra or Palma dining credit,150,38,60,90,0.88,2,5,true,true,true,false,false,false,false,false,true,false,false,true,false,true,true,synthetic_case_policy_assumption
comp-policy-comparison-v1.0.0,intelligent_generosity,Intelligent generosity,context_aware_policy_engine,true,case_00339,vip_guest,f_and_b_service_lapse,2,0.7,true,0.99,true,false,0.78,0.95,49.68,3,recommendation,rooftop_f_and_b_credit,Calabra or Palma dining credit,150,38,60,90,0.88,2,5,true,true,true,false,false,false,false,false,true,false,false,true,false,true,true,synthetic_case_policy_assumption
comp-policy-comparison-v1.0.0,synthetic_discretionary_baseline,Synthetic discretionary baseline,replay_synthetic_history,false,case_00340,new_guest,housekeeping_miss,3,0.9,true,0.32,false,false,1.0,0.95,58.58,4,reference_unknown,no_matched_comp_record,No matched synthetic comp record,0,0,0,0,0.0,0,0,false,false,false,true,false,false,false,false,false,false,false,false,false,true,true,synthetic_case_policy_assumption
comp-policy-comparison-v1.0.0,tiered_standardization,Tiered standardization,highest_issue_fit,true,case_00340,new_guest,housekeeping_miss,3,0.9,true,0.32,false,false,1.0,0.95,58.58,4,recommendation,amenity_gesture,in-room amenity gesture,65,16,29,42,0.8,1,3,true,false,false,true,true,false,false,false,true,false,false,true,false,true,true,synthetic_case_policy_assumption
comp-policy-comparison-v1.0.0,cost_guardrail,Guardrailed recovery,lowest_cost_adequate,true,case_00340,new_guest,housekeeping_miss,3,0.9,true,0.32,false,false,1.0,0.95,58.58,4,recommendation,partial_room_refund,partial room refund,150,150,150,150,0.78,4,5,true,true,true,true,false,false,false,false,false,true,false,true,false,true,true,synthetic_case_policy_assumption
comp-policy-comparison-v1.0.0,recovery_first,Recovery first,highest_perceived_recovery,true,case_00340,new_guest,housekeeping_miss,3,0.9,true,0.32,false,false,1.0,0.95,58.58,4,recommendation,partial_room_refund,partial room refund,150,150,150,150,0.78,4,5,true,true,true,true,false,false,false,false,false,true,false,true,false,true,true,synthetic_case_policy_assumption
comp-policy-comparison-v1.0.0,intelligent_generosity,Intelligent generosity,context_aware_policy_engine,true,case_00340,new_guest,housekeeping_miss,3,0.9,true,0.32,false,false,1.0,0.95,58.58,4,recommendation,rooftop_f_and_b_credit,Calabra or Palma dining credit,180,45,72,108,0.45,2,5,true,false,true,true,false,false,false,true,true,false,true,true,false,true,true,synthetic_case_policy_assumption
comp-policy-comparison-v1.0.0,synthetic_discretionary_baseline,Synthetic discretionary baseline,replay_synthetic_history,false,case_00341,loyalty_guest,rooftop_pool_access_issue,3,0.64,false,0.79,false,false,0.78,0.95,53.67,3,reference_unknown,no_matched_comp_record,No matched synthetic comp record,0,0,0,0,0.0,0,0,false,false,false,false,false,false,false,false,false,false,false,false,false,true,true,synthetic_case_policy_assumption
comp-policy-comparison-v1.0.0,tiered_standardization,Tiered standardization,highest_issue_fit,true,case_00341,loyalty_guest,rooftop_pool_access_issue,3,0.64,false,0.79,false,false,0.78,0.95,53.67,3,recommendation,rooftop_f_and_b_credit,Calabra or Palma dining credit,150,38,60,90,0.86,2,5,true,true,true,false,false,false,false,false,true,false,false,true,false,true,true,synthetic_case_policy_assumption
comp-policy-comparison-v1.0.0,cost_guardrail,Guardrailed recovery,lowest_cost_adequate,true,case_00341,loyalty_guest,rooftop_pool_access_issue,3,0.64,false,0.79,false,false,0.78,0.95,53.67,3,recommendation,rooftop_f_and_b_credit,Calabra or Palma dining credit,150,38,60,90,0.86,2,5,true,true,true,false,false,false,false,false,true,false,false,true,false,true,true,synthetic_case_policy_assumption
comp-policy-comparison-v1.0.0,recovery_first,Recovery first,highest_perceived_recovery,true,case_00341,loyalty_guest,rooftop_pool_access_issue,3,0.64,false,0.79,false,false,0.78,0.95,53.67,3,recommendation,rooftop_f_and_b_credit,Calabra or Palma dining credit,150,38,60,90,0.86,2,5,true,true,true,false,false,false,false,false,true,false,false,true,false,true,true,synthetic_case_policy_assumption
comp-policy-comparison-v1.0.0,intelligent_generosity,Intelligent generosity,context_aware_policy_engine,true,case_00341,loyalty_guest,rooftop_pool_access_issue,3,0.64,false,0.79,false,false,0.78,0.95,53.67,3,recommendation,rooftop_f_and_b_credit,Calabra or Palma dining credit,150,38,60,90,0.86,2,5,true,true,true,false,false,false,false,false,true,false,false,true,false,true,true,synthetic_case_policy_assumption
comp-policy-comparison-v1.0.0,synthetic_discretionary_baseline,Synthetic discretionary baseline,replay_synthetic_history,false,case_00342,new_guest,spa_wellness_service_issue,3,0.74,true,0.507,false,false,1.0,0.95,53.36,3,reference_action,room_upgrade,room upgrade,245,61,61,61,0.16,3,5,true,false,false,false,false,false,false,false,true,false,false,false,false,true,true,synthetic_case_policy_assumption
comp-policy-comparison-v1.0.0,tiered_standardization,Tiered standardization,highest_issue_fit,true,case_00342,new_guest,spa_wellness_service_issue,3,0.74,true,0.507,false,false,1.0,0.95,53.36,3,recommendation,spa_wellness_credit,Surya Spa or Recovery Suite credit,275,82,151,206,0.9,3,5,true,true,true,false,false,false,false,false,true,false,false,true,false,true,true,synthetic_case_policy_assumption
comp-policy-comparison-v1.0.0,cost_guardrail,Guardrailed recovery,lowest_cost_adequate,true,case_00342,new_guest,spa_wellness_service_issue,3,0.74,true,0.507,false,false,1.0,0.95,53.36,3,recommendation,spa_wellness_credit,Surya Spa or Recovery Suite credit,275,82,151,206,0.9,3,5,true,true,true,false,false,false,false,false,true,false,false,true,false,true,true,synthetic_case_policy_assumption
comp-policy-comparison-v1.0.0,recovery_first,Recovery first,highest_perceived_recovery,true,case_00342,new_guest,spa_wellness_service_issue,3,0.74,true,0.507,false,false,1.0,0.95,53.36,3,recommendation,spa_wellness_credit,Surya Spa or Recovery Suite credit,275,82,151,206,0.9,3,5,true,true,true,false,false,false,false,false,true,false,false,true,false,true,true,synthetic_case_policy_assumption
comp-policy-comparison-v1.0.0,intelligent_generosity,Intelligent generosity,context_aware_policy_engine,true,case_00342,new_guest,spa_wellness_service_issue,3,0.74,true,0.507,false,false,1.0,0.95,53.36,3,recommendation,spa_wellness_credit,Surya Spa or Recovery Suite credit,275,82,151,206,0.9,3,5,true,true,true,false,false,false,false,false,true,false,false,true,false,true,true,synthetic_case_policy_assumption
comp-policy-comparison-v1.0.0,synthetic_discretionary_baseline,Synthetic discretionary baseline,replay_synthetic_history,false,case_00343,returning_guest,spa_wellness_service_issue,3,0.74,true,0.923,true,false,1.0,0.95,58.0,4,reference_unknown,no_matched_comp_record,No matched synthetic comp record,0,0,0,0,0.0,0,0,false,false,false,true,false,false,false,false,false,false,false,false,false,true,true,synthetic_case_policy_assumption
comp-policy-comparison-v1.0.0,tiered_standardization,Tiered standardization,highest_issue_fit,true,case_00343,returning_guest,spa_wellness_service_issue,3,0.74,true,0.923,true,false,1.0,0.95,58.0,4,recommendation,spa_wellness_credit,Surya Spa or Recovery Suite credit,330,99,182,248,0.9,3,5,true,true,true,true,false,false,false,false,true,false,false,true,false,true,true,synthetic_case_policy_assumption
comp-policy-comparison-v1.0.0,cost_guardrail,Guardrailed recovery,lowest_cost_adequate,true,case_00343,returning_guest,spa_wellness_service_issue,3,0.74,true,0.923,true,false,1.0,0.95,58.0,4,recommendation,spa_wellness_credit,Surya Spa or Recovery Suite credit,330,99,182,248,0.9,3,5,true,true,true,true,false,false,false,false,true,false,false,true,false,true,true,synthetic_case_policy_assumption
comp-policy-comparison-v1.0.0,recovery_first,Recovery first,highest_perceived_recovery,true,case_00343,returning_guest,spa_wellness_service_issue,3,0.74,true,0.923,true,false,1.0,0.95,58.0,4,recommendation,spa_wellness_credit,Surya Spa or Recovery Suite credit,330,99,182,248,0.9,3,5,true,true,true,true,false,false,false,false,true,false,false,true,false,true,true,synthetic_case_policy_assumption
comp-policy-comparison-v1.0.0,intelligent_generosity,Intelligent generosity,context_aware_policy_engine,true,case_00343,returning_guest,spa_wellness_service_issue,3,0.74,true,0.923,true,false,1.0,0.95,58.0,4,recommendation,spa_wellness_credit,Surya Spa or Recovery Suite credit,330,99,182,248,0.9,3,5,true,true,true,true,false,false,false,false,true,false,false,true,false,true,true,synthetic_case_policy_assumption
comp-policy-comparison-v1.0.0,synthetic_discretionary_baseline,Synthetic discretionary baseline,replay_synthetic_history,false,case_00344,new_guest,rooftop_pool_access_issue,3,0.64,true,0.846,false,false,1.0,0.95,48.48,3,reference_action,late_checkout,late checkout,95,19,19,19,0.5,2,4,true,false,false,false,false,false,false,false,true,false,false,false,false,true,true,synthetic_case_policy_assumption
comp-policy-comparison-v1.0.0,tiered_standardization,Tiered standardization,highest_issue_fit,true,case_00344,new_guest,rooftop_pool_access_issue,3,0.64,true,0.846,false,false,1.0,0.95,48.48,3,recommendation,rooftop_f_and_b_credit,Calabra or Palma dining credit,150,38,60,90,0.86,2,5,true,true,true,false,false,false,false,false,true,false,false,true,false,true,true,synthetic_case_policy_assumption
comp-policy-comparison-v1.0.0,cost_guardrail,Guardrailed recovery,lowest_cost_adequate,true,case_00344,new_guest,rooftop_pool_access_issue,3,0.64,true,0.846,false,false,1.0,0.95,48.48,3,recommendation,rooftop_f_and_b_credit,Calabra or Palma dining credit,150,38,60,90,0.86,2,5,true,true,true,false,false,false,false,false,true,false,false,true,false,true,true,synthetic_case_policy_assumption
comp-policy-comparison-v1.0.0,recovery_first,Recovery first,highest_perceived_recovery,true,case_00344,new_guest,rooftop_pool_access_issue,3,0.64,true,0.846,false,false,1.0,0.95,48.48,3,recommendation,rooftop_f_and_b_credit,Calabra or Palma dining credit,150,38,60,90,0.86,2,5,true,true,true,false,false,false,false,false,true,false,false,true,false,true,true,synthetic_case_policy_assumption
comp-policy-comparison-v1.0.0,intelligent_generosity,Intelligent generosity,context_aware_policy_engine,true,case_00344,new_guest,rooftop_pool_access_issue,3,0.64,true,0.846,false,false,1.0,0.95,48.48,3,recommendation,rooftop_f_and_b_credit,Calabra or Palma dining credit,150,38,60,90,0.86,2,5,true,true,true,false,false,false,false,false,true,false,false,true,false,true,true,synthetic_case_policy_assumption
comp-policy-comparison-v1.0.0,synthetic_discretionary_baseline,Synthetic discretionary baseline,replay_synthetic_history,false,case_00345,event_or_suite_guest,valet_or_parking_delay,3,0.62,true,0.765,false,false,1.0,0.95,61.55,4,reference_action,parking_fee_waiver,parking or destination-fee waiver,120,22,22,22,0.9,2,4,true,true,true,true,false,false,false,false,true,false,false,false,false,true,true,synthetic_case_policy_assumption
comp-policy-comparison-v1.0.0,tiered_standardization,Tiered standardization,highest_issue_fit,true,case_00345,event_or_suite_guest,valet_or_parking_delay,3,0.62,true,0.765,false,false,1.0,0.95,61.55,4,recommendation,parking_fee_waiver,parking or destination-fee waiver,100,8,18,35,0.9,2,4,true,true,true,true,false,false,false,false,true,false,false,true,false,true,true,synthetic_case_policy_assumption
comp-policy-comparison-v1.0.0,cost_guardrail,Guardrailed recovery,lowest_cost_adequate,true,case_00345,event_or_suite_guest,valet_or_parking_delay,3,0.62,true,0.765,false,false,1.0,0.95,61.55,4,recommendation,parking_fee_waiver,parking or destination-fee waiver,100,8,18,35,0.9,2,4,true,true,true,true,false,false,false,false,true,false,false,true,false,true,true,synthetic_case_policy_assumption
comp-policy-comparison-v1.0.0,recovery_first,Recovery first,highest_perceived_recovery,true,case_00345,event_or_suite_guest,valet_or_parking_delay,3,0.62,true,0.765,false,false,1.0,0.95,61.55,4,recommendation,future_stay_credit,future-stay credit,260,78,156,221,0.76,4,5,true,true,true,true,false,false,false,false,false,false,false,true,false,true,true,synthetic_case_policy_assumption
comp-policy-comparison-v1.0.0,intelligent_generosity,Intelligent generosity,context_aware_policy_engine,true,case_00345,event_or_suite_guest,valet_or_parking_delay,3,0.62,true,0.765,false,false,1.0,0.95,61.55,4,recommendation,future_stay_credit,future-stay credit,260,78,156,221,0.76,4,5,true,true,true,true,false,false,false,false,false,false,false,true,false,true,true,synthetic_case_policy_assumption
comp-policy-comparison-v1.0.0,synthetic_discretionary_baseline,Synthetic discretionary baseline,replay_synthetic_history,false,case_00346,new_guest,room_assignment_expectation_gap,2,0.74,true,0.44,false,false,1.0,0.95,46.4,3,reference_unknown,no_matched_comp_record,No matched synthetic comp record,0,0,0,0,0.0,0,0,false,false,false,false,false,false,false,false,false,false,false,false,false,true,true,synthetic_case_policy_assumption
comp-policy-comparison-v1.0.0,tiered_standardization,Tiered standardization,highest_issue_fit,true,case_00346,new_guest,room_assignment_expectation_gap,2,0.74,true,0.44,false,false,1.0,0.95,46.4,3,recommendation,room_upgrade,room upgrade,300,24,75,195,0.9,3,5,true,true,true,false,false,false,false,false,true,false,false,true,false,true,true,synthetic_case_policy_assumption
comp-policy-comparison-v1.0.0,cost_guardrail,Guardrailed recovery,lowest_cost_adequate,true,case_00346,new_guest,room_assignment_expectation_gap,2,0.74,true,0.44,false,false,1.0,0.95,46.4,3,recommendation,room_upgrade,room upgrade,300,24,75,195,0.9,3,5,true,true,true,false,false,false,false,false,true,false,false,true,false,true,true,synthetic_case_policy_assumption
comp-policy-comparison-v1.0.0,recovery_first,Recovery first,highest_perceived_recovery,true,case_00346,new_guest,room_assignment_expectation_gap,2,0.74,true,0.44,false,false,1.0,0.95,46.4,3,recommendation,room_upgrade,room upgrade,300,24,75,195,0.9,3,5,true,true,true,false,false,false,false,false,true,false,false,true,false,true,true,synthetic_case_policy_assumption
comp-policy-comparison-v1.0.0,intelligent_generosity,Intelligent generosity,context_aware_policy_engine,true,case_00346,new_guest,room_assignment_expectation_gap,2,0.74,true,0.44,false,false,1.0,0.95,46.4,3,recommendation,room_upgrade,room upgrade,300,24,75,195,0.9,3,5,true,true,true,false,false,false,false,false,true,false,false,true,false,true,true,synthetic_case_policy_assumption
comp-policy-comparison-v1.0.0,synthetic_discretionary_baseline,Synthetic discretionary baseline,replay_synthetic_history,false,case_00347,new_guest,rooftop_pool_access_issue,2,0.64,false,0.79,false,false,1.0,0.95,44.89,3,reference_unknown,no_matched_comp_record,No matched synthetic comp record,0,0,0,0,0.0,0,0,false,false,false,false,false,false,false,false,false,false,false,false,false,true,true,synthetic_case_policy_assumption
comp-policy-comparison-v1.0.0,tiered_standardization,Tiered standardization,highest_issue_fit,true,case_00347,new_guest,rooftop_pool_access_issue,2,0.64,false,0.79,false,false,1.0,0.95,44.89,3,recommendation,rooftop_f_and_b_credit,Calabra or Palma dining credit,150,38,60,90,0.86,2,5,true,true,true,false,false,false,false,false,true,false,false,true,false,true,true,synthetic_case_policy_assumption
comp-policy-comparison-v1.0.0,cost_guardrail,Guardrailed recovery,lowest_cost_adequate,true,case_00347,new_guest,rooftop_pool_access_issue,2,0.64,false,0.79,false,false,1.0,0.95,44.89,3,recommendation,rooftop_f_and_b_credit,Calabra or Palma dining credit,150,38,60,90,0.86,2,5,true,true,true,false,false,false,false,false,true,false,false,true,false,true,true,synthetic_case_policy_assumption
comp-policy-comparison-v1.0.0,recovery_first,Recovery first,highest_perceived_recovery,true,case_00347,new_guest,rooftop_pool_access_issue,2,0.64,false,0.79,false,false,1.0,0.95,44.89,3,recommendation,rooftop_f_and_b_credit,Calabra or Palma dining credit,150,38,60,90,0.86,2,5,true,true,true,false,false,false,false,false,true,false,false,true,false,true,true,synthetic_case_policy_assumption
comp-policy-comparison-v1.0.0,intelligent_generosity,Intelligent generosity,context_aware_policy_engine,true,case_00347,new_guest,rooftop_pool_access_issue,2,0.64,false,0.79,false,false,1.0,0.95,44.89,3,recommendation,rooftop_f_and_b_credit,Calabra or Palma dining credit,150,38,60,90,0.86,2,5,true,true,true,false,false,false,false,false,true,false,false,true,false,true,true,synthetic_case_policy_assumption
comp-policy-comparison-v1.0.0,synthetic_discretionary_baseline,Synthetic discretionary baseline,replay_synthetic_history,false,case_00348,new_guest,valet_or_parking_delay,3,0.62,true,0.722,false,false,1.0,0.95,48.64,3,reference_action,parking_fee_waiver,parking or destination-fee waiver,100,18,18,18,0.9,2,4,true,true,true,false,false,false,false,false,true,false,false,false,false,true,true,synthetic_case_policy_assumption
comp-policy-comparison-v1.0.0,tiered_standardization,Tiered standardization,highest_issue_fit,true,case_00348,new_guest,valet_or_parking_delay,3,0.62,true,0.722,false,false,1.0,0.95,48.64,3,recommendation,parking_fee_waiver,parking or destination-fee waiver,85,7,15,30,0.9,2,4,true,true,true,false,false,false,false,false,true,false,false,true,false,true,true,synthetic_case_policy_assumption
comp-policy-comparison-v1.0.0,cost_guardrail,Guardrailed recovery,lowest_cost_adequate,true,case_00348,new_guest,valet_or_parking_delay,3,0.62,true,0.722,false,false,1.0,0.95,48.64,3,recommendation,parking_fee_waiver,parking or destination-fee waiver,85,7,15,30,0.9,2,4,true,true,true,false,false,false,false,false,true,false,false,true,false,true,true,synthetic_case_policy_assumption
comp-policy-comparison-v1.0.0,recovery_first,Recovery first,highest_perceived_recovery,true,case_00348,new_guest,valet_or_parking_delay,3,0.62,true,0.722,false,false,1.0,0.95,48.64,3,recommendation,spa_wellness_credit,Surya Spa or Recovery Suite credit,275,82,151,206,0.25,3,5,true,false,true,false,false,false,false,true,true,false,true,true,false,true,true,synthetic_case_policy_assumption
comp-policy-comparison-v1.0.0,intelligent_generosity,Intelligent generosity,context_aware_policy_engine,true,case_00348,new_guest,valet_or_parking_delay,3,0.62,true,0.722,false,false,1.0,0.95,48.64,3,recommendation,parking_fee_waiver,parking or destination-fee waiver,85,7,15,30,0.9,2,4,true,true,true,false,false,false,false,false,true,false,false,true,false,true,true,synthetic_case_policy_assumption
comp-policy-comparison-v1.0.0,synthetic_discretionary_baseline,Synthetic discretionary baseline,replay_synthetic_history,false,case_00349,new_guest,f_and_b_service_lapse,2,0.7,false,0.765,false,false,1.0,0.95,46.61,3,reference_action,manager_note,manager note and personal follow-up,0,0,0,0,0.72,1,3,true,true,true,false,false,false,false,false,false,false,false,false,false,true,true,synthetic_case_policy_assumption
comp-policy-comparison-v1.0.0,tiered_standardization,Tiered standardization,highest_issue_fit,true,case_00349,new_guest,f_and_b_service_lapse,2,0.7,false,0.765,false,false,1.0,0.95,46.61,3,recommendation,rooftop_f_and_b_credit,Calabra or Palma dining credit,150,38,60,90,0.88,2,5,true,true,true,false,false,false,false,false,true,false,false,true,false,true,true,synthetic_case_policy_assumption
comp-policy-comparison-v1.0.0,cost_guardrail,Guardrailed recovery,lowest_cost_adequate,true,case_00349,new_guest,f_and_b_service_lapse,2,0.7,false,0.765,false,false,1.0,0.95,46.61,3,recommendation,rooftop_f_and_b_credit,Calabra or Palma dining credit,150,38,60,90,0.88,2,5,true,true,true,false,false,false,false,false,true,false,false,true,false,true,true,synthetic_case_policy_assumption
comp-policy-comparison-v1.0.0,recovery_first,Recovery first,highest_perceived_recovery,true,case_00349,new_guest,f_and_b_service_lapse,2,0.7,false,0.765,false,false,1.0,0.95,46.61,3,recommendation,rooftop_f_and_b_credit,Calabra or Palma dining credit,150,38,60,90,0.88,2,5,true,true,true,false,false,false,false,false,true,false,false,true,false,true,true,synthetic_case_policy_assumption
comp-policy-comparison-v1.0.0,intelligent_generosity,Intelligent generosity,context_aware_policy_engine,true,case_00349,new_guest,f_and_b_service_lapse,2,0.7,false,0.765,false,false,1.0,0.95,46.61,3,recommendation,rooftop_f_and_b_credit,Calabra or Palma dining credit,150,38,60,90,0.88,2,5,true,true,true,false,false,false,false,false,true,false,false,true,false,true,true,synthetic_case_policy_assumption
comp-policy-comparison-v1.0.0,synthetic_discretionary_baseline,Synthetic discretionary baseline,replay_synthetic_history,false,case_00350,returning_guest,room_readiness_delay,2,0.88,true,0.354,false,false,1.0,0.95,47.74,3,reference_action,rooftop_f_and_b_credit,Calabra or Palma dining credit,185,74,74,74,0.72,2,5,true,true,true,false,false,false,false,false,true,false,false,false,false,true,true,synthetic_case_policy_assumption
comp-policy-comparison-v1.0.0,tiered_standardization,Tiered standardization,highest_issue_fit,true,case_00350,returning_guest,room_readiness_delay,2,0.88,true,0.354,false,false,1.0,0.95,47.74,3,recommendation,late_checkout,late checkout,85,7,17,38,0.9,2,4,true,true,true,false,false,false,false,false,true,false,false,true,false,true,true,synthetic_case_policy_assumption
comp-policy-comparison-v1.0.0,cost_guardrail,Guardrailed recovery,lowest_cost_adequate,true,case_00350,returning_guest,room_readiness_delay,2,0.88,true,0.354,false,false,1.0,0.95,47.74,3,recommendation,late_checkout,late checkout,85,7,17,38,0.9,2,4,true,true,true,false,false,false,false,false,true,false,false,true,false,true,true,synthetic_case_policy_assumption
comp-policy-comparison-v1.0.0,recovery_first,Recovery first,highest_perceived_recovery,true,case_00350,returning_guest,room_readiness_delay,2,0.88,true,0.354,false,false,1.0,0.95,47.74,3,recommendation,room_upgrade,room upgrade,300,24,75,195,0.48,3,5,true,false,true,false,false,false,false,true,true,false,true,true,false,true,true,synthetic_case_policy_assumption
comp-policy-comparison-v1.0.0,intelligent_generosity,Intelligent generosity,context_aware_policy_engine,true,case_00350,returning_guest,room_readiness_delay,2,0.88,true,0.354,false,false,1.0,0.95,47.74,3,recommendation,room_upgrade,room upgrade,300,24,75,195,0.48,3,5,true,false,true,false,false,false,false,true,true,false,true,true,false,true,true,synthetic_case_policy_assumption
comp-policy-comparison-v1.0.0,synthetic_discretionary_baseline,Synthetic discretionary baseline,replay_synthetic_history,false,case_00351,new_guest,room_readiness_delay,4,0.93,false,0.484,false,false,1.0,0.95,69.67,4,reference_action,late_checkout,late checkout,0,0,0,0,0.9,2,4,true,true,true,true,false,true,false,false,true,false,false,false,false,true,true,synthetic_case_policy_assumption
comp-policy-comparison-v1.0.0,tiered_standardization,Tiered standardization,highest_issue_fit,true,case_00351,new_guest,room_readiness_delay,4,0.93,false,0.484,false,false,1.0,0.95,69.67,4,recommendation,partial_room_refund,partial room refund,175,175,175,175,0.82,4,5,true,true,true,true,false,false,false,false,false,true,false,true,false,true,true,synthetic_case_policy_assumption
comp-policy-comparison-v1.0.0,cost_guardrail,Guardrailed recovery,lowest_cost_adequate,true,case_00351,new_guest,room_readiness_delay,4,0.93,false,0.484,false,false,1.0,0.95,69.67,4,recommendation,lobby_lounge_credit,Palma lounge credit,120,30,46,66,0.76,2,4,true,true,true,true,false,false,false,false,true,false,false,true,false,true,true,synthetic_case_policy_assumption
comp-policy-comparison-v1.0.0,recovery_first,Recovery first,highest_perceived_recovery,true,case_00351,new_guest,room_readiness_delay,4,0.93,false,0.484,false,false,1.0,0.95,69.67,4,recommendation,future_stay_credit,future-stay credit,240,72,144,204,0.7,4,5,true,true,true,true,false,false,false,true,false,false,true,true,false,true,true,synthetic_case_policy_assumption
comp-policy-comparison-v1.0.0,intelligent_generosity,Intelligent generosity,context_aware_policy_engine,true,case_00351,new_guest,room_readiness_delay,4,0.93,false,0.484,false,false,1.0,0.95,69.67,4,recommendation,rooftop_f_and_b_credit,Calabra or Palma dining credit,180,45,72,108,0.72,2,5,true,true,true,true,false,false,false,true,true,false,true,true,false,true,true,synthetic_case_policy_assumption
comp-policy-comparison-v1.0.0,synthetic_discretionary_baseline,Synthetic discretionary baseline,replay_synthetic_history,false,case_00352,loyalty_guest,maintenance_issue,2,0.78,true,0.694,false,false,1.0,0.95,48.14,3,reference_unknown,no_matched_comp_record,No matched synthetic comp record,0,0,0,0,0.0,0,0,false,false,false,false,false,false,false,false,false,false,false,false,false,true,true,synthetic_case_policy_assumption
comp-policy-comparison-v1.0.0,tiered_standardization,Tiered standardization,highest_issue_fit,true,case_00352,loyalty_guest,maintenance_issue,2,0.78,true,0.694,false,false,1.0,0.95,48.14,3,recommendation,manager_note,manager note and personal follow-up,0,0,0,0,0.72,1,3,true,true,true,false,false,false,false,true,false,false,true,true,false,true,true,synthetic_case_policy_assumption
comp-policy-comparison-v1.0.0,cost_guardrail,Guardrailed recovery,lowest_cost_adequate,true,case_00352,loyalty_guest,maintenance_issue,2,0.78,true,0.694,false,false,1.0,0.95,48.14,3,recommendation,manager_note,manager note and personal follow-up,0,0,0,0,0.72,1,3,true,true,true,false,false,false,false,true,false,false,true,true,false,true,true,synthetic_case_policy_assumption
comp-policy-comparison-v1.0.0,recovery_first,Recovery first,highest_perceived_recovery,true,case_00352,loyalty_guest,maintenance_issue,2,0.78,true,0.694,false,false,1.0,0.95,48.14,3,recommendation,spa_wellness_credit,Surya Spa or Recovery Suite credit,275,82,151,206,0.45,3,5,true,false,true,false,false,false,false,true,true,false,true,true,false,true,true,synthetic_case_policy_assumption
comp-policy-comparison-v1.0.0,intelligent_generosity,Intelligent generosity,context_aware_policy_engine,true,case_00352,loyalty_guest,maintenance_issue,2,0.78,true,0.694,false,false,1.0,0.95,48.14,3,recommendation,spa_wellness_credit,Surya Spa or Recovery Suite credit,275,82,151,206,0.45,3,5,true,false,true,false,false,false,false,true,true,false,true,true,false,true,true,synthetic_case_policy_assumption
comp-policy-comparison-v1.0.0,synthetic_discretionary_baseline,Synthetic discretionary baseline,replay_synthetic_history,false,case_00353,loyalty_guest,noise_disruption,2,0.48,true,0.752,true,false,1.0,0.95,42.36,3,reference_action,amenity_gesture,in-room amenity gesture,75,34,34,34,0.78,1,3,true,true,true,false,false,false,false,false,true,false,false,false,false,true,true,synthetic_case_policy_assumption
comp-policy-comparison-v1.0.0,tiered_standardization,Tiered standardization,highest_issue_fit,true,case_00353,loyalty_guest,noise_disruption,2,0.48,true,0.752,true,false,1.0,0.95,42.36,3,recommendation,late_checkout,late checkout,85,7,17,38,0.82,2,4,true,true,true,false,false,false,true,false,true,false,true,true,false,true,true,synthetic_case_policy_assumption
comp-policy-comparison-v1.0.0,cost_guardrail,Guardrailed recovery,lowest_cost_adequate,true,case_00353,loyalty_guest,noise_disruption,2,0.48,true,0.752,true,false,1.0,0.95,42.36,3,recommendation,late_checkout,late checkout,85,7,17,38,0.82,2,4,true,true,true,false,false,false,true,false,true,false,true,true,false,true,true,synthetic_case_policy_assumption
comp-policy-comparison-v1.0.0,recovery_first,Recovery first,highest_perceived_recovery,true,case_00353,loyalty_guest,noise_disruption,2,0.48,true,0.752,true,false,1.0,0.95,42.36,3,recommendation,spa_wellness_credit,Surya Spa or Recovery Suite credit,275,82,151,206,0.62,3,5,true,true,true,false,false,false,false,true,true,false,true,true,false,true,true,synthetic_case_policy_assumption
comp-policy-comparison-v1.0.0,intelligent_generosity,Intelligent generosity,context_aware_policy_engine,true,case_00353,loyalty_guest,noise_disruption,2,0.48,true,0.752,true,false,1.0,0.95,42.36,3,recommendation,spa_wellness_credit,Surya Spa or Recovery Suite credit,275,82,151,206,0.62,3,5,true,true,true,false,false,false,false,true,true,false,true,true,false,true,true,synthetic_case_policy_assumption
comp-policy-comparison-v1.0.0,synthetic_discretionary_baseline,Synthetic discretionary baseline,replay_synthetic_history,false,case_00354,loyalty_guest,rooftop_pool_access_issue,2,0.64,true,0.624,true,false,1.0,0.95,46.81,3,reference_action,amenity_gesture,in-room amenity gesture,70,32,32,32,0.7,1,3,true,true,true,false,false,false,false,false,true,false,false,false,false,true,true,synthetic_case_policy_assumption
comp-policy-comparison-v1.0.0,tiered_standardization,Tiered standardization,highest_issue_fit,true,case_00354,loyalty_guest,rooftop_pool_access_issue,2,0.64,true,0.624,true,false,1.0,0.95,46.81,3,recommendation,rooftop_f_and_b_credit,Calabra or Palma dining credit,150,38,60,90,0.86,2,5,true,true,true,false,false,false,false,false,true,false,false,true,false,true,true,synthetic_case_policy_assumption
comp-policy-comparison-v1.0.0,cost_guardrail,Guardrailed recovery,lowest_cost_adequate,true,case_00354,loyalty_guest,rooftop_pool_access_issue,2,0.64,true,0.624,true,false,1.0,0.95,46.81,3,recommendation,rooftop_f_and_b_credit,Calabra or Palma dining credit,150,38,60,90,0.86,2,5,true,true,true,false,false,false,false,false,true,false,false,true,false,true,true,synthetic_case_policy_assumption
comp-policy-comparison-v1.0.0,recovery_first,Recovery first,highest_perceived_recovery,true,case_00354,loyalty_guest,rooftop_pool_access_issue,2,0.64,true,0.624,true,false,1.0,0.95,46.81,3,recommendation,rooftop_f_and_b_credit,Calabra or Palma dining credit,150,38,60,90,0.86,2,5,true,true,true,false,false,false,false,false,true,false,false,true,false,true,true,synthetic_case_policy_assumption
comp-policy-comparison-v1.0.0,intelligent_generosity,Intelligent generosity,context_aware_policy_engine,true,case_00354,loyalty_guest,rooftop_pool_access_issue,2,0.64,true,0.624,true,false,1.0,0.95,46.81,3,recommendation,rooftop_f_and_b_credit,Calabra or Palma dining credit,150,38,60,90,0.86,2,5,true,true,true,false,false,false,false,false,true,false,false,true,false,true,true,synthetic_case_policy_assumption
comp-policy-comparison-v1.0.0,synthetic_discretionary_baseline,Synthetic discretionary baseline,replay_synthetic_history,false,case_00355,new_guest,room_readiness_delay,4,0.93,true,0.38,true,false,1.0,0.95,66.3,4,reference_action,partial_room_refund,partial room refund,475,475,475,475,0.82,4,5,true,true,true,true,false,false,false,false,false,true,false,false,false,true,true,synthetic_case_policy_assumption
comp-policy-comparison-v1.0.0,tiered_standardization,Tiered standardization,highest_issue_fit,true,case_00355,new_guest,room_readiness_delay,4,0.93,true,0.38,true,false,1.0,0.95,66.3,4,recommendation,late_checkout,late checkout,100,8,20,45,0.9,2,4,true,true,true,true,false,false,true,false,true,false,true,true,false,true,true,synthetic_case_policy_assumption
comp-policy-comparison-v1.0.0,cost_guardrail,Guardrailed recovery,lowest_cost_adequate,true,case_00355,new_guest,room_readiness_delay,4,0.93,true,0.38,true,false,1.0,0.95,66.3,4,recommendation,late_checkout,late checkout,100,8,20,45,0.9,2,4,true,true,true,true,false,false,true,false,true,false,true,true,false,true,true,synthetic_case_policy_assumption
comp-policy-comparison-v1.0.0,recovery_first,Recovery first,highest_perceived_recovery,true,case_00355,new_guest,room_readiness_delay,4,0.93,true,0.38,true,false,1.0,0.95,66.3,4,recommendation,room_upgrade,room upgrade,360,29,90,234,0.48,3,5,true,false,true,true,false,false,true,true,true,false,true,true,false,true,true,synthetic_case_policy_assumption
comp-policy-comparison-v1.0.0,intelligent_generosity,Intelligent generosity,context_aware_policy_engine,true,case_00355,new_guest,room_readiness_delay,4,0.93,true,0.38,true,false,1.0,0.95,66.3,4,recommendation,rooftop_f_and_b_credit,Calabra or Palma dining credit,180,45,72,108,0.72,2,5,true,true,true,true,false,false,false,true,true,false,true,true,false,true,true,synthetic_case_policy_assumption
comp-policy-comparison-v1.0.0,synthetic_discretionary_baseline,Synthetic discretionary baseline,replay_synthetic_history,false,case_00356,new_guest,billing_or_fee_dispute,2,0.55,false,0.658,true,false,1.0,0.95,42.32,3,reference_unknown,no_matched_comp_record,No matched synthetic comp record,0,0,0,0,0.0,0,0,false,false,false,false,false,false,false,false,false,false,false,false,false,true,true,synthetic_case_policy_assumption
comp-policy-comparison-v1.0.0,tiered_standardization,Tiered standardization,highest_issue_fit,true,case_00356,new_guest,billing_or_fee_dispute,2,0.55,false,0.658,true,false,1.0,0.95,42.32,3,recommendation,manager_note,manager note and personal follow-up,0,0,0,0,0.72,1,3,true,true,true,false,false,false,false,true,false,false,true,true,false,true,true,synthetic_case_policy_assumption
comp-policy-comparison-v1.0.0,cost_guardrail,Guardrailed recovery,lowest_cost_adequate,true,case_00356,new_guest,billing_or_fee_dispute,2,0.55,false,0.658,true,false,1.0,0.95,42.32,3,recommendation,manager_note,manager note and personal follow-up,0,0,0,0,0.72,1,3,true,true,true,false,false,false,false,true,false,false,true,true,false,true,true,synthetic_case_policy_assumption
comp-policy-comparison-v1.0.0,recovery_first,Recovery first,highest_perceived_recovery,true,case_00356,new_guest,billing_or_fee_dispute,2,0.55,false,0.658,true,false,1.0,0.95,42.32,3,recommendation,spa_wellness_credit,Surya Spa or Recovery Suite credit,275,82,151,206,0.25,3,5,true,false,true,false,false,false,false,true,true,false,true,true,false,true,true,synthetic_case_policy_assumption
comp-policy-comparison-v1.0.0,intelligent_generosity,Intelligent generosity,context_aware_policy_engine,true,case_00356,new_guest,billing_or_fee_dispute,2,0.55,false,0.658,true,false,1.0,0.95,42.32,3,recommendation,rooftop_f_and_b_credit,Calabra or Palma dining credit,150,38,60,90,0.45,2,5,true,false,true,false,false,false,false,true,true,false,true,true,false,true,true,synthetic_case_policy_assumption
comp-policy-comparison-v1.0.0,synthetic_discretionary_baseline,Synthetic discretionary baseline,replay_synthetic_history,false,case_00357,new_guest,room_assignment_expectation_gap,4,0.79,true,0.868,true,false,1.0,0.95,62.83,4,reference_action,partial_room_refund,partial room refund,475,475,475,475,0.75,4,5,true,true,true,true,false,false,false,false,false,true,false,false,false,true,true,synthetic_case_policy_assumption
comp-policy-comparison-v1.0.0,tiered_standardization,Tiered standardization,highest_issue_fit,true,case_00357,new_guest,room_assignment_expectation_gap,4,0.79,true,0.868,true,false,1.0,0.95,62.83,4,recommendation,room_upgrade,room upgrade,360,29,90,234,0.9,3,5,true,true,true,true,false,false,true,false,true,false,true,true,false,true,true,synthetic_case_policy_assumption
comp-policy-comparison-v1.0.0,cost_guardrail,Guardrailed recovery,lowest_cost_adequate,true,case_00357,new_guest,room_assignment_expectation_gap,4,0.79,true,0.868,true,false,1.0,0.95,62.83,4,recommendation,room_upgrade,room upgrade,360,29,90,234,0.9,3,5,true,true,true,true,false,false,true,false,true,false,true,true,false,true,true,synthetic_case_policy_assumption
comp-policy-comparison-v1.0.0,recovery_first,Recovery first,highest_perceived_recovery,true,case_00357,new_guest,room_assignment_expectation_gap,4,0.79,true,0.868,true,false,1.0,0.95,62.83,4,recommendation,room_upgrade,room upgrade,360,29,90,234,0.9,3,5,true,true,true,true,false,false,true,false,true,false,true,true,false,true,true,synthetic_case_policy_assumption
comp-policy-comparison-v1.0.0,intelligent_generosity,Intelligent generosity,context_aware_policy_engine,true,case_00357,new_guest,room_assignment_expectation_gap,4,0.79,true,0.868,true,false,1.0,0.95,62.83,4,recommendation,rooftop_f_and_b_credit,Calabra or Palma dining credit,180,45,72,108,0.45,2,5,true,false,true,true,false,false,false,true,true,false,true,true,false,true,true,synthetic_case_policy_assumption
comp-policy-comparison-v1.0.0,synthetic_discretionary_baseline,Synthetic discretionary baseline,replay_synthetic_history,false,case_00358,loyalty_guest,valet_or_parking_delay,2,0.62,false,0.928,true,false,1.0,0.95,46.0,3,reference_unknown,no_matched_comp_record,No matched synthetic comp record,0,0,0,0,0.0,0,0,false,false,false,false,false,false,false,false,false,false,false,false,false,true,true,synthetic_case_policy_assumption
comp-policy-comparison-v1.0.0,tiered_standardization,Tiered standardization,highest_issue_fit,true,case_00358,loyalty_guest,valet_or_parking_delay,2,0.62,false,0.928,true,false,1.0,0.95,46.0,3,recommendation,parking_fee_waiver,parking or destination-fee waiver,85,7,15,30,0.9,2,4,true,true,true,false,false,false,false,false,true,false,false,true,false,true,true,synthetic_case_policy_assumption
comp-policy-comparison-v1.0.0,cost_guardrail,Guardrailed recovery,lowest_cost_adequate,true,case_00358,loyalty_guest,valet_or_parking_delay,2,0.62,false,0.928,true,false,1.0,0.95,46.0,3,recommendation,parking_fee_waiver,parking or destination-fee waiver,85,7,15,30,0.9,2,4,true,true,true,false,false,false,false,false,true,false,false,true,false,true,true,synthetic_case_policy_assumption
comp-policy-comparison-v1.0.0,recovery_first,Recovery first,highest_perceived_recovery,true,case_00358,loyalty_guest,valet_or_parking_delay,2,0.62,false,0.928,true,false,1.0,0.95,46.0,3,recommendation,spa_wellness_credit,Surya Spa or Recovery Suite credit,275,82,151,206,0.25,3,5,true,false,true,false,false,false,false,true,true,false,true,true,false,true,true,synthetic_case_policy_assumption
comp-policy-comparison-v1.0.0,intelligent_generosity,Intelligent generosity,context_aware_policy_engine,true,case_00358,loyalty_guest,valet_or_parking_delay,2,0.62,false,0.928,true,false,1.0,0.95,46.0,3,recommendation,rooftop_f_and_b_credit,Calabra or Palma dining credit,150,38,60,90,0.45,2,5,true,false,true,false,false,false,false,true,true,false,true,true,false,true,true,synthetic_case_policy_assumption
comp-policy-comparison-v1.0.0,synthetic_discretionary_baseline,Synthetic discretionary baseline,replay_synthetic_history,false,case_00359,loyalty_guest,housekeeping_miss,3,0.9,true,0.631,false,false,1.0,0.95,59.74,4,reference_unknown,no_matched_comp_record,No matched synthetic comp record,0,0,0,0,0.0,0,0,false,false,false,true,false,false,false,false,false,false,false,false,false,true,true,synthetic_case_policy_assumption
comp-policy-comparison-v1.0.0,tiered_standardization,Tiered standardization,highest_issue_fit,true,case_00359,loyalty_guest,housekeeping_miss,3,0.9,true,0.631,false,false,1.0,0.95,59.74,4,recommendation,amenity_gesture,in-room amenity gesture,65,16,29,42,0.8,1,3,true,false,false,true,true,false,false,false,true,false,false,true,false,true,true,synthetic_case_policy_assumption
comp-policy-comparison-v1.0.0,cost_guardrail,Guardrailed recovery,lowest_cost_adequate,true,case_00359,loyalty_guest,housekeeping_miss,3,0.9,true,0.631,false,false,1.0,0.95,59.74,4,recommendation,partial_room_refund,partial room refund,190,190,190,190,0.78,4,5,true,true,true,true,false,false,false,false,false,true,false,true,false,true,true,synthetic_case_policy_assumption
comp-policy-comparison-v1.0.0,recovery_first,Recovery first,highest_perceived_recovery,true,case_00359,loyalty_guest,housekeeping_miss,3,0.9,true,0.631,false,false,1.0,0.95,59.74,4,recommendation,future_stay_credit,future-stay credit,255,76,153,217,0.56,4,5,true,false,true,true,false,false,false,true,false,false,true,true,false,true,true,synthetic_case_policy_assumption
comp-policy-comparison-v1.0.0,intelligent_generosity,Intelligent generosity,context_aware_policy_engine,true,case_00359,loyalty_guest,housekeeping_miss,3,0.9,true,0.631,false,false,1.0,0.95,59.74,4,recommendation,future_stay_credit,future-stay credit,255,76,153,217,0.56,4,5,true,false,true,true,false,false,false,true,false,false,true,true,false,true,true,synthetic_case_policy_assumption
comp-policy-comparison-v1.0.0,synthetic_discretionary_baseline,Synthetic discretionary baseline,replay_synthetic_history,false,case_00360,new_guest,noise_disruption,3,0.48,true,0.99,true,false,1.0,0.95,47.65,3,reference_action,lobby_lounge_credit,Palma lounge credit,85,32,32,32,0.52,2,4,true,false,false,false,false,false,false,false,true,false,false,false,false,true,true,synthetic_case_policy_assumption
comp-policy-comparison-v1.0.0,tiered_standardization,Tiered standardization,highest_issue_fit,true,case_00360,new_guest,noise_disruption,3,0.48,true,0.99,true,false,1.0,0.95,47.65,3,recommendation,late_checkout,late checkout,85,7,17,38,0.82,2,4,true,true,true,false,false,false,true,false,true,false,true,true,false,true,true,synthetic_case_policy_assumption
comp-policy-comparison-v1.0.0,cost_guardrail,Guardrailed recovery,lowest_cost_adequate,true,case_00360,new_guest,noise_disruption,3,0.48,true,0.99,true,false,1.0,0.95,47.65,3,recommendation,late_checkout,late checkout,85,7,17,38,0.82,2,4,true,true,true,false,false,false,true,false,true,false,true,true,false,true,true,synthetic_case_policy_assumption
comp-policy-comparison-v1.0.0,recovery_first,Recovery first,highest_perceived_recovery,true,case_00360,new_guest,noise_disruption,3,0.48,true,0.99,true,false,1.0,0.95,47.65,3,recommendation,spa_wellness_credit,Surya Spa or Recovery Suite credit,275,82,151,206,0.62,3,5,true,true,true,false,false,false,false,true,true,false,true,true,false,true,true,synthetic_case_policy_assumption
comp-policy-comparison-v1.0.0,intelligent_generosity,Intelligent generosity,context_aware_policy_engine,true,case_00360,new_guest,noise_disruption,3,0.48,true,0.99,true,false,1.0,0.95,47.65,3,recommendation,spa_wellness_credit,Surya Spa or Recovery Suite credit,275,82,151,206,0.62,3,5,true,true,true,false,false,false,false,true,true,false,true,true,false,true,true,synthetic_case_policy_assumption
comp-policy-comparison-v1.0.0,synthetic_discretionary_baseline,Synthetic discretionary baseline,replay_synthetic_history,false,case_00361,new_guest,noise_disruption,3,0.48,false,0.774,false,false,1.0,0.95,51.23,3,reference_unknown,no_matched_comp_record,No matched synthetic comp record,0,0,0,0,0.0,0,0,false,false,false,false,false,false,false,false,false,false,false,false,false,true,true,synthetic_case_policy_assumption
comp-policy-comparison-v1.0.0,tiered_standardization,Tiered standardization,highest_issue_fit,true,case_00361,new_guest,noise_disruption,3,0.48,false,0.774,false,false,1.0,0.95,51.23,3,recommendation,amenity_gesture,in-room amenity gesture,55,14,25,36,0.78,1,3,true,true,true,false,false,false,false,false,true,false,false,true,false,true,true,synthetic_case_policy_assumption
comp-policy-comparison-v1.0.0,cost_guardrail,Guardrailed recovery,lowest_cost_adequate,true,case_00361,new_guest,noise_disruption,3,0.48,false,0.774,false,false,1.0,0.95,51.23,3,recommendation,amenity_gesture,in-room amenity gesture,55,14,25,36,0.78,1,3,true,true,true,false,false,false,false,false,true,false,false,true,false,true,true,synthetic_case_policy_assumption
comp-policy-comparison-v1.0.0,recovery_first,Recovery first,highest_perceived_recovery,true,case_00361,new_guest,noise_disruption,3,0.48,false,0.774,false,false,1.0,0.95,51.23,3,recommendation,spa_wellness_credit,Surya Spa or Recovery Suite credit,275,82,151,206,0.62,3,5,true,true,true,false,false,false,false,true,true,false,true,true,false,true,true,synthetic_case_policy_assumption
comp-policy-comparison-v1.0.0,intelligent_generosity,Intelligent generosity,context_aware_policy_engine,true,case_00361,new_guest,noise_disruption,3,0.48,false,0.774,false,false,1.0,0.95,51.23,3,recommendation,spa_wellness_credit,Surya Spa or Recovery Suite credit,275,82,151,206,0.62,3,5,true,true,true,false,false,false,false,true,true,false,true,true,false,true,true,synthetic_case_policy_assumption
comp-policy-comparison-v1.0.0,synthetic_discretionary_baseline,Synthetic discretionary baseline,replay_synthetic_history,false,case_00362,returning_guest,room_readiness_delay,4,0.93,true,0.38,false,false,1.0,0.95,67.72,4,reference_action,late_checkout,late checkout,75,15,15,15,0.9,2,4,true,true,true,true,false,false,false,false,true,false,false,false,false,true,true,synthetic_case_policy_assumption
comp-policy-comparison-v1.0.0,tiered_standardization,Tiered standardization,highest_issue_fit,true,case_00362,returning_guest,room_readiness_delay,4,0.93,true,0.38,false,false,1.0,0.95,67.72,4,recommendation,late_checkout,late checkout,100,8,20,45,0.9,2,4,true,true,true,true,false,false,false,false,true,false,false,true,false,true,true,synthetic_case_policy_assumption
comp-policy-comparison-v1.0.0,cost_guardrail,Guardrailed recovery,lowest_cost_adequate,true,case_00362,returning_guest,room_readiness_delay,4,0.93,true,0.38,false,false,1.0,0.95,67.72,4,recommendation,late_checkout,late checkout,100,8,20,45,0.9,2,4,true,true,true,true,false,false,false,false,true,false,false,true,false,true,true,synthetic_case_policy_assumption
comp-policy-comparison-v1.0.0,recovery_first,Recovery first,highest_perceived_recovery,true,case_00362,returning_guest,room_readiness_delay,4,0.93,true,0.38,false,false,1.0,0.95,67.72,4,recommendation,room_upgrade,room upgrade,360,29,90,234,0.48,3,5,true,false,true,true,false,false,false,true,true,false,true,true,false,true,true,synthetic_case_policy_assumption
comp-policy-comparison-v1.0.0,intelligent_generosity,Intelligent generosity,context_aware_policy_engine,true,case_00362,returning_guest,room_readiness_delay,4,0.93,true,0.38,false,false,1.0,0.95,67.72,4,recommendation,room_upgrade,room upgrade,360,29,90,234,0.48,3,5,true,false,true,true,false,false,false,true,true,false,true,true,false,true,true,synthetic_case_policy_assumption
comp-policy-comparison-v1.0.0,synthetic_discretionary_baseline,Synthetic discretionary baseline,replay_synthetic_history,false,case_00363,new_guest,rooftop_pool_access_issue,3,0.64,true,0.752,true,false,1.0,0.95,48.64,3,reference_action,parking_fee_waiver,parking or destination-fee waiver,70,13,13,13,0.45,2,4,true,false,false,false,false,false,false,false,true,false,false,false,false,true,true,synthetic_case_policy_assumption
comp-policy-comparison-v1.0.0,tiered_standardization,Tiered standardization,highest_issue_fit,true,case_00363,new_guest,rooftop_pool_access_issue,3,0.64,true,0.752,true,false,1.0,0.95,48.64,3,recommendation,rooftop_f_and_b_credit,Calabra or Palma dining credit,150,38,60,90,0.86,2,5,true,true,true,false,false,false,false,false,true,false,false,true,false,true,true,synthetic_case_policy_assumption
comp-policy-comparison-v1.0.0,cost_guardrail,Guardrailed recovery,lowest_cost_adequate,true,case_00363,new_guest,rooftop_pool_access_issue,3,0.64,true,0.752,true,false,1.0,0.95,48.64,3,recommendation,rooftop_f_and_b_credit,Calabra or Palma dining credit,150,38,60,90,0.86,2,5,true,true,true,false,false,false,false,false,true,false,false,true,false,true,true,synthetic_case_policy_assumption
comp-policy-comparison-v1.0.0,recovery_first,Recovery first,highest_perceived_recovery,true,case_00363,new_guest,rooftop_pool_access_issue,3,0.64,true,0.752,true,false,1.0,0.95,48.64,3,recommendation,rooftop_f_and_b_credit,Calabra or Palma dining credit,150,38,60,90,0.86,2,5,true,true,true,false,false,false,false,false,true,false,false,true,false,true,true,synthetic_case_policy_assumption
comp-policy-comparison-v1.0.0,intelligent_generosity,Intelligent generosity,context_aware_policy_engine,true,case_00363,new_guest,rooftop_pool_access_issue,3,0.64,true,0.752,true,false,1.0,0.95,48.64,3,recommendation,rooftop_f_and_b_credit,Calabra or Palma dining credit,150,38,60,90,0.86,2,5,true,true,true,false,false,false,false,false,true,false,false,true,false,true,true,synthetic_case_policy_assumption
comp-policy-comparison-v1.0.0,synthetic_discretionary_baseline,Synthetic discretionary baseline,replay_synthetic_history,false,case_00364,vip_guest,room_readiness_delay,3,0.88,true,0.515,false,false,1.0,0.95,64.54,4,reference_unknown,no_matched_comp_record,No matched synthetic comp record,0,0,0,0,0.0,0,0,false,false,false,true,false,false,false,false,false,false,false,false,false,true,true,synthetic_case_policy_assumption
comp-policy-comparison-v1.0.0,tiered_standardization,Tiered standardization,highest_issue_fit,true,case_00364,vip_guest,room_readiness_delay,3,0.88,true,0.515,false,false,1.0,0.95,64.54,4,recommendation,late_checkout,late checkout,100,8,20,45,0.9,2,4,true,true,true,true,false,false,false,false,true,false,false,true,false,true,true,synthetic_case_policy_assumption
comp-policy-comparison-v1.0.0,cost_guardrail,Guardrailed recovery,lowest_cost_adequate,true,case_00364,vip_guest,room_readiness_delay,3,0.88,true,0.515,false,false,1.0,0.95,64.54,4,recommendation,late_checkout,late checkout,100,8,20,45,0.9,2,4,true,true,true,true,false,false,false,false,true,false,false,true,false,true,true,synthetic_case_policy_assumption
comp-policy-comparison-v1.0.0,recovery_first,Recovery first,highest_perceived_recovery,true,case_00364,vip_guest,room_readiness_delay,3,0.88,true,0.515,false,false,1.0,0.95,64.54,4,recommendation,room_upgrade,room upgrade,360,29,90,234,0.48,3,5,true,false,true,true,false,false,false,true,true,false,true,true,false,true,true,synthetic_case_policy_assumption
comp-policy-comparison-v1.0.0,intelligent_generosity,Intelligent generosity,context_aware_policy_engine,true,case_00364,vip_guest,room_readiness_delay,3,0.88,true,0.515,false,false,1.0,0.95,64.54,4,recommendation,room_upgrade,room upgrade,360,29,90,234,0.48,3,5,true,false,true,true,false,false,false,true,true,false,true,true,false,true,true,synthetic_case_policy_assumption
comp-policy-comparison-v1.0.0,synthetic_discretionary_baseline,Synthetic discretionary baseline,replay_synthetic_history,false,case_00365,returning_guest,room_readiness_delay,4,0.93,true,0.688,true,false,0.78,0.95,68.54,4,reference_unknown,no_matched_comp_record,No matched synthetic comp record,0,0,0,0,0.0,0,0,false,false,false,true,false,false,false,false,false,false,false,false,false,true,true,synthetic_case_policy_assumption
comp-policy-comparison-v1.0.0,tiered_standardization,Tiered standardization,highest_issue_fit,true,case_00365,returning_guest,room_readiness_delay,4,0.93,true,0.688,true,false,0.78,0.95,68.54,4,recommendation,late_checkout,late checkout,100,8,20,45,0.9,2,4,true,true,true,true,false,false,true,false,true,false,true,true,false,true,true,synthetic_case_policy_assumption
comp-policy-comparison-v1.0.0,cost_guardrail,Guardrailed recovery,lowest_cost_adequate,true,case_00365,returning_guest,room_readiness_delay,4,0.93,true,0.688,true,false,0.78,0.95,68.54,4,recommendation,late_checkout,late checkout,100,8,20,45,0.9,2,4,true,true,true,true,false,false,true,false,true,false,true,true,false,true,true,synthetic_case_policy_assumption
comp-policy-comparison-v1.0.0,recovery_first,Recovery first,highest_perceived_recovery,true,case_00365,returning_guest,room_readiness_delay,4,0.93,true,0.688,true,false,0.78,0.95,68.54,4,recommendation,room_upgrade,room upgrade,360,29,90,234,0.48,3,5,true,false,true,true,false,false,true,true,true,false,true,true,false,true,true,synthetic_case_policy_assumption
comp-policy-comparison-v1.0.0,intelligent_generosity,Intelligent generosity,context_aware_policy_engine,true,case_00365,returning_guest,room_readiness_delay,4,0.93,true,0.688,true,false,0.78,0.95,68.54,4,recommendation,rooftop_f_and_b_credit,Calabra or Palma dining credit,180,45,72,108,0.72,2,5,true,true,true,true,false,false,false,true,true,false,true,true,false,true,true,synthetic_case_policy_assumption
comp-policy-comparison-v1.0.0,synthetic_discretionary_baseline,Synthetic discretionary baseline,replay_synthetic_history,false,case_00366,new_guest,rooftop_pool_access_issue,2,0.64,true,0.721,true,false,1.0,0.95,43.73,3,reference_unknown,no_matched_comp_record,No matched synthetic comp record,0,0,0,0,0.0,0,0,false,false,false,false,false,false,false,false,false,false,false,false,false,true,true,synthetic_case_policy_assumption
comp-policy-comparison-v1.0.0,tiered_standardization,Tiered standardization,highest_issue_fit,true,case_00366,new_guest,rooftop_pool_access_issue,2,0.64,true,0.721,true,false,1.0,0.95,43.73,3,recommendation,rooftop_f_and_b_credit,Calabra or Palma dining credit,150,38,60,90,0.86,2,5,true,true,true,false,false,false,false,false,true,false,false,true,false,true,true,synthetic_case_policy_assumption
comp-policy-comparison-v1.0.0,cost_guardrail,Guardrailed recovery,lowest_cost_adequate,true,case_00366,new_guest,rooftop_pool_access_issue,2,0.64,true,0.721,true,false,1.0,0.95,43.73,3,recommendation,rooftop_f_and_b_credit,Calabra or Palma dining credit,150,38,60,90,0.86,2,5,true,true,true,false,false,false,false,false,true,false,false,true,false,true,true,synthetic_case_policy_assumption
comp-policy-comparison-v1.0.0,recovery_first,Recovery first,highest_perceived_recovery,true,case_00366,new_guest,rooftop_pool_access_issue,2,0.64,true,0.721,true,false,1.0,0.95,43.73,3,recommendation,rooftop_f_and_b_credit,Calabra or Palma dining credit,150,38,60,90,0.86,2,5,true,true,true,false,false,false,false,false,true,false,false,true,false,true,true,synthetic_case_policy_assumption
comp-policy-comparison-v1.0.0,intelligent_generosity,Intelligent generosity,context_aware_policy_engine,true,case_00366,new_guest,rooftop_pool_access_issue,2,0.64,true,0.721,true,false,1.0,0.95,43.73,3,recommendation,rooftop_f_and_b_credit,Calabra or Palma dining credit,150,38,60,90,0.86,2,5,true,true,true,false,false,false,false,false,true,false,false,true,false,true,true,synthetic_case_policy_assumption
comp-policy-comparison-v1.0.0,synthetic_discretionary_baseline,Synthetic discretionary baseline,replay_synthetic_history,false,case_00367,new_guest,f_and_b_service_lapse,3,0.7,true,0.571,false,false,1.0,0.95,51.2,3,reference_action,late_checkout,late checkout,90,18,18,18,0.5,2,4,true,false,false,false,false,false,false,false,true,false,false,false,false,true,true,synthetic_case_policy_assumption
comp-policy-comparison-v1.0.0,tiered_standardization,Tiered standardization,highest_issue_fit,true,case_00367,new_guest,f_and_b_service_lapse,3,0.7,true,0.571,false,false,1.0,0.95,51.2,3,recommendation,rooftop_f_and_b_credit,Calabra or Palma dining credit,150,38,60,90,0.88,2,5,true,true,true,false,false,false,false,false,true,false,false,true,false,true,true,synthetic_case_policy_assumption
comp-policy-comparison-v1.0.0,cost_guardrail,Guardrailed recovery,lowest_cost_adequate,true,case_00367,new_guest,f_and_b_service_lapse,3,0.7,true,0.571,false,false,1.0,0.95,51.2,3,recommendation,rooftop_f_and_b_credit,Calabra or Palma dining credit,150,38,60,90,0.88,2,5,true,true,true,false,false,false,false,false,true,false,false,true,false,true,true,synthetic_case_policy_assumption
comp-policy-comparison-v1.0.0,recovery_first,Recovery first,highest_perceived_recovery,true,case_00367,new_guest,f_and_b_service_lapse,3,0.7,true,0.571,false,false,1.0,0.95,51.2,3,recommendation,rooftop_f_and_b_credit,Calabra or Palma dining credit,150,38,60,90,0.88,2,5,true,true,true,false,false,false,false,false,true,false,false,true,false,true,true,synthetic_case_policy_assumption
comp-policy-comparison-v1.0.0,intelligent_generosity,Intelligent generosity,context_aware_policy_engine,true,case_00367,new_guest,f_and_b_service_lapse,3,0.7,true,0.571,false,false,1.0,0.95,51.2,3,recommendation,rooftop_f_and_b_credit,Calabra or Palma dining credit,150,38,60,90,0.88,2,5,true,true,true,false,false,false,false,false,true,false,false,true,false,true,true,synthetic_case_policy_assumption
comp-policy-comparison-v1.0.0,synthetic_discretionary_baseline,Synthetic discretionary baseline,replay_synthetic_history,false,case_00368,returning_guest,spa_wellness_service_issue,3,0.74,false,0.99,true,false,1.0,0.95,56.96,3,reference_unknown,no_matched_comp_record,No matched synthetic comp record,0,0,0,0,0.0,0,0,false,false,false,false,false,false,false,false,false,false,false,false,false,true,true,synthetic_case_policy_assumption
comp-policy-comparison-v1.0.0,tiered_standardization,Tiered standardization,highest_issue_fit,true,case_00368,returning_guest,spa_wellness_service_issue,3,0.74,false,0.99,true,false,1.0,0.95,56.96,3,recommendation,spa_wellness_credit,Surya Spa or Recovery Suite credit,275,82,151,206,0.9,3,5,true,true,true,false,false,false,false,false,true,false,false,true,false,true,true,synthetic_case_policy_assumption
comp-policy-comparison-v1.0.0,cost_guardrail,Guardrailed recovery,lowest_cost_adequate,true,case_00368,returning_guest,spa_wellness_service_issue,3,0.74,false,0.99,true,false,1.0,0.95,56.96,3,recommendation,spa_wellness_credit,Surya Spa or Recovery Suite credit,275,82,151,206,0.9,3,5,true,true,true,false,false,false,false,false,true,false,false,true,false,true,true,synthetic_case_policy_assumption
comp-policy-comparison-v1.0.0,recovery_first,Recovery first,highest_perceived_recovery,true,case_00368,returning_guest,spa_wellness_service_issue,3,0.74,false,0.99,true,false,1.0,0.95,56.96,3,recommendation,spa_wellness_credit,Surya Spa or Recovery Suite credit,275,82,151,206,0.9,3,5,true,true,true,false,false,false,false,false,true,false,false,true,false,true,true,synthetic_case_policy_assumption
comp-policy-comparison-v1.0.0,intelligent_generosity,Intelligent generosity,context_aware_policy_engine,true,case_00368,returning_guest,spa_wellness_service_issue,3,0.74,false,0.99,true,false,1.0,0.95,56.96,3,recommendation,spa_wellness_credit,Surya Spa or Recovery Suite credit,275,82,151,206,0.9,3,5,true,true,true,false,false,false,false,false,true,false,false,true,false,true,true,synthetic_case_policy_assumption
comp-policy-comparison-v1.0.0,synthetic_discretionary_baseline,Synthetic discretionary baseline,replay_synthetic_history,false,case_00369,returning_guest,maintenance_issue,3,0.78,true,0.422,true,true,1.0,0.95,58.92,4,reference_action,manager_note,manager note and personal follow-up,0,0,0,0,0.72,1,3,true,false,false,true,true,false,false,false,false,false,false,false,false,true,true,synthetic_case_policy_assumption
comp-policy-comparison-v1.0.0,tiered_standardization,Tiered standardization,highest_issue_fit,true,case_00369,returning_guest,maintenance_issue,3,0.78,true,0.422,true,true,1.0,0.95,58.92,4,recommendation,partial_room_refund,partial room refund,215,215,215,215,0.8,4,5,true,true,true,true,false,false,false,false,false,true,false,true,false,true,true,synthetic_case_policy_assumption
comp-policy-comparison-v1.0.0,cost_guardrail,Guardrailed recovery,lowest_cost_adequate,true,case_00369,returning_guest,maintenance_issue,3,0.78,true,0.422,true,true,1.0,0.95,58.92,4,recommendation,partial_room_refund,partial room refund,215,215,215,215,0.8,4,5,true,true,true,true,false,false,false,false,false,true,false,true,false,true,true,synthetic_case_policy_assumption
comp-policy-comparison-v1.0.0,recovery_first,Recovery first,highest_perceived_recovery,true,case_00369,returning_guest,maintenance_issue,3,0.78,true,0.422,true,true,1.0,0.95,58.92,4,recommendation,spa_wellness_credit,Surya Spa or Recovery Suite credit,330,99,182,248,0.45,3,5,true,false,true,true,false,false,false,true,true,false,true,true,false,true,true,synthetic_case_policy_assumption
comp-policy-comparison-v1.0.0,intelligent_generosity,Intelligent generosity,context_aware_policy_engine,true,case_00369,returning_guest,maintenance_issue,3,0.78,true,0.422,true,true,1.0,0.95,58.92,4,recommendation,spa_wellness_credit,Surya Spa or Recovery Suite credit,330,99,182,248,0.45,3,5,true,false,true,true,false,false,false,true,true,false,true,true,false,true,true,synthetic_case_policy_assumption
comp-policy-comparison-v1.0.0,synthetic_discretionary_baseline,Synthetic discretionary baseline,replay_synthetic_history,false,case_00370,new_guest,noise_disruption,3,0.48,false,0.92,false,false,1.0,0.95,54.21,3,reference_action,rooftop_f_and_b_credit,Calabra or Palma dining credit,170,68,68,68,0.45,2,5,true,false,false,false,false,false,false,false,true,false,false,false,false,true,true,synthetic_case_policy_assumption
comp-policy-comparison-v1.0.0,tiered_standardization,Tiered standardization,highest_issue_fit,true,case_00370,new_guest,noise_disruption,3,0.48,false,0.92,false,false,1.0,0.95,54.21,3,recommendation,amenity_gesture,in-room amenity gesture,55,14,25,36,0.78,1,3,true,true,true,false,false,false,false,false,true,false,false,true,false,true,true,synthetic_case_policy_assumption
comp-policy-comparison-v1.0.0,cost_guardrail,Guardrailed recovery,lowest_cost_adequate,true,case_00370,new_guest,noise_disruption,3,0.48,false,0.92,false,false,1.0,0.95,54.21,3,recommendation,amenity_gesture,in-room amenity gesture,55,14,25,36,0.78,1,3,true,true,true,false,false,false,false,false,true,false,false,true,false,true,true,synthetic_case_policy_assumption
comp-policy-comparison-v1.0.0,recovery_first,Recovery first,highest_perceived_recovery,true,case_00370,new_guest,noise_disruption,3,0.48,false,0.92,false,false,1.0,0.95,54.21,3,recommendation,spa_wellness_credit,Surya Spa or Recovery Suite credit,275,82,151,206,0.62,3,5,true,true,true,false,false,false,false,true,true,false,true,true,false,true,true,synthetic_case_policy_assumption
comp-policy-comparison-v1.0.0,intelligent_generosity,Intelligent generosity,context_aware_policy_engine,true,case_00370,new_guest,noise_disruption,3,0.48,false,0.92,false,false,1.0,0.95,54.21,3,recommendation,spa_wellness_credit,Surya Spa or Recovery Suite credit,275,82,151,206,0.62,3,5,true,true,true,false,false,false,false,true,true,false,true,true,false,true,true,synthetic_case_policy_assumption
comp-policy-comparison-v1.0.0,synthetic_discretionary_baseline,Synthetic discretionary baseline,replay_synthetic_history,false,case_00371,loyalty_guest,maintenance_issue,3,0.78,true,0.622,false,false,1.0,0.95,57.35,3,reference_action,rooftop_f_and_b_credit,Calabra or Palma dining credit,180,72,72,72,0.45,2,5,true,false,false,false,false,false,false,false,true,false,false,false,false,true,true,synthetic_case_policy_assumption
comp-policy-comparison-v1.0.0,tiered_standardization,Tiered standardization,highest_issue_fit,true,case_00371,loyalty_guest,maintenance_issue,3,0.78,true,0.622,false,false,1.0,0.95,57.35,3,recommendation,manager_note,manager note and personal follow-up,0,0,0,0,0.72,1,3,true,true,true,false,false,false,false,true,false,false,true,true,false,true,true,synthetic_case_policy_assumption
comp-policy-comparison-v1.0.0,cost_guardrail,Guardrailed recovery,lowest_cost_adequate,true,case_00371,loyalty_guest,maintenance_issue,3,0.78,true,0.622,false,false,1.0,0.95,57.35,3,recommendation,manager_note,manager note and personal follow-up,0,0,0,0,0.72,1,3,true,true,true,false,false,false,false,true,false,false,true,true,false,true,true,synthetic_case_policy_assumption
comp-policy-comparison-v1.0.0,recovery_first,Recovery first,highest_perceived_recovery,true,case_00371,loyalty_guest,maintenance_issue,3,0.78,true,0.622,false,false,1.0,0.95,57.35,3,recommendation,spa_wellness_credit,Surya Spa or Recovery Suite credit,275,82,151,206,0.45,3,5,true,false,true,false,false,false,false,true,true,false,true,true,false,true,true,synthetic_case_policy_assumption
comp-policy-comparison-v1.0.0,intelligent_generosity,Intelligent generosity,context_aware_policy_engine,true,case_00371,loyalty_guest,maintenance_issue,3,0.78,true,0.622,false,false,1.0,0.95,57.35,3,recommendation,spa_wellness_credit,Surya Spa or Recovery Suite credit,275,82,151,206,0.45,3,5,true,false,true,false,false,false,false,true,true,false,true,true,false,true,true,synthetic_case_policy_assumption
comp-policy-comparison-v1.0.0,synthetic_discretionary_baseline,Synthetic discretionary baseline,replay_synthetic_history,false,case_00372,returning_guest,room_readiness_delay,4,0.93,true,0.99,true,false,1.0,0.95,67.7,4,reference_action,rooftop_f_and_b_credit,Calabra or Palma dining credit,200,80,80,80,0.72,2,5,true,true,true,true,false,false,false,false,true,false,false,false,false,true,true,synthetic_case_policy_assumption
comp-policy-comparison-v1.0.0,tiered_standardization,Tiered standardization,highest_issue_fit,true,case_00372,returning_guest,room_readiness_delay,4,0.93,true,0.99,true,false,1.0,0.95,67.7,4,recommendation,late_checkout,late checkout,100,8,20,45,0.9,2,4,true,true,true,true,false,false,true,false,true,false,true,true,false,true,true,synthetic_case_policy_assumption
comp-policy-comparison-v1.0.0,cost_guardrail,Guardrailed recovery,lowest_cost_adequate,true,case_00372,returning_guest,room_readiness_delay,4,0.93,true,0.99,true,false,1.0,0.95,67.7,4,recommendation,late_checkout,late checkout,100,8,20,45,0.9,2,4,true,true,true,true,false,false,true,false,true,false,true,true,false,true,true,synthetic_case_policy_assumption
comp-policy-comparison-v1.0.0,recovery_first,Recovery first,highest_perceived_recovery,true,case_00372,returning_guest,room_readiness_delay,4,0.93,true,0.99,true,false,1.0,0.95,67.7,4,recommendation,room_upgrade,room upgrade,360,29,90,234,0.48,3,5,true,false,true,true,false,false,true,true,true,false,true,true,false,true,true,synthetic_case_policy_assumption
comp-policy-comparison-v1.0.0,intelligent_generosity,Intelligent generosity,context_aware_policy_engine,true,case_00372,returning_guest,room_readiness_delay,4,0.93,true,0.99,true,false,1.0,0.95,67.7,4,recommendation,rooftop_f_and_b_credit,Calabra or Palma dining credit,180,45,72,108,0.72,2,5,true,true,true,true,false,false,false,true,true,false,true,true,false,true,true,synthetic_case_policy_assumption
comp-policy-comparison-v1.0.0,synthetic_discretionary_baseline,Synthetic discretionary baseline,replay_synthetic_history,false,case_00373,new_guest,maintenance_issue,3,0.78,false,0.757,false,false,1.0,0.95,56.31,3,reference_action,amenity_gesture,in-room amenity gesture,80,36,36,36,0.7,1,3,true,true,true,false,false,false,false,false,true,false,false,false,false,true,true,synthetic_case_policy_assumption
comp-policy-comparison-v1.0.0,tiered_standardization,Tiered standardization,highest_issue_fit,true,case_00373,new_guest,maintenance_issue,3,0.78,false,0.757,false,false,1.0,0.95,56.31,3,recommendation,manager_note,manager note and personal follow-up,0,0,0,0,0.72,1,3,true,true,true,false,false,false,false,true,false,false,true,true,false,true,true,synthetic_case_policy_assumption
comp-policy-comparison-v1.0.0,cost_guardrail,Guardrailed recovery,lowest_cost_adequate,true,case_00373,new_guest,maintenance_issue,3,0.78,false,0.757,false,false,1.0,0.95,56.31,3,recommendation,manager_note,manager note and personal follow-up,0,0,0,0,0.72,1,3,true,true,true,false,false,false,false,true,false,false,true,true,false,true,true,synthetic_case_policy_assumption
comp-policy-comparison-v1.0.0,recovery_first,Recovery first,highest_perceived_recovery,true,case_00373,new_guest,maintenance_issue,3,0.78,false,0.757,false,false,1.0,0.95,56.31,3,recommendation,spa_wellness_credit,Surya Spa or Recovery Suite credit,275,82,151,206,0.45,3,5,true,false,true,false,false,false,false,true,true,false,true,true,false,true,true,synthetic_case_policy_assumption
comp-policy-comparison-v1.0.0,intelligent_generosity,Intelligent generosity,context_aware_policy_engine,true,case_00373,new_guest,maintenance_issue,3,0.78,false,0.757,false,false,1.0,0.95,56.31,3,recommendation,spa_wellness_credit,Surya Spa or Recovery Suite credit,275,82,151,206,0.45,3,5,true,false,true,false,false,false,false,true,true,false,true,true,false,true,true,synthetic_case_policy_assumption
comp-policy-comparison-v1.0.0,synthetic_discretionary_baseline,Synthetic discretionary baseline,replay_synthetic_history,false,case_00374,new_guest,billing_or_fee_dispute,3,0.55,false,0.558,false,false,1.0,0.95,51.02,3,reference_action,manager_note,manager note and personal follow-up,0,0,0,0,0.72,1,3,true,true,true,false,false,false,false,false,false,false,false,false,false,true,true,synthetic_case_policy_assumption
comp-policy-comparison-v1.0.0,tiered_standardization,Tiered standardization,highest_issue_fit,true,case_00374,new_guest,billing_or_fee_dispute,3,0.55,false,0.558,false,false,1.0,0.95,51.02,3,recommendation,manager_note,manager note and personal follow-up,0,0,0,0,0.72,1,3,true,true,true,false,false,false,false,true,false,false,true,true,false,true,true,synthetic_case_policy_assumption
comp-policy-comparison-v1.0.0,cost_guardrail,Guardrailed recovery,lowest_cost_adequate,true,case_00374,new_guest,billing_or_fee_dispute,3,0.55,false,0.558,false,false,1.0,0.95,51.02,3,recommendation,manager_note,manager note and personal follow-up,0,0,0,0,0.72,1,3,true,true,true,false,false,false,false,true,false,false,true,true,false,true,true,synthetic_case_policy_assumption
comp-policy-comparison-v1.0.0,recovery_first,Recovery first,highest_perceived_recovery,true,case_00374,new_guest,billing_or_fee_dispute,3,0.55,false,0.558,false,false,1.0,0.95,51.02,3,recommendation,spa_wellness_credit,Surya Spa or Recovery Suite credit,275,82,151,206,0.25,3,5,true,false,true,false,false,false,false,true,true,false,true,true,false,true,true,synthetic_case_policy_assumption
comp-policy-comparison-v1.0.0,intelligent_generosity,Intelligent generosity,context_aware_policy_engine,true,case_00374,new_guest,billing_or_fee_dispute,3,0.55,false,0.558,false,false,1.0,0.95,51.02,3,recommendation,parking_fee_waiver,parking or destination-fee waiver,85,7,15,30,0.66,2,4,true,true,true,false,false,false,false,true,true,false,true,true,false,true,true,synthetic_case_policy_assumption
comp-policy-comparison-v1.0.0,synthetic_discretionary_baseline,Synthetic discretionary baseline,replay_synthetic_history,false,case_00375,new_guest,housekeeping_miss,3,0.9,true,0.765,false,false,1.0,0.95,57.42,3,reference_action,late_checkout,late checkout,100,20,20,20,0.5,2,4,true,false,false,false,false,false,false,false,true,false,false,false,false,true,true,synthetic_case_policy_assumption
comp-policy-comparison-v1.0.0,tiered_standardization,Tiered standardization,highest_issue_fit,true,case_00375,new_guest,housekeeping_miss,3,0.9,true,0.765,false,false,1.0,0.95,57.42,3,recommendation,amenity_gesture,in-room amenity gesture,55,14,25,36,0.8,1,3,true,true,true,false,false,false,false,false,true,false,false,true,false,true,true,synthetic_case_policy_assumption
comp-policy-comparison-v1.0.0,cost_guardrail,Guardrailed recovery,lowest_cost_adequate,true,case_00375,new_guest,housekeeping_miss,3,0.9,true,0.765,false,false,1.0,0.95,57.42,3,recommendation,amenity_gesture,in-room amenity gesture,55,14,25,36,0.8,1,3,true,true,true,false,false,false,false,false,true,false,false,true,false,true,true,synthetic_case_policy_assumption
comp-policy-comparison-v1.0.0,recovery_first,Recovery first,highest_perceived_recovery,true,case_00375,new_guest,housekeeping_miss,3,0.9,true,0.765,false,false,1.0,0.95,57.42,3,recommendation,spa_wellness_credit,Surya Spa or Recovery Suite credit,275,82,151,206,0.25,3,5,true,false,true,false,false,false,false,true,true,false,true,true,false,true,true,synthetic_case_policy_assumption
comp-policy-comparison-v1.0.0,intelligent_generosity,Intelligent generosity,context_aware_policy_engine,true,case_00375,new_guest,housekeeping_miss,3,0.9,true,0.765,false,false,1.0,0.95,57.42,3,recommendation,rooftop_f_and_b_credit,Calabra or Palma dining credit,150,38,60,90,0.45,2,5,true,false,true,false,false,false,false,true,true,false,true,true,false,true,true,synthetic_case_policy_assumption
comp-policy-comparison-v1.0.0,synthetic_discretionary_baseline,Synthetic discretionary baseline,replay_synthetic_history,false,case_00376,new_guest,noise_disruption,2,0.48,true,0.323,false,false,1.0,0.95,40.44,2,reference_action,manager_note,manager note and personal follow-up,0,0,0,0,0.72,1,3,true,true,true,false,false,false,false,false,false,false,false,false,false,true,true,synthetic_case_policy_assumption
comp-policy-comparison-v1.0.0,tiered_standardization,Tiered standardization,highest_issue_fit,true,case_00376,new_guest,noise_disruption,2,0.48,true,0.323,false,false,1.0,0.95,40.44,2,recommendation,late_checkout,late checkout,75,6,15,34,0.82,2,4,true,true,true,false,false,false,false,false,true,false,false,true,false,true,true,synthetic_case_policy_assumption
comp-policy-comparison-v1.0.0,cost_guardrail,Guardrailed recovery,lowest_cost_adequate,true,case_00376,new_guest,noise_disruption,2,0.48,true,0.323,false,false,1.0,0.95,40.44,2,recommendation,late_checkout,late checkout,75,6,15,34,0.82,2,4,true,true,true,false,false,false,false,false,true,false,false,true,false,true,true,synthetic_case_policy_assumption
comp-policy-comparison-v1.0.0,recovery_first,Recovery first,highest_perceived_recovery,true,case_00376,new_guest,noise_disruption,2,0.48,true,0.323,false,false,1.0,0.95,40.44,2,recommendation,late_checkout,late checkout,75,6,15,34,0.82,2,4,true,true,true,false,false,false,false,false,true,false,false,true,false,true,true,synthetic_case_policy_assumption
comp-policy-comparison-v1.0.0,intelligent_generosity,Intelligent generosity,context_aware_policy_engine,true,case_00376,new_guest,noise_disruption,2,0.48,true,0.323,false,false,1.0,0.95,40.44,2,recommendation,late_checkout,late checkout,75,6,15,34,0.82,2,4,true,true,true,false,false,false,false,false,true,false,false,true,false,true,true,synthetic_case_policy_assumption
comp-policy-comparison-v1.0.0,synthetic_discretionary_baseline,Synthetic discretionary baseline,replay_synthetic_history,false,case_00377,returning_guest,room_readiness_delay,3,0.88,true,0.665,false,false,0.78,0.95,58.64,4,reference_action,rooftop_f_and_b_credit,Calabra or Palma dining credit,145,58,58,58,0.72,2,5,true,true,true,true,false,false,false,false,true,false,false,false,false,true,true,synthetic_case_policy_assumption
comp-policy-comparison-v1.0.0,tiered_standardization,Tiered standardization,highest_issue_fit,true,case_00377,returning_guest,room_readiness_delay,3,0.88,true,0.665,false,false,0.78,0.95,58.64,4,recommendation,late_checkout,late checkout,100,8,20,45,0.9,2,4,true,true,true,true,false,false,false,false,true,false,false,true,false,true,true,synthetic_case_policy_assumption
comp-policy-comparison-v1.0.0,cost_guardrail,Guardrailed recovery,lowest_cost_adequate,true,case_00377,returning_guest,room_readiness_delay,3,0.88,true,0.665,false,false,0.78,0.95,58.64,4,recommendation,late_checkout,late checkout,100,8,20,45,0.9,2,4,true,true,true,true,false,false,false,false,true,false,false,true,false,true,true,synthetic_case_policy_assumption
comp-policy-comparison-v1.0.0,recovery_first,Recovery first,highest_perceived_recovery,true,case_00377,returning_guest,room_readiness_delay,3,0.88,true,0.665,false,false,0.78,0.95,58.64,4,recommendation,room_upgrade,room upgrade,360,29,90,234,0.48,3,5,true,false,true,true,false,false,false,true,true,false,true,true,false,true,true,synthetic_case_policy_assumption
comp-policy-comparison-v1.0.0,intelligent_generosity,Intelligent generosity,context_aware_policy_engine,true,case_00377,returning_guest,room_readiness_delay,3,0.88,true,0.665,false,false,0.78,0.95,58.64,4,recommendation,room_upgrade,room upgrade,360,29,90,234,0.48,3,5,true,false,true,true,false,false,false,true,true,false,true,true,false,true,true,synthetic_case_policy_assumption
comp-policy-comparison-v1.0.0,synthetic_discretionary_baseline,Synthetic discretionary baseline,replay_synthetic_history,false,case_00378,loyalty_guest,f_and_b_service_lapse,2,0.7,false,0.505,false,false,1.0,0.95,49.89,3,reference_unknown,no_matched_comp_record,No matched synthetic comp record,0,0,0,0,0.0,0,0,false,false,false,false,false,false,false,false,false,false,false,false,false,true,true,synthetic_case_policy_assumption
comp-policy-comparison-v1.0.0,tiered_standardization,Tiered standardization,highest_issue_fit,true,case_00378,loyalty_guest,f_and_b_service_lapse,2,0.7,false,0.505,false,false,1.0,0.95,49.89,3,recommendation,rooftop_f_and_b_credit,Calabra or Palma dining credit,150,38,60,90,0.88,2,5,true,true,true,false,false,false,false,false,true,false,false,true,false,true,true,synthetic_case_policy_assumption
comp-policy-comparison-v1.0.0,cost_guardrail,Guardrailed recovery,lowest_cost_adequate,true,case_00378,loyalty_guest,f_and_b_service_lapse,2,0.7,false,0.505,false,false,1.0,0.95,49.89,3,recommendation,rooftop_f_and_b_credit,Calabra or Palma dining credit,150,38,60,90,0.88,2,5,true,true,true,false,false,false,false,false,true,false,false,true,false,true,true,synthetic_case_policy_assumption
comp-policy-comparison-v1.0.0,recovery_first,Recovery first,highest_perceived_recovery,true,case_00378,loyalty_guest,f_and_b_service_lapse,2,0.7,false,0.505,false,false,1.0,0.95,49.89,3,recommendation,rooftop_f_and_b_credit,Calabra or Palma dining credit,150,38,60,90,0.88,2,5,true,true,true,false,false,false,false,false,true,false,false,true,false,true,true,synthetic_case_policy_assumption
comp-policy-comparison-v1.0.0,intelligent_generosity,Intelligent generosity,context_aware_policy_engine,true,case_00378,loyalty_guest,f_and_b_service_lapse,2,0.7,false,0.505,false,false,1.0,0.95,49.89,3,recommendation,rooftop_f_and_b_credit,Calabra or Palma dining credit,150,38,60,90,0.88,2,5,true,true,true,false,false,false,false,false,true,false,false,true,false,true,true,synthetic_case_policy_assumption
comp-policy-comparison-v1.0.0,synthetic_discretionary_baseline,Synthetic discretionary baseline,replay_synthetic_history,false,case_00379,new_guest,spa_wellness_service_issue,3,0.74,true,0.478,false,false,1.0,0.95,53.19,3,reference_action,amenity_gesture,in-room amenity gesture,60,27,27,27,0.7,1,3,true,true,true,false,false,false,false,false,true,false,false,false,false,true,true,synthetic_case_policy_assumption
comp-policy-comparison-v1.0.0,tiered_standardization,Tiered standardization,highest_issue_fit,true,case_00379,new_guest,spa_wellness_service_issue,3,0.74,true,0.478,false,false,1.0,0.95,53.19,3,recommendation,spa_wellness_credit,Surya Spa or Recovery Suite credit,275,82,151,206,0.9,3,5,true,true,true,false,false,false,false,false,true,false,false,true,false,true,true,synthetic_case_policy_assumption
comp-policy-comparison-v1.0.0,cost_guardrail,Guardrailed recovery,lowest_cost_adequate,true,case_00379,new_guest,spa_wellness_service_issue,3,0.74,true,0.478,false,false,1.0,0.95,53.19,3,recommendation,spa_wellness_credit,Surya Spa or Recovery Suite credit,275,82,151,206,0.9,3,5,true,true,true,false,false,false,false,false,true,false,false,true,false,true,true,synthetic_case_policy_assumption
comp-policy-comparison-v1.0.0,recovery_first,Recovery first,highest_perceived_recovery,true,case_00379,new_guest,spa_wellness_service_issue,3,0.74,true,0.478,false,false,1.0,0.95,53.19,3,recommendation,spa_wellness_credit,Surya Spa or Recovery Suite credit,275,82,151,206,0.9,3,5,true,true,true,false,false,false,false,false,true,false,false,true,false,true,true,synthetic_case_policy_assumption
comp-policy-comparison-v1.0.0,intelligent_generosity,Intelligent generosity,context_aware_policy_engine,true,case_00379,new_guest,spa_wellness_service_issue,3,0.74,true,0.478,false,false,1.0,0.95,53.19,3,recommendation,spa_wellness_credit,Surya Spa or Recovery Suite credit,275,82,151,206,0.9,3,5,true,true,true,false,false,false,false,false,true,false,false,true,false,true,true,synthetic_case_policy_assumption
comp-policy-comparison-v1.0.0,synthetic_discretionary_baseline,Synthetic discretionary baseline,replay_synthetic_history,false,case_00380,returning_guest,valet_or_parking_delay,4,0.67,true,0.972,false,false,1.0,0.95,62.41,4,reference_action,room_upgrade,room upgrade,330,82,82,82,0.16,3,5,true,false,false,true,true,false,true,false,true,false,false,false,false,true,true,synthetic_case_policy_assumption
comp-policy-comparison-v1.0.0,tiered_standardization,Tiered standardization,highest_issue_fit,true,case_00380,returning_guest,valet_or_parking_delay,4,0.67,true,0.972,false,false,1.0,0.95,62.41,4,recommendation,parking_fee_waiver,parking or destination-fee waiver,100,8,18,35,0.9,2,4,true,true,true,true,false,false,false,false,true,false,false,true,false,true,true,synthetic_case_policy_assumption
comp-policy-comparison-v1.0.0,cost_guardrail,Guardrailed recovery,lowest_cost_adequate,true,case_00380,returning_guest,valet_or_parking_delay,4,0.67,true,0.972,false,false,1.0,0.95,62.41,4,recommendation,parking_fee_waiver,parking or destination-fee waiver,100,8,18,35,0.9,2,4,true,true,true,true,false,false,false,false,true,false,false,true,false,true,true,synthetic_case_policy_assumption
comp-policy-comparison-v1.0.0,recovery_first,Recovery first,highest_perceived_recovery,true,case_00380,returning_guest,valet_or_parking_delay,4,0.67,true,0.972,false,false,1.0,0.95,62.41,4,recommendation,future_stay_credit,future-stay credit,215,64,129,183,0.56,4,5,true,false,true,true,false,false,false,true,false,false,true,true,false,true,true,synthetic_case_policy_assumption
comp-policy-comparison-v1.0.0,intelligent_generosity,Intelligent generosity,context_aware_policy_engine,true,case_00380,returning_guest,valet_or_parking_delay,4,0.67,true,0.972,false,false,1.0,0.95,62.41,4,recommendation,parking_fee_waiver,parking or destination-fee waiver,100,8,18,35,0.9,2,4,true,true,true,true,false,false,false,false,true,false,false,true,false,true,true,synthetic_case_policy_assumption
comp-policy-comparison-v1.0.0,synthetic_discretionary_baseline,Synthetic discretionary baseline,replay_synthetic_history,false,case_00381,returning_guest,housekeeping_miss,3,0.9,true,0.354,false,false,1.0,0.95,59.73,4,reference_unknown,no_matched_comp_record,No matched synthetic comp record,0,0,0,0,0.0,0,0,false,false,false,true,false,false,false,false,false,false,false,false,false,true,true,synthetic_case_policy_assumption
comp-policy-comparison-v1.0.0,tiered_standardization,Tiered standardization,highest_issue_fit,true,case_00381,returning_guest,housekeeping_miss,3,0.9,true,0.354,false,false,1.0,0.95,59.73,4,recommendation,amenity_gesture,in-room amenity gesture,65,16,29,42,0.8,1,3,true,false,false,true,true,false,false,false,true,false,false,true,false,true,true,synthetic_case_policy_assumption
comp-policy-comparison-v1.0.0,cost_guardrail,Guardrailed recovery,lowest_cost_adequate,true,case_00381,returning_guest,housekeeping_miss,3,0.9,true,0.354,false,false,1.0,0.95,59.73,4,recommendation,partial_room_refund,partial room refund,150,150,150,150,0.78,4,5,true,true,true,true,false,false,false,false,false,true,false,true,false,true,true,synthetic_case_policy_assumption
comp-policy-comparison-v1.0.0,recovery_first,Recovery first,highest_perceived_recovery,true,case_00381,returning_guest,housekeeping_miss,3,0.9,true,0.354,false,false,1.0,0.95,59.73,4,recommendation,future_stay_credit,future-stay credit,185,56,111,157,0.56,4,5,true,false,true,true,false,false,false,true,false,false,true,true,false,true,true,synthetic_case_policy_assumption
comp-policy-comparison-v1.0.0,intelligent_generosity,Intelligent generosity,context_aware_policy_engine,true,case_00381,returning_guest,housekeeping_miss,3,0.9,true,0.354,false,false,1.0,0.95,59.73,4,recommendation,rooftop_f_and_b_credit,Calabra or Palma dining credit,180,45,72,108,0.45,2,5,true,false,true,true,false,false,false,true,true,false,true,true,false,true,true,synthetic_case_policy_assumption
comp-policy-comparison-v1.0.0,synthetic_discretionary_baseline,Synthetic discretionary baseline,replay_synthetic_history,false,case_00382,new_guest,maintenance_issue,5,0.83,true,0.774,false,false,1.0,0.95,70.28,4,reference_action,future_stay_credit,future-stay credit,350,210,210,210,0.56,4,5,true,false,false,true,true,false,false,false,false,false,false,false,false,true,true,synthetic_case_policy_assumption
comp-policy-comparison-v1.0.0,tiered_standardization,Tiered standardization,highest_issue_fit,true,case_00382,new_guest,maintenance_issue,5,0.83,true,0.774,false,false,1.0,0.95,70.28,4,recommendation,partial_room_refund,partial room refund,150,150,150,150,0.8,4,5,true,true,true,true,false,false,false,false,false,true,false,true,false,true,true,synthetic_case_policy_assumption
comp-policy-comparison-v1.0.0,cost_guardrail,Guardrailed recovery,lowest_cost_adequate,true,case_00382,new_guest,maintenance_issue,5,0.83,true,0.774,false,false,1.0,0.95,70.28,4,recommendation,partial_room_refund,partial room refund,150,150,150,150,0.8,4,5,true,true,true,true,false,false,false,false,false,true,false,true,false,true,true,synthetic_case_policy_assumption
comp-policy-comparison-v1.0.0,recovery_first,Recovery first,highest_perceived_recovery,true,case_00382,new_guest,maintenance_issue,5,0.83,true,0.774,false,false,1.0,0.95,70.28,4,recommendation,spa_wellness_credit,Surya Spa or Recovery Suite credit,330,99,182,248,0.45,3,5,true,false,true,true,false,false,false,true,true,false,true,true,false,true,true,synthetic_case_policy_assumption
comp-policy-comparison-v1.0.0,intelligent_generosity,Intelligent generosity,context_aware_policy_engine,true,case_00382,new_guest,maintenance_issue,5,0.83,true,0.774,false,false,1.0,0.95,70.28,4,recommendation,spa_wellness_credit,Surya Spa or Recovery Suite credit,330,99,182,248,0.45,3,5,true,false,true,true,false,false,false,true,true,false,true,true,false,true,true,synthetic_case_policy_assumption
comp-policy-comparison-v1.0.0,synthetic_discretionary_baseline,Synthetic discretionary baseline,replay_synthetic_history,false,case_00383,new_guest,noise_disruption,1,0.48,true,0.504,false,false,1.0,0.95,30.13,2,reference_unknown,no_matched_comp_record,No matched synthetic comp record,0,0,0,0,0.0,0,0,false,false,false,false,false,false,false,false,false,false,false,false,false,true,true,synthetic_case_policy_assumption
comp-policy-comparison-v1.0.0,tiered_standardization,Tiered standardization,highest_issue_fit,true,case_00383,new_guest,noise_disruption,1,0.48,true,0.504,false,false,1.0,0.95,30.13,2,recommendation,late_checkout,late checkout,75,6,15,34,0.82,2,4,true,true,true,false,false,false,false,false,true,false,false,true,false,true,true,synthetic_case_policy_assumption
comp-policy-comparison-v1.0.0,cost_guardrail,Guardrailed recovery,lowest_cost_adequate,true,case_00383,new_guest,noise_disruption,1,0.48,true,0.504,false,false,1.0,0.95,30.13,2,recommendation,late_checkout,late checkout,75,6,15,34,0.82,2,4,true,true,true,false,false,false,false,false,true,false,false,true,false,true,true,synthetic_case_policy_assumption
comp-policy-comparison-v1.0.0,recovery_first,Recovery first,highest_perceived_recovery,true,case_00383,new_guest,noise_disruption,1,0.48,true,0.504,false,false,1.0,0.95,30.13,2,recommendation,late_checkout,late checkout,75,6,15,34,0.82,2,4,true,true,true,false,false,false,false,false,true,false,false,true,false,true,true,synthetic_case_policy_assumption
comp-policy-comparison-v1.0.0,intelligent_generosity,Intelligent generosity,context_aware_policy_engine,true,case_00383,new_guest,noise_disruption,1,0.48,true,0.504,false,false,1.0,0.95,30.13,2,recommendation,late_checkout,late checkout,75,6,15,34,0.82,2,4,true,true,true,false,false,false,false,false,true,false,false,true,false,true,true,synthetic_case_policy_assumption
comp-policy-comparison-v1.0.0,synthetic_discretionary_baseline,Synthetic discretionary baseline,replay_synthetic_history,false,case_00384,new_guest,valet_or_parking_delay,2,0.62,true,0.593,false,false,1.0,0.95,41.43,2,reference_action,lobby_lounge_credit,Palma lounge credit,125,48,48,48,0.52,2,4,true,false,false,false,false,false,false,false,true,false,false,false,false,true,true,synthetic_case_policy_assumption
comp-policy-comparison-v1.0.0,tiered_standardization,Tiered standardization,highest_issue_fit,true,case_00384,new_guest,valet_or_parking_delay,2,0.62,true,0.593,false,false,1.0,0.95,41.43,2,recommendation,parking_fee_waiver,parking or destination-fee waiver,75,6,14,26,0.9,2,4,true,true,true,false,false,false,false,false,true,false,false,true,false,true,true,synthetic_case_policy_assumption
comp-policy-comparison-v1.0.0,cost_guardrail,Guardrailed recovery,lowest_cost_adequate,true,case_00384,new_guest,valet_or_parking_delay,2,0.62,true,0.593,false,false,1.0,0.95,41.43,2,recommendation,parking_fee_waiver,parking or destination-fee waiver,75,6,14,26,0.9,2,4,true,true,true,false,false,false,false,false,true,false,false,true,false,true,true,synthetic_case_policy_assumption
comp-policy-comparison-v1.0.0,recovery_first,Recovery first,highest_perceived_recovery,true,case_00384,new_guest,valet_or_parking_delay,2,0.62,true,0.593,false,false,1.0,0.95,41.43,2,recommendation,parking_fee_waiver,parking or destination-fee waiver,75,6,14,26,0.9,2,4,true,true,true,false,false,false,false,false,true,false,false,true,false,true,true,synthetic_case_policy_assumption
comp-policy-comparison-v1.0.0,intelligent_generosity,Intelligent generosity,context_aware_policy_engine,true,case_00384,new_guest,valet_or_parking_delay,2,0.62,true,0.593,false,false,1.0,0.95,41.43,2,recommendation,parking_fee_waiver,parking or destination-fee waiver,75,6,14,26,0.9,2,4,true,true,true,false,false,false,false,false,true,false,false,true,false,true,true,synthetic_case_policy_assumption
comp-policy-comparison-v1.0.0,synthetic_discretionary_baseline,Synthetic discretionary baseline,replay_synthetic_history,false,case_00385,vip_guest,maintenance_issue,3,0.78,true,0.783,false,false,1.0,0.95,59.01,4,reference_action,parking_fee_waiver,parking or destination-fee waiver,115,21,21,21,0.45,2,4,true,false,false,true,true,false,false,false,true,false,false,false,false,true,true,synthetic_case_policy_assumption
comp-policy-comparison-v1.0.0,tiered_standardization,Tiered standardization,highest_issue_fit,true,case_00385,vip_guest,maintenance_issue,3,0.78,true,0.783,false,false,1.0,0.95,59.01,4,recommendation,partial_room_refund,partial room refund,195,195,195,195,0.8,4,5,true,true,true,true,false,false,false,false,false,true,false,true,false,true,true,synthetic_case_policy_assumption
comp-policy-comparison-v1.0.0,cost_guardrail,Guardrailed recovery,lowest_cost_adequate,true,case_00385,vip_guest,maintenance_issue,3,0.78,true,0.783,false,false,1.0,0.95,59.01,4,recommendation,future_stay_credit,future-stay credit,260,78,156,221,0.78,4,5,true,true,true,true,false,false,false,false,false,false,false,true,false,true,true,synthetic_case_policy_assumption
comp-policy-comparison-v1.0.0,recovery_first,Recovery first,highest_perceived_recovery,true,case_00385,vip_guest,maintenance_issue,3,0.78,true,0.783,false,false,1.0,0.95,59.01,4,recommendation,future_stay_credit,future-stay credit,260,78,156,221,0.78,4,5,true,true,true,true,false,false,false,false,false,false,false,true,false,true,true,synthetic_case_policy_assumption
comp-policy-comparison-v1.0.0,intelligent_generosity,Intelligent generosity,context_aware_policy_engine,true,case_00385,vip_guest,maintenance_issue,3,0.78,true,0.783,false,false,1.0,0.95,59.01,4,recommendation,future_stay_credit,future-stay credit,260,78,156,221,0.78,4,5,true,true,true,true,false,false,false,false,false,false,false,true,false,true,true,synthetic_case_policy_assumption
comp-policy-comparison-v1.0.0,synthetic_discretionary_baseline,Synthetic discretionary baseline,replay_synthetic_history,false,case_00386,returning_guest,valet_or_parking_delay,2,0.62,true,0.841,false,false,1.0,0.95,44.34,3,reference_unknown,no_matched_comp_record,No matched synthetic comp record,0,0,0,0,0.0,0,0,false,false,false,false,false,false,false,false,false,false,false,false,false,true,true,synthetic_case_policy_assumption
comp-policy-comparison-v1.0.0,tiered_standardization,Tiered standardization,highest_issue_fit,true,case_00386,returning_guest,valet_or_parking_delay,2,0.62,true,0.841,false,false,1.0,0.95,44.34,3,recommendation,parking_fee_waiver,parking or destination-fee waiver,85,7,15,30,0.9,2,4,true,true,true,false,false,false,false,false,true,false,false,true,false,true,true,synthetic_case_policy_assumption
comp-policy-comparison-v1.0.0,cost_guardrail,Guardrailed recovery,lowest_cost_adequate,true,case_00386,returning_guest,valet_or_parking_delay,2,0.62,true,0.841,false,false,1.0,0.95,44.34,3,recommendation,parking_fee_waiver,parking or destination-fee waiver,85,7,15,30,0.9,2,4,true,true,true,false,false,false,false,false,true,false,false,true,false,true,true,synthetic_case_policy_assumption
comp-policy-comparison-v1.0.0,recovery_first,Recovery first,highest_perceived_recovery,true,case_00386,returning_guest,valet_or_parking_delay,2,0.62,true,0.841,false,false,1.0,0.95,44.34,3,recommendation,spa_wellness_credit,Surya Spa or Recovery Suite credit,275,82,151,206,0.25,3,5,true,false,true,false,false,false,false,true,true,false,true,true,false,true,true,synthetic_case_policy_assumption
comp-policy-comparison-v1.0.0,intelligent_generosity,Intelligent generosity,context_aware_policy_engine,true,case_00386,returning_guest,valet_or_parking_delay,2,0.62,true,0.841,false,false,1.0,0.95,44.34,3,recommendation,parking_fee_waiver,parking or destination-fee waiver,85,7,15,30,0.9,2,4,true,true,true,false,false,false,false,false,true,false,false,true,false,true,true,synthetic_case_policy_assumption
comp-policy-comparison-v1.0.0,synthetic_discretionary_baseline,Synthetic discretionary baseline,replay_synthetic_history,false,case_00387,new_guest,room_assignment_expectation_gap,4,0.79,false,0.649,false,false,1.0,0.95,66.13,4,reference_action,rooftop_f_and_b_credit,Calabra or Palma dining credit,175,70,70,70,0.45,2,5,true,false,false,true,true,false,false,false,true,false,false,false,false,true,true,synthetic_case_policy_assumption
comp-policy-comparison-v1.0.0,tiered_standardization,Tiered standardization,highest_issue_fit,true,case_00387,new_guest,room_assignment_expectation_gap,4,0.79,false,0.649,false,false,1.0,0.95,66.13,4,recommendation,partial_room_refund,partial room refund,155,155,155,155,0.75,4,5,true,true,true,true,false,false,false,false,false,true,false,true,false,true,true,synthetic_case_policy_assumption
comp-policy-comparison-v1.0.0,cost_guardrail,Guardrailed recovery,lowest_cost_adequate,true,case_00387,new_guest,room_assignment_expectation_gap,4,0.79,false,0.649,false,false,1.0,0.95,66.13,4,recommendation,partial_room_refund,partial room refund,155,155,155,155,0.75,4,5,true,true,true,true,false,false,false,false,false,true,false,true,false,true,true,synthetic_case_policy_assumption
comp-policy-comparison-v1.0.0,recovery_first,Recovery first,highest_perceived_recovery,true,case_00387,new_guest,room_assignment_expectation_gap,4,0.79,false,0.649,false,false,1.0,0.95,66.13,4,recommendation,future_stay_credit,future-stay credit,205,62,123,174,0.56,4,5,true,false,true,true,false,false,false,true,false,false,true,true,false,true,true,synthetic_case_policy_assumption
comp-policy-comparison-v1.0.0,intelligent_generosity,Intelligent generosity,context_aware_policy_engine,true,case_00387,new_guest,room_assignment_expectation_gap,4,0.79,false,0.649,false,false,1.0,0.95,66.13,4,recommendation,rooftop_f_and_b_credit,Calabra or Palma dining credit,180,45,72,108,0.45,2,5,true,false,true,true,false,false,false,true,true,false,true,true,false,true,true,synthetic_case_policy_assumption
comp-policy-comparison-v1.0.0,synthetic_discretionary_baseline,Synthetic discretionary baseline,replay_synthetic_history,false,case_00388,loyalty_guest,f_and_b_service_lapse,2,0.7,true,0.573,false,false,1.0,0.95,46.51,3,reference_action,rooftop_f_and_b_credit,Calabra or Palma dining credit,115,46,46,46,0.88,2,5,true,true,true,false,false,false,false,false,true,false,false,false,false,true,true,synthetic_case_policy_assumption
comp-policy-comparison-v1.0.0,tiered_standardization,Tiered standardization,highest_issue_fit,true,case_00388,loyalty_guest,f_and_b_service_lapse,2,0.7,true,0.573,false,false,1.0,0.95,46.51,3,recommendation,rooftop_f_and_b_credit,Calabra or Palma dining credit,150,38,60,90,0.88,2,5,true,true,true,false,false,false,false,false,true,false,false,true,false,true,true,synthetic_case_policy_assumption
comp-policy-comparison-v1.0.0,cost_guardrail,Guardrailed recovery,lowest_cost_adequate,true,case_00388,loyalty_guest,f_and_b_service_lapse,2,0.7,true,0.573,false,false,1.0,0.95,46.51,3,recommendation,rooftop_f_and_b_credit,Calabra or Palma dining credit,150,38,60,90,0.88,2,5,true,true,true,false,false,false,false,false,true,false,false,true,false,true,true,synthetic_case_policy_assumption
comp-policy-comparison-v1.0.0,recovery_first,Recovery first,highest_perceived_recovery,true,case_00388,loyalty_guest,f_and_b_service_lapse,2,0.7,true,0.573,false,false,1.0,0.95,46.51,3,recommendation,rooftop_f_and_b_credit,Calabra or Palma dining credit,150,38,60,90,0.88,2,5,true,true,true,false,false,false,false,false,true,false,false,true,false,true,true,synthetic_case_policy_assumption
comp-policy-comparison-v1.0.0,intelligent_generosity,Intelligent generosity,context_aware_policy_engine,true,case_00388,loyalty_guest,f_and_b_service_lapse,2,0.7,true,0.573,false,false,1.0,0.95,46.51,3,recommendation,rooftop_f_and_b_credit,Calabra or Palma dining credit,150,38,60,90,0.88,2,5,true,true,true,false,false,false,false,false,true,false,false,true,false,true,true,synthetic_case_policy_assumption
comp-policy-comparison-v1.0.0,synthetic_discretionary_baseline,Synthetic discretionary baseline,replay_synthetic_history,false,case_00389,vip_guest,billing_or_fee_dispute,2,0.55,true,0.99,false,false,1.0,0.95,47.55,3,reference_action,amenity_gesture,in-room amenity gesture,70,32,32,32,0.7,1,3,true,true,true,false,false,false,false,false,true,false,false,false,false,true,true,synthetic_case_policy_assumption
comp-policy-comparison-v1.0.0,tiered_standardization,Tiered standardization,highest_issue_fit,true,case_00389,vip_guest,billing_or_fee_dispute,2,0.55,true,0.99,false,false,1.0,0.95,47.55,3,recommendation,manager_note,manager note and personal follow-up,0,0,0,0,0.72,1,3,true,true,true,false,false,false,false,true,false,false,true,true,false,true,true,synthetic_case_policy_assumption
comp-policy-comparison-v1.0.0,cost_guardrail,Guardrailed recovery,lowest_cost_adequate,true,case_00389,vip_guest,billing_or_fee_dispute,2,0.55,true,0.99,false,false,1.0,0.95,47.55,3,recommendation,manager_note,manager note and personal follow-up,0,0,0,0,0.72,1,3,true,true,true,false,false,false,false,true,false,false,true,true,false,true,true,synthetic_case_policy_assumption
comp-policy-comparison-v1.0.0,recovery_first,Recovery first,highest_perceived_recovery,true,case_00389,vip_guest,billing_or_fee_dispute,2,0.55,true,0.99,false,false,1.0,0.95,47.55,3,recommendation,spa_wellness_credit,Surya Spa or Recovery Suite credit,275,82,151,206,0.25,3,5,true,false,true,false,false,false,false,true,true,false,true,true,false,true,true,synthetic_case_policy_assumption
comp-policy-comparison-v1.0.0,intelligent_generosity,Intelligent generosity,context_aware_policy_engine,true,case_00389,vip_guest,billing_or_fee_dispute,2,0.55,true,0.99,false,false,1.0,0.95,47.55,3,recommendation,parking_fee_waiver,parking or destination-fee waiver,85,7,15,30,0.66,2,4,true,true,true,false,false,false,false,true,true,false,true,true,false,true,true,synthetic_case_policy_assumption
comp-policy-comparison-v1.0.0,synthetic_discretionary_baseline,Synthetic discretionary baseline,replay_synthetic_history,false,case_00390,loyalty_guest,f_and_b_service_lapse,2,0.7,true,0.464,false,false,1.0,0.95,47.69,3,reference_unknown,no_matched_comp_record,No matched synthetic comp record,0,0,0,0,0.0,0,0,false,false,false,false,false,false,false,false,false,false,false,false,false,true,true,synthetic_case_policy_assumption
comp-policy-comparison-v1.0.0,tiered_standardization,Tiered standardization,highest_issue_fit,true,case_00390,loyalty_guest,f_and_b_service_lapse,2,0.7,true,0.464,false,false,1.0,0.95,47.69,3,recommendation,rooftop_f_and_b_credit,Calabra or Palma dining credit,150,38,60,90,0.88,2,5,true,true,true,false,false,false,false,false,true,false,false,true,false,true,true,synthetic_case_policy_assumption
comp-policy-comparison-v1.0.0,cost_guardrail,Guardrailed recovery,lowest_cost_adequate,true,case_00390,loyalty_guest,f_and_b_service_lapse,2,0.7,true,0.464,false,false,1.0,0.95,47.69,3,recommendation,rooftop_f_and_b_credit,Calabra or Palma dining credit,150,38,60,90,0.88,2,5,true,true,true,false,false,false,false,false,true,false,false,true,false,true,true,synthetic_case_policy_assumption
comp-policy-comparison-v1.0.0,recovery_first,Recovery first,highest_perceived_recovery,true,case_00390,loyalty_guest,f_and_b_service_lapse,2,0.7,true,0.464,false,false,1.0,0.95,47.69,3,recommendation,rooftop_f_and_b_credit,Calabra or Palma dining credit,150,38,60,90,0.88,2,5,true,true,true,false,false,false,false,false,true,false,false,true,false,true,true,synthetic_case_policy_assumption
comp-policy-comparison-v1.0.0,intelligent_generosity,Intelligent generosity,context_aware_policy_engine,true,case_00390,loyalty_guest,f_and_b_service_lapse,2,0.7,true,0.464,false,false,1.0,0.95,47.69,3,recommendation,rooftop_f_and_b_credit,Calabra or Palma dining credit,150,38,60,90,0.88,2,5,true,true,true,false,false,false,false,false,true,false,false,true,false,true,true,synthetic_case_policy_assumption
comp-policy-comparison-v1.0.0,synthetic_discretionary_baseline,Synthetic discretionary baseline,replay_synthetic_history,false,case_00391,new_guest,rooftop_pool_access_issue,1,0.64,true,0.659,false,false,1.0,0.95,32.84,2,reference_unknown,no_matched_comp_record,No matched synthetic comp record,0,0,0,0,0.0,0,0,false,false,false,false,false,false,false,false,false,false,false,false,false,true,true,synthetic_case_policy_assumption
comp-policy-comparison-v1.0.0,tiered_standardization,Tiered standardization,highest_issue_fit,true,case_00391,new_guest,rooftop_pool_access_issue,1,0.64,true,0.659,false,false,1.0,0.95,32.84,2,recommendation,rooftop_f_and_b_credit,Calabra or Palma dining credit,135,34,54,81,0.86,2,5,true,true,true,false,false,false,false,false,true,false,false,true,false,true,true,synthetic_case_policy_assumption
comp-policy-comparison-v1.0.0,cost_guardrail,Guardrailed recovery,lowest_cost_adequate,true,case_00391,new_guest,rooftop_pool_access_issue,1,0.64,true,0.659,false,false,1.0,0.95,32.84,2,recommendation,rooftop_f_and_b_credit,Calabra or Palma dining credit,135,34,54,81,0.86,2,5,true,true,true,false,false,false,false,false,true,false,false,true,false,true,true,synthetic_case_policy_assumption
comp-policy-comparison-v1.0.0,recovery_first,Recovery first,highest_perceived_recovery,true,case_00391,new_guest,rooftop_pool_access_issue,1,0.64,true,0.659,false,false,1.0,0.95,32.84,2,recommendation,rooftop_f_and_b_credit,Calabra or Palma dining credit,135,34,54,81,0.86,2,5,true,true,true,false,false,false,false,false,true,false,false,true,false,true,true,synthetic_case_policy_assumption
comp-policy-comparison-v1.0.0,intelligent_generosity,Intelligent generosity,context_aware_policy_engine,true,case_00391,new_guest,rooftop_pool_access_issue,1,0.64,true,0.659,false,false,1.0,0.95,32.84,2,recommendation,rooftop_f_and_b_credit,Calabra or Palma dining credit,135,34,54,81,0.86,2,5,true,true,true,false,false,false,false,false,true,false,false,true,false,true,true,synthetic_case_policy_assumption
comp-policy-comparison-v1.0.0,synthetic_discretionary_baseline,Synthetic discretionary baseline,replay_synthetic_history,false,case_00392,event_or_suite_guest,maintenance_issue,5,0.83,true,0.99,true,false,1.0,0.95,77.56,5,reference_unknown,no_matched_comp_record,No matched synthetic comp record,0,0,0,0,0.0,0,0,false,false,false,true,false,false,false,false,false,false,false,false,false,true,false,synthetic_case_policy_assumption
comp-policy-comparison-v1.0.0,tiered_standardization,Tiered standardization,highest_issue_fit,true,case_00392,event_or_suite_guest,maintenance_issue,5,0.83,true,0.99,true,false,1.0,0.95,77.56,5,recommendation,partial_room_refund,partial room refund,405,405,405,405,0.8,4,5,true,true,true,true,false,false,false,false,false,true,true,true,false,true,true,synthetic_case_policy_assumption
comp-policy-comparison-v1.0.0,cost_guardrail,Guardrailed recovery,lowest_cost_adequate,true,case_00392,event_or_suite_guest,maintenance_issue,5,0.83,true,0.99,true,false,1.0,0.95,77.56,5,recommendation,future_stay_credit,future-stay credit,415,124,249,353,0.76,4,5,true,true,true,true,false,false,false,false,false,false,true,true,false,true,true,synthetic_case_policy_assumption
comp-policy-comparison-v1.0.0,recovery_first,Recovery first,highest_perceived_recovery,true,case_00392,event_or_suite_guest,maintenance_issue,5,0.83,true,0.99,true,false,1.0,0.95,77.56,5,recommendation,future_stay_credit,future-stay credit,415,124,249,353,0.76,4,5,true,true,true,true,false,false,false,false,false,false,true,true,false,true,true,synthetic_case_policy_assumption
comp-policy-comparison-v1.0.0,intelligent_generosity,Intelligent generosity,context_aware_policy_engine,true,case_00392,event_or_suite_guest,maintenance_issue,5,0.83,true,0.99,true,false,1.0,0.95,77.56,5,recommendation,future_stay_credit,future-stay credit,415,124,249,353,0.76,4,5,true,true,true,true,false,false,false,false,false,false,true,true,false,true,true,synthetic_case_policy_assumption
comp-policy-comparison-v1.0.0,synthetic_discretionary_baseline,Synthetic discretionary baseline,replay_synthetic_history,false,case_00393,new_guest,housekeeping_miss,4,0.95,false,0.32,true,false,1.0,0.95,69.19,4,reference_unknown,no_matched_comp_record,No matched synthetic comp record,0,0,0,0,0.0,0,0,false,false,false,true,false,false,false,false,false,false,false,false,false,true,true,synthetic_case_policy_assumption
comp-policy-comparison-v1.0.0,tiered_standardization,Tiered standardization,highest_issue_fit,true,case_00393,new_guest,housekeeping_miss,4,0.95,false,0.32,true,false,1.0,0.95,69.19,4,recommendation,amenity_gesture,in-room amenity gesture,65,16,29,42,0.8,1,3,true,false,false,true,true,false,false,false,true,false,false,true,false,true,true,synthetic_case_policy_assumption
comp-policy-comparison-v1.0.0,cost_guardrail,Guardrailed recovery,lowest_cost_adequate,true,case_00393,new_guest,housekeeping_miss,4,0.95,false,0.32,true,false,1.0,0.95,69.19,4,recommendation,partial_room_refund,partial room refund,150,150,150,150,0.78,4,5,true,true,true,true,false,false,false,false,false,true,false,true,false,true,true,synthetic_case_policy_assumption
comp-policy-comparison-v1.0.0,recovery_first,Recovery first,highest_perceived_recovery,true,case_00393,new_guest,housekeeping_miss,4,0.95,false,0.32,true,false,1.0,0.95,69.19,4,recommendation,future_stay_credit,future-stay credit,205,62,123,174,0.56,4,5,true,false,true,true,false,false,false,true,false,false,true,true,false,true,true,synthetic_case_policy_assumption
comp-policy-comparison-v1.0.0,intelligent_generosity,Intelligent generosity,context_aware_policy_engine,true,case_00393,new_guest,housekeeping_miss,4,0.95,false,0.32,true,false,1.0,0.95,69.19,4,recommendation,rooftop_f_and_b_credit,Calabra or Palma dining credit,180,45,72,108,0.45,2,5,true,false,true,true,false,false,false,true,true,false,true,true,false,true,true,synthetic_case_policy_assumption
comp-policy-comparison-v1.0.0,synthetic_discretionary_baseline,Synthetic discretionary baseline,replay_synthetic_history,false,case_00394,returning_guest,rooftop_pool_access_issue,3,0.64,false,0.826,true,false,1.0,0.95,56.41,3,reference_action,late_checkout,late checkout,65,13,13,13,0.5,2,4,true,false,false,false,false,true,true,false,true,false,false,false,false,true,true,synthetic_case_policy_assumption
comp-policy-comparison-v1.0.0,tiered_standardization,Tiered standardization,highest_issue_fit,true,case_00394,returning_guest,rooftop_pool_access_issue,3,0.64,false,0.826,true,false,1.0,0.95,56.41,3,recommendation,rooftop_f_and_b_credit,Calabra or Palma dining credit,150,38,60,90,0.86,2,5,true,true,true,false,false,false,false,false,true,false,false,true,false,true,true,synthetic_case_policy_assumption
comp-policy-comparison-v1.0.0,cost_guardrail,Guardrailed recovery,lowest_cost_adequate,true,case_00394,returning_guest,rooftop_pool_access_issue,3,0.64,false,0.826,true,false,1.0,0.95,56.41,3,recommendation,rooftop_f_and_b_credit,Calabra or Palma dining credit,150,38,60,90,0.86,2,5,true,true,true,false,false,false,false,false,true,false,false,true,false,true,true,synthetic_case_policy_assumption
comp-policy-comparison-v1.0.0,recovery_first,Recovery first,highest_perceived_recovery,true,case_00394,returning_guest,rooftop_pool_access_issue,3,0.64,false,0.826,true,false,1.0,0.95,56.41,3,recommendation,rooftop_f_and_b_credit,Calabra or Palma dining credit,150,38,60,90,0.86,2,5,true,true,true,false,false,false,false,false,true,false,false,true,false,true,true,synthetic_case_policy_assumption
comp-policy-comparison-v1.0.0,intelligent_generosity,Intelligent generosity,context_aware_policy_engine,true,case_00394,returning_guest,rooftop_pool_access_issue,3,0.64,false,0.826,true,false,1.0,0.95,56.41,3,recommendation,rooftop_f_and_b_credit,Calabra or Palma dining credit,150,38,60,90,0.86,2,5,true,true,true,false,false,false,false,false,true,false,false,true,false,true,true,synthetic_case_policy_assumption
comp-policy-comparison-v1.0.0,synthetic_discretionary_baseline,Synthetic discretionary baseline,replay_synthetic_history,false,case_00395,new_guest,billing_or_fee_dispute,2,0.55,false,0.638,false,false,1.0,0.95,42.73,3,reference_unknown,no_matched_comp_record,No matched synthetic comp record,0,0,0,0,0.0,0,0,false,false,false,false,false,false,false,false,false,false,false,false,false,true,true,synthetic_case_policy_assumption
comp-policy-comparison-v1.0.0,tiered_standardization,Tiered standardization,highest_issue_fit,true,case_00395,new_guest,billing_or_fee_dispute,2,0.55,false,0.638,false,false,1.0,0.95,42.73,3,recommendation,manager_note,manager note and personal follow-up,0,0,0,0,0.72,1,3,true,true,true,false,false,false,false,true,false,false,true,true,false,true,true,synthetic_case_policy_assumption
comp-policy-comparison-v1.0.0,cost_guardrail,Guardrailed recovery,lowest_cost_adequate,true,case_00395,new_guest,billing_or_fee_dispute,2,0.55,false,0.638,false,false,1.0,0.95,42.73,3,recommendation,manager_note,manager note and personal follow-up,0,0,0,0,0.72,1,3,true,true,true,false,false,false,false,true,false,false,true,true,false,true,true,synthetic_case_policy_assumption
comp-policy-comparison-v1.0.0,recovery_first,Recovery first,highest_perceived_recovery,true,case_00395,new_guest,billing_or_fee_dispute,2,0.55,false,0.638,false,false,1.0,0.95,42.73,3,recommendation,spa_wellness_credit,Surya Spa or Recovery Suite credit,275,82,151,206,0.25,3,5,true,false,true,false,false,false,false,true,true,false,true,true,false,true,true,synthetic_case_policy_assumption
comp-policy-comparison-v1.0.0,intelligent_generosity,Intelligent generosity,context_aware_policy_engine,true,case_00395,new_guest,billing_or_fee_dispute,2,0.55,false,0.638,false,false,1.0,0.95,42.73,3,recommendation,parking_fee_waiver,parking or destination-fee waiver,85,7,15,30,0.66,2,4,true,true,true,false,false,false,false,true,true,false,true,true,false,true,true,synthetic_case_policy_assumption
comp-policy-comparison-v1.0.0,synthetic_discretionary_baseline,Synthetic discretionary baseline,replay_synthetic_history,false,case_00396,returning_guest,room_assignment_expectation_gap,2,0.74,true,0.853,false,false,1.0,0.95,45.57,3,reference_action,lobby_lounge_credit,Palma lounge credit,130,49,49,49,0.52,2,4,true,false,false,false,false,false,false,false,true,false,false,false,false,true,true,synthetic_case_policy_assumption
comp-policy-comparison-v1.0.0,tiered_standardization,Tiered standardization,highest_issue_fit,true,case_00396,returning_guest,room_assignment_expectation_gap,2,0.74,true,0.853,false,false,1.0,0.95,45.57,3,recommendation,room_upgrade,room upgrade,300,24,75,195,0.9,3,5,true,true,true,false,false,false,true,false,true,false,true,true,false,true,true,synthetic_case_policy_assumption
comp-policy-comparison-v1.0.0,cost_guardrail,Guardrailed recovery,lowest_cost_adequate,true,case_00396,returning_guest,room_assignment_expectation_gap,2,0.74,true,0.853,false,false,1.0,0.95,45.57,3,recommendation,room_upgrade,room upgrade,300,24,75,195,0.9,3,5,true,true,true,false,false,false,true,false,true,false,true,true,false,true,true,synthetic_case_policy_assumption
comp-policy-comparison-v1.0.0,recovery_first,Recovery first,highest_perceived_recovery,true,case_00396,returning_guest,room_assignment_expectation_gap,2,0.74,true,0.853,false,false,1.0,0.95,45.57,3,recommendation,room_upgrade,room upgrade,300,24,75,195,0.9,3,5,true,true,true,false,false,false,true,false,true,false,true,true,false,true,true,synthetic_case_policy_assumption
comp-policy-comparison-v1.0.0,intelligent_generosity,Intelligent generosity,context_aware_policy_engine,true,case_00396,returning_guest,room_assignment_expectation_gap,2,0.74,true,0.853,false,false,1.0,0.95,45.57,3,recommendation,room_upgrade,room upgrade,300,24,75,195,0.9,3,5,true,true,true,false,false,false,true,false,true,false,true,true,false,true,true,synthetic_case_policy_assumption
comp-policy-comparison-v1.0.0,synthetic_discretionary_baseline,Synthetic discretionary baseline,replay_synthetic_history,false,case_00397,new_guest,noise_disruption,2,0.48,true,0.967,true,false,1.0,0.95,41.98,2,reference_action,lobby_lounge_credit,Palma lounge credit,115,44,44,44,0.52,2,4,true,false,false,false,false,false,false,false,true,false,false,false,false,true,true,synthetic_case_policy_assumption
comp-policy-comparison-v1.0.0,tiered_standardization,Tiered standardization,highest_issue_fit,true,case_00397,new_guest,noise_disruption,2,0.48,true,0.967,true,false,1.0,0.95,41.98,2,recommendation,late_checkout,late checkout,75,6,15,34,0.82,2,4,true,true,true,false,false,false,true,false,true,false,true,true,false,true,true,synthetic_case_policy_assumption
comp-policy-comparison-v1.0.0,cost_guardrail,Guardrailed recovery,lowest_cost_adequate,true,case_00397,new_guest,noise_disruption,2,0.48,true,0.967,true,false,1.0,0.95,41.98,2,recommendation,late_checkout,late checkout,75,6,15,34,0.82,2,4,true,true,true,false,false,false,true,false,true,false,true,true,false,true,true,synthetic_case_policy_assumption
comp-policy-comparison-v1.0.0,recovery_first,Recovery first,highest_perceived_recovery,true,case_00397,new_guest,noise_disruption,2,0.48,true,0.967,true,false,1.0,0.95,41.98,2,recommendation,late_checkout,late checkout,75,6,15,34,0.82,2,4,true,true,true,false,false,false,true,false,true,false,true,true,false,true,true,synthetic_case_policy_assumption
comp-policy-comparison-v1.0.0,intelligent_generosity,Intelligent generosity,context_aware_policy_engine,true,case_00397,new_guest,noise_disruption,2,0.48,true,0.967,true,false,1.0,0.95,41.98,2,recommendation,rooftop_f_and_b_credit,Calabra or Palma dining credit,135,34,54,81,0.45,2,5,true,false,true,false,false,false,false,true,true,false,true,true,false,true,true,synthetic_case_policy_assumption
comp-policy-comparison-v1.0.0,synthetic_discretionary_baseline,Synthetic discretionary baseline,replay_synthetic_history,false,case_00398,new_guest,housekeeping_miss,2,0.9,true,0.403,false,false,1.0,0.95,47.64,3,reference_action,manager_note,manager note and personal follow-up,0,0,0,0,0.72,1,3,true,true,true,false,false,false,false,false,false,false,false,false,false,true,true,synthetic_case_policy_assumption
comp-policy-comparison-v1.0.0,tiered_standardization,Tiered standardization,highest_issue_fit,true,case_00398,new_guest,housekeeping_miss,2,0.9,true,0.403,false,false,1.0,0.95,47.64,3,recommendation,amenity_gesture,in-room amenity gesture,55,14,25,36,0.8,1,3,true,true,true,false,false,false,false,false,true,false,false,true,false,true,true,synthetic_case_policy_assumption
comp-policy-comparison-v1.0.0,cost_guardrail,Guardrailed recovery,lowest_cost_adequate,true,case_00398,new_guest,housekeeping_miss,2,0.9,true,0.403,false,false,1.0,0.95,47.64,3,recommendation,amenity_gesture,in-room amenity gesture,55,14,25,36,0.8,1,3,true,true,true,false,false,false,false,false,true,false,false,true,false,true,true,synthetic_case_policy_assumption
comp-policy-comparison-v1.0.0,recovery_first,Recovery first,highest_perceived_recovery,true,case_00398,new_guest,housekeeping_miss,2,0.9,true,0.403,false,false,1.0,0.95,47.64,3,recommendation,spa_wellness_credit,Surya Spa or Recovery Suite credit,275,82,151,206,0.25,3,5,true,false,true,false,false,false,false,true,true,false,true,true,false,true,true,synthetic_case_policy_assumption
comp-policy-comparison-v1.0.0,intelligent_generosity,Intelligent generosity,context_aware_policy_engine,true,case_00398,new_guest,housekeeping_miss,2,0.9,true,0.403,false,false,1.0,0.95,47.64,3,recommendation,rooftop_f_and_b_credit,Calabra or Palma dining credit,150,38,60,90,0.45,2,5,true,false,true,false,false,false,false,true,true,false,true,true,false,true,true,synthetic_case_policy_assumption
comp-policy-comparison-v1.0.0,synthetic_discretionary_baseline,Synthetic discretionary baseline,replay_synthetic_history,false,case_00399,returning_guest,housekeeping_miss,2,0.9,true,0.695,false,false,1.0,0.95,51.1,3,reference_action,amenity_gesture,in-room amenity gesture,60,27,27,27,0.8,1,3,true,true,true,false,false,false,false,false,true,false,false,false,false,true,true,synthetic_case_policy_assumption
comp-policy-comparison-v1.0.0,tiered_standardization,Tiered standardization,highest_issue_fit,true,case_00399,returning_guest,housekeeping_miss,2,0.9,true,0.695,false,false,1.0,0.95,51.1,3,recommendation,amenity_gesture,in-room amenity gesture,55,14,25,36,0.8,1,3,true,true,true,false,false,false,false,false,true,false,false,true,false,true,true,synthetic_case_policy_assumption
comp-policy-comparison-v1.0.0,cost_guardrail,Guardrailed recovery,lowest_cost_adequate,true,case_00399,returning_guest,housekeeping_miss,2,0.9,true,0.695,false,false,1.0,0.95,51.1,3,recommendation,amenity_gesture,in-room amenity gesture,55,14,25,36,0.8,1,3,true,true,true,false,false,false,false,false,true,false,false,true,false,true,true,synthetic_case_policy_assumption
comp-policy-comparison-v1.0.0,recovery_first,Recovery first,highest_perceived_recovery,true,case_00399,returning_guest,housekeeping_miss,2,0.9,true,0.695,false,false,1.0,0.95,51.1,3,recommendation,spa_wellness_credit,Surya Spa or Recovery Suite credit,275,82,151,206,0.25,3,5,true,false,true,false,false,false,false,true,true,false,true,true,false,true,true,synthetic_case_policy_assumption
comp-policy-comparison-v1.0.0,intelligent_generosity,Intelligent generosity,context_aware_policy_engine,true,case_00399,returning_guest,housekeeping_miss,2,0.9,true,0.695,false,false,1.0,0.95,51.1,3,recommendation,rooftop_f_and_b_credit,Calabra or Palma dining credit,150,38,60,90,0.45,2,5,true,false,true,false,false,false,false,true,true,false,true,true,false,true,true,synthetic_case_policy_assumption
comp-policy-comparison-v1.0.0,synthetic_discretionary_baseline,Synthetic discretionary baseline,replay_synthetic_history,false,case_00400,returning_guest,maintenance_issue,2,0.78,true,0.757,true,false,1.0,0.95,47.51,3,reference_action,late_checkout,late checkout,105,21,21,21,0.5,2,4,true,false,false,false,false,false,true,false,true,false,false,false,false,true,true,synthetic_case_policy_assumption
comp-policy-comparison-v1.0.0,tiered_standardization,Tiered standardization,highest_issue_fit,true,case_00400,returning_guest,maintenance_issue,2,0.78,true,0.757,true,false,1.0,0.95,47.51,3,recommendation,manager_note,manager note and personal follow-up,0,0,0,0,0.72,1,3,true,true,true,false,false,false,false,true,false,false,true,true,false,true,true,synthetic_case_policy_assumption
comp-policy-comparison-v1.0.0,cost_guardrail,Guardrailed recovery,lowest_cost_adequate,true,case_00400,returning_guest,maintenance_issue,2,0.78,true,0.757,true,false,1.0,0.95,47.51,3,recommendation,manager_note,manager note and personal follow-up,0,0,0,0,0.72,1,3,true,true,true,false,false,false,false,true,false,false,true,true,false,true,true,synthetic_case_policy_assumption
comp-policy-comparison-v1.0.0,recovery_first,Recovery first,highest_perceived_recovery,true,case_00400,returning_guest,maintenance_issue,2,0.78,true,0.757,true,false,1.0,0.95,47.51,3,recommendation,spa_wellness_credit,Surya Spa or Recovery Suite credit,275,82,151,206,0.45,3,5,true,false,true,false,false,false,false,true,true,false,true,true,false,true,true,synthetic_case_policy_assumption
comp-policy-comparison-v1.0.0,intelligent_generosity,Intelligent generosity,context_aware_policy_engine,true,case_00400,returning_guest,maintenance_issue,2,0.78,true,0.757,true,false,1.0,0.95,47.51,3,recommendation,spa_wellness_credit,Surya Spa or Recovery Suite credit,275,82,151,206,0.45,3,5,true,false,true,false,false,false,false,true,true,false,true,true,false,true,true,synthetic_case_policy_assumption
comp-policy-comparison-v1.0.0,synthetic_discretionary_baseline,Synthetic discretionary baseline,replay_synthetic_history,false,case_00401,new_guest,housekeeping_miss,5,0.95,true,0.774,false,false,1.0,0.95,72.68,4,reference_action,future_stay_credit,future-stay credit,350,210,210,210,0.56,4,5,true,false,false,true,true,false,false,false,false,false,false,false,false,true,true,synthetic_case_policy_assumption
comp-policy-comparison-v1.0.0,tiered_standardization,Tiered standardization,highest_issue_fit,true,case_00401,new_guest,housekeeping_miss,5,0.95,true,0.774,false,false,1.0,0.95,72.68,4,recommendation,amenity_gesture,in-room amenity gesture,65,16,29,42,0.8,1,3,true,false,false,true,true,false,false,false,true,false,false,true,false,true,true,synthetic_case_policy_assumption
comp-policy-comparison-v1.0.0,cost_guardrail,Guardrailed recovery,lowest_cost_adequate,true,case_00401,new_guest,housekeeping_miss,5,0.95,true,0.774,false,false,1.0,0.95,72.68,4,recommendation,partial_room_refund,partial room refund,150,150,150,150,0.78,4,5,true,true,true,true,false,false,false,false,false,true,false,true,false,true,true,synthetic_case_policy_assumption
comp-policy-comparison-v1.0.0,recovery_first,Recovery first,highest_perceived_recovery,true,case_00401,new_guest,housekeeping_miss,5,0.95,true,0.774,false,false,1.0,0.95,72.68,4,recommendation,partial_room_refund,partial room refund,150,150,150,150,0.78,4,5,true,true,true,true,false,false,false,false,false,true,false,true,false,true,true,synthetic_case_policy_assumption
comp-policy-comparison-v1.0.0,intelligent_generosity,Intelligent generosity,context_aware_policy_engine,true,case_00401,new_guest,housekeeping_miss,5,0.95,true,0.774,false,false,1.0,0.95,72.68,4,recommendation,rooftop_f_and_b_credit,Calabra or Palma dining credit,180,45,72,108,0.45,2,5,true,false,true,true,false,false,false,true,true,false,true,true,false,true,true,synthetic_case_policy_assumption
comp-policy-comparison-v1.0.0,synthetic_discretionary_baseline,Synthetic discretionary baseline,replay_synthetic_history,false,case_00402,returning_guest,noise_disruption,2,0.48,true,0.354,false,false,1.0,0.95,43.93,3,reference_unknown,no_matched_comp_record,No matched synthetic comp record,0,0,0,0,0.0,0,0,false,false,false,false,false,false,false,false,false,false,false,false,false,true,true,synthetic_case_policy_assumption
comp-policy-comparison-v1.0.0,tiered_standardization,Tiered standardization,highest_issue_fit,true,case_00402,returning_guest,noise_disruption,2,0.48,true,0.354,false,false,1.0,0.95,43.93,3,recommendation,late_checkout,late checkout,85,7,17,38,0.82,2,4,true,true,true,false,false,false,false,false,true,false,false,true,false,true,true,synthetic_case_policy_assumption
comp-policy-comparison-v1.0.0,cost_guardrail,Guardrailed recovery,lowest_cost_adequate,true,case_00402,returning_guest,noise_disruption,2,0.48,true,0.354,false,false,1.0,0.95,43.93,3,recommendation,late_checkout,late checkout,85,7,17,38,0.82,2,4,true,true,true,false,false,false,false,false,true,false,false,true,false,true,true,synthetic_case_policy_assumption
comp-policy-comparison-v1.0.0,recovery_first,Recovery first,highest_perceived_recovery,true,case_00402,returning_guest,noise_disruption,2,0.48,true,0.354,false,false,1.0,0.95,43.93,3,recommendation,spa_wellness_credit,Surya Spa or Recovery Suite credit,275,82,151,206,0.62,3,5,true,true,true,false,false,false,false,true,true,false,true,true,false,true,true,synthetic_case_policy_assumption
comp-policy-comparison-v1.0.0,intelligent_generosity,Intelligent generosity,context_aware_policy_engine,true,case_00402,returning_guest,noise_disruption,2,0.48,true,0.354,false,false,1.0,0.95,43.93,3,recommendation,spa_wellness_credit,Surya Spa or Recovery Suite credit,275,82,151,206,0.62,3,5,true,true,true,false,false,false,false,true,true,false,true,true,false,true,true,synthetic_case_policy_assumption
comp-policy-comparison-v1.0.0,synthetic_discretionary_baseline,Synthetic discretionary baseline,replay_synthetic_history,false,case_00403,new_guest,room_readiness_delay,5,0.93,true,0.788,false,false,1.0,0.95,77.04,5,reference_unknown,no_matched_comp_record,No matched synthetic comp record,0,0,0,0,0.0,0,0,false,false,false,true,false,false,false,false,false,false,false,false,false,true,false,synthetic_case_policy_assumption
comp-policy-comparison-v1.0.0,tiered_standardization,Tiered standardization,highest_issue_fit,true,case_00403,new_guest,room_readiness_delay,5,0.93,true,0.788,false,false,1.0,0.95,77.04,5,recommendation,late_checkout,late checkout,125,10,25,56,0.9,2,4,true,false,true,true,false,false,false,false,true,false,true,true,false,true,true,synthetic_case_policy_assumption
comp-policy-comparison-v1.0.0,cost_guardrail,Guardrailed recovery,lowest_cost_adequate,true,case_00403,new_guest,room_readiness_delay,5,0.93,true,0.788,false,false,1.0,0.95,77.04,5,recommendation,partial_room_refund,partial room refund,205,205,205,205,0.82,4,5,true,true,true,true,false,false,false,false,false,true,true,true,false,true,true,synthetic_case_policy_assumption
comp-policy-comparison-v1.0.0,recovery_first,Recovery first,highest_perceived_recovery,true,case_00403,new_guest,room_readiness_delay,5,0.93,true,0.788,false,false,1.0,0.95,77.04,5,recommendation,room_upgrade,room upgrade,435,35,109,283,0.48,3,5,true,false,true,true,false,false,false,true,true,false,true,true,false,true,true,synthetic_case_policy_assumption
comp-policy-comparison-v1.0.0,intelligent_generosity,Intelligent generosity,context_aware_policy_engine,true,case_00403,new_guest,room_readiness_delay,5,0.93,true,0.788,false,false,1.0,0.95,77.04,5,recommendation,partial_room_refund,partial room refund,205,205,205,205,0.82,4,5,true,true,true,true,false,false,false,false,false,true,true,true,false,true,true,synthetic_case_policy_assumption
comp-policy-comparison-v1.0.0,synthetic_discretionary_baseline,Synthetic discretionary baseline,replay_synthetic_history,false,case_00404,new_guest,billing_or_fee_dispute,3,0.55,false,0.765,false,false,1.0,0.95,52.14,3,reference_unknown,no_matched_comp_record,No matched synthetic comp record,0,0,0,0,0.0,0,0,false,false,false,false,false,false,false,false,false,false,false,false,false,true,true,synthetic_case_policy_assumption
comp-policy-comparison-v1.0.0,tiered_standardization,Tiered standardization,highest_issue_fit,true,case_00404,new_guest,billing_or_fee_dispute,3,0.55,false,0.765,false,false,1.0,0.95,52.14,3,recommendation,manager_note,manager note and personal follow-up,0,0,0,0,0.72,1,3,true,true,true,false,false,false,false,true,false,false,true,true,false,true,true,synthetic_case_policy_assumption
comp-policy-comparison-v1.0.0,cost_guardrail,Guardrailed recovery,lowest_cost_adequate,true,case_00404,new_guest,billing_or_fee_dispute,3,0.55,false,0.765,false,false,1.0,0.95,52.14,3,recommendation,manager_note,manager note and personal follow-up,0,0,0,0,0.72,1,3,true,true,true,false,false,false,false,true,false,false,true,true,false,true,true,synthetic_case_policy_assumption
comp-policy-comparison-v1.0.0,recovery_first,Recovery first,highest_perceived_recovery,true,case_00404,new_guest,billing_or_fee_dispute,3,0.55,false,0.765,false,false,1.0,0.95,52.14,3,recommendation,spa_wellness_credit,Surya Spa or Recovery Suite credit,275,82,151,206,0.25,3,5,true,false,true,false,false,false,false,true,true,false,true,true,false,true,true,synthetic_case_policy_assumption
comp-policy-comparison-v1.0.0,intelligent_generosity,Intelligent generosity,context_aware_policy_engine,true,case_00404,new_guest,billing_or_fee_dispute,3,0.55,false,0.765,false,false,1.0,0.95,52.14,3,recommendation,parking_fee_waiver,parking or destination-fee waiver,85,7,15,30,0.66,2,4,true,true,true,false,false,false,false,true,true,false,true,true,false,true,true,synthetic_case_policy_assumption
comp-policy-comparison-v1.0.0,synthetic_discretionary_baseline,Synthetic discretionary baseline,replay_synthetic_history,false,case_00405,new_guest,spa_wellness_service_issue,5,0.79,false,0.542,true,false,1.0,0.95,72.89,4,reference_unknown,no_matched_comp_record,No matched synthetic comp record,0,0,0,0,0.0,0,0,false,false,false,true,false,false,false,false,false,false,false,false,false,true,true,synthetic_case_policy_assumption
comp-policy-comparison-v1.0.0,tiered_standardization,Tiered standardization,highest_issue_fit,true,case_00405,new_guest,spa_wellness_service_issue,5,0.79,false,0.542,true,false,1.0,0.95,72.89,4,recommendation,spa_wellness_credit,Surya Spa or Recovery Suite credit,330,99,182,248,0.9,3,5,true,true,true,true,false,false,false,false,true,false,false,true,false,true,true,synthetic_case_policy_assumption
comp-policy-comparison-v1.0.0,cost_guardrail,Guardrailed recovery,lowest_cost_adequate,true,case_00405,new_guest,spa_wellness_service_issue,5,0.79,false,0.542,true,false,1.0,0.95,72.89,4,recommendation,spa_wellness_credit,Surya Spa or Recovery Suite credit,330,99,182,248,0.9,3,5,true,true,true,true,false,false,false,false,true,false,false,true,false,true,true,synthetic_case_policy_assumption
comp-policy-comparison-v1.0.0,recovery_first,Recovery first,highest_perceived_recovery,true,case_00405,new_guest,spa_wellness_service_issue,5,0.79,false,0.542,true,false,1.0,0.95,72.89,4,recommendation,spa_wellness_credit,Surya Spa or Recovery Suite credit,330,99,182,248,0.9,3,5,true,true,true,true,false,false,false,false,true,false,false,true,false,true,true,synthetic_case_policy_assumption
comp-policy-comparison-v1.0.0,intelligent_generosity,Intelligent generosity,context_aware_policy_engine,true,case_00405,new_guest,spa_wellness_service_issue,5,0.79,false,0.542,true,false,1.0,0.95,72.89,4,recommendation,spa_wellness_credit,Surya Spa or Recovery Suite credit,330,99,182,248,0.9,3,5,true,true,true,true,false,false,false,false,true,false,false,true,false,true,true,synthetic_case_policy_assumption
comp-policy-comparison-v1.0.0,synthetic_discretionary_baseline,Synthetic discretionary baseline,replay_synthetic_history,false,case_00406,vip_guest,maintenance_issue,5,0.83,true,0.783,false,false,1.0,0.95,75.98,4,reference_action,rooftop_f_and_b_credit,Calabra or Palma dining credit,120,48,48,48,0.45,2,5,true,false,false,true,true,false,false,false,true,false,false,false,false,true,true,synthetic_case_policy_assumption
comp-policy-comparison-v1.0.0,tiered_standardization,Tiered standardization,highest_issue_fit,true,case_00406,vip_guest,maintenance_issue,5,0.83,true,0.783,false,false,1.0,0.95,75.98,4,recommendation,partial_room_refund,partial room refund,250,250,250,250,0.8,4,5,true,true,true,true,false,false,false,false,false,true,false,true,false,true,true,synthetic_case_policy_assumption
comp-policy-comparison-v1.0.0,cost_guardrail,Guardrailed recovery,lowest_cost_adequate,true,case_00406,vip_guest,maintenance_issue,5,0.83,true,0.783,false,false,1.0,0.95,75.98,4,recommendation,future_stay_credit,future-stay credit,335,100,201,285,0.78,4,5,true,true,true,true,false,false,false,false,false,false,false,true,false,true,true,synthetic_case_policy_assumption
comp-policy-comparison-v1.0.0,recovery_first,Recovery first,highest_perceived_recovery,true,case_00406,vip_guest,maintenance_issue,5,0.83,true,0.783,false,false,1.0,0.95,75.98,4,recommendation,future_stay_credit,future-stay credit,335,100,201,285,0.78,4,5,true,true,true,true,false,false,false,false,false,false,false,true,false,true,true,synthetic_case_policy_assumption
comp-policy-comparison-v1.0.0,intelligent_generosity,Intelligent generosity,context_aware_policy_engine,true,case_00406,vip_guest,maintenance_issue,5,0.83,true,0.783,false,false,1.0,0.95,75.98,4,recommendation,future_stay_credit,future-stay credit,335,100,201,285,0.78,4,5,true,true,true,true,false,false,false,false,false,false,false,true,false,true,true,synthetic_case_policy_assumption
comp-policy-comparison-v1.0.0,synthetic_discretionary_baseline,Synthetic discretionary baseline,replay_synthetic_history,false,case_00407,new_guest,room_readiness_delay,4,0.93,false,0.99,true,false,1.0,0.95,69.72,4,reference_action,rooftop_f_and_b_credit,Calabra or Palma dining credit,190,76,76,76,0.72,2,5,true,true,true,true,false,false,false,false,true,false,false,false,false,true,true,synthetic_case_policy_assumption
comp-policy-comparison-v1.0.0,tiered_standardization,Tiered standardization,highest_issue_fit,true,case_00407,new_guest,room_readiness_delay,4,0.93,false,0.99,true,false,1.0,0.95,69.72,4,recommendation,partial_room_refund,partial room refund,245,245,245,245,0.82,4,5,true,true,true,true,false,false,false,false,false,true,false,true,false,true,true,synthetic_case_policy_assumption
comp-policy-comparison-v1.0.0,cost_guardrail,Guardrailed recovery,lowest_cost_adequate,true,case_00407,new_guest,room_readiness_delay,4,0.93,false,0.99,true,false,1.0,0.95,69.72,4,recommendation,lobby_lounge_credit,Palma lounge credit,120,30,46,66,0.76,2,4,true,true,true,true,false,false,false,false,true,false,false,true,false,true,true,synthetic_case_policy_assumption
comp-policy-comparison-v1.0.0,recovery_first,Recovery first,highest_perceived_recovery,true,case_00407,new_guest,room_readiness_delay,4,0.93,false,0.99,true,false,1.0,0.95,69.72,4,recommendation,future_stay_credit,future-stay credit,330,99,198,280,0.7,4,5,true,true,true,true,false,false,false,true,false,false,true,true,false,true,true,synthetic_case_policy_assumption
comp-policy-comparison-v1.0.0,intelligent_generosity,Intelligent generosity,context_aware_policy_engine,true,case_00407,new_guest,room_readiness_delay,4,0.93,false,0.99,true,false,1.0,0.95,69.72,4,recommendation,rooftop_f_and_b_credit,Calabra or Palma dining credit,180,45,72,108,0.72,2,5,true,true,true,true,false,false,false,true,true,false,true,true,false,true,true,synthetic_case_policy_assumption
comp-policy-comparison-v1.0.0,synthetic_discretionary_baseline,Synthetic discretionary baseline,replay_synthetic_history,false,case_00408,new_guest,housekeeping_miss,3,0.9,true,0.685,false,false,1.0,0.95,55.47,3,reference_action,late_checkout,late checkout,90,18,18,18,0.5,2,4,true,false,false,false,false,false,false,false,true,false,false,false,false,true,true,synthetic_case_policy_assumption
comp-policy-comparison-v1.0.0,tiered_standardization,Tiered standardization,highest_issue_fit,true,case_00408,new_guest,housekeeping_miss,3,0.9,true,0.685,false,false,1.0,0.95,55.47,3,recommendation,amenity_gesture,in-room amenity gesture,55,14,25,36,0.8,1,3,true,true,true,false,false,false,false,false,true,false,false,true,false,true,true,synthetic_case_policy_assumption
comp-policy-comparison-v1.0.0,cost_guardrail,Guardrailed recovery,lowest_cost_adequate,true,case_00408,new_guest,housekeeping_miss,3,0.9,true,0.685,false,false,1.0,0.95,55.47,3,recommendation,amenity_gesture,in-room amenity gesture,55,14,25,36,0.8,1,3,true,true,true,false,false,false,false,false,true,false,false,true,false,true,true,synthetic_case_policy_assumption
comp-policy-comparison-v1.0.0,recovery_first,Recovery first,highest_perceived_recovery,true,case_00408,new_guest,housekeeping_miss,3,0.9,true,0.685,false,false,1.0,0.95,55.47,3,recommendation,spa_wellness_credit,Surya Spa or Recovery Suite credit,275,82,151,206,0.25,3,5,true,false,true,false,false,false,false,true,true,false,true,true,false,true,true,synthetic_case_policy_assumption
comp-policy-comparison-v1.0.0,intelligent_generosity,Intelligent generosity,context_aware_policy_engine,true,case_00408,new_guest,housekeeping_miss,3,0.9,true,0.685,false,false,1.0,0.95,55.47,3,recommendation,rooftop_f_and_b_credit,Calabra or Palma dining credit,150,38,60,90,0.45,2,5,true,false,true,false,false,false,false,true,true,false,true,true,false,true,true,synthetic_case_policy_assumption
comp-policy-comparison-v1.0.0,synthetic_discretionary_baseline,Synthetic discretionary baseline,replay_synthetic_history,false,case_00409,new_guest,maintenance_issue,5,0.83,false,0.764,true,false,1.0,0.95,73.69,4,reference_action,spa_wellness_credit,Surya Spa or Recovery Suite credit,375,206,206,206,0.45,3,5,true,false,false,true,true,false,false,false,true,false,false,false,false,true,true,synthetic_case_policy_assumption
comp-policy-comparison-v1.0.0,tiered_standardization,Tiered standardization,highest_issue_fit,true,case_00409,new_guest,maintenance_issue,5,0.83,false,0.764,true,false,1.0,0.95,73.69,4,recommendation,partial_room_refund,partial room refund,170,170,170,170,0.8,4,5,true,true,true,true,false,false,false,false,false,true,false,true,false,true,true,synthetic_case_policy_assumption
comp-policy-comparison-v1.0.0,cost_guardrail,Guardrailed recovery,lowest_cost_adequate,true,case_00409,new_guest,maintenance_issue,5,0.83,false,0.764,true,false,1.0,0.95,73.69,4,recommendation,partial_room_refund,partial room refund,170,170,170,170,0.8,4,5,true,true,true,true,false,false,false,false,false,true,false,true,false,true,true,synthetic_case_policy_assumption
comp-policy-comparison-v1.0.0,recovery_first,Recovery first,highest_perceived_recovery,true,case_00409,new_guest,maintenance_issue,5,0.83,false,0.764,true,false,1.0,0.95,73.69,4,recommendation,spa_wellness_credit,Surya Spa or Recovery Suite credit,330,99,182,248,0.45,3,5,true,false,true,true,false,false,false,true,true,false,true,true,false,true,true,synthetic_case_policy_assumption
comp-policy-comparison-v1.0.0,intelligent_generosity,Intelligent generosity,context_aware_policy_engine,true,case_00409,new_guest,maintenance_issue,5,0.83,false,0.764,true,false,1.0,0.95,73.69,4,recommendation,spa_wellness_credit,Surya Spa or Recovery Suite credit,330,99,182,248,0.45,3,5,true,false,true,true,false,false,false,true,true,false,true,true,false,true,true,synthetic_case_policy_assumption
comp-policy-comparison-v1.0.0,synthetic_discretionary_baseline,Synthetic discretionary baseline,replay_synthetic_history,false,case_00410,new_guest,room_readiness_delay,2,0.88,true,0.32,false,false,0.78,0.95,48.06,3,reference_unknown,no_matched_comp_record,No matched synthetic comp record,0,0,0,0,0.0,0,0,false,false,false,false,false,false,false,false,false,false,false,false,false,true,true,synthetic_case_policy_assumption
comp-policy-comparison-v1.0.0,tiered_standardization,Tiered standardization,highest_issue_fit,true,case_00410,new_guest,room_readiness_delay,2,0.88,true,0.32,false,false,0.78,0.95,48.06,3,recommendation,late_checkout,late checkout,85,7,17,38,0.9,2,4,true,true,true,false,false,false,false,false,true,false,false,true,false,true,true,synthetic_case_policy_assumption
comp-policy-comparison-v1.0.0,cost_guardrail,Guardrailed recovery,lowest_cost_adequate,true,case_00410,new_guest,room_readiness_delay,2,0.88,true,0.32,false,false,0.78,0.95,48.06,3,recommendation,late_checkout,late checkout,85,7,17,38,0.9,2,4,true,true,true,false,false,false,false,false,true,false,false,true,false,true,true,synthetic_case_policy_assumption
comp-policy-comparison-v1.0.0,recovery_first,Recovery first,highest_perceived_recovery,true,case_00410,new_guest,room_readiness_delay,2,0.88,true,0.32,false,false,0.78,0.95,48.06,3,recommendation,room_upgrade,room upgrade,300,24,75,195,0.48,3,5,true,false,true,false,false,false,false,true,true,false,true,true,false,true,true,synthetic_case_policy_assumption
comp-policy-comparison-v1.0.0,intelligent_generosity,Intelligent generosity,context_aware_policy_engine,true,case_00410,new_guest,room_readiness_delay,2,0.88,true,0.32,false,false,0.78,0.95,48.06,3,recommendation,late_checkout,late checkout,85,7,17,38,0.9,2,4,true,true,true,false,false,false,false,false,true,false,false,true,false,true,true,synthetic_case_policy_assumption
comp-policy-comparison-v1.0.0,synthetic_discretionary_baseline,Synthetic discretionary baseline,replay_synthetic_history,false,case_00411,returning_guest,rooftop_pool_access_issue,3,0.64,true,0.933,true,false,1.0,0.95,51.65,3,reference_action,amenity_gesture,in-room amenity gesture,75,34,34,34,0.7,1,3,true,true,true,false,false,false,false,false,true,false,false,false,false,true,true,synthetic_case_policy_assumption
comp-policy-comparison-v1.0.0,tiered_standardization,Tiered standardization,highest_issue_fit,true,case_00411,returning_guest,rooftop_pool_access_issue,3,0.64,true,0.933,true,false,1.0,0.95,51.65,3,recommendation,rooftop_f_and_b_credit,Calabra or Palma dining credit,150,38,60,90,0.86,2,5,true,true,true,false,false,false,false,false,true,false,false,true,false,true,true,synthetic_case_policy_assumption
comp-policy-comparison-v1.0.0,cost_guardrail,Guardrailed recovery,lowest_cost_adequate,true,case_00411,returning_guest,rooftop_pool_access_issue,3,0.64,true,0.933,true,false,1.0,0.95,51.65,3,recommendation,rooftop_f_and_b_credit,Calabra or Palma dining credit,150,38,60,90,0.86,2,5,true,true,true,false,false,false,false,false,true,false,false,true,false,true,true,synthetic_case_policy_assumption
comp-policy-comparison-v1.0.0,recovery_first,Recovery first,highest_perceived_recovery,true,case_00411,returning_guest,rooftop_pool_access_issue,3,0.64,true,0.933,true,false,1.0,0.95,51.65,3,recommendation,rooftop_f_and_b_credit,Calabra or Palma dining credit,150,38,60,90,0.86,2,5,true,true,true,false,false,false,false,false,true,false,false,true,false,true,true,synthetic_case_policy_assumption
comp-policy-comparison-v1.0.0,intelligent_generosity,Intelligent generosity,context_aware_policy_engine,true,case_00411,returning_guest,rooftop_pool_access_issue,3,0.64,true,0.933,true,false,1.0,0.95,51.65,3,recommendation,rooftop_f_and_b_credit,Calabra or Palma dining credit,150,38,60,90,0.86,2,5,true,true,true,false,false,false,false,false,true,false,false,true,false,true,true,synthetic_case_policy_assumption
comp-policy-comparison-v1.0.0,synthetic_discretionary_baseline,Synthetic discretionary baseline,replay_synthetic_history,false,case_00412,loyalty_guest,f_and_b_service_lapse,3,0.7,true,0.669,false,false,1.0,0.95,54.37,3,reference_action,rooftop_f_and_b_credit,Calabra or Palma dining credit,215,86,86,86,0.88,2,5,true,true,true,false,false,false,false,false,true,false,false,false,false,true,true,synthetic_case_policy_assumption
comp-policy-comparison-v1.0.0,tiered_standardization,Tiered standardization,highest_issue_fit,true,case_00412,loyalty_guest,f_and_b_service_lapse,3,0.7,true,0.669,false,false,1.0,0.95,54.37,3,recommendation,rooftop_f_and_b_credit,Calabra or Palma dining credit,150,38,60,90,0.88,2,5,true,true,true,false,false,false,false,false,true,false,false,true,false,true,true,synthetic_case_policy_assumption
comp-policy-comparison-v1.0.0,cost_guardrail,Guardrailed recovery,lowest_cost_adequate,true,case_00412,loyalty_guest,f_and_b_service_lapse,3,0.7,true,0.669,false,false,1.0,0.95,54.37,3,recommendation,rooftop_f_and_b_credit,Calabra or Palma dining credit,150,38,60,90,0.88,2,5,true,true,true,false,false,false,false,false,true,false,false,true,false,true,true,synthetic_case_policy_assumption
comp-policy-comparison-v1.0.0,recovery_first,Recovery first,highest_perceived_recovery,true,case_00412,loyalty_guest,f_and_b_service_lapse,3,0.7,true,0.669,false,false,1.0,0.95,54.37,3,recommendation,rooftop_f_and_b_credit,Calabra or Palma dining credit,150,38,60,90,0.88,2,5,true,true,true,false,false,false,false,false,true,false,false,true,false,true,true,synthetic_case_policy_assumption
comp-policy-comparison-v1.0.0,intelligent_generosity,Intelligent generosity,context_aware_policy_engine,true,case_00412,loyalty_guest,f_and_b_service_lapse,3,0.7,true,0.669,false,false,1.0,0.95,54.37,3,recommendation,rooftop_f_and_b_credit,Calabra or Palma dining credit,150,38,60,90,0.88,2,5,true,true,true,false,false,false,false,false,true,false,false,true,false,true,true,synthetic_case_policy_assumption
comp-policy-comparison-v1.0.0,synthetic_discretionary_baseline,Synthetic discretionary baseline,replay_synthetic_history,false,case_00413,new_guest,rooftop_pool_access_issue,1,0.64,true,0.486,false,false,1.0,0.95,34.33,2,reference_action,rooftop_f_and_b_credit,Calabra or Palma dining credit,185,74,74,74,0.86,2,5,true,true,true,false,false,false,false,false,true,false,false,false,false,true,true,synthetic_case_policy_assumption
comp-policy-comparison-v1.0.0,tiered_standardization,Tiered standardization,highest_issue_fit,true,case_00413,new_guest,rooftop_pool_access_issue,1,0.64,true,0.486,false,false,1.0,0.95,34.33,2,recommendation,rooftop_f_and_b_credit,Calabra or Palma dining credit,135,34,54,81,0.86,2,5,true,true,true,false,false,false,false,false,true,false,false,true,false,true,true,synthetic_case_policy_assumption
comp-policy-comparison-v1.0.0,cost_guardrail,Guardrailed recovery,lowest_cost_adequate,true,case_00413,new_guest,rooftop_pool_access_issue,1,0.64,true,0.486,false,false,1.0,0.95,34.33,2,recommendation,rooftop_f_and_b_credit,Calabra or Palma dining credit,135,34,54,81,0.86,2,5,true,true,true,false,false,false,false,false,true,false,false,true,false,true,true,synthetic_case_policy_assumption
comp-policy-comparison-v1.0.0,recovery_first,Recovery first,highest_perceived_recovery,true,case_00413,new_guest,rooftop_pool_access_issue,1,0.64,true,0.486,false,false,1.0,0.95,34.33,2,recommendation,rooftop_f_and_b_credit,Calabra or Palma dining credit,135,34,54,81,0.86,2,5,true,true,true,false,false,false,false,false,true,false,false,true,false,true,true,synthetic_case_policy_assumption
comp-policy-comparison-v1.0.0,intelligent_generosity,Intelligent generosity,context_aware_policy_engine,true,case_00413,new_guest,rooftop_pool_access_issue,1,0.64,true,0.486,false,false,1.0,0.95,34.33,2,recommendation,rooftop_f_and_b_credit,Calabra or Palma dining credit,135,34,54,81,0.86,2,5,true,true,true,false,false,false,false,false,true,false,false,true,false,true,true,synthetic_case_policy_assumption
comp-policy-comparison-v1.0.0,synthetic_discretionary_baseline,Synthetic discretionary baseline,replay_synthetic_history,false,case_00414,new_guest,room_assignment_expectation_gap,3,0.74,true,0.622,false,false,0.58,0.95,54.43,3,reference_action,late_checkout,late checkout,75,15,15,15,0.5,2,4,true,false,false,false,false,false,false,false,true,false,false,false,true,false,true,synthetic_case_policy_assumption
comp-policy-comparison-v1.0.0,tiered_standardization,Tiered standardization,highest_issue_fit,true,case_00414,new_guest,room_assignment_expectation_gap,3,0.74,true,0.622,false,false,0.58,0.95,54.43,3,data_quality_hold,data_quality_hold,Data-quality hold,0,0,0,0,0.0,0,0,false,false,false,false,false,false,false,false,false,false,true,true,true,true,true,synthetic_case_policy_assumption
comp-policy-comparison-v1.0.0,cost_guardrail,Guardrailed recovery,lowest_cost_adequate,true,case_00414,new_guest,room_assignment_expectation_gap,3,0.74,true,0.622,false,false,0.58,0.95,54.43,3,data_quality_hold,data_quality_hold,Data-quality hold,0,0,0,0,0.0,0,0,false,false,false,false,false,false,false,false,false,false,true,true,true,true,true,synthetic_case_policy_assumption
comp-policy-comparison-v1.0.0,recovery_first,Recovery first,highest_perceived_recovery,true,case_00414,new_guest,room_assignment_expectation_gap,3,0.74,true,0.622,false,false,0.58,0.95,54.43,3,data_quality_hold,data_quality_hold,Data-quality hold,0,0,0,0,0.0,0,0,false,false,false,false,false,false,false,false,false,false,true,true,true,true,true,synthetic_case_policy_assumption
comp-policy-comparison-v1.0.0,intelligent_generosity,Intelligent generosity,context_aware_policy_engine,true,case_00414,new_guest,room_assignment_expectation_gap,3,0.74,true,0.622,false,false,0.58,0.95,54.43,3,data_quality_hold,data_quality_hold,Data-quality hold,0,0,0,0,0.0,0,0,false,false,false,false,false,false,false,false,false,false,true,true,true,true,true,synthetic_case_policy_assumption
comp-policy-comparison-v1.0.0,synthetic_discretionary_baseline,Synthetic discretionary baseline,replay_synthetic_history,false,case_00415,returning_guest,noise_disruption,3,0.48,false,0.868,true,false,1.0,0.95,52.95,3,reference_action,amenity_gesture,in-room amenity gesture,65,29,29,29,0.78,1,3,true,true,true,false,false,false,false,false,true,false,false,false,false,true,true,synthetic_case_policy_assumption
comp-policy-comparison-v1.0.0,tiered_standardization,Tiered standardization,highest_issue_fit,true,case_00415,returning_guest,noise_disruption,3,0.48,false,0.868,true,false,1.0,0.95,52.95,3,recommendation,amenity_gesture,in-room amenity gesture,55,14,25,36,0.78,1,3,true,true,true,false,false,false,false,false,true,false,false,true,false,true,true,synthetic_case_policy_assumption
comp-policy-comparison-v1.0.0,cost_guardrail,Guardrailed recovery,lowest_cost_adequate,true,case_00415,returning_guest,noise_disruption,3,0.48,false,0.868,true,false,1.0,0.95,52.95,3,recommendation,amenity_gesture,in-room amenity gesture,55,14,25,36,0.78,1,3,true,true,true,false,false,false,false,false,true,false,false,true,false,true,true,synthetic_case_policy_assumption
comp-policy-comparison-v1.0.0,recovery_first,Recovery first,highest_perceived_recovery,true,case_00415,returning_guest,noise_disruption,3,0.48,false,0.868,true,false,1.0,0.95,52.95,3,recommendation,spa_wellness_credit,Surya Spa or Recovery Suite credit,275,82,151,206,0.62,3,5,true,true,true,false,false,false,false,true,true,false,true,true,false,true,true,synthetic_case_policy_assumption
comp-policy-comparison-v1.0.0,intelligent_generosity,Intelligent generosity,context_aware_policy_engine,true,case_00415,returning_guest,noise_disruption,3,0.48,false,0.868,true,false,1.0,0.95,52.95,3,recommendation,spa_wellness_credit,Surya Spa or Recovery Suite credit,275,82,151,206,0.62,3,5,true,true,true,false,false,false,false,true,true,false,true,true,false,true,true,synthetic_case_policy_assumption
comp-policy-comparison-v1.0.0,synthetic_discretionary_baseline,Synthetic discretionary baseline,replay_synthetic_history,false,case_00416,loyalty_guest,room_readiness_delay,2,0.88,true,0.659,false,false,1.0,0.95,53.16,3,reference_action,manager_note,manager note and personal follow-up,0,0,0,0,0.72,1,3,true,true,true,false,false,false,false,false,false,false,false,false,false,true,true,synthetic_case_policy_assumption
comp-policy-comparison-v1.0.0,tiered_standardization,Tiered standardization,highest_issue_fit,true,case_00416,loyalty_guest,room_readiness_delay,2,0.88,true,0.659,false,false,1.0,0.95,53.16,3,recommendation,late_checkout,late checkout,85,7,17,38,0.9,2,4,true,true,true,false,false,false,false,false,true,false,false,true,false,true,true,synthetic_case_policy_assumption
comp-policy-comparison-v1.0.0,cost_guardrail,Guardrailed recovery,lowest_cost_adequate,true,case_00416,loyalty_guest,room_readiness_delay,2,0.88,true,0.659,false,false,1.0,0.95,53.16,3,recommendation,late_checkout,late checkout,85,7,17,38,0.9,2,4,true,true,true,false,false,false,false,false,true,false,false,true,false,true,true,synthetic_case_policy_assumption
comp-policy-comparison-v1.0.0,recovery_first,Recovery first,highest_perceived_recovery,true,case_00416,loyalty_guest,room_readiness_delay,2,0.88,true,0.659,false,false,1.0,0.95,53.16,3,recommendation,room_upgrade,room upgrade,300,24,75,195,0.48,3,5,true,false,true,false,false,false,false,true,true,false,true,true,false,true,true,synthetic_case_policy_assumption
comp-policy-comparison-v1.0.0,intelligent_generosity,Intelligent generosity,context_aware_policy_engine,true,case_00416,loyalty_guest,room_readiness_delay,2,0.88,true,0.659,false,false,1.0,0.95,53.16,3,recommendation,late_checkout,late checkout,85,7,17,38,0.9,2,4,true,true,true,false,false,false,false,false,true,false,false,true,false,true,true,synthetic_case_policy_assumption
comp-policy-comparison-v1.0.0,synthetic_discretionary_baseline,Synthetic discretionary baseline,replay_synthetic_history,false,case_00417,new_guest,valet_or_parking_delay,1,0.62,true,0.659,false,false,0.78,0.95,34.58,2,reference_unknown,no_matched_comp_record,No matched synthetic comp record,0,0,0,0,0.0,0,0,false,false,false,false,false,false,false,false,false,false,false,false,false,true,true,synthetic_case_policy_assumption
comp-policy-comparison-v1.0.0,tiered_standardization,Tiered standardization,highest_issue_fit,true,case_00417,new_guest,valet_or_parking_delay,1,0.62,true,0.659,false,false,0.78,0.95,34.58,2,recommendation,parking_fee_waiver,parking or destination-fee waiver,75,6,14,26,0.9,2,4,true,true,true,false,false,false,false,false,true,false,false,true,false,true,true,synthetic_case_policy_assumption
comp-policy-comparison-v1.0.0,cost_guardrail,Guardrailed recovery,lowest_cost_adequate,true,case_00417,new_guest,valet_or_parking_delay,1,0.62,true,0.659,false,false,0.78,0.95,34.58,2,recommendation,parking_fee_waiver,parking or destination-fee waiver,75,6,14,26,0.9,2,4,true,true,true,false,false,false,false,false,true,false,false,true,false,true,true,synthetic_case_policy_assumption
comp-policy-comparison-v1.0.0,recovery_first,Recovery first,highest_perceived_recovery,true,case_00417,new_guest,valet_or_parking_delay,1,0.62,true,0.659,false,false,0.78,0.95,34.58,2,recommendation,parking_fee_waiver,parking or destination-fee waiver,75,6,14,26,0.9,2,4,true,true,true,false,false,false,false,false,true,false,false,true,false,true,true,synthetic_case_policy_assumption
comp-policy-comparison-v1.0.0,intelligent_generosity,Intelligent generosity,context_aware_policy_engine,true,case_00417,new_guest,valet_or_parking_delay,1,0.62,true,0.659,false,false,0.78,0.95,34.58,2,recommendation,parking_fee_waiver,parking or destination-fee waiver,75,6,14,26,0.9,2,4,true,true,true,false,false,false,false,false,true,false,false,true,false,true,true,synthetic_case_policy_assumption
comp-policy-comparison-v1.0.0,synthetic_discretionary_baseline,Synthetic discretionary baseline,replay_synthetic_history,false,case_00418,new_guest,housekeeping_miss,2,0.9,false,0.912,true,false,1.0,0.95,50.77,3,reference_unknown,no_matched_comp_record,No matched synthetic comp record,0,0,0,0,0.0,0,0,false,false,false,false,false,false,false,false,false,false,false,false,false,true,true,synthetic_case_policy_assumption
comp-policy-comparison-v1.0.0,tiered_standardization,Tiered standardization,highest_issue_fit,true,case_00418,new_guest,housekeeping_miss,2,0.9,false,0.912,true,false,1.0,0.95,50.77,3,recommendation,amenity_gesture,in-room amenity gesture,55,14,25,36,0.8,1,3,true,true,true,false,false,false,false,false,true,false,false,true,false,true,true,synthetic_case_policy_assumption
comp-policy-comparison-v1.0.0,cost_guardrail,Guardrailed recovery,lowest_cost_adequate,true,case_00418,new_guest,housekeeping_miss,2,0.9,false,0.912,true,false,1.0,0.95,50.77,3,recommendation,amenity_gesture,in-room amenity gesture,55,14,25,36,0.8,1,3,true,true,true,false,false,false,false,false,true,false,false,true,false,true,true,synthetic_case_policy_assumption
comp-policy-comparison-v1.0.0,recovery_first,Recovery first,highest_perceived_recovery,true,case_00418,new_guest,housekeeping_miss,2,0.9,false,0.912,true,false,1.0,0.95,50.77,3,recommendation,spa_wellness_credit,Surya Spa or Recovery Suite credit,275,82,151,206,0.25,3,5,true,false,true,false,false,false,false,true,true,false,true,true,false,true,true,synthetic_case_policy_assumption
comp-policy-comparison-v1.0.0,intelligent_generosity,Intelligent generosity,context_aware_policy_engine,true,case_00418,new_guest,housekeeping_miss,2,0.9,false,0.912,true,false,1.0,0.95,50.77,3,recommendation,rooftop_f_and_b_credit,Calabra or Palma dining credit,150,38,60,90,0.45,2,5,true,false,true,false,false,false,false,true,true,false,true,true,false,true,true,synthetic_case_policy_assumption
comp-policy-comparison-v1.0.0,synthetic_discretionary_baseline,Synthetic discretionary baseline,replay_synthetic_history,false,case_00419,new_guest,housekeeping_miss,4,0.95,true,0.75,true,false,1.0,0.95,67.6,4,reference_action,lobby_lounge_credit,Palma lounge credit,100,38,38,38,0.52,2,4,true,false,false,true,true,false,false,false,true,false,false,false,false,true,true,synthetic_case_policy_assumption
comp-policy-comparison-v1.0.0,tiered_standardization,Tiered standardization,highest_issue_fit,true,case_00419,new_guest,housekeeping_miss,4,0.95,true,0.75,true,false,1.0,0.95,67.6,4,recommendation,amenity_gesture,in-room amenity gesture,65,16,29,42,0.8,1,3,true,false,false,true,true,false,false,false,true,false,false,true,false,true,true,synthetic_case_policy_assumption
comp-policy-comparison-v1.0.0,cost_guardrail,Guardrailed recovery,lowest_cost_adequate,true,case_00419,new_guest,housekeeping_miss,4,0.95,true,0.75,true,false,1.0,0.95,67.6,4,recommendation,partial_room_refund,partial room refund,165,165,165,165,0.78,4,5,true,true,true,true,false,false,false,false,false,true,false,true,false,true,true,synthetic_case_policy_assumption
comp-policy-comparison-v1.0.0,recovery_first,Recovery first,highest_perceived_recovery,true,case_00419,new_guest,housekeeping_miss,4,0.95,true,0.75,true,false,1.0,0.95,67.6,4,recommendation,future_stay_credit,future-stay credit,225,68,135,191,0.56,4,5,true,false,true,true,false,false,false,true,false,false,true,true,false,true,true,synthetic_case_policy_assumption
comp-policy-comparison-v1.0.0,intelligent_generosity,Intelligent generosity,context_aware_policy_engine,true,case_00419,new_guest,housekeeping_miss,4,0.95,true,0.75,true,false,1.0,0.95,67.6,4,recommendation,rooftop_f_and_b_credit,Calabra or Palma dining credit,180,45,72,108,0.45,2,5,true,false,true,true,false,false,false,true,true,false,true,true,false,true,true,synthetic_case_policy_assumption
comp-policy-comparison-v1.0.0,synthetic_discretionary_baseline,Synthetic discretionary baseline,replay_synthetic_history,false,case_00420,new_guest,room_readiness_delay,2,0.88,true,0.597,false,false,1.0,0.95,50.45,3,reference_unknown,no_matched_comp_record,No matched synthetic comp record,0,0,0,0,0.0,0,0,false,false,false,false,false,false,false,false,false,false,false,false,false,true,true,synthetic_case_policy_assumption
comp-policy-comparison-v1.0.0,tiered_standardization,Tiered standardization,highest_issue_fit,true,case_00420,new_guest,room_readiness_delay,2,0.88,true,0.597,false,false,1.0,0.95,50.45,3,recommendation,late_checkout,late checkout,85,7,17,38,0.9,2,4,true,true,true,false,false,false,false,false,true,false,false,true,false,true,true,synthetic_case_policy_assumption
comp-policy-comparison-v1.0.0,cost_guardrail,Guardrailed recovery,lowest_cost_adequate,true,case_00420,new_guest,room_readiness_delay,2,0.88,true,0.597,false,false,1.0,0.95,50.45,3,recommendation,late_checkout,late checkout,85,7,17,38,0.9,2,4,true,true,true,false,false,false,false,false,true,false,false,true,false,true,true,synthetic_case_policy_assumption
comp-policy-comparison-v1.0.0,recovery_first,Recovery first,highest_perceived_recovery,true,case_00420,new_guest,room_readiness_delay,2,0.88,true,0.597,false,false,1.0,0.95,50.45,3,recommendation,room_upgrade,room upgrade,300,24,75,195,0.48,3,5,true,false,true,false,false,false,false,true,true,false,true,true,false,true,true,synthetic_case_policy_assumption
comp-policy-comparison-v1.0.0,intelligent_generosity,Intelligent generosity,context_aware_policy_engine,true,case_00420,new_guest,room_readiness_delay,2,0.88,true,0.597,false,false,1.0,0.95,50.45,3,recommendation,late_checkout,late checkout,85,7,17,38,0.9,2,4,true,true,true,false,false,false,false,false,true,false,false,true,false,true,true,synthetic_case_policy_assumption
comp-policy-comparison-v1.0.0,synthetic_discretionary_baseline,Synthetic discretionary baseline,replay_synthetic_history,false,case_00421,returning_guest,room_readiness_delay,2,0.88,true,0.32,false,false,1.0,0.95,47.68,3,reference_action,late_checkout,late checkout,80,16,16,16,0.9,2,4,true,true,true,false,false,false,false,false,true,false,false,false,false,true,true,synthetic_case_policy_assumption
comp-policy-comparison-v1.0.0,tiered_standardization,Tiered standardization,highest_issue_fit,true,case_00421,returning_guest,room_readiness_delay,2,0.88,true,0.32,false,false,1.0,0.95,47.68,3,recommendation,late_checkout,late checkout,85,7,17,38,0.9,2,4,true,true,true,false,false,false,false,false,true,false,false,true,false,true,true,synthetic_case_policy_assumption
comp-policy-comparison-v1.0.0,cost_guardrail,Guardrailed recovery,lowest_cost_adequate,true,case_00421,returning_guest,room_readiness_delay,2,0.88,true,0.32,false,false,1.0,0.95,47.68,3,recommendation,late_checkout,late checkout,85,7,17,38,0.9,2,4,true,true,true,false,false,false,false,false,true,false,false,true,false,true,true,synthetic_case_policy_assumption
comp-policy-comparison-v1.0.0,recovery_first,Recovery first,highest_perceived_recovery,true,case_00421,returning_guest,room_readiness_delay,2,0.88,true,0.32,false,false,1.0,0.95,47.68,3,recommendation,room_upgrade,room upgrade,300,24,75,195,0.48,3,5,true,false,true,false,false,false,false,true,true,false,true,true,false,true,true,synthetic_case_policy_assumption
comp-policy-comparison-v1.0.0,intelligent_generosity,Intelligent generosity,context_aware_policy_engine,true,case_00421,returning_guest,room_readiness_delay,2,0.88,true,0.32,false,false,1.0,0.95,47.68,3,recommendation,late_checkout,late checkout,85,7,17,38,0.9,2,4,true,true,true,false,false,false,false,false,true,false,false,true,false,true,true,synthetic_case_policy_assumption
comp-policy-comparison-v1.0.0,synthetic_discretionary_baseline,Synthetic discretionary baseline,replay_synthetic_history,false,case_00422,new_guest,noise_disruption,3,0.48,true,0.496,false,false,1.0,0.95,49.58,3,reference_action,manager_note,manager note and personal follow-up,0,0,0,0,0.72,1,3,true,true,true,false,false,false,false,false,false,false,false,false,false,true,true,synthetic_case_policy_assumption
comp-policy-comparison-v1.0.0,tiered_standardization,Tiered standardization,highest_issue_fit,true,case_00422,new_guest,noise_disruption,3,0.48,true,0.496,false,false,1.0,0.95,49.58,3,recommendation,late_checkout,late checkout,85,7,17,38,0.82,2,4,true,true,true,false,false,false,false,false,true,false,false,true,false,true,true,synthetic_case_policy_assumption
comp-policy-comparison-v1.0.0,cost_guardrail,Guardrailed recovery,lowest_cost_adequate,true,case_00422,new_guest,noise_disruption,3,0.48,true,0.496,false,false,1.0,0.95,49.58,3,recommendation,late_checkout,late checkout,85,7,17,38,0.82,2,4,true,true,true,false,false,false,false,false,true,false,false,true,false,true,true,synthetic_case_policy_assumption
comp-policy-comparison-v1.0.0,recovery_first,Recovery first,highest_perceived_recovery,true,case_00422,new_guest,noise_disruption,3,0.48,true,0.496,false,false,1.0,0.95,49.58,3,recommendation,spa_wellness_credit,Surya Spa or Recovery Suite credit,275,82,151,206,0.62,3,5,true,true,true,false,false,false,false,true,true,false,true,true,false,true,true,synthetic_case_policy_assumption
comp-policy-comparison-v1.0.0,intelligent_generosity,Intelligent generosity,context_aware_policy_engine,true,case_00422,new_guest,noise_disruption,3,0.48,true,0.496,false,false,1.0,0.95,49.58,3,recommendation,spa_wellness_credit,Surya Spa or Recovery Suite credit,275,82,151,206,0.62,3,5,true,true,true,false,false,false,false,true,true,false,true,true,false,true,true,synthetic_case_policy_assumption
comp-policy-comparison-v1.0.0,synthetic_discretionary_baseline,Synthetic discretionary baseline,replay_synthetic_history,false,case_00423,new_guest,housekeeping_miss,3,0.9,true,0.65,false,false,1.0,0.95,54.86,3,reference_unknown,no_matched_comp_record,No matched synthetic comp record,0,0,0,0,0.0,0,0,false,false,false,false,false,false,false,false,false,false,false,false,false,true,true,synthetic_case_policy_assumption
comp-policy-comparison-v1.0.0,tiered_standardization,Tiered standardization,highest_issue_fit,true,case_00423,new_guest,housekeeping_miss,3,0.9,true,0.65,false,false,1.0,0.95,54.86,3,recommendation,amenity_gesture,in-room amenity gesture,55,14,25,36,0.8,1,3,true,true,true,false,false,false,false,false,true,false,false,true,false,true,true,synthetic_case_policy_assumption
comp-policy-comparison-v1.0.0,cost_guardrail,Guardrailed recovery,lowest_cost_adequate,true,case_00423,new_guest,housekeeping_miss,3,0.9,true,0.65,false,false,1.0,0.95,54.86,3,recommendation,amenity_gesture,in-room amenity gesture,55,14,25,36,0.8,1,3,true,true,true,false,false,false,false,false,true,false,false,true,false,true,true,synthetic_case_policy_assumption
comp-policy-comparison-v1.0.0,recovery_first,Recovery first,highest_perceived_recovery,true,case_00423,new_guest,housekeeping_miss,3,0.9,true,0.65,false,false,1.0,0.95,54.86,3,recommendation,spa_wellness_credit,Surya Spa or Recovery Suite credit,275,82,151,206,0.25,3,5,true,false,true,false,false,false,false,true,true,false,true,true,false,true,true,synthetic_case_policy_assumption
comp-policy-comparison-v1.0.0,intelligent_generosity,Intelligent generosity,context_aware_policy_engine,true,case_00423,new_guest,housekeeping_miss,3,0.9,true,0.65,false,false,1.0,0.95,54.86,3,recommendation,rooftop_f_and_b_credit,Calabra or Palma dining credit,150,38,60,90,0.45,2,5,true,false,true,false,false,false,false,true,true,false,true,true,false,true,true,synthetic_case_policy_assumption
comp-policy-comparison-v1.0.0,synthetic_discretionary_baseline,Synthetic discretionary baseline,replay_synthetic_history,false,case_00424,vip_guest,room_assignment_expectation_gap,3,0.74,true,0.505,false,false,0.78,0.95,59.16,4,reference_action,rooftop_f_and_b_credit,Calabra or Palma dining credit,145,58,58,58,0.45,2,5,true,false,false,true,true,false,false,false,true,false,false,false,false,true,true,synthetic_case_policy_assumption
comp-policy-comparison-v1.0.0,tiered_standardization,Tiered standardization,highest_issue_fit,true,case_00424,vip_guest,room_assignment_expectation_gap,3,0.74,true,0.505,false,false,0.78,0.95,59.16,4,recommendation,room_upgrade,room upgrade,360,29,90,234,0.9,3,5,true,true,true,true,false,false,false,false,true,false,false,true,false,true,true,synthetic_case_policy_assumption
comp-policy-comparison-v1.0.0,cost_guardrail,Guardrailed recovery,lowest_cost_adequate,true,case_00424,vip_guest,room_assignment_expectation_gap,3,0.74,true,0.505,false,false,0.78,0.95,59.16,4,recommendation,room_upgrade,room upgrade,360,29,90,234,0.9,3,5,true,true,true,true,false,false,false,false,true,false,false,true,false,true,true,synthetic_case_policy_assumption
comp-policy-comparison-v1.0.0,recovery_first,Recovery first,highest_perceived_recovery,true,case_00424,vip_guest,room_assignment_expectation_gap,3,0.74,true,0.505,false,false,0.78,0.95,59.16,4,recommendation,room_upgrade,room upgrade,360,29,90,234,0.9,3,5,true,true,true,true,false,false,false,false,true,false,false,true,false,true,true,synthetic_case_policy_assumption
comp-policy-comparison-v1.0.0,intelligent_generosity,Intelligent generosity,context_aware_policy_engine,true,case_00424,vip_guest,room_assignment_expectation_gap,3,0.74,true,0.505,false,false,0.78,0.95,59.16,4,recommendation,room_upgrade,room upgrade,360,29,90,234,0.9,3,5,true,true,true,true,false,false,false,false,true,false,false,true,false,true,true,synthetic_case_policy_assumption
comp-policy-comparison-v1.0.0,synthetic_discretionary_baseline,Synthetic discretionary baseline,replay_synthetic_history,false,case_00425,new_guest,housekeeping_miss,3,0.9,false,0.967,true,false,1.0,0.95,59.33,4,reference_action,partial_room_refund,partial room refund,320,320,320,320,0.78,4,5,true,true,true,true,false,false,false,false,false,true,false,false,false,true,true,synthetic_case_policy_assumption
comp-policy-comparison-v1.0.0,tiered_standardization,Tiered standardization,highest_issue_fit,true,case_00425,new_guest,housekeeping_miss,3,0.9,false,0.967,true,false,1.0,0.95,59.33,4,recommendation,amenity_gesture,in-room amenity gesture,65,16,29,42,0.8,1,3,true,false,false,true,true,false,false,false,true,false,false,true,false,true,true,synthetic_case_policy_assumption
comp-policy-comparison-v1.0.0,cost_guardrail,Guardrailed recovery,lowest_cost_adequate,true,case_00425,new_guest,housekeeping_miss,3,0.9,false,0.967,true,false,1.0,0.95,59.33,4,recommendation,partial_room_refund,partial room refund,165,165,165,165,0.78,4,5,true,true,true,true,false,false,false,false,false,true,false,true,false,true,true,synthetic_case_policy_assumption
comp-policy-comparison-v1.0.0,recovery_first,Recovery first,highest_perceived_recovery,true,case_00425,new_guest,housekeeping_miss,3,0.9,false,0.967,true,false,1.0,0.95,59.33,4,recommendation,future_stay_credit,future-stay credit,220,66,132,187,0.56,4,5,true,false,true,true,false,false,false,true,false,false,true,true,false,true,true,synthetic_case_policy_assumption
comp-policy-comparison-v1.0.0,intelligent_generosity,Intelligent generosity,context_aware_policy_engine,true,case_00425,new_guest,housekeeping_miss,3,0.9,false,0.967,true,false,1.0,0.95,59.33,4,recommendation,rooftop_f_and_b_credit,Calabra or Palma dining credit,180,45,72,108,0.45,2,5,true,false,true,true,false,false,false,true,true,false,true,true,false,true,true,synthetic_case_policy_assumption
comp-policy-comparison-v1.0.0,synthetic_discretionary_baseline,Synthetic discretionary baseline,replay_synthetic_history,false,case_00426,returning_guest,f_and_b_service_lapse,3,0.7,true,0.652,false,false,0.78,0.95,51.02,3,reference_unknown,no_matched_comp_record,No matched synthetic comp record,0,0,0,0,0.0,0,0,false,false,false,false,false,false,false,false,false,false,false,false,false,true,true,synthetic_case_policy_assumption
comp-policy-comparison-v1.0.0,tiered_standardization,Tiered standardization,highest_issue_fit,true,case_00426,returning_guest,f_and_b_service_lapse,3,0.7,true,0.652,false,false,0.78,0.95,51.02,3,recommendation,rooftop_f_and_b_credit,Calabra or Palma dining credit,150,38,60,90,0.88,2,5,true,true,true,false,false,false,false,false,true,false,false,true,false,true,true,synthetic_case_policy_assumption
comp-policy-comparison-v1.0.0,cost_guardrail,Guardrailed recovery,lowest_cost_adequate,true,case_00426,returning_guest,f_and_b_service_lapse,3,0.7,true,0.652,false,false,0.78,0.95,51.02,3,recommendation,rooftop_f_and_b_credit,Calabra or Palma dining credit,150,38,60,90,0.88,2,5,true,true,true,false,false,false,false,false,true,false,false,true,false,true,true,synthetic_case_policy_assumption
comp-policy-comparison-v1.0.0,recovery_first,Recovery first,highest_perceived_recovery,true,case_00426,returning_guest,f_and_b_service_lapse,3,0.7,true,0.652,false,false,0.78,0.95,51.02,3,recommendation,rooftop_f_and_b_credit,Calabra or Palma dining credit,150,38,60,90,0.88,2,5,true,true,true,false,false,false,false,false,true,false,false,true,false,true,true,synthetic_case_policy_assumption
comp-policy-comparison-v1.0.0,intelligent_generosity,Intelligent generosity,context_aware_policy_engine,true,case_00426,returning_guest,f_and_b_service_lapse,3,0.7,true,0.652,false,false,0.78,0.95,51.02,3,recommendation,rooftop_f_and_b_credit,Calabra or Palma dining credit,150,38,60,90,0.88,2,5,true,true,true,false,false,false,false,false,true,false,false,true,false,true,true,synthetic_case_policy_assumption
comp-policy-comparison-v1.0.0,synthetic_discretionary_baseline,Synthetic discretionary baseline,replay_synthetic_history,false,case_00427,new_guest,room_readiness_delay,4,0.93,true,0.624,true,false,1.0,0.95,65.78,4,reference_action,room_upgrade,room upgrade,260,65,65,65,0.48,3,5,true,false,false,true,true,false,true,false,true,false,false,false,false,true,true,synthetic_case_policy_assumption
comp-policy-comparison-v1.0.0,tiered_standardization,Tiered standardization,highest_issue_fit,true,case_00427,new_guest,room_readiness_delay,4,0.93,true,0.624,true,false,1.0,0.95,65.78,4,recommendation,late_checkout,late checkout,100,8,20,45,0.9,2,4,true,true,true,true,false,false,true,false,true,false,true,true,false,true,true,synthetic_case_policy_assumption
comp-policy-comparison-v1.0.0,cost_guardrail,Guardrailed recovery,lowest_cost_adequate,true,case_00427,new_guest,room_readiness_delay,4,0.93,true,0.624,true,false,1.0,0.95,65.78,4,recommendation,late_checkout,late checkout,100,8,20,45,0.9,2,4,true,true,true,true,false,false,true,false,true,false,true,true,false,true,true,synthetic_case_policy_assumption
comp-policy-comparison-v1.0.0,recovery_first,Recovery first,highest_perceived_recovery,true,case_00427,new_guest,room_readiness_delay,4,0.93,true,0.624,true,false,1.0,0.95,65.78,4,recommendation,room_upgrade,room upgrade,360,29,90,234,0.48,3,5,true,false,true,true,false,false,true,true,true,false,true,true,false,true,true,synthetic_case_policy_assumption
comp-policy-comparison-v1.0.0,intelligent_generosity,Intelligent generosity,context_aware_policy_engine,true,case_00427,new_guest,room_readiness_delay,4,0.93,true,0.624,true,false,1.0,0.95,65.78,4,recommendation,rooftop_f_and_b_credit,Calabra or Palma dining credit,180,45,72,108,0.72,2,5,true,true,true,true,false,false,false,true,true,false,true,true,false,true,true,synthetic_case_policy_assumption
comp-policy-comparison-v1.0.0,synthetic_discretionary_baseline,Synthetic discretionary baseline,replay_synthetic_history,false,case_00428,new_guest,noise_disruption,3,0.48,true,0.442,false,false,1.0,0.95,46.19,3,reference_action,late_checkout,late checkout,95,19,19,19,0.82,2,4,true,true,true,false,false,false,false,false,true,false,false,false,false,true,true,synthetic_case_policy_assumption
comp-policy-comparison-v1.0.0,tiered_standardization,Tiered standardization,highest_issue_fit,true,case_00428,new_guest,noise_disruption,3,0.48,true,0.442,false,false,1.0,0.95,46.19,3,recommendation,late_checkout,late checkout,85,7,17,38,0.82,2,4,true,true,true,false,false,false,false,false,true,false,false,true,false,true,true,synthetic_case_policy_assumption
comp-policy-comparison-v1.0.0,cost_guardrail,Guardrailed recovery,lowest_cost_adequate,true,case_00428,new_guest,noise_disruption,3,0.48,true,0.442,false,false,1.0,0.95,46.19,3,recommendation,late_checkout,late checkout,85,7,17,38,0.82,2,4,true,true,true,false,false,false,false,false,true,false,false,true,false,true,true,synthetic_case_policy_assumption
comp-policy-comparison-v1.0.0,recovery_first,Recovery first,highest_perceived_recovery,true,case_00428,new_guest,noise_disruption,3,0.48,true,0.442,false,false,1.0,0.95,46.19,3,recommendation,spa_wellness_credit,Surya Spa or Recovery Suite credit,275,82,151,206,0.62,3,5,true,true,true,false,false,false,false,true,true,false,true,true,false,true,true,synthetic_case_policy_assumption
comp-policy-comparison-v1.0.0,intelligent_generosity,Intelligent generosity,context_aware_policy_engine,true,case_00428,new_guest,noise_disruption,3,0.48,true,0.442,false,false,1.0,0.95,46.19,3,recommendation,spa_wellness_credit,Surya Spa or Recovery Suite credit,275,82,151,206,0.62,3,5,true,true,true,false,false,false,false,true,true,false,true,true,false,true,true,synthetic_case_policy_assumption
comp-policy-comparison-v1.0.0,synthetic_discretionary_baseline,Synthetic discretionary baseline,replay_synthetic_history,false,case_00429,new_guest,rooftop_pool_access_issue,2,0.64,true,0.923,false,false,1.0,0.95,44.9,3,reference_unknown,no_matched_comp_record,No matched synthetic comp record,0,0,0,0,0.0,0,0,false,false,false,false,false,false,false,false,false,false,false,false,false,true,true,synthetic_case_policy_assumption
comp-policy-comparison-v1.0.0,tiered_standardization,Tiered standardization,highest_issue_fit,true,case_00429,new_guest,rooftop_pool_access_issue,2,0.64,true,0.923,false,false,1.0,0.95,44.9,3,recommendation,rooftop_f_and_b_credit,Calabra or Palma dining credit,150,38,60,90,0.86,2,5,true,true,true,false,false,false,false,false,true,false,false,true,false,true,true,synthetic_case_policy_assumption
comp-policy-comparison-v1.0.0,cost_guardrail,Guardrailed recovery,lowest_cost_adequate,true,case_00429,new_guest,rooftop_pool_access_issue,2,0.64,true,0.923,false,false,1.0,0.95,44.9,3,recommendation,rooftop_f_and_b_credit,Calabra or Palma dining credit,150,38,60,90,0.86,2,5,true,true,true,false,false,false,false,false,true,false,false,true,false,true,true,synthetic_case_policy_assumption
comp-policy-comparison-v1.0.0,recovery_first,Recovery first,highest_perceived_recovery,true,case_00429,new_guest,rooftop_pool_access_issue,2,0.64,true,0.923,false,false,1.0,0.95,44.9,3,recommendation,rooftop_f_and_b_credit,Calabra or Palma dining credit,150,38,60,90,0.86,2,5,true,true,true,false,false,false,false,false,true,false,false,true,false,true,true,synthetic_case_policy_assumption
comp-policy-comparison-v1.0.0,intelligent_generosity,Intelligent generosity,context_aware_policy_engine,true,case_00429,new_guest,rooftop_pool_access_issue,2,0.64,true,0.923,false,false,1.0,0.95,44.9,3,recommendation,rooftop_f_and_b_credit,Calabra or Palma dining credit,150,38,60,90,0.86,2,5,true,true,true,false,false,false,false,false,true,false,false,true,false,true,true,synthetic_case_policy_assumption
comp-policy-comparison-v1.0.0,synthetic_discretionary_baseline,Synthetic discretionary baseline,replay_synthetic_history,false,case_00430,new_guest,housekeeping_miss,3,0.9,true,0.32,false,false,1.0,0.95,60.71,4,reference_action,rooftop_f_and_b_credit,Calabra or Palma dining credit,150,60,60,60,0.45,2,5,true,false,false,true,true,false,false,false,true,false,false,false,false,true,true,synthetic_case_policy_assumption
comp-policy-comparison-v1.0.0,tiered_standardization,Tiered standardization,highest_issue_fit,true,case_00430,new_guest,housekeeping_miss,3,0.9,true,0.32,false,false,1.0,0.95,60.71,4,recommendation,amenity_gesture,in-room amenity gesture,65,16,29,42,0.8,1,3,true,false,false,true,true,false,false,false,true,false,false,true,false,true,true,synthetic_case_policy_assumption
comp-policy-comparison-v1.0.0,cost_guardrail,Guardrailed recovery,lowest_cost_adequate,true,case_00430,new_guest,housekeeping_miss,3,0.9,true,0.32,false,false,1.0,0.95,60.71,4,recommendation,partial_room_refund,partial room refund,200,200,200,200,0.78,4,5,true,true,true,true,false,false,false,false,false,true,false,true,false,true,true,synthetic_case_policy_assumption
comp-policy-comparison-v1.0.0,recovery_first,Recovery first,highest_perceived_recovery,true,case_00430,new_guest,housekeeping_miss,3,0.9,true,0.32,false,false,1.0,0.95,60.71,4,recommendation,future_stay_credit,future-stay credit,265,80,159,225,0.56,4,5,true,false,true,true,false,false,false,true,false,false,true,true,false,true,true,synthetic_case_policy_assumption
comp-policy-comparison-v1.0.0,intelligent_generosity,Intelligent generosity,context_aware_policy_engine,true,case_00430,new_guest,housekeeping_miss,3,0.9,true,0.32,false,false,1.0,0.95,60.71,4,recommendation,future_stay_credit,future-stay credit,265,80,159,225,0.56,4,5,true,false,true,true,false,false,false,true,false,false,true,true,false,true,true,synthetic_case_policy_assumption
