recovery_case_id,service_ticket_id,pms_reservation_id,crm_guest_id,reservation_match_confidence,reservation_match_method,crm_match_confidence,crm_match_method,comp_match_confidence,comp_match_method,guest_tier,traveler_segment,nightly_rate,stay_value,estimated_lifetime_value,guest_value_score,repeat_comp_review_risk,arrival_date,service_date,booking_channel_proxy,room_type_mismatch,room_move_count,special_requests_count,failure_category,issue_code_raw,failure_type,severity,severity_inferred_flag,hotel_responsibility_score,reported_in_stay,resolution_delay_minutes,complaint_sentiment_intensity,review_risk_score,post_stay_score,actual_comp_codes_normalized,actual_comp_labels_raw,actual_comp_face_value,actual_comp_internal_cost,total_onsite_spend,f_and_b_spend,spa_wellness_spend,parking_spend,occupancy_pressure,housekeeping_pressure,front_desk_queue_pressure,food_beverage_capacity_pressure,spa_capacity_pressure,target_property_name,has_rooftop_f_and_b,has_lobby_lounge,has_spa_wellness,has_pool_or_rooftop,has_parking_or_fee_recovery_context,has_beachfront_or_ocean_context,property_context_confidence,rooftop_f_and_b_fit_modifier,spa_wellness_fit_modifier,lobby_lounge_fit_modifier,parking_fee_fit_modifier,late_checkout_fit_modifier,room_upgrade_fit_modifier,brand_experience_weight,property_context_provenance,public_review_risk_prior,review_context_confidence,review_context_provenance,event_pressure_index,weather_disruption_index,local_demand_pressure_index,high_local_demand_flag,demand_context_confidence,demand_context_provenance,target_public_rate,comp_set_median_rate,market_median_rate,proper_vs_comp_set_index,public_rate_pressure_index,high_demand_rate_flag,upgrade_opportunity_cost_proxy,refund_cost_pressure,pricing_quote_count,rate_context_confidence,pricing_provenance,data_quality_flags
case_00001,TKT000001,PMS001443,CRM001443,1.0,direct_pms_reservation_id,0.95,direct_crm_id,0.0,no_comp_record,new_guest,coastal_weekend,590,3540,7590,0.34,0,2026-04-11,2026-04-11,direct,false,0,0,housekeeping_miss,housekeeping,outcome,3,false,0.9,false,5,0.595,0.354,8.1,,,0,0,70,70,0,0,0.712,0.736,0.534,0.746,0.407,Santa Monica Proper Hotel,true,true,true,true,true,true,0.88,1.22,1.18,1.12,1.04,1.04,1.08,0.92,observed_public_property_context,0.72,0.28,sample_seed_review_taxonomy_prior,0.48,0.139,0.436,false,0.32,sample_seed_local_demand_context,670,720,695,0.931,0.198,false,83,0.943,6,0.92,sample_seed_public_rate_shape,no_comp_record
case_00002,TKT000002,PMS000013,CRM000013,1.0,direct_pms_reservation_id,0.95,direct_crm_id,1.0,direct_ticket_id,returning_guest,design_leisure,490,980,3640,0.307,0.2,2026-01-31,2026-01-31,ota,true,0,2,housekeeping_miss,hk miss,outcome,4,false,0.95,true,5,0.984,0.546,5.7,partial_room_refund,Refund,465,465,0,0,0,0,0.642,0.765,0.401,0.58,0.362,Santa Monica Proper Hotel,true,true,true,true,true,true,0.88,1.22,1.18,1.12,1.04,1.04,1.08,0.92,observed_public_property_context,0.72,0.28,sample_seed_review_taxonomy_prior,0.48,0.585,0.497,false,0.32,sample_seed_local_demand_context,735,735,735,1.0,0.455,false,132,1.051,6,0.92,sample_seed_public_rate_shape,
case_00003,TKT000003,PMS000837,CRM000837,1.0,direct_pms_reservation_id,0.95,direct_crm_id,1.0,direct_ticket_id,returning_guest,design_leisure,780,5460,16040,0.61,0,2026-10-18,2026-10-24,direct,false,0,1,f_and_b_service_lapse,order problem,process,3,false,0.7,true,5,0.6,0.479,0,room_upgrade,Suite upgrade,275,69,620,95,375,150,0.611,0.781,0.428,0.479,0.468,Santa Monica Proper Hotel,true,true,true,true,true,true,0.88,1.22,1.18,1.12,1.04,1.04,1.08,0.92,observed_public_property_context,0.6,0.28,sample_seed_review_taxonomy_prior,0.48,0.044,0.401,false,0.32,sample_seed_local_demand_context,685,725,715,0.945,0.257,false,94,0.968,6,0.92,sample_seed_public_rate_shape,no_review_or_survey
case_00004,TKT000004,PMS001087,CRM001087,1.0,direct_pms_reservation_id,0.95,direct_crm_id,1.0,direct_ticket_id,new_guest,coastal_weekend,750,1500,3050,0.217,0.2,2026-01-01,2026-01-02,direct,true,1,1,valet_or_parking_delay,car delay,process,2,true,0.62,true,5,0.4,0.337,0,spa_wellness_credit,Treatment recovery,365,201,870,240,630,0,0.669,0.683,0.474,0.705,0.359,Santa Monica Proper Hotel,true,true,true,true,true,true,0.88,1.22,1.18,1.12,1.04,1.04,1.08,0.92,observed_public_property_context,0.56,0.18,sample_seed_review_taxonomy_prior,0.48,0.04,0.381,false,0.32,sample_seed_local_demand_context,735,690,712,1.065,0.455,false,132,1.067,6,0.92,sample_seed_public_rate_shape,severity_inferred;no_review_or_survey
case_00005,TKT000005,PMS001405,CRM001405,1.0,direct_pms_reservation_id,0.95,direct_crm_id,1.0,direct_ticket_id,new_guest,business_traveler,950,3800,7670,0.369,0.2,2026-09-10,2026-09-11,ota,false,0,1,housekeeping_miss,linen/turndown,outcome,4,false,0.95,false,5,0.8,0.616,0,room_upgrade,View upgrade,280,70,290,290,0,0,0.725,0.799,0.698,0.606,0.538,Santa Monica Proper Hotel,true,true,true,true,true,true,0.88,1.22,1.18,1.12,1.04,1.04,1.08,0.92,observed_public_property_context,0.72,0.28,sample_seed_review_taxonomy_prior,0.7,0.052,0.522,false,0.32,sample_seed_local_demand_context,775,785,780,0.987,0.613,false,166,1.117,6,0.92,sample_seed_public_rate_shape,no_review_or_survey
case_00006,TKT000006,PMS001383,CRM001383,1.0,direct_pms_reservation_id,0.95,direct_crm_id,0.0,no_comp_record,returning_guest,coastal_weekend,750,1500,5340,0.332,0,2026-08-19,2026-08-20,ota,false,0,1,billing_or_fee_dispute,folio issue,process,2,false,0.55,false,5,0.169,0.338,7.8,,,0,0,355,355,0,0,0.659,0.61,0.394,0.704,0.713,Santa Monica Proper Hotel,true,true,true,true,true,true,0.88,1.22,1.18,1.12,1.04,1.04,1.08,0.92,observed_public_property_context,0.58,0.28,sample_seed_review_taxonomy_prior,0.22,0.425,0.299,false,0.32,sample_seed_local_demand_context,765,685,725,1.117,0.573,false,158,1.13,6,0.92,sample_seed_public_rate_shape,no_comp_record
case_00007,TKT000007,PMS000553,CRM000553,1.0,direct_pms_reservation_id,0.95,direct_crm_id,1.0,direct_ticket_id,new_guest,business_traveler,980,2940,3810,0.291,0.2,2026-06-22,2026-06-22,corporate,true,1,1,room_readiness_delay,room_not_ready,outcome,3,false,0.88,true,152,0.6,0.518,0,amenity_gesture,Welcome amenity,65,29,345,195,0,105,0.965,0.889,0.847,0.734,0.596,Santa Monica Proper Hotel,true,true,true,true,true,true,0.88,1.22,1.18,1.12,1.04,1.04,1.08,0.92,observed_public_property_context,0.74,0.28,sample_seed_review_taxonomy_prior,0.22,0.044,0.262,false,0.32,sample_seed_local_demand_context,795,735,765,1.082,0.692,false,185,1.171,6,0.92,sample_seed_public_rate_shape,no_review_or_survey
case_00008,TKT000008,PMS001239,CRM001239,1.0,direct_pms_reservation_id,0.95,direct_crm_id,1.0,direct_ticket_id,new_guest,design_leisure,610,1830,3250,0.234,0.2,2026-01-17,2026-01-18,direct,false,0,1,noise_disruption,noise,process,3,false,0.48,false,5,0.613,0.47,6.3,manager_note,GM follow-up,0,0,145,0,0,95,0.728,0.862,0.689,0.765,0.528,Santa Monica Proper Hotel,true,true,true,true,true,true,0.88,1.22,1.18,1.12,1.04,1.04,1.08,0.92,observed_public_property_context,0.62,0.28,sample_seed_review_taxonomy_prior,0.48,0.043,0.362,false,0.32,sample_seed_local_demand_context,715,720,718,0.993,0.375,false,116,1.018,6,0.92,sample_seed_public_rate_shape,
case_00009,TKT000009,PMS000232,CRM000232,1.0,direct_pms_reservation_id,0.95,direct_crm_id,1.0,direct_ticket_id,new_guest,local_staycation,670,4690,7750,0.411,0,2026-07-27,2026-07-28,travel_advisor,false,0,1,rooftop_pool_access_issue,rooftop issue,process,2,false,0.64,true,5,0.277,0.352,7.7,rooftop_f_and_b_credit,F&B,115,46,490,370,0,120,0.802,0.972,0.68,0.489,0.536,Santa Monica Proper Hotel,true,true,true,true,true,true,0.88,1.22,1.18,1.12,1.04,1.04,1.08,0.92,observed_public_property_context,0.6,0.28,sample_seed_review_taxonomy_prior,0.22,0.327,0.245,false,0.32,sample_seed_local_demand_context,715,650,682,1.1,0.375,false,116,1.043,6,0.92,sample_seed_public_rate_shape,
case_00010,TKT000010,PMS000817,CRM000817,1.0,direct_pms_reservation_id,0.95,direct_crm_id,0.0,no_comp_record,loyalty_guest,event_or_wedding,630,1260,7190,0.431,0,2026-02-13,2026-02-14,ota,false,0,1,room_readiness_delay,arrival delay,outcome,1,false,0.88,true,5,0.18,0.383,7.8,,,0,0,0,0,0,0,0.567,0.475,0.384,0.468,0.323,Santa Monica Proper Hotel,true,true,true,true,true,true,0.88,1.22,1.18,1.12,1.04,1.04,1.08,0.92,observed_public_property_context,0.74,0.28,sample_seed_review_taxonomy_prior,0.82,0.178,0.669,false,0.32,sample_seed_local_demand_context,825,855,840,0.965,0.81,true,213,1.2,6,0.92,sample_seed_public_rate_shape,no_comp_record
case_00011,TKT000011,PMS001392,CRM001392,1.0,direct_pms_reservation_id,0.95,direct_crm_id,0.0,no_comp_record,new_guest,business_traveler,800,3200,6060,0.341,0,2026-11-15,2026-11-16,corporate,false,0,2,f_and_b_service_lapse,fb service,process,2,false,0.7,true,196,0.398,0.352,7.7,,,0,0,780,740,0,40,0.573,0.766,0.604,0.444,0.373,Santa Monica Proper Hotel,true,true,true,true,true,true,0.88,1.22,1.18,1.12,1.04,1.04,1.08,0.92,observed_public_property_context,0.6,0.28,sample_seed_review_taxonomy_prior,0.22,0.155,0.273,false,0.32,sample_seed_local_demand_context,625,630,628,0.992,0.02,false,53,0.868,6,0.92,sample_seed_public_rate_shape,no_comp_record
case_00012,TKT000012,PMS001069,CRM001069,1.0,direct_pms_reservation_id,0.95,direct_crm_id,1.0,direct_ticket_id,new_guest,business_traveler,630,630,1010,0.14,0.2,2026-10-16,2026-10-16,ota,false,0,0,noise_disruption,sleep disruption,process,1,false,0.48,true,5,0.2,0.277,0,amenity_gesture,Bottle/amenity,65,29,45,45,0,0,0.729,0.787,0.79,0.791,0.427,Santa Monica Proper Hotel,true,true,true,true,true,true,0.88,1.22,1.18,1.12,1.04,1.04,1.08,0.92,observed_public_property_context,0.62,0.28,sample_seed_review_taxonomy_prior,0.48,0.039,0.433,false,0.32,sample_seed_local_demand_context,785,710,718,1.106,0.652,false,175,1.16,6,0.92,sample_seed_public_rate_shape,no_review_or_survey
case_00013,TKT000013,PMS000371,CRM000371,1.0,direct_pms_reservation_id,0.95,direct_crm_id,0.0,no_comp_record,new_guest,business_traveler,750,5250,6400,0.405,0,2026-08-29,2026-08-31,direct,false,0,0,room_readiness_delay,arrival delay,outcome,3,false,0.88,true,5,0.732,0.487,6.5,,,0,0,355,0,280,0,0.546,0.377,0.702,0.394,0.431,Santa Monica Proper Hotel,true,true,true,true,true,true,0.88,1.22,1.18,1.12,1.04,1.04,1.08,0.92,observed_public_property_context,0.74,0.28,sample_seed_review_taxonomy_prior,0.22,0.121,0.231,false,0.32,sample_seed_local_demand_context,825,745,785,1.107,0.81,true,213,1.227,6,0.92,sample_seed_public_rate_shape,no_comp_record
case_00014,TKT000014,PMS000290,CRM000290,1.0,direct_pms_reservation_id,0.95,direct_crm_id,0.0,no_comp_record,new_guest,family_beach_trip,530,2120,3816,0.237,0,2026-07-20,2026-07-23,direct,false,0,0,billing_or_fee_dispute,folio issue,process,2,true,0.55,false,5,0.4,0.37,0,,,0,0,165,0,0,165,0.869,0.863,0.717,0.61,0.829,Santa Monica Proper Hotel,true,true,true,true,true,true,0.88,1.22,1.18,1.12,1.04,1.04,1.08,0.92,observed_public_property_context,0.58,0.28,sample_seed_review_taxonomy_prior,0.22,0.097,0.247,false,0.32,sample_seed_local_demand_context,760,710,735,1.07,0.553,false,153,1.11,6,0.92,sample_seed_public_rate_shape,severity_inferred;ltv_imputed;no_review_or_survey;no_comp_record
case_00015,TKT000015,PMS001595,CRM001595,0.78,guest_key_date_window,0.95,direct_crm_id,0.0,no_comp_record,returning_guest,design_leisure,530,1590,3470,0.365,0,2026-01-27,2026-01-27,direct,true,1,4,room_assignment_expectation_gap,room type mismatch,outcome,3,false,0.74,false,5,0.6,0.501,0,,,0,0,240,240,0,0,0.507,0.508,0.256,0.263,0.439,Santa Monica Proper Hotel,true,true,true,true,true,true,0.88,1.22,1.18,1.12,1.04,1.04,1.08,0.92,observed_public_property_context,0.68,0.28,sample_seed_review_taxonomy_prior,0.22,0.064,0.271,false,0.32,sample_seed_local_demand_context,710,665,675,1.068,0.356,false,112,1.026,6,0.92,sample_seed_public_rate_shape,no_review_or_survey;no_comp_record
case_00016,TKT000016,PMS001079,CRM001079,1.0,direct_pms_reservation_id,0.95,direct_crm_id,1.0,direct_ticket_id,returning_guest,business_traveler,800,800,2940,0.292,0.2,2026-07-30,2026-07-30,ota,true,0,2,room_assignment_expectation_gap,upgrade expectation,outcome,4,false,0.79,false,5,0.8,0.605,0,late_checkout,Late checkout,85,17,330,195,0,135,0.788,0.784,0.659,0.658,0.719,Santa Monica Proper Hotel,true,true,true,true,true,true,0.88,1.22,1.18,1.12,1.04,1.04,1.08,0.92,observed_public_property_context,0.68,0.28,sample_seed_review_taxonomy_prior,0.22,0.078,0.204,false,0.32,sample_seed_local_demand_context,710,695,702,1.022,0.356,false,112,1.015,6,0.92,sample_seed_public_rate_shape,no_review_or_survey
case_00017,TKT000017,PMS001299,CRM001299,1.0,direct_pms_reservation_id,0.95,direct_crm_id,1.0,direct_ticket_id,returning_guest,wellness_getaway,610,610,1710,0.238,0,2026-03-01,2026-03-01,ota,false,0,0,f_and_b_service_lapse,fb service,process,2,false,0.7,true,5,0.4,0.375,0,amenity_gesture,Amenity,50,22,230,155,0,0,0.601,0.438,0.655,0.328,0.42,Santa Monica Proper Hotel,true,true,true,true,true,true,0.88,1.22,1.18,1.12,1.04,1.04,1.08,0.92,observed_public_property_context,0.6,0.28,sample_seed_review_taxonomy_prior,0.48,0.02,0.371,false,0.32,sample_seed_local_demand_context,840,815,828,1.031,0.87,true,228,1.233,6,0.92,sample_seed_public_rate_shape,no_review_or_survey
case_00018,TKT000018,PMS000841,CRM000841,1.0,direct_pms_reservation_id,0.95,direct_crm_id,1.0,direct_ticket_id,returning_guest,family_beach_trip,640,1280,4970,0.318,0.2,2026-11-07,2026-11-07,group_or_event,false,0,1,f_and_b_service_lapse,restaurant issue,process,5,false,0.75,true,5,1.0,0.592,4.7,rooftop_f_and_b_credit,Rooftop credit,115,46,290,0,290,0,0.528,0.675,0.497,0.381,0.269,Santa Monica Proper Hotel,true,true,true,true,true,true,0.88,1.22,1.18,1.12,1.04,1.04,1.08,0.92,observed_public_property_context,0.6,0.28,sample_seed_review_taxonomy_prior,0.48,0.041,0.367,false,0.32,sample_seed_local_demand_context,785,695,720,1.129,0.652,false,175,1.166,6,0.92,sample_seed_public_rate_shape,
case_00019,TKT000019,PMS000355,CRM000355,1.0,direct_pms_reservation_id,0.95,direct_crm_id,1.0,direct_ticket_id,returning_guest,coastal_weekend,660,1320,5470,0.309,0,2026-09-14,2026-09-14,travel_advisor,false,0,0,room_readiness_delay,room_not_ready,outcome,4,false,0.93,true,5,0.8,0.622,0,room_upgrade,Suite upgrade,410,102,180,180,0,0,0.771,0.706,0.475,0.629,0.614,Santa Monica Proper Hotel,true,true,true,true,true,true,0.88,1.22,1.18,1.12,1.04,1.04,1.08,0.92,observed_public_property_context,0.74,0.28,sample_seed_review_taxonomy_prior,0.22,0.033,0.252,false,0.32,sample_seed_local_demand_context,785,745,758,1.054,0.652,false,175,1.147,6,0.92,sample_seed_public_rate_shape,no_review_or_survey
case_00020,TKT000020,PMS000239,CRM000239,1.0,direct_pms_reservation_id,0.95,direct_crm_id,0.0,no_comp_record,vip_guest,coastal_weekend,820,1640,12010,0.573,0,2026-04-03,2026-04-03,direct,true,0,0,room_assignment_expectation_gap,wrong room,outcome,4,false,0.79,true,5,0.8,0.605,0,,,0,0,685,685,0,0,0.837,0.779,0.69,0.673,0.586,Santa Monica Proper Hotel,true,true,true,true,true,true,0.88,1.22,1.18,1.12,1.04,1.04,1.08,0.92,observed_public_property_context,0.68,0.28,sample_seed_review_taxonomy_prior,0.48,0.025,0.355,false,0.32,sample_seed_local_demand_context,760,745,750,1.02,0.553,false,153,1.097,6,0.92,sample_seed_public_rate_shape,no_review_or_survey;no_comp_record
case_00021,TKT000021,PMS000794,CRM000794,1.0,direct_pms_reservation_id,0.95,direct_crm_id,1.0,direct_ticket_id,returning_guest,coastal_weekend,750,1500,3990,0.318,0,2026-07-16,2026-07-17,direct,false,0,1,valet_or_parking_delay,parking,process,3,false,0.62,true,86,0.6,0.455,0,parking_fee_waiver,Parking waiver,0,0,295,225,0,0,0.99,0.961,0.985,0.849,0.907,Santa Monica Proper Hotel,true,true,true,true,true,true,0.88,1.22,1.18,1.12,1.04,1.04,1.08,0.92,observed_public_property_context,0.56,0.18,sample_seed_review_taxonomy_prior,0.7,0.056,0.53,false,0.32,sample_seed_local_demand_context,780,770,775,1.013,0.632,false,171,1.129,6,0.92,sample_seed_public_rate_shape,no_review_or_survey
case_00022,TKT000022,PMS001399,CRM001399,1.0,direct_pms_reservation_id,0.95,direct_crm_id,0.0,no_comp_record,returning_guest,business_traveler,580,1160,2940,0.276,0,2026-04-08,2026-04-09,ota,false,0,0,room_assignment_expectation_gap,upgrade expectation,outcome,3,true,0.74,true,5,0.518,0.47,6.5,,,0,0,195,155,40,0,0.422,0.496,0.458,0.168,0.166,Santa Monica Proper Hotel,true,true,true,true,true,true,0.88,1.22,1.18,1.12,1.04,1.04,1.08,0.92,observed_public_property_context,0.68,0.28,sample_seed_review_taxonomy_prior,0.22,0.165,0.235,false,0.32,sample_seed_local_demand_context,560,580,570,0.966,0.0,false,45,0.86,6,0.92,sample_seed_public_rate_shape,severity_inferred;no_comp_record
case_00023,TKT000023,PMS000336,CRM000336,1.0,direct_pms_reservation_id,0.95,direct_crm_id,0.0,no_comp_record,new_guest,event_or_wedding,1080,2160,4700,0.248,0,2026-05-21,2026-05-22,corporate,false,0,0,maintenance_issue,maintenance,outcome,4,false,0.83,true,52,0.8,0.608,0,,,0,0,370,370,0,0,0.75,0.66,0.767,0.688,0.769,Santa Monica Proper Hotel,true,true,true,true,true,true,0.88,1.22,1.18,1.12,1.04,1.04,1.08,0.92,observed_public_property_context,0.69,0.28,sample_seed_review_taxonomy_prior,0.48,0.021,0.388,false,0.32,sample_seed_local_demand_context,980,955,962,1.026,1.0,true,294,1.286,6,0.92,sample_seed_public_rate_shape,no_review_or_survey;no_comp_record
case_00024,TKT000024,PMS000146,CRM000146,1.0,direct_pms_reservation_id,0.95,direct_crm_id,0.62,reservation_level_comp_match,new_guest,wellness_getaway,600,1800,3710,0.221,0,2026-01-28,2026-01-30,ota,false,0,0,rooftop_pool_access_issue,pool wait,process,2,false,0.64,false,5,0.272,0.416,6.9,manager_note,No dollar comp,0,0,985,70,815,100,0.593,0.551,0.436,0.32,0.455,Santa Monica Proper Hotel,true,true,true,true,true,true,0.88,1.22,1.18,1.12,1.04,1.04,1.08,0.92,observed_public_property_context,0.6,0.28,sample_seed_review_taxonomy_prior,0.48,0.021,0.442,false,0.32,sample_seed_local_demand_context,755,690,720,1.094,0.534,false,149,1.108,6,0.92,sample_seed_public_rate_shape,
case_00025,TKT000025,PMS001547,CRM001547,1.0,direct_pms_reservation_id,0.95,direct_crm_id,0.0,no_comp_record,event_or_suite_guest,wellness_getaway,1080,2160,16840,0.673,0,2026-06-19,2026-06-20,ota,false,0,0,housekeeping_miss,housekeeping,outcome,4,false,0.95,true,5,0.733,0.594,5.1,,,0,0,50,0,0,0,0.752,0.746,0.767,0.796,0.531,Santa Monica Proper Hotel,true,true,true,true,true,true,0.88,1.22,1.18,1.12,1.04,1.04,1.08,0.92,observed_public_property_context,0.72,0.28,sample_seed_review_taxonomy_prior,0.7,0.065,0.525,false,0.32,sample_seed_local_demand_context,885,830,858,1.066,1.0,true,266,1.296,6,0.92,sample_seed_public_rate_shape,no_comp_record
case_00026,TKT000026,PMS000673,CRM000673,1.0,direct_pms_reservation_id,0.95,direct_crm_id,0.0,no_comp_record,new_guest,coastal_weekend,670,2010,2590,0.236,0,2026-07-28,2026-07-28,corporate,true,0,1,f_and_b_service_lapse,dining delay,process,1,false,0.7,true,5,0.007,0.288,8.5,,,0,0,830,720,0,110,0.802,0.972,0.68,0.489,0.536,Santa Monica Proper Hotel,true,true,true,true,true,true,0.88,1.22,1.18,1.12,1.04,1.04,1.08,0.92,observed_public_property_context,0.6,0.28,sample_seed_review_taxonomy_prior,0.22,0.327,0.245,false,0.32,sample_seed_local_demand_context,715,650,682,1.1,0.375,false,116,1.043,6,0.92,sample_seed_public_rate_shape,no_comp_record
case_00027,TKT000027,PMS000156,CRM000156,1.0,direct_pms_reservation_id,0.95,direct_crm_id,0.62,reservation_level_comp_match,new_guest,event_or_wedding,720,720,1280,0.163,0,2026-02-11,2026-02-11,direct,false,0,1,housekeeping_miss,hk miss,outcome,3,false,0.9,false,22,0.6,0.513,0,rooftop_f_and_b_credit,Food Credit,170,68,450,385,0,65,0.444,0.297,0.422,0.395,0.159,Santa Monica Proper Hotel,true,true,true,true,true,true,0.88,1.22,1.18,1.12,1.04,1.04,1.08,0.92,observed_public_property_context,0.72,0.28,sample_seed_review_taxonomy_prior,0.22,0.146,0.286,false,0.32,sample_seed_local_demand_context,630,650,640,0.969,0.04,false,56,0.877,6,0.92,sample_seed_public_rate_shape,no_review_or_survey
case_00028,TKT000028,PMS001144,CRM001144,1.0,direct_pms_reservation_id,0.95,direct_crm_id,0.0,no_comp_record,loyalty_guest,coastal_weekend,800,2400,8450,0.48,0,2026-01-06,2026-01-08,ota,false,0,0,valet_or_parking_delay,arrival valet,process,3,false,0.62,false,5,0.618,0.52,5.4,,,0,0,515,515,0,0,0.622,0.745,0.477,0.443,0.395,Santa Monica Proper Hotel,true,true,true,true,true,true,0.88,1.22,1.18,1.12,1.04,1.04,1.08,0.92,observed_public_property_context,0.56,0.18,sample_seed_review_taxonomy_prior,0.22,0.1,0.211,false,0.32,sample_seed_local_demand_context,715,700,708,1.021,0.375,false,116,1.023,6,0.92,sample_seed_public_rate_shape,no_comp_record
case_00029,TKT000029,PMS000088,CRM000088,1.0,direct_pms_reservation_id,0.95,direct_crm_id,0.0,no_comp_record,new_guest,family_beach_trip,720,1440,2920,0.197,0,2026-02-11,2026-02-12,direct,true,1,0,room_assignment_expectation_gap,upgrade expectation,outcome,5,false,0.79,true,5,1.0,0.574,5.2,,,0,0,200,180,0,0,0.397,0.403,0.283,0.263,0.261,Santa Monica Proper Hotel,true,true,true,true,true,true,0.88,1.22,1.18,1.12,1.04,1.04,1.08,0.92,observed_public_property_context,0.68,0.28,sample_seed_review_taxonomy_prior,0.22,0.673,0.332,false,0.32,sample_seed_local_demand_context,560,575,568,0.974,0.0,false,45,0.86,6,0.92,sample_seed_public_rate_shape,no_comp_record
case_00030,TKT000030,PMS001522,CRM001522,1.0,direct_pms_reservation_id,0.95,direct_crm_id,0.0,no_comp_record,new_guest,design_leisure,590,1180,1440,0.17,0,2026-11-27,2026-11-27,direct,false,0,0,maintenance_issue,maintenance,outcome,3,false,0.78,true,5,0.636,0.449,6.8,,,0,0,0,0,0,0,0.721,0.699,0.477,0.515,0.348,Santa Monica Proper Hotel,true,true,true,true,true,true,0.88,1.22,1.18,1.12,1.04,1.04,1.08,0.92,observed_public_property_context,0.69,0.28,sample_seed_review_taxonomy_prior,0.48,0.066,0.408,false,0.32,sample_seed_local_demand_context,770,835,802,0.922,0.593,true,162,1.109,6,0.92,sample_seed_public_rate_shape,no_comp_record
case_00031,TKT000031,PMS001133,CRM001133,1.0,direct_pms_reservation_id,0.95,direct_crm_id,0.62,reservation_level_comp_match,new_guest,coastal_weekend,720,1440,2560,0.209,0.2,2026-04-08,2026-04-08,travel_advisor,false,0,1,spa_wellness_service_issue,treatment delay,process,3,false,0.74,true,5,0.511,0.467,6.4,room_upgrade,Upgrade,330,82,100,50,0,0,0.325,0.441,0.225,0.033,0.303,Santa Monica Proper Hotel,true,true,true,true,true,true,0.88,1.22,1.18,1.12,1.04,1.04,1.08,0.92,observed_public_property_context,0.64,0.28,sample_seed_review_taxonomy_prior,0.22,0.045,0.277,false,0.32,sample_seed_local_demand_context,625,690,658,0.906,0.02,false,53,0.868,6,0.92,sample_seed_public_rate_shape,
case_00032,TKT000032,PMS000678,CRM000678,1.0,direct_pms_reservation_id,0.95,direct_crm_id,1.0,direct_ticket_id,returning_guest,event_or_wedding,800,3200,12400,0.497,0.2,2026-09-17,2026-09-20,direct,false,0,2,room_readiness_delay,arrival delay,outcome,4,false,0.93,true,5,0.874,0.559,5.6,late_checkout,Extended departure,105,21,555,555,0,0,0.99,1.0,0.783,0.885,0.738,Santa Monica Proper Hotel,true,true,true,true,true,true,0.88,1.22,1.18,1.12,1.04,1.04,1.08,0.92,observed_public_property_context,0.74,0.28,sample_seed_review_taxonomy_prior,0.7,0.033,0.545,false,0.32,sample_seed_local_demand_context,895,885,890,1.011,1.0,true,268,1.283,6,0.92,sample_seed_public_rate_shape,
case_00033,TKT000033,PMS000330,CRM000330,0.78,guest_key_date_window,0.95,direct_crm_id,1.0,direct_ticket_id,new_guest,business_traveler,730,3650,5000,0.336,0.2,2026-07-05,2026-07-07,direct,false,0,1,room_readiness_delay,arrival delay,outcome,3,true,0.88,false,5,0.6,0.518,0,lobby_lounge_credit,Bar credit,80,30,860,860,0,0,0.945,0.959,0.968,0.823,0.666,Santa Monica Proper Hotel,true,true,true,true,true,true,0.88,1.22,1.18,1.12,1.04,1.04,1.08,0.92,observed_public_property_context,0.74,0.28,sample_seed_review_taxonomy_prior,0.22,0.266,0.282,false,0.32,sample_seed_local_demand_context,775,740,745,1.047,0.613,false,166,1.129,6,0.92,sample_seed_public_rate_shape,severity_inferred;no_review_or_survey
case_00034,TKT000034,PMS000056,CRM000056,1.0,direct_pms_reservation_id,0.95,direct_crm_id,0.0,no_comp_record,vip_guest,coastal_weekend,950,2850,23380,0.729,0,2026-05-28,2026-05-30,direct,false,0,0,spa_wellness_service_issue,spa issue,process,3,true,0.74,true,5,0.73,0.451,6.6,,,0,0,940,335,560,20,0.695,0.758,0.566,0.691,0.564,Santa Monica Proper Hotel,true,true,true,true,true,true,0.88,1.22,1.18,1.12,1.04,1.04,1.08,0.92,observed_public_property_context,0.64,0.28,sample_seed_review_taxonomy_prior,0.48,0.061,0.429,false,0.32,sample_seed_local_demand_context,895,875,885,1.023,1.0,true,268,1.286,6,0.92,sample_seed_public_rate_shape,severity_inferred;no_comp_record
case_00035,TKT000035,PMS001310,CRM001310,1.0,direct_pms_reservation_id,0.95,direct_crm_id,0.0,no_comp_record,loyalty_guest,family_beach_trip,820,820,4730,0.386,0,2026-12-22,2026-12-22,ota,false,0,1,f_and_b_service_lapse,restaurant issue,process,3,false,0.7,false,5,0.598,0.392,7.2,,,0,0,450,115,280,55,0.481,0.506,0.339,0.487,0.312,Santa Monica Proper Hotel,true,true,true,true,true,true,0.88,1.22,1.18,1.12,1.04,1.04,1.08,0.92,observed_public_property_context,0.6,0.28,sample_seed_review_taxonomy_prior,0.22,0.139,0.208,false,0.32,sample_seed_local_demand_context,640,630,635,1.016,0.079,false,62,0.897,6,0.92,sample_seed_public_rate_shape,no_comp_record
case_00036,TKT000036,PMS001548,CRM001548,1.0,direct_pms_reservation_id,0.95,direct_crm_id,0.0,no_comp_record,new_guest,local_staycation,680,680,1060,0.143,0,2026-06-02,2026-06-02,group_or_event,false,0,0,maintenance_issue,maintenance,outcome,3,false,0.78,true,5,0.6,0.504,0,,,0,0,20,20,0,0,0.453,0.405,0.369,0.476,0.505,Santa Monica Proper Hotel,true,true,true,true,true,true,0.88,1.22,1.18,1.12,1.04,1.04,1.08,0.92,observed_public_property_context,0.69,0.28,sample_seed_review_taxonomy_prior,0.22,0.158,0.227,false,0.32,sample_seed_local_demand_context,710,720,718,0.986,0.356,false,112,1.009,6,0.92,sample_seed_public_rate_shape,no_review_or_survey;no_comp_record
case_00037,TKT000037,PMS000857,CRM000857,0.78,guest_key_date_window,0.95,direct_crm_id,0.0,no_comp_record,loyalty_guest,coastal_weekend,780,3900,14230,0.624,0.2,2026-05-15,2026-05-15,direct,false,0,1,housekeeping_miss,hk miss,outcome,3,false,0.9,false,5,0.6,0.513,0,,,0,0,320,280,0,40,0.503,0.411,0.273,0.444,0.323,Santa Monica Proper Hotel,true,true,true,true,true,true,0.88,1.22,1.18,1.12,1.04,1.04,1.08,0.92,observed_public_property_context,0.72,0.28,sample_seed_review_taxonomy_prior,0.48,0.085,0.462,false,0.32,sample_seed_local_demand_context,900,910,905,0.989,1.0,true,270,1.28,6,0.92,sample_seed_public_rate_shape,no_review_or_survey;no_comp_record
case_00038,TKT000038,PMS001227,CRM001227,1.0,direct_pms_reservation_id,0.95,direct_crm_id,1.0,direct_ticket_id,loyalty_guest,local_staycation,750,3750,13480,0.609,0.2,2026-06-18,2026-06-22,direct,false,0,1,valet_or_parking_delay,parking,process,3,false,0.62,true,5,0.667,0.411,6.6,parking_fee_waiver,Valet comp,0,0,0,0,0,0,0.965,0.889,0.847,0.734,0.596,Santa Monica Proper Hotel,true,true,true,true,true,true,0.88,1.22,1.18,1.12,1.04,1.04,1.08,0.92,observed_public_property_context,0.56,0.18,sample_seed_review_taxonomy_prior,0.22,0.044,0.262,false,0.32,sample_seed_local_demand_context,795,735,765,1.082,0.692,false,185,1.171,6,0.92,sample_seed_public_rate_shape,
case_00039,TKT000039,PMS001137,CRM001137,1.0,direct_pms_reservation_id,0.95,direct_crm_id,1.0,direct_ticket_id,returning_guest,local_staycation,730,730,2690,0.254,0.2,2026-12-25,2026-12-25,ota,false,0,0,housekeeping_miss,housekeeping,outcome,3,false,0.9,true,5,0.6,0.513,0,rooftop_f_and_b_credit,Restaurant credit,160,64,85,85,0,0,0.623,0.611,0.266,0.418,0.509,Santa Monica Proper Hotel,true,true,true,true,true,true,0.88,1.22,1.18,1.12,1.04,1.04,1.08,0.92,observed_public_property_context,0.72,0.28,sample_seed_review_taxonomy_prior,0.78,0.114,0.604,false,0.32,sample_seed_local_demand_context,835,840,838,0.994,0.85,true,223,1.217,6,0.92,sample_seed_public_rate_shape,no_review_or_survey
case_00040,TKT000040,PMS000518,CRM000518,1.0,direct_pms_reservation_id,0.95,direct_crm_id,1.0,direct_ticket_id,returning_guest,design_leisure,660,660,2660,0.266,0.2,2026-01-16,2026-01-16,ota,false,0,1,maintenance_issue,maintenance,outcome,3,false,0.78,false,5,0.6,0.504,0,room_upgrade,Upgrade,420,105,285,285,0,0,0.768,0.7,0.446,0.512,0.314,Santa Monica Proper Hotel,true,true,true,true,true,true,0.88,1.22,1.18,1.12,1.04,1.04,1.08,0.92,observed_public_property_context,0.69,0.28,sample_seed_review_taxonomy_prior,0.48,0.025,0.429,false,0.32,sample_seed_local_demand_context,740,715,728,1.035,0.474,false,136,1.068,6,0.92,sample_seed_public_rate_shape,no_review_or_survey
case_00041,TKT000041,PMS000488,CRM000488,1.0,direct_pms_reservation_id,0.95,direct_crm_id,0.0,no_comp_record,returning_guest,local_staycation,660,4620,18220,0.621,0,2026-12-01,2026-12-04,direct,false,1,2,noise_disruption,sleep disruption,process,3,false,0.48,true,5,0.6,0.485,0,,,0,0,90,90,0,0,0.69,0.61,0.72,0.477,0.364,Santa Monica Proper Hotel,true,true,true,true,true,true,0.88,1.22,1.18,1.12,1.04,1.04,1.08,0.92,observed_public_property_context,0.62,0.28,sample_seed_review_taxonomy_prior,0.48,0.125,0.454,false,0.32,sample_seed_local_demand_context,815,740,752,1.101,0.771,true,203,1.209,6,0.92,sample_seed_public_rate_shape,no_review_or_survey;no_comp_record
case_00042,TKT000042,PMS001167,CRM001167,1.0,direct_pms_reservation_id,0.95,direct_crm_id,1.0,direct_ticket_id,loyalty_guest,wellness_getaway,810,3240,15430,0.605,0.2,2026-11-10,2026-11-13,corporate,false,0,1,room_assignment_expectation_gap,view issue,outcome,3,false,0.74,true,5,0.6,0.501,0,late_checkout,4pm checkout,85,17,635,465,170,0,0.53,0.577,0.428,0.532,0.123,Santa Monica Proper Hotel,true,true,true,true,true,true,0.88,1.22,1.18,1.12,1.04,1.04,1.08,0.92,observed_public_property_context,0.68,0.28,sample_seed_review_taxonomy_prior,0.48,0.077,0.366,false,0.32,sample_seed_local_demand_context,750,730,740,1.027,0.514,false,145,1.083,6,0.92,sample_seed_public_rate_shape,no_review_or_survey
case_00043,TKT000043,PMS001376,CRM001376,1.0,direct_pms_reservation_id,0.95,direct_crm_id,1.0,direct_ticket_id,event_or_suite_guest,coastal_weekend,950,3800,24230,0.816,0.2,2026-02-08,2026-02-09,travel_advisor,false,0,1,f_and_b_service_lapse,restaurant issue,process,2,true,0.7,true,5,0.61,0.48,6.1,rooftop_f_and_b_credit,F&B,130,52,0,0,0,0,0.612,0.564,0.634,0.399,0.53,Santa Monica Proper Hotel,true,true,true,true,true,true,0.88,1.22,1.18,1.12,1.04,1.04,1.08,0.92,observed_public_property_context,0.6,0.28,sample_seed_review_taxonomy_prior,0.22,0.148,0.246,false,0.32,sample_seed_local_demand_context,655,630,642,1.04,0.138,false,72,0.928,6,0.92,sample_seed_public_rate_shape,severity_inferred
case_00044,TKT000044,PMS000570,CRM000570,1.0,direct_pms_reservation_id,0.95,direct_crm_id,1.0,direct_ticket_id,vip_guest,family_beach_trip,1130,2260,16410,0.662,0,2026-02-16,2026-02-16,direct,false,0,1,f_and_b_service_lapse,restaurant issue,process,4,false,0.75,true,5,0.8,0.583,0,lobby_lounge_credit,Bar credit,95,36,640,270,370,0,0.32,0.264,0.093,0.144,0.038,Santa Monica Proper Hotel,true,true,true,true,true,true,0.88,1.22,1.18,1.12,1.04,1.04,1.08,0.92,observed_public_property_context,0.6,0.28,sample_seed_review_taxonomy_prior,0.22,0.132,0.271,false,0.32,sample_seed_local_demand_context,540,575,560,0.939,0.0,false,43,0.86,6,0.92,sample_seed_public_rate_shape,no_review_or_survey
case_00045,TKT000045,PMS000126,CRM000126,1.0,direct_pms_reservation_id,0.95,direct_crm_id,0.62,reservation_level_comp_match,new_guest,business_traveler,680,680,900,0.142,0.4,2026-08-11,2026-08-11,travel_advisor,false,0,0,maintenance_issue,room equipment,outcome,3,false,0.78,true,5,0.732,0.465,6.6,parking_fee_waiver,Destination fee waive,85,15,0,0,0,0,0.959,1.0,0.704,0.721,0.882,Santa Monica Proper Hotel,true,true,true,true,true,true,0.88,1.22,1.18,1.12,1.04,1.04,1.08,0.92,observed_public_property_context,0.69,0.28,sample_seed_review_taxonomy_prior,0.22,0.172,0.237,false,0.32,sample_seed_local_demand_context,745,780,762,0.955,0.494,false,141,1.068,6,0.92,sample_seed_public_rate_shape,
case_00046,TKT000046,PMS000705,CRM000705,1.0,direct_pms_reservation_id,0.95,direct_crm_id,0.0,no_comp_record,vip_guest,event_or_wedding,960,960,5720,0.479,0,2026-06-16,2026-06-16,ota,true,1,0,f_and_b_service_lapse,order problem,process,2,false,0.7,true,5,0.428,0.328,8.0,,,0,0,0,0,0,0,0.846,0.861,0.765,0.723,0.536,Santa Monica Proper Hotel,true,true,true,true,true,true,0.88,1.22,1.18,1.12,1.04,1.04,1.08,0.92,observed_public_property_context,0.6,0.28,sample_seed_review_taxonomy_prior,0.22,0.171,0.231,false,0.32,sample_seed_local_demand_context,725,775,775,0.935,0.415,false,124,1.034,6,0.92,sample_seed_public_rate_shape,no_comp_record
case_00047,TKT000047,PMS000031,CRM000031,0.78,guest_key_date_window,0.95,direct_crm_id,1.0,direct_ticket_id,returning_guest,local_staycation,720,2160,6730,0.36,0.2,2026-06-05,2026-06-07,corporate,false,0,0,f_and_b_service_lapse,dining delay,process,2,false,0.7,false,5,0.476,0.32,8.1,lobby_lounge_credit,Bar credit,85,32,1135,1135,0,0,0.624,0.615,0.787,0.333,0.488,Santa Monica Proper Hotel,true,true,true,true,true,true,0.88,1.22,1.18,1.12,1.04,1.04,1.08,0.92,observed_public_property_context,0.6,0.28,sample_seed_review_taxonomy_prior,0.7,0.146,0.612,false,0.32,sample_seed_local_demand_context,905,865,885,1.046,1.0,true,272,1.292,6,0.92,sample_seed_public_rate_shape,
case_00048,TKT000048,PMS000941,CRM000941,1.0,direct_pms_reservation_id,0.95,direct_crm_id,0.0,no_comp_record,new_guest,design_leisure,490,980,2020,0.167,0,2026-11-10,2026-11-10,corporate,false,0,0,noise_disruption,sleep disruption,process,3,false,0.48,false,5,0.587,0.55,5.3,,,0,0,85,85,0,0,0.412,0.372,0.356,0.185,0.244,Santa Monica Proper Hotel,true,true,true,true,true,true,0.88,1.22,1.18,1.12,1.04,1.04,1.08,0.92,observed_public_property_context,0.62,0.28,sample_seed_review_taxonomy_prior,0.22,0.085,0.246,false,0.32,sample_seed_local_demand_context,755,730,742,1.034,0.534,false,149,1.093,6,0.92,sample_seed_public_rate_shape,no_comp_record
case_00049,TKT000049,PMS000528,CRM000528,0.58,room_date_window,0.95,direct_crm_id,0.0,no_comp_record,new_guest,business_traveler,580,2900,5920,0.294,0.12,2026-11-03,2026-11-05,direct,false,0,0,maintenance_issue,room equipment,outcome,3,true,0.78,true,5,0.6,0.504,0,,,0,0,420,395,0,0,0.365,0.328,0.166,0.329,0.172,Santa Monica Proper Hotel,true,true,true,true,true,true,0.88,1.22,1.18,1.12,1.04,1.04,1.08,0.92,observed_public_property_context,0.69,0.28,sample_seed_review_taxonomy_prior,0.22,0.065,0.211,false,0.32,sample_seed_local_demand_context,685,650,668,1.054,0.257,false,94,0.981,6,0.92,sample_seed_public_rate_shape,low_reservation_match_confidence;severity_inferred;no_review_or_survey;no_comp_record
case_00050,TKT000050,PMS000293,CRM000293,1.0,direct_pms_reservation_id,0.95,direct_crm_id,0.0,no_comp_record,new_guest,coastal_weekend,630,2520,2790,0.261,0,2026-02-16,2026-02-16,direct,false,0,1,spa_wellness_service_issue,treatment delay,process,2,false,0.74,true,5,0.559,0.451,6.6,,,0,0,915,915,0,0,0.32,0.264,0.093,0.144,0.038,Santa Monica Proper Hotel,true,true,true,true,true,true,0.88,1.22,1.18,1.12,1.04,1.04,1.08,0.92,observed_public_property_context,0.64,0.28,sample_seed_review_taxonomy_prior,0.22,0.132,0.271,false,0.32,sample_seed_local_demand_context,540,575,560,0.939,0.0,false,43,0.86,6,0.92,sample_seed_public_rate_shape,no_comp_record
case_00051,TKT000051,PMS000020,CRM000020,1.0,direct_pms_reservation_id,0.95,direct_crm_id,1.0,direct_ticket_id,vip_guest,local_staycation,750,5250,44140,0.837,0.2,2026-02-05,2026-02-10,direct,false,0,0,housekeeping_miss,housekeeping,outcome,3,false,0.9,false,5,0.6,0.513,0,amenity_gesture,In-room gesture,65,29,85,0,0,85,0.568,0.43,0.443,0.473,0.306,Santa Monica Proper Hotel,true,true,true,true,true,true,0.88,1.22,1.18,1.12,1.04,1.04,1.08,0.92,observed_public_property_context,0.72,0.28,sample_seed_review_taxonomy_prior,0.22,0.033,0.178,false,0.32,sample_seed_local_demand_context,640,665,652,0.962,0.079,false,62,0.893,6,0.92,sample_seed_public_rate_shape,no_review_or_survey
case_00052,TKT000052,PMS000789,CRM000789,1.0,direct_pms_reservation_id,0.95,direct_crm_id,0.0,no_comp_record,returning_guest,wellness_getaway,740,740,2140,0.249,0,2026-08-22,2026-08-22,direct,false,0,0,billing_or_fee_dispute,fee dispute,process,1,false,0.55,true,71,0.2,0.266,0,,,0,0,560,300,185,75,0.951,0.898,0.654,0.7,0.703,Santa Monica Proper Hotel,true,true,true,true,true,true,0.88,1.22,1.18,1.12,1.04,1.04,1.08,0.92,observed_public_property_context,0.58,0.28,sample_seed_review_taxonomy_prior,0.7,0.021,0.533,false,0.32,sample_seed_local_demand_context,845,895,885,0.944,0.889,true,233,1.234,6,0.92,sample_seed_public_rate_shape,no_review_or_survey;no_comp_record
case_00053,TKT000053,PMS001478,CRM001478,0.78,guest_key_date_window,0.95,direct_crm_id,0.0,no_comp_record,returning_guest,coastal_weekend,780,5460,12320,0.556,0,2026-10-13,2026-10-14,direct,false,0,0,room_readiness_delay,arrival delay,outcome,4,false,0.93,true,5,0.8,0.622,0,,,0,0,0,0,0,0,0.749,0.885,0.735,0.736,0.378,Santa Monica Proper Hotel,true,true,true,true,true,true,0.88,1.22,1.18,1.12,1.04,1.04,1.08,0.92,observed_public_property_context,0.74,0.28,sample_seed_review_taxonomy_prior,0.22,0.042,0.264,false,0.32,sample_seed_local_demand_context,680,705,692,0.965,0.237,false,90,0.96,6,0.92,sample_seed_public_rate_shape,no_review_or_survey;no_comp_record
case_00054,TKT000054,PMS001191,CRM001191,1.0,direct_pms_reservation_id,0.95,direct_crm_id,1.0,direct_ticket_id,new_guest,business_traveler,500,1500,2700,0.197,0,2026-02-01,2026-02-02,travel_advisor,false,0,0,housekeeping_miss,linen/turndown,outcome,3,true,0.9,true,5,0.6,0.513,0,rooftop_f_and_b_credit,F&B,185,74,120,120,0,0,0.32,0.49,0.074,0.114,0.195,Santa Monica Proper Hotel,true,true,true,true,true,true,0.88,1.22,1.18,1.12,1.04,1.04,1.08,0.92,observed_public_property_context,0.72,0.28,sample_seed_review_taxonomy_prior,0.22,0.052,0.245,false,0.32,sample_seed_local_demand_context,635,680,668,0.934,0.059,false,59,0.885,6,0.92,sample_seed_public_rate_shape,severity_inferred;ltv_imputed;no_review_or_survey
case_00055,TKT000055,PMS000403,CRM000403,1.0,direct_pms_reservation_id,0.95,direct_crm_id,0.0,no_comp_record,loyalty_guest,design_leisure,880,1760,10590,0.488,0,2026-07-08,2026-07-09,direct,false,0,1,noise_disruption,sleep disruption,process,2,false,0.48,false,5,0.27,0.374,7.5,,,0,0,325,325,0,0,0.835,0.748,0.673,0.631,0.775,Santa Monica Proper Hotel,true,true,true,true,true,true,0.88,1.22,1.18,1.12,1.04,1.04,1.08,0.92,observed_public_property_context,0.62,0.28,sample_seed_review_taxonomy_prior,0.22,0.107,0.287,false,0.32,sample_seed_local_demand_context,725,665,695,1.09,0.415,false,124,1.057,6,0.92,sample_seed_public_rate_shape,no_comp_record
case_00056,TKT000056,PMS000684,CRM000684,1.0,direct_pms_reservation_id,0.95,direct_crm_id,0.62,reservation_level_comp_match,new_guest,coastal_weekend,700,2100,4030,0.238,0.2,2026-06-21,2026-06-22,ota,false,0,0,room_readiness_delay,arrival delay,outcome,3,false,0.88,false,5,0.812,0.479,6.6,parking_fee_waiver,Parking waiver,115,21,0,0,0,0,0.965,0.889,0.847,0.734,0.596,Santa Monica Proper Hotel,true,true,true,true,true,true,0.88,1.22,1.18,1.12,1.04,1.04,1.08,0.92,observed_public_property_context,0.74,0.28,sample_seed_review_taxonomy_prior,0.22,0.044,0.262,false,0.32,sample_seed_local_demand_context,795,735,765,1.082,0.692,false,185,1.171,6,0.92,sample_seed_public_rate_shape,
case_00057,TKT000057,PMS001015,CRM001015,1.0,direct_pms_reservation_id,0.95,direct_crm_id,0.0,no_comp_record,new_guest,family_beach_trip,670,4690,6910,0.387,0,2026-07-07,2026-07-08,ota,false,0,0,valet_or_parking_delay,car delay,process,2,false,0.62,true,19,0.4,0.337,0,,,0,0,490,275,215,0,0.568,0.47,0.458,0.355,0.505,Santa Monica Proper Hotel,true,true,true,true,true,true,0.88,1.22,1.18,1.12,1.04,1.04,1.08,0.92,observed_public_property_context,0.56,0.18,sample_seed_review_taxonomy_prior,0.22,0.176,0.28,false,0.32,sample_seed_local_demand_context,745,760,752,0.98,0.494,false,141,1.068,6,0.92,sample_seed_public_rate_shape,no_review_or_survey;no_comp_record
case_00058,TKT000058,PMS001315,CRM001315,1.0,direct_pms_reservation_id,0.95,direct_crm_id,0.62,reservation_level_comp_match,new_guest,family_beach_trip,540,1080,2090,0.188,0.2,2026-03-29,2026-03-29,direct,true,1,1,room_assignment_expectation_gap,wrong room,outcome,4,false,0.79,true,34,0.8,0.605,0,room_upgrade,Suite upgrade,410,102,105,0,0,105,0.635,0.652,0.58,0.618,0.401,Santa Monica Proper Hotel,true,true,true,true,true,true,0.88,1.22,1.18,1.12,1.04,1.04,1.08,0.92,observed_public_property_context,0.68,0.28,sample_seed_review_taxonomy_prior,0.48,0.14,0.4,false,0.32,sample_seed_local_demand_context,760,735,738,1.034,0.553,false,153,1.101,6,0.92,sample_seed_public_rate_shape,no_review_or_survey
case_00059,TKT000059,PMS000954,CRM000954,1.0,direct_pms_reservation_id,0.95,direct_crm_id,1.0,direct_ticket_id,returning_guest,wellness_getaway,570,1710,3620,0.324,0,2026-01-07,2026-01-07,direct,false,0,1,housekeeping_miss,linen/turndown,outcome,3,false,0.9,true,5,0.51,0.466,6.7,parking_fee_waiver,Parking/Dest fee,105,19,65,65,0,0,0.32,0.362,0.308,0.091,0.109,Santa Monica Proper Hotel,true,true,true,true,true,true,0.88,1.22,1.18,1.12,1.04,1.04,1.08,0.92,observed_public_property_context,0.72,0.28,sample_seed_review_taxonomy_prior,0.22,0.045,0.185,false,0.32,sample_seed_local_demand_context,675,705,705,0.957,0.217,false,86,0.951,6,0.92,sample_seed_public_rate_shape,
case_00060,TKT000060,PMS000752,CRM000752,1.0,direct_pms_reservation_id,0.95,direct_crm_id,0.0,no_comp_record,returning_guest,coastal_weekend,620,1240,4190,0.292,0,2026-05-16,2026-05-17,group_or_event,false,0,0,room_assignment_expectation_gap,room type mismatch,outcome,3,false,0.74,false,5,0.6,0.501,0,,,0,0,520,520,0,0,0.937,1.0,0.774,0.757,0.591,Santa Monica Proper Hotel,true,true,true,true,true,true,0.88,1.22,1.18,1.12,1.04,1.04,1.08,0.92,observed_public_property_context,0.68,0.28,sample_seed_review_taxonomy_prior,0.48,0.095,0.382,false,0.32,sample_seed_local_demand_context,750,840,795,0.893,0.514,true,145,1.076,6,0.92,sample_seed_public_rate_shape,no_review_or_survey;no_comp_record
case_00061,TKT000061,PMS000103,CRM000103,1.0,direct_pms_reservation_id,0.95,direct_crm_id,0.62,reservation_level_comp_match,new_guest,business_traveler,540,540,980,0.152,0.2,2026-08-06,2026-08-06,travel_advisor,false,0,1,housekeeping_miss,housekeeping,outcome,3,false,0.9,true,5,0.582,0.546,5.7,rooftop_f_and_b_credit,Food Credit,160,64,145,145,0,0,0.585,0.583,0.593,0.554,0.482,Santa Monica Proper Hotel,true,true,true,true,true,true,0.88,1.22,1.18,1.12,1.04,1.04,1.08,0.92,observed_public_property_context,0.72,0.28,sample_seed_review_taxonomy_prior,0.22,0.064,0.206,false,0.32,sample_seed_local_demand_context,720,760,740,0.947,0.395,false,120,1.026,6,0.92,sample_seed_public_rate_shape,
case_00062,TKT000062,PMS001285,CRM001285,0.78,guest_key_date_window,0.95,direct_crm_id,0.0,no_comp_record,new_guest,business_traveler,550,1650,2460,0.234,0,2026-12-28,2026-12-28,direct,false,0,2,billing_or_fee_dispute,charge question,process,3,false,0.55,true,6,0.6,0.473,0,,,0,0,485,425,0,60,0.624,0.623,0.618,0.459,0.327,Santa Monica Proper Hotel,true,true,true,true,true,true,0.88,1.22,1.18,1.12,1.04,1.04,1.08,0.92,observed_public_property_context,0.58,0.28,sample_seed_review_taxonomy_prior,0.78,0.12,0.643,false,0.32,sample_seed_local_demand_context,820,795,808,1.031,0.791,true,208,1.2,6,0.92,sample_seed_public_rate_shape,no_review_or_survey;no_comp_record
case_00063,TKT000063,PMS000326,CRM000326,1.0,direct_pms_reservation_id,0.95,direct_crm_id,1.0,direct_ticket_id,new_guest,wellness_getaway,730,2190,4560,0.248,0.2,2026-05-03,2026-05-04,direct,false,0,0,room_readiness_delay,late room,outcome,4,false,0.93,false,5,0.682,0.511,6.2,lobby_lounge_credit,Palma credit,95,36,40,0,0,40,0.99,1.0,0.931,0.77,0.819,Santa Monica Proper Hotel,true,true,true,true,true,true,0.88,1.22,1.18,1.12,1.04,1.04,1.08,0.92,observed_public_property_context,0.74,0.28,sample_seed_review_taxonomy_prior,0.22,0.133,0.235,false,0.32,sample_seed_local_demand_context,855,760,808,1.125,0.929,true,243,1.281,6,0.92,sample_seed_public_rate_shape,
case_00064,TKT000064,PMS001473,CRM001473,1.0,direct_pms_reservation_id,0.95,direct_crm_id,1.0,direct_ticket_id,new_guest,business_traveler,710,1420,2900,0.212,0,2026-03-28,2026-03-28,ota,false,1,1,f_and_b_service_lapse,restaurant issue,process,2,true,0.7,false,5,0.4,0.375,0,manager_note,Personal apology,0,0,0,0,0,0,0.742,0.806,0.612,0.544,0.574,Santa Monica Proper Hotel,true,true,true,true,true,true,0.88,1.22,1.18,1.12,1.04,1.04,1.08,0.92,observed_public_property_context,0.6,0.28,sample_seed_review_taxonomy_prior,0.48,0.109,0.446,false,0.32,sample_seed_local_demand_context,740,785,778,0.943,0.474,false,136,1.059,6,0.92,sample_seed_public_rate_shape,severity_inferred;no_review_or_survey
case_00065,TKT000065,PMS000230,CRM000230,0.78,guest_key_date_window,0.95,direct_crm_id,1.0,direct_ticket_id,new_guest,wellness_getaway,430,430,750,0.129,0,2026-07-05,2026-07-05,direct,true,1,0,billing_or_fee_dispute,charge question,process,5,false,0.6,true,5,0.833,0.546,5.2,partial_room_refund,Partial night,340,340,350,280,0,0,0.99,0.871,0.948,0.916,0.788,Santa Monica Proper Hotel,true,true,true,true,true,true,0.88,1.22,1.18,1.12,1.04,1.04,1.08,0.92,observed_public_property_context,0.58,0.28,sample_seed_review_taxonomy_prior,0.92,0.081,0.726,true,0.32,sample_seed_local_demand_context,1035,1030,1032,1.005,1.0,true,310,1.281,6,0.92,sample_seed_public_rate_shape,
case_00066,TKT000066,PMS000852,CRM000852,1.0,direct_pms_reservation_id,0.95,direct_crm_id,0.0,no_comp_record,loyalty_guest,business_traveler,620,1240,5830,0.401,0,2026-02-15,2026-02-16,travel_advisor,false,0,0,noise_disruption,noise,process,3,false,0.48,false,5,0.6,0.485,0,,,0,0,395,355,0,40,0.32,0.264,0.093,0.144,0.038,Santa Monica Proper Hotel,true,true,true,true,true,true,0.88,1.22,1.18,1.12,1.04,1.04,1.08,0.92,observed_public_property_context,0.62,0.28,sample_seed_review_taxonomy_prior,0.22,0.132,0.271,false,0.32,sample_seed_local_demand_context,540,575,560,0.939,0.0,false,43,0.86,6,0.92,sample_seed_public_rate_shape,no_review_or_survey;no_comp_record
case_00067,TKT000067,PMS000883,CRM000883,1.0,direct_pms_reservation_id,0.95,direct_crm_id,1.0,direct_ticket_id,new_guest,wellness_getaway,670,1340,2520,0.204,0,2026-09-20,2026-09-21,direct,false,0,1,f_and_b_service_lapse,dining delay,process,3,false,0.7,true,5,0.6,0.479,0,parking_fee_waiver,Destination fee waive,85,15,290,290,0,0,0.989,1.0,0.933,0.602,0.739,Santa Monica Proper Hotel,true,true,true,true,true,true,0.88,1.22,1.18,1.12,1.04,1.04,1.08,0.92,observed_public_property_context,0.6,0.28,sample_seed_review_taxonomy_prior,0.22,0.116,0.252,false,0.32,sample_seed_local_demand_context,720,760,740,0.947,0.395,false,120,1.026,6,0.92,sample_seed_public_rate_shape,no_review_or_survey
case_00068,TKT000068,PMS000899,CRM000899,1.0,direct_pms_reservation_id,0.95,direct_crm_id,1.0,direct_ticket_id,new_guest,coastal_weekend,600,1800,3570,0.22,0.2,2026-06-20,2026-06-21,ota,false,0,0,room_readiness_delay,late room,outcome,3,false,0.88,false,74,0.6,0.518,0,room_upgrade,Upgrade,330,82,1490,0,1490,0,0.99,0.982,0.792,0.982,0.859,Santa Monica Proper Hotel,true,true,true,true,true,true,0.88,1.22,1.18,1.12,1.04,1.04,1.08,0.92,observed_public_property_context,0.74,0.28,sample_seed_review_taxonomy_prior,0.7,0.067,0.594,false,0.32,sample_seed_local_demand_context,870,820,822,1.061,0.988,true,259,1.29,6,0.92,sample_seed_public_rate_shape,no_review_or_survey
case_00069,TKT000069,PMS000015,CRM000015,1.0,direct_pms_reservation_id,0.95,direct_crm_id,1.0,direct_ticket_id,returning_guest,wellness_getaway,710,2840,11350,0.454,0,2026-12-25,2026-12-25,ota,false,0,1,rooftop_pool_access_issue,pool wait,process,3,false,0.64,true,68,0.671,0.48,6.1,amenity_gesture,In-room gesture,40,18,450,450,0,0,0.623,0.611,0.266,0.418,0.509,Santa Monica Proper Hotel,true,true,true,true,true,true,0.88,1.22,1.18,1.12,1.04,1.04,1.08,0.92,observed_public_property_context,0.6,0.28,sample_seed_review_taxonomy_prior,0.78,0.114,0.604,false,0.32,sample_seed_local_demand_context,835,840,838,0.994,0.85,true,223,1.217,6,0.92,sample_seed_public_rate_shape,
case_00070,TKT000070,PMS000689,CRM000689,1.0,direct_pms_reservation_id,0.95,direct_crm_id,0.0,no_comp_record,new_guest,business_traveler,630,1260,2450,0.184,0,2026-07-21,2026-07-22,direct,false,0,0,f_and_b_service_lapse,restaurant issue,process,2,true,0.7,true,111,0.4,0.375,0,,,0,0,200,200,0,0,0.736,0.736,0.585,0.401,0.657,Santa Monica Proper Hotel,true,true,true,true,true,true,0.88,1.22,1.18,1.12,1.04,1.04,1.08,0.92,observed_public_property_context,0.6,0.28,sample_seed_review_taxonomy_prior,0.22,0.121,0.288,false,0.32,sample_seed_local_demand_context,770,705,738,1.092,0.593,false,162,1.132,6,0.92,sample_seed_public_rate_shape,severity_inferred;no_review_or_survey;no_comp_record
case_00071,TKT000071,PMS000080,CRM000080,1.0,direct_pms_reservation_id,0.95,direct_crm_id,1.0,direct_ticket_id,new_guest,local_staycation,670,2680,4824,0.305,0.2,2026-11-16,2026-11-16,direct,false,0,2,maintenance_issue,room equipment,outcome,2,false,0.78,false,5,0.4,0.401,0,lobby_lounge_credit,Lobby F&B,95,36,0,0,0,0,0.573,0.766,0.604,0.444,0.373,Santa Monica Proper Hotel,true,true,true,true,true,true,0.88,1.22,1.18,1.12,1.04,1.04,1.08,0.92,observed_public_property_context,0.69,0.28,sample_seed_review_taxonomy_prior,0.22,0.155,0.273,false,0.32,sample_seed_local_demand_context,625,630,628,0.992,0.02,false,53,0.868,6,0.92,sample_seed_public_rate_shape,ltv_imputed;no_review_or_survey
case_00072,TKT000072,PMS000349,CRM000349,1.0,direct_pms_reservation_id,0.95,direct_crm_id,0.0,no_comp_record,vip_guest,coastal_weekend,730,730,4840,0.459,0,2026-05-04,2026-05-04,ota,false,0,0,spa_wellness_service_issue,spa recovery,process,3,false,0.74,true,5,0.6,0.49,0,,,0,0,0,0,0,0,0.99,1.0,0.931,0.77,0.819,Santa Monica Proper Hotel,true,true,true,true,true,true,0.88,1.22,1.18,1.12,1.04,1.04,1.08,0.92,observed_public_property_context,0.64,0.28,sample_seed_review_taxonomy_prior,0.22,0.133,0.235,false,0.32,sample_seed_local_demand_context,855,760,808,1.125,0.929,true,243,1.281,6,0.92,sample_seed_public_rate_shape,no_review_or_survey;no_comp_record
case_00073,TKT000073,PMS001104,CRM001104,1.0,direct_pms_reservation_id,0.95,direct_crm_id,0.0,no_comp_record,loyalty_guest,wellness_getaway,710,1420,8780,0.455,0,2026-07-20,2026-07-21,direct,false,0,1,rooftop_pool_access_issue,cabana issue,process,1,false,0.64,true,5,0.2,0.272,0,,,0,0,0,0,0,0,0.864,0.807,0.577,0.511,0.695,Santa Monica Proper Hotel,true,true,true,true,true,true,0.88,1.22,1.18,1.12,1.04,1.04,1.08,0.92,observed_public_property_context,0.6,0.28,sample_seed_review_taxonomy_prior,0.22,0.083,0.27,false,0.32,sample_seed_local_demand_context,770,725,748,1.062,0.593,false,162,1.125,6,0.92,sample_seed_public_rate_shape,no_review_or_survey;no_comp_record
case_00074,TKT000074,PMS001316,CRM001316,1.0,direct_pms_reservation_id,0.95,direct_crm_id,0.0,no_comp_record,new_guest,design_leisure,600,2400,4230,0.254,0,2026-11-02,2026-11-02,travel_advisor,false,0,0,valet_or_parking_delay,parking,process,3,false,0.62,false,18,0.6,0.455,0,,,0,0,270,80,0,0,0.506,0.504,0.467,0.346,0.272,Santa Monica Proper Hotel,true,true,true,true,true,true,0.88,1.22,1.18,1.12,1.04,1.04,1.08,0.92,observed_public_property_context,0.56,0.18,sample_seed_review_taxonomy_prior,0.22,0.055,0.278,false,0.32,sample_seed_local_demand_context,740,640,650,1.156,0.474,false,136,1.098,6,0.92,sample_seed_public_rate_shape,no_review_or_survey;no_comp_record
case_00075,TKT000075,PMS000410,CRM000410,0.58,room_date_window,0.95,direct_crm_id,0.0,no_comp_record,loyalty_guest,business_traveler,690,690,1242,0.361,0.12,2026-11-13,2026-11-13,direct,true,1,2,room_assignment_expectation_gap,room type mismatch,outcome,3,true,0.74,true,5,0.6,0.501,0,,,0,0,375,375,0,0,0.53,0.577,0.428,0.532,0.123,Santa Monica Proper Hotel,true,true,true,true,true,true,0.88,1.22,1.18,1.12,1.04,1.04,1.08,0.92,observed_public_property_context,0.68,0.28,sample_seed_review_taxonomy_prior,0.48,0.077,0.366,false,0.32,sample_seed_local_demand_context,750,730,740,1.027,0.514,false,145,1.083,6,0.92,sample_seed_public_rate_shape,low_reservation_match_confidence;severity_inferred;ltv_imputed;no_review_or_survey;no_comp_record
case_00076,TKT000076,PMS000574,CRM000574,1.0,direct_pms_reservation_id,0.95,direct_crm_id,1.0,direct_ticket_id,event_or_suite_guest,local_staycation,1330,5320,40550,0.881,0,2026-02-28,2026-03-01,travel_advisor,false,0,1,housekeeping_miss,housekeeping,outcome,5,false,0.95,true,5,1.0,0.72,0,future_stay_credit,Future stay,375,225,0,0,0,0,0.601,0.438,0.655,0.328,0.42,Santa Monica Proper Hotel,true,true,true,true,true,true,0.88,1.22,1.18,1.12,1.04,1.04,1.08,0.92,observed_public_property_context,0.72,0.28,sample_seed_review_taxonomy_prior,0.48,0.02,0.371,false,0.32,sample_seed_local_demand_context,840,815,828,1.031,0.87,true,228,1.233,6,0.92,sample_seed_public_rate_shape,no_review_or_survey
case_00077,TKT000077,PMS000604,CRM000604,1.0,direct_pms_reservation_id,0.95,direct_crm_id,1.0,direct_ticket_id,loyalty_guest,business_traveler,790,3160,12820,0.559,0.2,2026-11-04,2026-11-05,ota,false,0,0,valet_or_parking_delay,parking,process,2,true,0.62,true,5,0.4,0.337,0,spa_wellness_credit,Wellness credit,385,212,0,0,0,0,0.365,0.328,0.166,0.329,0.172,Santa Monica Proper Hotel,true,true,true,true,true,true,0.88,1.22,1.18,1.12,1.04,1.04,1.08,0.92,observed_public_property_context,0.56,0.18,sample_seed_review_taxonomy_prior,0.22,0.065,0.211,false,0.32,sample_seed_local_demand_context,685,650,668,1.054,0.257,false,94,0.981,6,0.92,sample_seed_public_rate_shape,severity_inferred;no_review_or_survey
case_00078,TKT000078,PMS000748,CRM000748,1.0,direct_pms_reservation_id,0.95,direct_crm_id,0.0,no_comp_record,new_guest,business_traveler,390,2730,4250,0.27,0,2026-04-02,2026-04-07,travel_advisor,false,0,0,valet_or_parking_delay,parking,process,2,true,0.62,true,5,0.4,0.337,0,,,0,0,405,0,0,385,0.48,0.386,0.289,0.213,0.212,Santa Monica Proper Hotel,true,true,true,true,true,true,0.88,1.22,1.18,1.12,1.04,1.04,1.08,0.92,observed_public_property_context,0.56,0.18,sample_seed_review_taxonomy_prior,0.22,0.126,0.216,false,0.32,sample_seed_local_demand_context,635,560,572,1.134,0.059,false,59,0.918,6,0.92,sample_seed_public_rate_shape,severity_inferred;no_review_or_survey;no_comp_record
case_00079,TKT000079,PMS000275,CRM000275,1.0,direct_pms_reservation_id,0.95,direct_crm_id,1.0,direct_ticket_id,vip_guest,coastal_weekend,780,3900,27050,0.793,0.2,2026-11-28,2026-11-28,group_or_event,false,1,1,rooftop_pool_access_issue,pool wait,process,2,false,0.64,true,5,0.4,0.375,0,parking_fee_waiver,Parking waiver,85,15,190,105,0,30,0.622,0.593,0.45,0.661,0.3,Santa Monica Proper Hotel,true,true,true,true,true,true,0.88,1.22,1.18,1.12,1.04,1.04,1.08,0.92,observed_public_property_context,0.6,0.28,sample_seed_review_taxonomy_prior,0.48,0.134,0.462,false,0.32,sample_seed_local_demand_context,740,695,718,1.065,0.474,false,136,1.075,6,0.92,sample_seed_public_rate_shape,no_review_or_survey
case_00080,TKT000080,PMS001246,CRM001246,1.0,direct_pms_reservation_id,0.95,direct_crm_id,1.0,direct_ticket_id,returning_guest,design_leisure,900,2700,8340,0.401,0,2026-12-20,2026-12-22,direct,true,0,0,maintenance_issue,room equipment,outcome,3,false,0.78,true,5,0.6,0.504,0,amenity_gesture,Bottle/amenity,0,0,70,0,0,70,0.481,0.506,0.339,0.487,0.312,Santa Monica Proper Hotel,true,true,true,true,true,true,0.88,1.22,1.18,1.12,1.04,1.04,1.08,0.92,observed_public_property_context,0.69,0.28,sample_seed_review_taxonomy_prior,0.22,0.139,0.208,false,0.32,sample_seed_local_demand_context,640,630,635,1.016,0.079,false,62,0.897,6,0.92,sample_seed_public_rate_shape,no_review_or_survey
case_00081,TKT000081,PMS000806,CRM000806,1.0,direct_pms_reservation_id,0.95,direct_crm_id,1.0,direct_ticket_id,new_guest,business_traveler,560,1120,2030,0.189,0.2,2026-03-13,2026-03-14,direct,false,0,1,room_readiness_delay,room_not_ready,outcome,3,false,0.88,true,58,0.6,0.518,0,manager_note,Personal apology,0,0,190,190,0,0,0.567,0.573,0.515,0.453,0.323,Santa Monica Proper Hotel,true,true,true,true,true,true,0.88,1.22,1.18,1.12,1.04,1.04,1.08,0.92,observed_public_property_context,0.74,0.28,sample_seed_review_taxonomy_prior,0.48,0.611,0.524,false,0.32,sample_seed_local_demand_context,765,745,755,1.027,0.573,false,158,1.107,6,0.92,sample_seed_public_rate_shape,no_review_or_survey
case_00082,TKT000082,PMS000046,CRM000046,1.0,direct_pms_reservation_id,0.95,direct_crm_id,1.0,direct_ticket_id,returning_guest,wellness_getaway,670,2680,4824,0.381,0,2026-10-29,2026-10-29,direct,false,0,1,maintenance_issue,room equipment,outcome,4,false,0.83,true,5,0.749,0.569,5.3,late_checkout,4pm checkout,0,0,60,60,0,0,0.323,0.252,0.184,0.39,0.333,Santa Monica Proper Hotel,true,true,true,true,true,true,0.88,1.22,1.18,1.12,1.04,1.04,1.08,0.92,observed_public_property_context,0.69,0.28,sample_seed_review_taxonomy_prior,0.22,0.152,0.259,false,0.32,sample_seed_local_demand_context,685,670,678,1.022,0.257,false,94,0.973,6,0.92,sample_seed_public_rate_shape,ltv_imputed
case_00083,TKT000083,PMS000734,CRM000734,1.0,direct_pms_reservation_id,0.95,direct_crm_id,1.0,direct_ticket_id,new_guest,wellness_getaway,590,4130,5140,0.375,0.2,2026-02-14,2026-02-17,ota,false,0,2,noise_disruption,street noise,process,2,false,0.48,true,5,0.4,0.381,0,rooftop_f_and_b_credit,Food Credit,140,56,725,530,0,195,0.63,0.534,0.641,0.53,0.223,Santa Monica Proper Hotel,true,true,true,true,true,true,0.88,1.22,1.18,1.12,1.04,1.04,1.08,0.92,observed_public_property_context,0.62,0.28,sample_seed_review_taxonomy_prior,0.22,0.491,0.288,false,0.32,sample_seed_local_demand_context,590,605,598,0.975,0.0,false,47,0.86,6,0.92,sample_seed_public_rate_shape,no_review_or_survey
case_00084,TKT000084,PMS000254,CRM000254,1.0,direct_pms_reservation_id,0.95,direct_crm_id,0.0,no_comp_record,new_guest,design_leisure,660,2640,4752,0.287,0,2026-09-08,2026-09-11,ota,false,0,1,housekeeping_miss,hk miss,outcome,4,false,0.95,true,5,0.909,0.458,6.8,,,0,0,405,0,220,185,0.725,0.799,0.698,0.606,0.538,Santa Monica Proper Hotel,true,true,true,true,true,true,0.88,1.22,1.18,1.12,1.04,1.04,1.08,0.92,observed_public_property_context,0.72,0.28,sample_seed_review_taxonomy_prior,0.7,0.052,0.522,false,0.32,sample_seed_local_demand_context,775,785,780,0.987,0.613,false,166,1.117,6,0.92,sample_seed_public_rate_shape,ltv_imputed;no_comp_record
case_00085,TKT000085,PMS001437,CRM001437,1.0,direct_pms_reservation_id,0.95,direct_crm_id,1.0,direct_ticket_id,returning_guest,wellness_getaway,530,3710,10430,0.501,0.2,2026-08-01,2026-08-01,corporate,false,0,2,noise_disruption,noise,process,2,true,0.48,true,5,0.879,0.414,7.0,lobby_lounge_credit,Palma credit,0,0,330,195,0,135,0.801,0.814,0.463,0.568,0.725,Santa Monica Proper Hotel,true,true,true,true,true,true,0.88,1.22,1.18,1.12,1.04,1.04,1.08,0.92,observed_public_property_context,0.62,0.28,sample_seed_review_taxonomy_prior,0.7,0.054,0.568,false,0.32,sample_seed_local_demand_context,800,795,798,1.006,0.711,false,189,1.16,6,0.92,sample_seed_public_rate_shape,severity_inferred
case_00086,TKT000086,PMS001297,CRM001297,0.78,guest_key_date_window,0.95,direct_crm_id,1.0,direct_ticket_id,vip_guest,design_leisure,1030,2060,12300,0.595,0.4,2026-12-18,2026-12-18,direct,false,0,0,room_assignment_expectation_gap,view issue,outcome,3,true,0.74,false,5,0.6,0.501,0,rooftop_f_and_b_credit,Restaurant credit,190,76,185,185,0,0,0.704,0.608,0.589,0.503,0.29,Santa Monica Proper Hotel,true,true,true,true,true,true,0.88,1.22,1.18,1.12,1.04,1.04,1.08,0.92,observed_public_property_context,0.68,0.28,sample_seed_review_taxonomy_prior,0.48,0.136,0.401,false,0.32,sample_seed_local_demand_context,785,725,738,1.083,0.652,false,175,1.155,6,0.92,sample_seed_public_rate_shape,severity_inferred;no_review_or_survey
case_00087,TKT000087,PMS000823,CRM000823,0.78,guest_key_date_window,0.95,direct_crm_id,0.0,no_comp_record,vip_guest,business_traveler,1350,4050,26590,0.8,0,2026-08-05,2026-08-05,direct,true,1,1,valet_or_parking_delay,arrival valet,process,2,true,0.62,true,5,0.4,0.337,0,,,0,0,0,0,0,0,0.578,0.495,0.486,0.494,0.674,Santa Monica Proper Hotel,true,true,true,true,true,true,0.88,1.22,1.18,1.12,1.04,1.04,1.08,0.92,observed_public_property_context,0.56,0.18,sample_seed_review_taxonomy_prior,0.22,0.416,0.312,false,0.32,sample_seed_local_demand_context,745,720,725,1.035,0.494,false,141,1.076,6,0.92,sample_seed_public_rate_shape,severity_inferred;no_review_or_survey;no_comp_record
case_00088,TKT000088,PMS000508,CRM000508,1.0,direct_pms_reservation_id,0.95,direct_crm_id,0.0,no_comp_record,new_guest,design_leisure,570,3990,6650,0.4,0,2026-10-27,2026-10-30,group_or_event,true,0,3,room_assignment_expectation_gap,view issue,outcome,3,false,0.74,true,5,0.6,0.501,0,,,0,0,0,0,0,0,0.55,0.519,0.47,0.417,0.404,Santa Monica Proper Hotel,true,true,true,true,true,true,0.88,1.22,1.18,1.12,1.04,1.04,1.08,0.92,observed_public_property_context,0.68,0.28,sample_seed_review_taxonomy_prior,0.48,0.062,0.419,false,0.32,sample_seed_local_demand_context,750,750,750,1.0,0.514,false,145,1.076,6,0.92,sample_seed_public_rate_shape,no_review_or_survey;no_comp_record
case_00089,TKT000089,PMS000638,CRM000638,1.0,direct_pms_reservation_id,0.95,direct_crm_id,0.0,no_comp_record,new_guest,business_traveler,720,3600,6050,0.344,0,2026-01-24,2026-01-27,direct,false,0,1,housekeeping_miss,room clean issue,outcome,4,false,0.95,true,5,0.77,0.57,5.4,,,0,0,0,0,0,0,0.507,0.508,0.256,0.263,0.439,Santa Monica Proper Hotel,true,true,true,true,true,true,0.88,1.22,1.18,1.12,1.04,1.04,1.08,0.92,observed_public_property_context,0.72,0.28,sample_seed_review_taxonomy_prior,0.22,0.064,0.271,false,0.32,sample_seed_local_demand_context,710,665,675,1.068,0.356,false,112,1.026,6,0.92,sample_seed_public_rate_shape,no_comp_record
case_00090,TKT000090,PMS000316,CRM000316,1.0,direct_pms_reservation_id,0.95,direct_crm_id,1.0,direct_ticket_id,loyalty_guest,business_traveler,460,1840,11540,0.486,0.2,2026-06-05,2026-06-05,ota,false,0,0,f_and_b_service_lapse,order problem,process,2,true,0.7,false,102,0.4,0.375,0,partial_room_refund,Rate credit,300,300,185,185,0,0,0.944,0.932,0.815,0.841,0.996,Santa Monica Proper Hotel,true,true,true,true,true,true,0.88,1.22,1.18,1.12,1.04,1.04,1.08,0.92,observed_public_property_context,0.6,0.28,sample_seed_review_taxonomy_prior,0.7,0.141,0.607,false,0.32,sample_seed_local_demand_context,945,915,920,1.033,1.0,true,284,1.288,6,0.92,sample_seed_public_rate_shape,severity_inferred;no_review_or_survey
case_00091,TKT000091,PMS001319,CRM001319,0.78,guest_key_date_window,0.95,direct_crm_id,1.0,direct_ticket_id,returning_guest,wellness_getaway,870,870,2670,0.26,0.2,2026-08-29,2026-08-29,ota,false,0,0,room_assignment_expectation_gap,view issue,outcome,3,false,0.74,true,5,0.6,0.501,0,late_checkout,4pm checkout,110,22,290,80,0,155,0.895,0.953,0.818,0.606,0.679,Santa Monica Proper Hotel,true,true,true,true,true,true,0.88,1.22,1.18,1.12,1.04,1.04,1.08,0.92,observed_public_property_context,0.68,0.28,sample_seed_review_taxonomy_prior,0.7,0.063,0.561,false,0.32,sample_seed_local_demand_context,840,850,845,0.988,0.87,true,228,1.225,6,0.92,sample_seed_public_rate_shape,no_review_or_survey
case_00092,TKT000092,PMS000581,CRM000581,1.0,direct_pms_reservation_id,0.95,direct_crm_id,0.62,reservation_level_comp_match,loyalty_guest,design_leisure,670,4690,23030,0.77,0.2,2026-07-17,2026-07-22,ota,true,0,3,rooftop_pool_access_issue,cabana issue,process,1,false,0.64,true,5,0.2,0.272,0,room_upgrade,Suite upgrade,300,75,270,200,0,70,0.736,0.736,0.585,0.401,0.657,Santa Monica Proper Hotel,true,true,true,true,true,true,0.88,1.22,1.18,1.12,1.04,1.04,1.08,0.92,observed_public_property_context,0.6,0.28,sample_seed_review_taxonomy_prior,0.22,0.121,0.288,false,0.32,sample_seed_local_demand_context,770,705,738,1.092,0.593,false,162,1.132,6,0.92,sample_seed_public_rate_shape,no_review_or_survey
case_00093,TKT000093,PMS001493,CRM001493,1.0,direct_pms_reservation_id,0.95,direct_crm_id,1.0,direct_ticket_id,new_guest,design_leisure,690,2070,2670,0.239,0,2026-08-08,2026-08-09,direct,false,0,1,room_readiness_delay,room_not_ready,outcome,3,false,0.88,true,5,0.6,0.518,0,rooftop_f_and_b_credit,Restaurant credit,115,46,120,120,0,0,0.782,0.589,0.427,0.693,0.626,Santa Monica Proper Hotel,true,true,true,true,true,true,0.88,1.22,1.18,1.12,1.04,1.04,1.08,0.92,observed_public_property_context,0.74,0.28,sample_seed_review_taxonomy_prior,0.7,0.176,0.625,false,0.32,sample_seed_local_demand_context,845,810,828,1.043,0.889,true,233,1.244,6,0.92,sample_seed_public_rate_shape,no_review_or_survey
case_00094,TKT000094,PMS000965,CRM000965,0.58,room_date_window,0.95,direct_crm_id,1.0,direct_ticket_id,returning_guest,design_leisure,610,610,2460,0.246,0.12,2026-09-20,2026-09-20,group_or_event,false,0,0,f_and_b_service_lapse,order problem,process,3,false,0.7,false,5,0.6,0.479,0,manager_note,Manager Note,0,0,270,215,0,0,0.99,1.0,0.783,0.885,0.738,Santa Monica Proper Hotel,true,true,true,true,true,true,0.88,1.22,1.18,1.12,1.04,1.04,1.08,0.92,observed_public_property_context,0.6,0.28,sample_seed_review_taxonomy_prior,0.7,0.033,0.545,false,0.32,sample_seed_local_demand_context,895,885,890,1.011,1.0,true,268,1.283,6,0.92,sample_seed_public_rate_shape,low_reservation_match_confidence;no_review_or_survey
case_00095,TKT000095,PMS000595,CRM000595,1.0,direct_pms_reservation_id,0.95,direct_crm_id,0.0,no_comp_record,loyalty_guest,local_staycation,880,2640,10540,0.528,0,2026-06-16,2026-06-16,direct,false,0,1,billing_or_fee_dispute,billing,process,4,false,0.6,true,5,0.8,0.577,0,,,0,0,0,0,0,0,0.846,0.861,0.765,0.723,0.536,Santa Monica Proper Hotel,true,true,true,true,true,true,0.88,1.22,1.18,1.12,1.04,1.04,1.08,0.92,observed_public_property_context,0.58,0.28,sample_seed_review_taxonomy_prior,0.22,0.171,0.231,false,0.32,sample_seed_local_demand_context,725,775,775,0.935,0.415,false,124,1.034,6,0.92,sample_seed_public_rate_shape,no_review_or_survey;no_comp_record
case_00096,TKT000096,PMS000659,CRM000659,0.58,room_date_window,0.95,direct_crm_id,0.0,no_comp_record,new_guest,wellness_getaway,500,3500,5830,0.337,0.12,2026-12-03,2026-12-05,corporate,false,0,1,maintenance_issue,maintenance,outcome,2,false,0.78,true,65,0.4,0.401,0,,,0,0,740,740,0,0,0.841,0.754,0.765,0.746,0.52,Santa Monica Proper Hotel,true,true,true,true,true,true,0.88,1.22,1.18,1.12,1.04,1.04,1.08,0.92,observed_public_property_context,0.69,0.28,sample_seed_review_taxonomy_prior,0.48,0.608,0.49,false,0.32,sample_seed_local_demand_context,620,645,632,0.961,0.0,false,50,0.86,6,0.92,sample_seed_public_rate_shape,low_reservation_match_confidence;no_review_or_survey;no_comp_record
case_00097,TKT000097,PMS000831,CRM000831,1.0,direct_pms_reservation_id,0.95,direct_crm_id,0.0,no_comp_record,new_guest,local_staycation,670,1340,1630,0.179,0,2026-10-15,2026-10-16,travel_advisor,false,0,0,f_and_b_service_lapse,restaurant issue,process,3,false,0.7,true,5,0.6,0.479,0,,,0,0,450,450,0,0,0.729,0.787,0.79,0.791,0.427,Santa Monica Proper Hotel,true,true,true,true,true,true,0.88,1.22,1.18,1.12,1.04,1.04,1.08,0.92,observed_public_property_context,0.6,0.28,sample_seed_review_taxonomy_prior,0.48,0.039,0.433,false,0.32,sample_seed_local_demand_context,785,710,718,1.106,0.652,false,175,1.16,6,0.92,sample_seed_public_rate_shape,no_review_or_survey;no_comp_record
case_00098,TKT000098,PMS001097,CRM001097,1.0,direct_pms_reservation_id,0.95,direct_crm_id,1.0,direct_ticket_id,new_guest,business_traveler,700,700,1190,0.161,0,2026-08-12,2026-08-12,direct,false,0,1,rooftop_pool_access_issue,pool wait,process,3,false,0.64,true,5,0.6,0.479,0,parking_fee_waiver,Valet comp,0,0,0,0,0,0,0.817,0.728,0.558,0.653,0.798,Santa Monica Proper Hotel,true,true,true,true,true,true,0.88,1.22,1.18,1.12,1.04,1.04,1.08,0.92,observed_public_property_context,0.6,0.28,sample_seed_review_taxonomy_prior,0.22,0.402,0.291,false,0.32,sample_seed_local_demand_context,780,705,718,1.106,0.632,false,171,1.152,6,0.92,sample_seed_public_rate_shape,no_review_or_survey
case_00099,TKT000099,PMS000631,CRM000631,1.0,direct_pms_reservation_id,0.95,direct_crm_id,0.0,no_comp_record,event_or_suite_guest,wellness_getaway,1020,4080,25030,0.829,0,2026-03-19,2026-03-20,corporate,false,0,1,room_readiness_delay,arrival delay,outcome,3,false,0.88,true,5,0.6,0.518,0,,,0,0,0,0,0,0,0.387,0.442,0.407,0.594,0.155,Santa Monica Proper Hotel,true,true,true,true,true,true,0.88,1.22,1.18,1.12,1.04,1.04,1.08,0.92,observed_public_property_context,0.74,0.28,sample_seed_review_taxonomy_prior,0.48,0.113,0.433,false,0.32,sample_seed_local_demand_context,775,750,752,1.033,0.613,false,166,1.126,6,0.92,sample_seed_public_rate_shape,no_review_or_survey;no_comp_record
case_00100,TKT000100,PMS000408,CRM000408,1.0,direct_pms_reservation_id,0.95,direct_crm_id,1.0,direct_ticket_id,new_guest,coastal_weekend,520,1560,3410,0.223,0.2,2026-11-18,2026-11-20,corporate,false,0,1,billing_or_fee_dispute,folio issue,process,4,false,0.6,false,5,0.8,0.577,0,room_upgrade,Suite upgrade,285,71,670,55,560,25,0.676,0.732,0.459,0.676,0.398,Santa Monica Proper Hotel,true,true,true,true,true,true,0.88,1.22,1.18,1.12,1.04,1.04,1.08,0.92,observed_public_property_context,0.58,0.28,sample_seed_review_taxonomy_prior,0.48,0.132,0.434,false,0.32,sample_seed_local_demand_context,805,795,795,1.013,0.731,true,194,1.17,6,0.92,sample_seed_public_rate_shape,no_review_or_survey
case_00101,TKT000101,PMS000037,CRM000037,1.0,direct_pms_reservation_id,0.95,direct_crm_id,1.0,direct_ticket_id,new_guest,wellness_getaway,750,3000,4710,0.303,0.2,2026-10-31,2026-11-01,direct,false,0,1,housekeeping_miss,linen/turndown,outcome,3,false,0.9,false,5,0.6,0.513,0,manager_note,No dollar comp,0,0,775,370,405,0,0.325,0.436,0.307,0.396,0.316,Santa Monica Proper Hotel,true,true,true,true,true,true,0.88,1.22,1.18,1.12,1.04,1.04,1.08,0.92,observed_public_property_context,0.72,0.28,sample_seed_review_taxonomy_prior,0.48,0.087,0.445,false,0.32,sample_seed_local_demand_context,755,765,762,0.987,0.534,false,149,1.084,6,0.92,sample_seed_public_rate_shape,no_review_or_survey
case_00102,TKT000102,PMS001208,CRM001208,1.0,direct_pms_reservation_id,0.95,direct_crm_id,0.62,reservation_level_comp_match,new_guest,event_or_wedding,430,1290,2710,0.188,0.2,2026-01-12,2026-01-13,corporate,false,0,0,room_readiness_delay,late room,outcome,5,false,0.93,true,5,1.0,0.726,0,partial_room_refund,Room rate adjustment,435,435,335,270,0,65,0.461,0.452,0.553,0.365,0.136,Santa Monica Proper Hotel,true,true,true,true,true,true,0.88,1.22,1.18,1.12,1.04,1.04,1.08,0.92,observed_public_property_context,0.74,0.28,sample_seed_review_taxonomy_prior,0.22,0.108,0.224,false,0.32,sample_seed_local_demand_context,605,540,542,1.12,0.0,false,48,0.89,6,0.92,sample_seed_public_rate_shape,no_review_or_survey
case_00103,TKT000103,PMS001070,CRM001070,1.0,direct_pms_reservation_id,0.95,direct_crm_id,1.0,direct_ticket_id,new_guest,design_leisure,480,960,1530,0.161,0.2,2026-01-08,2026-01-08,ota,false,0,0,maintenance_issue,facilities issue,outcome,4,false,0.83,false,72,0.8,0.608,0,spa_wellness_credit,Surya-style credit,230,127,0,0,0,0,0.622,0.745,0.477,0.443,0.395,Santa Monica Proper Hotel,true,true,true,true,true,true,0.88,1.22,1.18,1.12,1.04,1.04,1.08,0.92,observed_public_property_context,0.69,0.28,sample_seed_review_taxonomy_prior,0.22,0.1,0.211,false,0.32,sample_seed_local_demand_context,715,700,708,1.021,0.375,false,116,1.023,6,0.92,sample_seed_public_rate_shape,no_review_or_survey
case_00104,TKT000104,PMS000439,CRM000439,1.0,direct_pms_reservation_id,0.95,direct_crm_id,1.0,direct_ticket_id,new_guest,business_traveler,520,1560,3140,0.205,0.2,2026-08-13,2026-08-13,direct,false,0,0,billing_or_fee_dispute,folio issue,process,3,false,0.55,true,5,0.624,0.498,5.8,parking_fee_waiver,Valet comp,100,18,575,550,0,0,0.685,0.739,0.415,0.382,0.719,Santa Monica Proper Hotel,true,true,true,true,true,true,0.88,1.22,1.18,1.12,1.04,1.04,1.08,0.92,observed_public_property_context,0.58,0.28,sample_seed_review_taxonomy_prior,0.22,0.079,0.25,false,0.32,sample_seed_local_demand_context,690,745,718,0.926,0.277,false,97,0.976,6,0.92,sample_seed_public_rate_shape,
case_00105,TKT000105,PMS000452,CRM000452,1.0,direct_pms_reservation_id,0.95,direct_crm_id,1.0,direct_ticket_id,new_guest,coastal_weekend,710,1420,2650,0.241,0.2,2026-02-05,2026-02-05,direct,false,0,3,f_and_b_service_lapse,order problem,process,2,true,0.7,true,5,0.587,0.432,6.7,rooftop_f_and_b_credit,Restaurant credit,185,74,560,345,0,215,0.464,0.45,0.348,0.474,0.271,Santa Monica Proper Hotel,true,true,true,true,true,true,0.88,1.22,1.18,1.12,1.04,1.04,1.08,0.92,observed_public_property_context,0.6,0.28,sample_seed_review_taxonomy_prior,0.22,0.163,0.23,false,0.32,sample_seed_local_demand_context,650,590,610,1.102,0.119,false,69,0.935,6,0.92,sample_seed_public_rate_shape,severity_inferred
case_00106,TKT000106,PMS000006,CRM000006,1.0,direct_pms_reservation_id,0.95,direct_crm_id,1.0,direct_ticket_id,loyalty_guest,business_traveler,840,840,3550,0.375,0,2026-07-25,2026-07-25,group_or_event,false,0,1,room_readiness_delay,late room,outcome,2,false,0.88,true,5,0.4,0.415,0,amenity_gesture,Welcome amenity,0,0,275,275,0,0,0.976,0.941,0.879,0.517,0.869,Santa Monica Proper Hotel,true,true,true,true,true,true,0.88,1.22,1.18,1.12,1.04,1.04,1.08,0.92,observed_public_property_context,0.74,0.28,sample_seed_review_taxonomy_prior,0.7,0.149,0.629,false,0.32,sample_seed_local_demand_context,1010,965,988,1.047,1.0,true,303,1.292,6,0.92,sample_seed_public_rate_shape,no_review_or_survey
case_00107,TKT000107,PMS001451,CRM001451,1.0,direct_pms_reservation_id,0.95,direct_crm_id,1.0,direct_ticket_id,returning_guest,business_traveler,600,4200,16070,0.548,0.2,2026-11-24,2026-11-25,corporate,false,0,0,noise_disruption,sleep disruption,process,3,false,0.48,true,5,0.673,0.558,5.2,late_checkout,Late checkout,0,0,400,230,0,125,0.7,0.642,0.567,0.382,0.418,Santa Monica Proper Hotel,true,true,true,true,true,true,0.88,1.22,1.18,1.12,1.04,1.04,1.08,0.92,observed_public_property_context,0.62,0.28,sample_seed_review_taxonomy_prior,0.22,0.052,0.267,false,0.32,sample_seed_local_demand_context,630,640,635,0.984,0.04,false,56,0.877,6,0.92,sample_seed_public_rate_shape,
case_00108,TKT000108,PMS000067,CRM000067,1.0,direct_pms_reservation_id,0.95,direct_crm_id,0.0,no_comp_record,new_guest,local_staycation,730,2920,6410,0.316,0,2026-06-03,2026-06-04,ota,true,1,1,room_assignment_expectation_gap,wrong room,outcome,3,true,0.74,true,98,0.6,0.501,0,,,0,0,155,0,0,0,0.681,0.758,0.553,0.62,0.553,Santa Monica Proper Hotel,true,true,true,true,true,true,0.88,1.22,1.18,1.12,1.04,1.04,1.08,0.92,observed_public_property_context,0.68,0.28,sample_seed_review_taxonomy_prior,0.22,0.08,0.221,false,0.32,sample_seed_local_demand_context,835,810,822,1.031,0.85,true,223,1.225,6,0.92,sample_seed_public_rate_shape,severity_inferred;no_review_or_survey;no_comp_record
case_00109,TKT000109,PMS001148,CRM001148,1.0,direct_pms_reservation_id,0.95,direct_crm_id,0.0,no_comp_record,returning_guest,family_beach_trip,740,3700,10170,0.482,0,2026-11-29,2026-12-02,corporate,false,0,1,f_and_b_service_lapse,order problem,process,1,false,0.7,true,5,0.051,0.248,9.0,,,0,0,85,0,0,85,0.481,0.37,0.277,0.302,0.195,Santa Monica Proper Hotel,true,true,true,true,true,true,0.88,1.22,1.18,1.12,1.04,1.04,1.08,0.92,observed_public_property_context,0.6,0.28,sample_seed_review_taxonomy_prior,0.22,0.126,0.229,false,0.32,sample_seed_local_demand_context,665,635,650,1.047,0.178,false,79,0.946,6,0.92,sample_seed_public_rate_shape,no_comp_record
case_00110,TKT000110,PMS000409,CRM000409,1.0,direct_pms_reservation_id,0.95,direct_crm_id,0.62,reservation_level_comp_match,vip_guest,coastal_weekend,940,2820,17260,0.696,0.2,2026-08-03,2026-08-05,group_or_event,false,0,1,room_assignment_expectation_gap,upgrade expectation,outcome,3,false,0.74,true,5,0.6,0.501,0,amenity_gesture,Welcome amenity,55,25,845,150,695,0,0.578,0.495,0.486,0.494,0.674,Santa Monica Proper Hotel,true,true,true,true,true,true,0.88,1.22,1.18,1.12,1.04,1.04,1.08,0.92,observed_public_property_context,0.68,0.28,sample_seed_review_taxonomy_prior,0.22,0.416,0.312,false,0.32,sample_seed_local_demand_context,745,720,725,1.035,0.494,false,141,1.076,6,0.92,sample_seed_public_rate_shape,no_review_or_survey
case_00111,TKT000111,PMS001532,CRM001532,0.78,guest_key_date_window,0.95,direct_crm_id,1.0,direct_ticket_id,new_guest,business_traveler,690,3450,5070,0.343,0.2,2026-09-14,2026-09-16,direct,true,0,2,room_readiness_delay,checkin wait,outcome,2,false,0.88,true,5,0.201,0.455,6.9,late_checkout,4pm checkout,100,20,175,175,0,0,0.71,0.641,0.821,0.584,0.584,Santa Monica Proper Hotel,true,true,true,true,true,true,0.88,1.22,1.18,1.12,1.04,1.04,1.08,0.92,observed_public_property_context,0.74,0.28,sample_seed_review_taxonomy_prior,0.22,0.036,0.204,false,0.32,sample_seed_local_demand_context,825,815,820,1.012,0.81,true,213,1.203,6,0.92,sample_seed_public_rate_shape,
case_00112,TKT000112,PMS000720,CRM000720,1.0,direct_pms_reservation_id,0.95,direct_crm_id,1.0,direct_ticket_id,returning_guest,wellness_getaway,540,2160,8840,0.381,0.2,2026-12-19,2026-12-19,corporate,false,0,0,room_assignment_expectation_gap,room type mismatch,outcome,3,false,0.74,true,5,0.589,0.526,5.8,late_checkout,4pm checkout,65,13,525,280,0,175,0.627,0.64,0.412,0.517,0.485,Santa Monica Proper Hotel,true,true,true,true,true,true,0.88,1.22,1.18,1.12,1.04,1.04,1.08,0.92,observed_public_property_context,0.68,0.28,sample_seed_review_taxonomy_prior,0.48,0.148,0.412,false,0.32,sample_seed_local_demand_context,755,710,732,1.063,0.534,false,149,1.1,6,0.92,sample_seed_public_rate_shape,
case_00113,TKT000113,PMS000858,CRM000858,1.0,direct_pms_reservation_id,0.95,direct_crm_id,0.0,no_comp_record,new_guest,local_staycation,600,4200,8590,0.397,0,2026-10-24,2026-10-24,direct,false,0,1,billing_or_fee_dispute,billing,process,4,false,0.6,false,5,0.8,0.577,0,,,0,0,0,0,0,0,0.611,0.781,0.428,0.479,0.468,Santa Monica Proper Hotel,true,true,true,true,true,true,0.88,1.22,1.18,1.12,1.04,1.04,1.08,0.92,observed_public_property_context,0.58,0.28,sample_seed_review_taxonomy_prior,0.48,0.044,0.401,false,0.32,sample_seed_local_demand_context,685,725,715,0.945,0.257,false,94,0.968,6,0.92,sample_seed_public_rate_shape,no_review_or_survey;no_comp_record
case_00114,TKT000114,PMS000670,CRM000670,1.0,direct_pms_reservation_id,0.95,direct_crm_id,1.0,direct_ticket_id,new_guest,coastal_weekend,770,1540,1730,0.206,0,2026-07-23,2026-07-23,corporate,true,1,1,room_assignment_expectation_gap,wrong room,outcome,4,false,0.79,true,5,0.8,0.605,0,lobby_lounge_credit,Lobby F&B,140,53,0,0,0,0,0.869,0.863,0.717,0.61,0.829,Santa Monica Proper Hotel,true,true,true,true,true,true,0.88,1.22,1.18,1.12,1.04,1.04,1.08,0.92,observed_public_property_context,0.68,0.28,sample_seed_review_taxonomy_prior,0.22,0.097,0.247,false,0.32,sample_seed_local_demand_context,760,710,735,1.07,0.553,false,153,1.11,6,0.92,sample_seed_public_rate_shape,no_review_or_survey
case_00115,TKT000115,PMS000002,CRM000002,1.0,direct_pms_reservation_id,0.95,direct_crm_id,1.0,direct_ticket_id,loyalty_guest,business_traveler,710,1420,2556,0.392,0.2,2026-01-27,2026-01-27,direct,true,1,1,room_assignment_expectation_gap,room type mismatch,outcome,3,false,0.74,true,5,0.6,0.501,0,amenity_gesture,Bottle/amenity,65,29,205,205,0,0,0.507,0.508,0.256,0.263,0.439,Santa Monica Proper Hotel,true,true,true,true,true,true,0.88,1.22,1.18,1.12,1.04,1.04,1.08,0.92,observed_public_property_context,0.68,0.28,sample_seed_review_taxonomy_prior,0.22,0.064,0.271,false,0.32,sample_seed_local_demand_context,710,665,675,1.068,0.356,false,112,1.026,6,0.92,sample_seed_public_rate_shape,ltv_imputed;no_review_or_survey
case_00116,TKT000116,PMS001322,CRM001322,1.0,direct_pms_reservation_id,0.95,direct_crm_id,0.62,reservation_level_comp_match,loyalty_guest,wellness_getaway,690,3450,21150,0.688,0,2026-07-23,2026-07-26,direct,true,0,2,noise_disruption,noise,process,2,true,0.48,false,5,0.4,0.381,0,partial_room_refund,Room rate adjustment,0,0,825,715,0,110,0.928,0.942,0.875,0.908,0.828,Santa Monica Proper Hotel,true,true,true,true,true,true,0.88,1.22,1.18,1.12,1.04,1.04,1.08,0.92,observed_public_property_context,0.62,0.28,sample_seed_review_taxonomy_prior,0.7,0.153,0.602,false,0.32,sample_seed_local_demand_context,935,870,892,1.075,1.0,true,280,1.299,6,0.92,sample_seed_public_rate_shape,severity_inferred;no_review_or_survey
case_00117,TKT000117,PMS000493,CRM000493,1.0,direct_pms_reservation_id,0.95,direct_crm_id,0.0,no_comp_record,returning_guest,wellness_getaway,930,2790,8180,0.436,0,2026-07-13,2026-07-15,direct,false,0,2,f_and_b_service_lapse,fb service,process,3,false,0.7,true,5,0.6,0.479,0,,,0,0,135,105,0,0,0.701,0.562,0.504,0.376,0.567,Santa Monica Proper Hotel,true,true,true,true,true,true,0.88,1.22,1.18,1.12,1.04,1.04,1.08,0.92,observed_public_property_context,0.6,0.28,sample_seed_review_taxonomy_prior,0.22,0.173,0.241,false,0.32,sample_seed_local_demand_context,795,800,798,0.994,0.692,false,185,1.151,6,0.92,sample_seed_public_rate_shape,no_review_or_survey;no_comp_record
case_00118,TKT000118,PMS001325,CRM001325,0.78,guest_key_date_window,0.95,direct_crm_id,0.0,no_comp_record,new_guest,coastal_weekend,670,4020,7380,0.361,0,2026-02-20,2026-02-20,direct,false,0,0,room_assignment_expectation_gap,view issue,outcome,4,false,0.79,true,5,0.86,0.526,5.8,,,0,0,445,445,0,0,0.666,0.678,0.617,0.699,0.346,Santa Monica Proper Hotel,true,true,true,true,true,true,0.88,1.22,1.18,1.12,1.04,1.04,1.08,0.92,observed_public_property_context,0.68,0.28,sample_seed_review_taxonomy_prior,0.48,0.074,0.37,false,0.32,sample_seed_local_demand_context,660,705,692,0.936,0.158,false,76,0.926,6,0.92,sample_seed_public_rate_shape,no_comp_record
case_00119,TKT000119,PMS000974,CRM000974,1.0,direct_pms_reservation_id,0.95,direct_crm_id,0.0,no_comp_record,vip_guest,design_leisure,910,3640,20510,0.766,0,2026-03-21,2026-03-22,corporate,false,0,1,maintenance_issue,facilities issue,outcome,4,false,0.83,false,42,0.728,0.529,5.8,,,0,0,940,940,0,0,0.639,0.844,0.402,0.619,0.334,Santa Monica Proper Hotel,true,true,true,true,true,true,0.88,1.22,1.18,1.12,1.04,1.04,1.08,0.92,observed_public_property_context,0.69,0.28,sample_seed_review_taxonomy_prior,0.48,0.132,0.443,false,0.32,sample_seed_local_demand_context,750,745,748,1.007,0.514,false,145,1.078,6,0.92,sample_seed_public_rate_shape,no_comp_record
case_00120,TKT000120,PMS000162,CRM000162,1.0,direct_pms_reservation_id,0.95,direct_crm_id,0.0,no_comp_record,returning_guest,family_beach_trip,890,6230,23220,0.685,0,2026-06-08,2026-06-09,ota,false,0,2,billing_or_fee_dispute,folio issue,process,2,true,0.55,false,5,0.4,0.37,0,,,0,0,290,290,0,0,0.464,0.349,0.608,0.358,0.59,Santa Monica Proper Hotel,true,true,true,true,true,true,0.88,1.22,1.18,1.12,1.04,1.04,1.08,0.92,observed_public_property_context,0.58,0.28,sample_seed_review_taxonomy_prior,0.22,0.159,0.228,false,0.32,sample_seed_local_demand_context,775,775,775,1.0,0.613,false,166,1.117,6,0.92,sample_seed_public_rate_shape,severity_inferred;no_review_or_survey;no_comp_record
case_00121,TKT000121,PMS000986,CRM000986,1.0,direct_pms_reservation_id,0.95,direct_crm_id,0.62,reservation_level_comp_match,new_guest,business_traveler,680,2040,3672,0.232,0.2,2026-08-14,2026-08-16,ota,false,0,0,room_assignment_expectation_gap,wrong room,outcome,3,false,0.74,true,5,0.706,0.39,7.5,late_checkout,Late checkout,80,16,75,75,0,0,0.911,0.843,0.744,0.674,0.592,Santa Monica Proper Hotel,true,true,true,true,true,true,0.88,1.22,1.18,1.12,1.04,1.04,1.08,0.92,observed_public_property_context,0.68,0.28,sample_seed_review_taxonomy_prior,0.7,0.039,0.568,false,0.32,sample_seed_local_demand_context,965,925,945,1.043,1.0,true,290,1.291,6,0.92,sample_seed_public_rate_shape,ltv_imputed
case_00122,TKT000122,PMS000523,CRM000523,1.0,direct_pms_reservation_id,0.95,direct_crm_id,1.0,direct_ticket_id,returning_guest,coastal_weekend,750,750,2070,0.265,0,2026-07-20,2026-07-20,ota,false,1,1,maintenance_issue,engineering,outcome,5,false,0.83,true,5,1.0,0.712,0,rooftop_f_and_b_credit,Food Credit,130,52,660,660,0,0,0.783,0.864,0.687,0.517,0.712,Santa Monica Proper Hotel,true,true,true,true,true,true,0.88,1.22,1.18,1.12,1.04,1.04,1.08,0.92,observed_public_property_context,0.69,0.28,sample_seed_review_taxonomy_prior,0.22,0.071,0.229,false,0.32,sample_seed_local_demand_context,695,690,692,1.007,0.296,false,101,0.986,6,0.92,sample_seed_public_rate_shape,no_review_or_survey
case_00123,TKT000123,PMS001465,CRM001465,1.0,direct_pms_reservation_id,0.95,direct_crm_id,1.0,direct_ticket_id,new_guest,local_staycation,710,4260,7668,0.39,0,2026-04-09,2026-04-10,ota,false,0,1,room_readiness_delay,checkin wait,outcome,5,false,0.93,true,5,0.858,0.655,4.4,future_stay_credit,Comeback offer,350,210,100,100,0,0,0.478,0.563,0.574,0.538,0.279,Santa Monica Proper Hotel,true,true,true,true,true,true,0.88,1.22,1.18,1.12,1.04,1.04,1.08,0.92,observed_public_property_context,0.74,0.28,sample_seed_review_taxonomy_prior,0.48,0.054,0.443,false,0.32,sample_seed_local_demand_context,770,700,720,1.1,0.593,false,162,1.134,6,0.92,sample_seed_public_rate_shape,ltv_imputed
case_00124,TKT000124,PMS001448,CRM001448,1.0,direct_pms_reservation_id,0.95,direct_crm_id,0.0,no_comp_record,loyalty_guest,wellness_getaway,680,680,3710,0.354,0,2026-01-10,2026-01-10,group_or_event,false,0,0,maintenance_issue,maintenance,outcome,3,true,0.78,false,5,0.691,0.457,6.7,,,0,0,390,310,0,80,0.696,0.741,0.323,0.472,0.387,Santa Monica Proper Hotel,true,true,true,true,true,true,0.88,1.22,1.18,1.12,1.04,1.04,1.08,0.92,observed_public_property_context,0.69,0.28,sample_seed_review_taxonomy_prior,0.48,0.531,0.491,false,0.32,sample_seed_local_demand_context,675,625,650,1.08,0.217,false,86,0.971,6,0.92,sample_seed_public_rate_shape,severity_inferred;no_comp_record
case_00125,TKT000125,PMS001292,CRM001292,1.0,direct_pms_reservation_id,0.95,direct_crm_id,1.0,direct_ticket_id,new_guest,event_or_wedding,590,2360,3600,0.246,0.2,2026-07-09,2026-07-10,direct,true,1,0,f_and_b_service_lapse,dining delay,process,4,false,0.75,true,5,0.663,0.456,6.4,room_upgrade,Upgrade,275,69,0,0,0,0,0.99,0.96,0.896,0.811,0.894,Santa Monica Proper Hotel,true,true,true,true,true,true,0.88,1.22,1.18,1.12,1.04,1.04,1.08,0.92,observed_public_property_context,0.6,0.28,sample_seed_review_taxonomy_prior,0.7,0.327,0.629,false,0.32,sample_seed_local_demand_context,895,890,892,1.006,1.0,true,268,1.282,6,0.92,sample_seed_public_rate_shape,
case_00126,TKT000126,PMS000418,CRM000418,0.78,guest_key_date_window,0.95,direct_crm_id,1.0,direct_ticket_id,new_guest,business_traveler,720,5040,6920,0.403,0.2,2026-05-04,2026-05-07,direct,true,1,0,noise_disruption,sleep disruption,process,3,false,0.48,true,5,0.6,0.485,0,rooftop_f_and_b_credit,F&B,175,70,40,40,0,0,0.597,0.602,0.619,0.1,0.341,Santa Monica Proper Hotel,true,true,true,true,true,true,0.88,1.22,1.18,1.12,1.04,1.04,1.08,0.92,observed_public_property_context,0.62,0.28,sample_seed_review_taxonomy_prior,0.22,0.06,0.231,false,0.32,sample_seed_local_demand_context,810,660,712,1.227,0.751,true,199,1.232,6,0.92,sample_seed_public_rate_shape,no_review_or_survey
case_00127,TKT000127,PMS001145,CRM001145,1.0,direct_pms_reservation_id,0.95,direct_crm_id,0.0,no_comp_record,new_guest,family_beach_trip,670,1340,2180,0.201,0,2026-10-13,2026-10-13,corporate,false,0,1,room_assignment_expectation_gap,room type mismatch,outcome,3,false,0.74,true,5,0.6,0.501,0,,,0,0,100,100,0,0,0.483,0.553,0.514,0.303,0.275,Santa Monica Proper Hotel,true,true,true,true,true,true,0.88,1.22,1.18,1.12,1.04,1.04,1.08,0.92,observed_public_property_context,0.68,0.28,sample_seed_review_taxonomy_prior,0.22,0.163,0.245,false,0.32,sample_seed_local_demand_context,635,570,590,1.114,0.059,false,59,0.913,6,0.92,sample_seed_public_rate_shape,no_review_or_survey;no_comp_record
case_00128,TKT000128,PMS000457,CRM000457,1.0,direct_pms_reservation_id,0.95,direct_crm_id,0.62,reservation_level_comp_match,new_guest,coastal_weekend,600,1800,2730,0.212,0.2,2026-11-13,2026-11-13,ota,false,1,0,housekeeping_miss,housekeeping,outcome,3,false,0.9,true,5,0.6,0.513,0,late_checkout,Extended departure,75,15,175,75,0,100,0.53,0.577,0.428,0.532,0.123,Santa Monica Proper Hotel,true,true,true,true,true,true,0.88,1.22,1.18,1.12,1.04,1.04,1.08,0.92,observed_public_property_context,0.72,0.28,sample_seed_review_taxonomy_prior,0.48,0.077,0.366,false,0.32,sample_seed_local_demand_context,750,730,740,1.027,0.514,false,145,1.083,6,0.92,sample_seed_public_rate_shape,no_review_or_survey
case_00129,TKT000129,PMS000872,CRM000872,1.0,direct_pms_reservation_id,0.95,direct_crm_id,0.62,reservation_level_comp_match,new_guest,design_leisure,600,1200,2160,0.178,0,2026-11-14,2026-11-15,ota,true,0,0,spa_wellness_service_issue,spa issue,process,3,false,0.74,false,5,0.474,0.443,6.7,lobby_lounge_credit,Lounge credit,115,44,810,285,470,55,0.609,0.655,0.277,0.509,0.309,Santa Monica Proper Hotel,true,true,true,true,true,true,0.88,1.22,1.18,1.12,1.04,1.04,1.08,0.92,observed_public_property_context,0.64,0.28,sample_seed_review_taxonomy_prior,0.48,0.113,0.41,false,0.32,sample_seed_local_demand_context,820,760,790,1.079,0.791,true,208,1.212,6,0.92,sample_seed_public_rate_shape,ltv_imputed
case_00130,TKT000130,PMS000078,CRM000078,1.0,direct_pms_reservation_id,0.95,direct_crm_id,1.0,direct_ticket_id,vip_guest,wellness_getaway,820,3280,22850,0.749,0.2,2026-11-24,2026-11-26,corporate,false,0,0,f_and_b_service_lapse,dining delay,process,3,false,0.7,true,5,0.704,0.528,5.5,rooftop_f_and_b_credit,Rooftop credit,190,76,180,180,0,0,0.728,0.776,0.714,0.513,0.223,Santa Monica Proper Hotel,true,true,true,true,true,true,0.88,1.22,1.18,1.12,1.04,1.04,1.08,0.92,observed_public_property_context,0.6,0.28,sample_seed_review_taxonomy_prior,0.22,0.081,0.206,false,0.32,sample_seed_local_demand_context,600,625,622,0.96,0.0,false,48,0.86,6,0.92,sample_seed_public_rate_shape,
case_00131,TKT000131,PMS000247,CRM000247,1.0,direct_pms_reservation_id,0.95,direct_crm_id,0.0,no_comp_record,new_guest,wellness_getaway,550,2200,3900,0.258,0,2026-05-29,2026-05-30,direct,true,1,1,room_readiness_delay,arrival delay,outcome,3,false,0.88,true,5,0.6,0.518,0,,,0,0,0,0,0,0,0.695,0.758,0.566,0.691,0.564,Santa Monica Proper Hotel,true,true,true,true,true,true,0.88,1.22,1.18,1.12,1.04,1.04,1.08,0.92,observed_public_property_context,0.74,0.28,sample_seed_review_taxonomy_prior,0.48,0.061,0.429,false,0.32,sample_seed_local_demand_context,895,875,885,1.023,1.0,true,268,1.286,6,0.92,sample_seed_public_rate_shape,no_review_or_survey;no_comp_record
case_00132,TKT000132,PMS000385,CRM000385,0.78,guest_key_date_window,0.95,direct_crm_id,0.0,no_comp_record,returning_guest,coastal_weekend,590,4130,8590,0.486,0,2026-10-06,2026-10-09,ota,false,0,1,valet_or_parking_delay,valet wait,process,2,true,0.62,true,5,0.821,0.374,7.0,,,0,0,185,125,0,60,0.68,0.75,0.493,0.586,0.306,Santa Monica Proper Hotel,true,true,true,true,true,true,0.88,1.22,1.18,1.12,1.04,1.04,1.08,0.92,observed_public_property_context,0.56,0.18,sample_seed_review_taxonomy_prior,0.48,0.086,0.389,false,0.32,sample_seed_local_demand_context,725,695,710,1.043,0.415,false,124,1.045,6,0.92,sample_seed_public_rate_shape,severity_inferred;no_comp_record
case_00133,TKT000133,PMS001454,CRM001454,1.0,direct_pms_reservation_id,0.95,direct_crm_id,0.0,no_comp_record,new_guest,design_leisure,650,2600,4800,0.285,0,2026-05-06,2026-05-08,travel_advisor,true,1,1,room_assignment_expectation_gap,room type mismatch,outcome,4,false,0.79,true,5,0.8,0.605,0,,,0,0,400,400,0,0,0.948,0.984,0.813,0.911,0.815,Santa Monica Proper Hotel,true,true,true,true,true,true,0.88,1.22,1.18,1.12,1.04,1.04,1.08,0.92,observed_public_property_context,0.68,0.28,sample_seed_review_taxonomy_prior,0.48,0.124,0.461,false,0.32,sample_seed_local_demand_context,880,860,865,1.023,1.0,true,264,1.286,6,0.92,sample_seed_public_rate_shape,no_review_or_survey;no_comp_record
case_00134,TKT000134,PMS000242,CRM000242,1.0,direct_pms_reservation_id,0.95,direct_crm_id,1.0,direct_ticket_id,loyalty_guest,event_or_wedding,760,1520,7460,0.446,0.2,2026-08-02,2026-08-02,direct,false,0,1,rooftop_pool_access_issue,pool access,process,3,false,0.64,false,5,0.6,0.479,0,amenity_gesture,Bottle/amenity,65,29,350,325,0,25,0.658,0.678,0.355,0.608,0.71,Santa Monica Proper Hotel,true,true,true,true,true,true,0.88,1.22,1.18,1.12,1.04,1.04,1.08,0.92,observed_public_property_context,0.6,0.28,sample_seed_review_taxonomy_prior,0.7,0.278,0.64,false,0.32,sample_seed_local_demand_context,925,875,898,1.057,1.0,true,278,1.294,6,0.92,sample_seed_public_rate_shape,no_review_or_survey
case_00135,TKT000135,PMS001332,CRM001332,1.0,direct_pms_reservation_id,0.95,direct_crm_id,0.0,no_comp_record,new_guest,event_or_wedding,890,2670,3780,0.278,0,2026-04-22,2026-04-24,ota,false,0,1,valet_or_parking_delay,car delay,process,4,false,0.67,true,5,0.753,0.565,4.9,,,0,0,610,610,0,0,0.32,0.275,0.587,0.255,0.429,Santa Monica Proper Hotel,true,true,true,true,true,true,0.88,1.22,1.18,1.12,1.04,1.04,1.08,0.92,observed_public_property_context,0.56,0.18,sample_seed_review_taxonomy_prior,0.48,0.086,0.425,false,0.32,sample_seed_local_demand_context,805,770,788,1.045,0.731,true,194,1.178,6,0.92,sample_seed_public_rate_shape,no_comp_record
case_00136,TKT000136,PMS000341,CRM000341,1.0,direct_pms_reservation_id,0.95,direct_crm_id,0.0,no_comp_record,loyalty_guest,design_leisure,670,1340,2412,0.371,0,2026-12-02,2026-12-02,direct,false,0,0,rooftop_pool_access_issue,cabana issue,process,1,false,0.64,true,5,0.129,0.264,8.8,,,0,0,175,105,0,70,0.481,0.37,0.277,0.302,0.195,Santa Monica Proper Hotel,true,true,true,true,true,true,0.88,1.22,1.18,1.12,1.04,1.04,1.08,0.92,observed_public_property_context,0.6,0.28,sample_seed_review_taxonomy_prior,0.22,0.126,0.229,false,0.32,sample_seed_local_demand_context,665,635,650,1.047,0.178,false,79,0.946,6,0.92,sample_seed_public_rate_shape,ltv_imputed;no_comp_record
case_00137,TKT000137,PMS000175,CRM000175,0.58,room_date_window,0.95,direct_crm_id,1.0,direct_ticket_id,vip_guest,coastal_weekend,650,650,1170,0.419,0.12,2026-11-16,2026-11-16,direct,false,0,0,room_assignment_expectation_gap,wrong room,outcome,3,true,0.74,true,5,0.6,0.501,0,rooftop_f_and_b_credit,F&B,160,64,995,170,825,0,0.573,0.766,0.604,0.444,0.373,Santa Monica Proper Hotel,true,true,true,true,true,true,0.88,1.22,1.18,1.12,1.04,1.04,1.08,0.92,observed_public_property_context,0.68,0.28,sample_seed_review_taxonomy_prior,0.22,0.155,0.273,false,0.32,sample_seed_local_demand_context,625,630,628,0.992,0.02,false,53,0.868,6,0.92,sample_seed_public_rate_shape,low_reservation_match_confidence;severity_inferred;ltv_imputed;no_review_or_survey
case_00138,TKT000138,PMS000867,CRM000867,0.78,guest_key_date_window,0.95,direct_crm_id,0.0,no_comp_record,loyalty_guest,design_leisure,670,2010,8720,0.497,0.2,2026-10-06,2026-10-06,ota,false,0,2,spa_wellness_service_issue,spa issue,process,4,false,0.79,true,5,0.8,0.594,0,,,0,0,130,130,0,0,0.684,0.586,0.573,0.432,0.412,Santa Monica Proper Hotel,true,true,true,true,true,true,0.88,1.22,1.18,1.12,1.04,1.04,1.08,0.92,observed_public_property_context,0.64,0.28,sample_seed_review_taxonomy_prior,0.22,0.055,0.184,false,0.32,sample_seed_local_demand_context,705,670,672,1.052,0.336,false,109,1.014,6,0.92,sample_seed_public_rate_shape,no_review_or_survey;no_comp_record
case_00139,TKT000139,PMS000011,CRM000011,1.0,direct_pms_reservation_id,0.95,direct_crm_id,0.62,reservation_level_comp_match,returning_guest,event_or_wedding,750,750,2400,0.252,0.2,2026-08-21,2026-08-21,corporate,false,0,0,room_readiness_delay,late room,outcome,3,false,0.88,true,5,0.538,0.423,7.3,lobby_lounge_credit,Bar credit,110,42,990,635,355,0,0.797,0.972,0.405,0.58,0.709,Santa Monica Proper Hotel,true,true,true,true,true,true,0.88,1.22,1.18,1.12,1.04,1.04,1.08,0.92,observed_public_property_context,0.74,0.28,sample_seed_review_taxonomy_prior,0.7,0.283,0.641,false,0.32,sample_seed_local_demand_context,800,720,760,1.111,0.711,false,189,1.187,6,0.92,sample_seed_public_rate_shape,
case_00140,TKT000140,PMS001168,CRM001168,1.0,direct_pms_reservation_id,0.95,direct_crm_id,0.0,no_comp_record,vip_guest,coastal_weekend,890,890,6510,0.499,0,2026-05-08,2026-05-08,direct,false,0,1,f_and_b_service_lapse,dining delay,process,3,false,0.7,true,5,0.6,0.479,0,,,0,0,935,505,430,0,0.948,0.984,0.813,0.911,0.815,Santa Monica Proper Hotel,true,true,true,true,true,true,0.88,1.22,1.18,1.12,1.04,1.04,1.08,0.92,observed_public_property_context,0.6,0.28,sample_seed_review_taxonomy_prior,0.48,0.124,0.461,false,0.32,sample_seed_local_demand_context,880,860,865,1.023,1.0,true,264,1.286,6,0.92,sample_seed_public_rate_shape,no_review_or_survey;no_comp_record
case_00141,TKT000141,PMS000236,CRM000236,1.0,direct_pms_reservation_id,0.95,direct_crm_id,1.0,direct_ticket_id,loyalty_guest,coastal_weekend,640,1280,5190,0.396,0.2,2026-01-06,2026-01-06,direct,false,0,0,rooftop_pool_access_issue,pool wait,process,3,false,0.64,true,5,0.6,0.479,0,late_checkout,Late CO,105,21,0,0,0,0,0.737,0.729,0.817,0.662,0.229,Santa Monica Proper Hotel,true,true,true,true,true,true,0.88,1.22,1.18,1.12,1.04,1.04,1.08,0.92,observed_public_property_context,0.6,0.28,sample_seed_review_taxonomy_prior,0.22,0.644,0.389,false,0.32,sample_seed_local_demand_context,695,765,730,0.908,0.296,false,101,0.985,6,0.92,sample_seed_public_rate_shape,no_review_or_survey
case_00142,TKT000142,PMS000214,CRM000214,1.0,direct_pms_reservation_id,0.95,direct_crm_id,1.0,direct_ticket_id,new_guest,business_traveler,700,1400,2980,0.196,0.2,2026-05-24,2026-05-24,travel_advisor,false,0,0,noise_disruption,street noise,process,4,false,0.53,true,5,0.598,0.566,5.1,lobby_lounge_credit,Bar credit,75,28,370,370,0,0,0.987,0.895,0.735,0.549,0.81,Santa Monica Proper Hotel,true,true,true,true,true,true,0.88,1.22,1.18,1.12,1.04,1.04,1.08,0.92,observed_public_property_context,0.62,0.28,sample_seed_review_taxonomy_prior,0.48,0.072,0.374,false,0.32,sample_seed_local_demand_context,885,870,878,1.017,1.0,true,266,1.284,6,0.92,sample_seed_public_rate_shape,
case_00143,TKT000143,PMS000378,CRM000378,1.0,direct_pms_reservation_id,0.95,direct_crm_id,0.0,no_comp_record,loyalty_guest,local_staycation,620,1240,5360,0.428,0,2026-02-09,2026-02-10,direct,false,0,2,valet_or_parking_delay,car delay,process,2,false,0.62,true,5,0.4,0.337,0,,,0,0,0,0,0,0,0.568,0.43,0.443,0.473,0.306,Santa Monica Proper Hotel,true,true,true,true,true,true,0.88,1.22,1.18,1.12,1.04,1.04,1.08,0.92,observed_public_property_context,0.56,0.18,sample_seed_review_taxonomy_prior,0.22,0.033,0.178,false,0.32,sample_seed_local_demand_context,640,665,652,0.962,0.079,false,62,0.893,6,0.92,sample_seed_public_rate_shape,no_review_or_survey;no_comp_record
case_00144,TKT000144,PMS000144,CRM000144,1.0,direct_pms_reservation_id,0.95,direct_crm_id,0.0,no_comp_record,new_guest,local_staycation,620,620,1180,0.142,0,2026-07-14,2026-07-14,ota,false,0,0,housekeeping_miss,linen/turndown,outcome,4,false,0.95,true,5,0.711,0.562,5.5,,,0,0,300,300,0,0,0.79,0.718,0.551,0.572,0.896,Santa Monica Proper Hotel,true,true,true,true,true,true,0.88,1.22,1.18,1.12,1.04,1.04,1.08,0.92,observed_public_property_context,0.72,0.28,sample_seed_review_taxonomy_prior,0.22,0.442,0.36,false,0.32,sample_seed_local_demand_context,775,770,772,1.006,0.613,false,166,1.119,6,0.92,sample_seed_public_rate_shape,no_comp_record
case_00145,TKT000145,PMS001028,CRM001028,1.0,direct_pms_reservation_id,0.95,direct_crm_id,1.0,direct_ticket_id,new_guest,business_traveler,790,790,930,0.147,0.2,2026-05-15,2026-05-15,ota,false,0,0,housekeeping_miss,housekeeping,outcome,4,false,0.95,true,5,0.8,0.616,0,spa_wellness_credit,Treatment recovery,395,217,245,130,0,115,0.503,0.411,0.273,0.444,0.323,Santa Monica Proper Hotel,true,true,true,true,true,true,0.88,1.22,1.18,1.12,1.04,1.04,1.08,0.92,observed_public_property_context,0.72,0.28,sample_seed_review_taxonomy_prior,0.48,0.085,0.462,false,0.32,sample_seed_local_demand_context,900,910,905,0.989,1.0,true,270,1.28,6,0.92,sample_seed_public_rate_shape,no_review_or_survey
case_00146,TKT000146,PMS000024,CRM000024,1.0,direct_pms_reservation_id,0.95,direct_crm_id,0.62,reservation_level_comp_match,new_guest,business_traveler,480,1440,3070,0.198,0.2,2026-12-23,2026-12-23,group_or_event,false,0,0,maintenance_issue,room equipment,outcome,4,false,0.83,true,5,0.878,0.497,6.2,room_upgrade,View upgrade,300,75,450,285,165,0,0.807,0.764,0.725,0.552,0.437,Santa Monica Proper Hotel,true,true,true,true,true,true,0.88,1.22,1.18,1.12,1.04,1.04,1.08,0.92,observed_public_property_context,0.69,0.28,sample_seed_review_taxonomy_prior,0.22,0.507,0.32,false,0.32,sample_seed_local_demand_context,660,635,648,1.039,0.158,false,76,0.936,6,0.92,sample_seed_public_rate_shape,
case_00147,TKT000147,PMS000778,CRM000778,1.0,direct_pms_reservation_id,0.95,direct_crm_id,1.0,direct_ticket_id,new_guest,local_staycation,890,1780,2720,0.211,0,2026-08-23,2026-08-23,ota,false,0,0,housekeeping_miss,room clean issue,outcome,4,false,0.95,true,5,0.858,0.546,5.7,room_upgrade,Suite upgrade,265,66,155,0,155,0,0.923,0.932,0.994,0.737,0.893,Santa Monica Proper Hotel,true,true,true,true,true,true,0.88,1.22,1.18,1.12,1.04,1.04,1.08,0.92,observed_public_property_context,0.72,0.28,sample_seed_review_taxonomy_prior,0.7,0.095,0.553,false,0.32,sample_seed_local_demand_context,900,930,915,0.968,1.0,true,270,1.28,6,0.92,sample_seed_public_rate_shape,
case_00148,TKT000148,PMS000533,CRM000533,1.0,direct_pms_reservation_id,0.95,direct_crm_id,0.0,no_comp_record,new_guest,design_leisure,650,1300,2610,0.203,0,2026-11-23,2026-11-24,corporate,true,0,1,f_and_b_service_lapse,restaurant issue,process,3,false,0.7,true,5,0.749,0.432,6.7,,,0,0,0,0,0,0,0.473,0.528,0.415,0.448,0.309,Santa Monica Proper Hotel,true,true,true,true,true,true,0.88,1.22,1.18,1.12,1.04,1.04,1.08,0.92,observed_public_property_context,0.6,0.28,sample_seed_review_taxonomy_prior,0.22,0.036,0.192,false,0.32,sample_seed_local_demand_context,660,680,670,0.971,0.158,false,76,0.926,6,0.92,sample_seed_public_rate_shape,no_comp_record
case_00149,TKT000149,PMS001466,CRM001466,1.0,direct_pms_reservation_id,0.95,direct_crm_id,1.0,direct_ticket_id,new_guest,business_traveler,480,960,1570,0.177,0.2,2026-04-19,2026-04-20,direct,true,1,1,spa_wellness_service_issue,spa issue,process,3,false,0.74,true,5,0.6,0.49,0,amenity_gesture,Bottle/amenity,70,32,0,0,0,0,0.32,0.212,0.196,0.232,0.269,Santa Monica Proper Hotel,true,true,true,true,true,true,0.88,1.22,1.18,1.12,1.04,1.04,1.08,0.92,observed_public_property_context,0.64,0.28,sample_seed_review_taxonomy_prior,0.22,0.144,0.287,false,0.32,sample_seed_local_demand_context,660,695,678,0.95,0.158,false,76,0.926,6,0.92,sample_seed_public_rate_shape,no_review_or_survey
case_00150,TKT000150,PMS001156,CRM001156,1.0,direct_pms_reservation_id,0.95,direct_crm_id,0.0,no_comp_record,new_guest,coastal_weekend,620,1860,2720,0.23,0,2026-12-08,2026-12-10,direct,true,1,1,noise_disruption,noise,process,1,false,0.48,true,5,0.2,0.277,0,,,0,0,195,0,110,85,0.717,0.61,0.365,0.395,0.392,Santa Monica Proper Hotel,true,true,true,true,true,true,0.88,1.22,1.18,1.12,1.04,1.04,1.08,0.92,observed_public_property_context,0.62,0.28,sample_seed_review_taxonomy_prior,0.22,0.149,0.292,false,0.32,sample_seed_local_demand_context,665,645,655,1.031,0.178,false,79,0.942,6,0.92,sample_seed_public_rate_shape,no_review_or_survey;no_comp_record
case_00151,TKT000151,PMS000345,CRM000345,1.0,direct_pms_reservation_id,0.95,direct_crm_id,0.0,no_comp_record,new_guest,design_leisure,700,3500,6040,0.355,0,2026-02-28,2026-03-02,direct,false,0,2,housekeeping_miss,hk miss,outcome,3,false,0.9,true,5,0.6,0.513,0,,,0,0,345,345,0,0,0.453,0.557,0.413,0.49,0.166,Santa Monica Proper Hotel,true,true,true,true,true,true,0.88,1.22,1.18,1.12,1.04,1.04,1.08,0.92,observed_public_property_context,0.72,0.28,sample_seed_review_taxonomy_prior,0.22,0.074,0.238,false,0.32,sample_seed_local_demand_context,800,730,730,1.096,0.711,false,189,1.183,6,0.92,sample_seed_public_rate_shape,no_review_or_survey;no_comp_record
case_00152,TKT000152,PMS001377,CRM001377,1.0,direct_pms_reservation_id,0.95,direct_crm_id,1.0,direct_ticket_id,new_guest,design_leisure,560,3360,6610,0.322,0.2,2026-10-09,2026-10-09,ota,false,0,0,maintenance_issue,facilities issue,outcome,3,true,0.78,true,5,0.696,0.497,6.2,rooftop_f_and_b_credit,Rooftop credit,180,72,165,165,0,0,0.68,0.75,0.493,0.586,0.306,Santa Monica Proper Hotel,true,true,true,true,true,true,0.88,1.22,1.18,1.12,1.04,1.04,1.08,0.92,observed_public_property_context,0.69,0.28,sample_seed_review_taxonomy_prior,0.48,0.086,0.389,false,0.32,sample_seed_local_demand_context,725,695,710,1.043,0.415,false,124,1.045,6,0.92,sample_seed_public_rate_shape,severity_inferred
case_00153,TKT000153,PMS000077,CRM000077,1.0,direct_pms_reservation_id,0.95,direct_crm_id,0.0,no_comp_record,returning_guest,family_beach_trip,700,4900,15610,0.575,0,2026-10-12,2026-10-12,direct,false,0,0,housekeeping_miss,room clean issue,outcome,2,false,0.9,true,5,0.4,0.409,0,,,0,0,275,195,0,0,0.737,0.568,0.791,0.53,0.577,Santa Monica Proper Hotel,true,true,true,true,true,true,0.88,1.22,1.18,1.12,1.04,1.04,1.08,0.92,observed_public_property_context,0.72,0.28,sample_seed_review_taxonomy_prior,0.22,0.12,0.292,false,0.32,sample_seed_local_demand_context,585,535,560,1.093,0.0,false,47,0.883,6,0.92,sample_seed_public_rate_shape,no_review_or_survey;no_comp_record
case_00154,TKT000154,PMS000198,CRM000198,1.0,direct_pms_reservation_id,0.95,direct_crm_id,0.0,no_comp_record,returning_guest,coastal_weekend,550,550,2190,0.24,0,2026-02-14,2026-02-14,direct,false,0,0,room_assignment_expectation_gap,view issue,outcome,2,false,0.74,true,63,0.4,0.398,0,,,0,0,465,465,0,0,0.567,0.475,0.384,0.468,0.323,Santa Monica Proper Hotel,true,true,true,true,true,true,0.88,1.22,1.18,1.12,1.04,1.04,1.08,0.92,observed_public_property_context,0.68,0.28,sample_seed_review_taxonomy_prior,0.82,0.178,0.669,false,0.32,sample_seed_local_demand_context,825,855,840,0.965,0.81,true,213,1.2,6,0.92,sample_seed_public_rate_shape,no_review_or_survey;no_comp_record
case_00155,TKT000155,PMS000377,CRM000377,1.0,direct_pms_reservation_id,0.95,direct_crm_id,1.0,direct_ticket_id,vip_guest,family_beach_trip,760,2280,19280,0.675,0.2,2026-09-23,2026-09-23,direct,true,1,0,spa_wellness_service_issue,spa issue,process,5,false,0.79,true,5,0.913,0.491,6.1,spa_wellness_credit,Wellness credit,395,217,485,140,145,155,0.575,0.461,0.404,0.435,0.515,Santa Monica Proper Hotel,true,true,true,true,true,true,0.88,1.22,1.18,1.12,1.04,1.04,1.08,0.92,observed_public_property_context,0.64,0.28,sample_seed_review_taxonomy_prior,0.22,0.386,0.264,false,0.32,sample_seed_local_demand_context,780,745,758,1.047,0.632,false,171,1.137,6,0.92,sample_seed_public_rate_shape,
case_00156,TKT000156,PMS000454,CRM000454,1.0,direct_pms_reservation_id,0.95,direct_crm_id,1.0,direct_ticket_id,new_guest,design_leisure,900,2700,3380,0.276,0,2026-02-26,2026-02-28,direct,false,0,1,valet_or_parking_delay,arrival valet,process,3,false,0.62,true,51,0.6,0.42,6.5,parking_fee_waiver,Destination fee waive,95,17,0,0,0,0,0.631,0.688,0.521,0.532,0.214,Santa Monica Proper Hotel,true,true,true,true,true,true,0.88,1.22,1.18,1.12,1.04,1.04,1.08,0.92,observed_public_property_context,0.56,0.18,sample_seed_review_taxonomy_prior,0.48,0.074,0.434,false,0.32,sample_seed_local_demand_context,690,710,700,0.972,0.277,false,97,0.976,6,0.92,sample_seed_public_rate_shape,
case_00157,TKT000157,PMS000990,CRM000990,1.0,direct_pms_reservation_id,0.95,direct_crm_id,0.62,reservation_level_comp_match,new_guest,wellness_getaway,590,1770,2630,0.225,0.2,2026-04-19,2026-04-21,ota,false,0,1,room_assignment_expectation_gap,view issue,outcome,2,false,0.74,true,5,0.4,0.398,0,rooftop_f_and_b_credit,F&B,175,70,245,245,0,0,0.649,0.61,0.633,0.377,0.247,Santa Monica Proper Hotel,true,true,true,true,true,true,0.88,1.22,1.18,1.12,1.04,1.04,1.08,0.92,observed_public_property_context,0.68,0.28,sample_seed_review_taxonomy_prior,0.22,0.066,0.251,false,0.32,sample_seed_local_demand_context,650,635,642,1.024,0.119,false,69,0.916,6,0.92,sample_seed_public_rate_shape,no_review_or_survey
case_00158,TKT000158,PMS001273,CRM001273,1.0,direct_pms_reservation_id,0.95,direct_crm_id,1.0,direct_ticket_id,returning_guest,wellness_getaway,690,2070,4480,0.35,0.2,2026-12-19,2026-12-19,ota,false,0,1,f_and_b_service_lapse,fb service,process,4,false,0.75,false,5,0.8,0.583,0,lobby_lounge_credit,Lobby F&B,135,51,0,0,0,0,0.627,0.64,0.412,0.517,0.485,Santa Monica Proper Hotel,true,true,true,true,true,true,0.88,1.22,1.18,1.12,1.04,1.04,1.08,0.92,observed_public_property_context,0.6,0.28,sample_seed_review_taxonomy_prior,0.48,0.148,0.412,false,0.32,sample_seed_local_demand_context,755,710,732,1.063,0.534,false,149,1.1,6,0.92,sample_seed_public_rate_shape,no_review_or_survey
case_00159,TKT000159,PMS000007,CRM000007,1.0,direct_pms_reservation_id,0.95,direct_crm_id,0.0,no_comp_record,loyalty_guest,design_leisure,820,820,1476,0.37,0,2026-02-11,2026-02-11,direct,true,0,2,room_assignment_expectation_gap,room type mismatch,outcome,2,false,0.74,true,16,0.4,0.398,0,,,0,0,50,0,0,50,0.444,0.297,0.422,0.395,0.159,Santa Monica Proper Hotel,true,true,true,true,true,true,0.88,1.22,1.18,1.12,1.04,1.04,1.08,0.92,observed_public_property_context,0.68,0.28,sample_seed_review_taxonomy_prior,0.22,0.146,0.286,false,0.32,sample_seed_local_demand_context,630,650,640,0.969,0.04,false,56,0.877,6,0.92,sample_seed_public_rate_shape,ltv_imputed;no_review_or_survey;no_comp_record
case_00160,TKT000160,PMS000808,CRM000808,1.0,direct_pms_reservation_id,0.95,direct_crm_id,0.62,reservation_level_comp_match,new_guest,event_or_wedding,550,1100,1980,0.172,0.2,2026-08-25,2026-08-25,ota,false,1,0,rooftop_pool_access_issue,pool access,process,2,false,0.64,true,5,0.4,0.375,0,parking_fee_waiver,Valet comp,85,15,705,390,0,315,0.99,1.0,0.755,0.577,0.832,Santa Monica Proper Hotel,true,true,true,true,true,true,0.88,1.22,1.18,1.12,1.04,1.04,1.08,0.92,observed_public_property_context,0.6,0.28,sample_seed_review_taxonomy_prior,0.22,0.179,0.27,false,0.32,sample_seed_local_demand_context,760,735,748,1.034,0.553,false,153,1.101,6,0.92,sample_seed_public_rate_shape,ltv_imputed;no_review_or_survey
case_00161,TKT000161,PMS001259,CRM001259,1.0,direct_pms_reservation_id,0.95,direct_crm_id,1.0,direct_ticket_id,new_guest,business_traveler,560,560,1130,0.138,0.2,2026-02-13,2026-02-13,ota,false,0,0,room_assignment_expectation_gap,room type mismatch,outcome,4,false,0.79,true,5,0.889,0.606,4.8,spa_wellness_credit,Spa credit,0,0,0,0,0,0,0.32,0.36,0.357,0.358,0.193,Santa Monica Proper Hotel,true,true,true,true,true,true,0.88,1.22,1.18,1.12,1.04,1.04,1.08,0.92,observed_public_property_context,0.68,0.28,sample_seed_review_taxonomy_prior,0.82,0.086,0.647,false,0.32,sample_seed_local_demand_context,760,820,800,0.927,0.553,true,153,1.092,6,0.92,sample_seed_public_rate_shape,
case_00162,TKT000162,PMS000775,CRM000775,1.0,direct_pms_reservation_id,0.95,direct_crm_id,1.0,direct_ticket_id,new_guest,coastal_weekend,450,900,1510,0.158,0,2026-05-26,2026-05-26,ota,false,0,0,housekeeping_miss,room clean issue,outcome,3,true,0.9,true,5,0.6,0.513,0,amenity_gesture,Welcome amenity,75,34,720,665,0,55,0.98,1.0,0.82,0.432,0.613,Santa Monica Proper Hotel,true,true,true,true,true,true,0.88,1.22,1.18,1.12,1.04,1.04,1.08,0.92,observed_public_property_context,0.72,0.28,sample_seed_review_taxonomy_prior,0.22,0.058,0.259,false,0.32,sample_seed_local_demand_context,670,690,690,0.971,0.198,false,83,0.943,6,0.92,sample_seed_public_rate_shape,severity_inferred;no_review_or_survey
case_00163,TKT000163,PMS001021,CRM001021,0.78,guest_key_date_window,0.95,direct_crm_id,0.0,no_comp_record,new_guest,coastal_weekend,700,2100,3220,0.262,0,2026-11-10,2026-11-12,direct,false,0,2,housekeeping_miss,hk miss,outcome,4,false,0.95,true,5,0.8,0.616,0,,,0,0,0,0,0,0,0.384,0.356,0.39,0.494,0.1,Santa Monica Proper Hotel,true,true,true,true,true,true,0.88,1.22,1.18,1.12,1.04,1.04,1.08,0.92,observed_public_property_context,0.72,0.28,sample_seed_review_taxonomy_prior,0.22,0.105,0.217,false,0.32,sample_seed_local_demand_context,580,560,570,1.036,0.0,false,46,0.869,6,0.92,sample_seed_public_rate_shape,no_review_or_survey;no_comp_record
case_00164,TKT000164,PMS000989,CRM000989,0.78,guest_key_date_window,0.95,direct_crm_id,1.0,direct_ticket_id,new_guest,business_traveler,580,1740,2770,0.209,0,2026-02-21,2026-02-22,direct,false,0,0,valet_or_parking_delay,valet wait,process,3,false,0.62,true,5,0.6,0.455,0,parking_fee_waiver,Parking waiver,90,16,410,410,0,0,0.456,0.332,0.266,0.363,0.305,Santa Monica Proper Hotel,true,true,true,true,true,true,0.88,1.22,1.18,1.12,1.04,1.04,1.08,0.92,observed_public_property_context,0.56,0.18,sample_seed_review_taxonomy_prior,0.48,0.024,0.404,false,0.32,sample_seed_local_demand_context,755,730,742,1.034,0.534,false,149,1.093,6,0.92,sample_seed_public_rate_shape,no_review_or_survey
case_00165,TKT000165,PMS000979,CRM000979,0.78,guest_key_date_window,0.95,direct_crm_id,0.0,no_comp_record,new_guest,coastal_weekend,600,1800,3350,0.282,0,2026-04-01,2026-04-02,ota,false,0,4,maintenance_issue,facilities issue,outcome,3,false,0.78,true,5,0.6,0.504,0,,,0,0,110,110,0,0,0.62,0.667,0.76,0.319,0.401,Santa Monica Proper Hotel,true,true,true,true,true,true,0.88,1.22,1.18,1.12,1.04,1.04,1.08,0.92,observed_public_property_context,0.69,0.28,sample_seed_review_taxonomy_prior,0.22,0.066,0.236,false,0.32,sample_seed_local_demand_context,705,670,672,1.052,0.336,false,109,1.014,6,0.92,sample_seed_public_rate_shape,no_review_or_survey;no_comp_record
case_00166,TKT000166,PMS000845,CRM000845,1.0,direct_pms_reservation_id,0.95,direct_crm_id,0.0,no_comp_record,new_guest,local_staycation,700,1400,2070,0.203,0,2026-05-25,2026-05-26,ota,false,0,1,room_assignment_expectation_gap,room type mismatch,outcome,4,false,0.79,true,38,0.8,0.605,0,,,0,0,230,0,230,0,0.98,1.0,0.82,0.432,0.613,Santa Monica Proper Hotel,true,true,true,true,true,true,0.88,1.22,1.18,1.12,1.04,1.04,1.08,0.92,observed_public_property_context,0.68,0.28,sample_seed_review_taxonomy_prior,0.22,0.058,0.259,false,0.32,sample_seed_local_demand_context,670,690,690,0.971,0.198,false,83,0.943,6,0.92,sample_seed_public_rate_shape,no_review_or_survey;no_comp_record
case_00167,TKT000167,PMS000637,CRM000637,1.0,direct_pms_reservation_id,0.95,direct_crm_id,1.0,direct_ticket_id,new_guest,design_leisure,800,3200,5760,0.322,0.2,2026-10-03,2026-10-03,direct,false,0,1,spa_wellness_service_issue,wellness service,process,5,false,0.79,true,5,1.0,0.547,5.4,partial_room_refund,Room rate adjustment,270,270,215,90,0,70,0.5,0.495,0.585,0.504,0.062,Santa Monica Proper Hotel,true,true,true,true,true,true,0.88,1.22,1.18,1.12,1.04,1.04,1.08,0.92,observed_public_property_context,0.64,0.28,sample_seed_review_taxonomy_prior,0.48,0.038,0.384,false,0.32,sample_seed_local_demand_context,795,770,772,1.032,0.692,false,185,1.159,6,0.92,sample_seed_public_rate_shape,ltv_imputed
case_00168,TKT000168,PMS000698,CRM000698,0.58,room_date_window,0.95,direct_crm_id,0.0,no_comp_record,loyalty_guest,coastal_weekend,1050,6300,36520,0.745,0.12,2026-02-21,2026-02-24,ota,false,0,0,room_assignment_expectation_gap,view issue,outcome,3,true,0.74,true,5,0.6,0.501,0,,,0,0,320,140,0,180,0.404,0.443,0.236,0.184,0.112,Santa Monica Proper Hotel,true,true,true,true,true,true,0.88,1.22,1.18,1.12,1.04,1.04,1.08,0.92,observed_public_property_context,0.68,0.28,sample_seed_review_taxonomy_prior,0.22,0.561,0.376,false,0.32,sample_seed_local_demand_context,655,630,642,1.04,0.138,false,72,0.928,6,0.92,sample_seed_public_rate_shape,low_reservation_match_confidence;severity_inferred;no_review_or_survey;no_comp_record
case_00169,TKT000169,PMS000522,CRM000522,1.0,direct_pms_reservation_id,0.95,direct_crm_id,1.0,direct_ticket_id,new_guest,business_traveler,490,980,1400,0.16,0,2026-12-22,2026-12-23,direct,false,0,0,housekeeping_miss,housekeeping,outcome,4,false,0.95,true,5,0.8,0.616,0,late_checkout,4pm checkout,110,22,0,0,0,0,0.807,0.764,0.725,0.552,0.437,Santa Monica Proper Hotel,true,true,true,true,true,true,0.88,1.22,1.18,1.12,1.04,1.04,1.08,0.92,observed_public_property_context,0.72,0.28,sample_seed_review_taxonomy_prior,0.22,0.507,0.32,false,0.32,sample_seed_local_demand_context,660,635,648,1.039,0.158,false,76,0.936,6,0.92,sample_seed_public_rate_shape,no_review_or_survey
case_00170,TKT000170,PMS001304,CRM001304,1.0,direct_pms_reservation_id,0.95,direct_crm_id,1.0,direct_ticket_id,returning_guest,family_beach_trip,690,2070,4790,0.401,0.2,2026-06-23,2026-06-23,direct,true,1,4,room_readiness_delay,arrival delay,outcome,3,false,0.88,false,5,0.353,0.479,6.6,amenity_gesture,Welcome amenity,50,22,470,470,0,0,0.585,0.519,0.508,0.374,0.488,Santa Monica Proper Hotel,true,true,true,true,true,true,0.88,1.22,1.18,1.12,1.04,1.04,1.08,0.92,observed_public_property_context,0.74,0.28,sample_seed_review_taxonomy_prior,0.22,0.168,0.287,false,0.32,sample_seed_local_demand_context,795,790,792,1.006,0.692,false,185,1.152,6,0.92,sample_seed_public_rate_shape,
case_00171,TKT000171,,CRM001020,0.0,unmatched,0.95,direct_crm_id,1.0,direct_ticket_id,new_guest,local_staycation,0,0,1820,0.119,0.12,,2026-05-07,,false,,0,room_readiness_delay,arrival delay,outcome,4,false,0.93,true,5,0.8,0.622,0,late_checkout,4pm checkout,80,16,0,0,0,0,0.597,0.602,0.619,0.1,0.341,Santa Monica Proper Hotel,true,true,true,true,true,true,0.88,1.22,1.18,1.12,1.04,1.04,1.08,0.92,observed_public_property_context,0.74,0.28,sample_seed_review_taxonomy_prior,0.22,0.06,0.231,false,0.32,sample_seed_local_demand_context,810,660,712,1.227,0.751,true,199,1.232,6,0.92,sample_seed_public_rate_shape,unmatched_reservation;no_review_or_survey
case_00172,TKT000172,PMS001323,CRM001323,1.0,direct_pms_reservation_id,0.95,direct_crm_id,1.0,direct_ticket_id,loyalty_guest,business_traveler,780,2340,9880,0.492,0,2026-06-07,2026-06-09,corporate,false,0,0,noise_disruption,neighbor noise,process,1,false,0.48,false,5,0.367,0.278,8.7,amenity_gesture,Welcome amenity,50,22,265,0,265,0,0.464,0.349,0.608,0.358,0.59,Santa Monica Proper Hotel,true,true,true,true,true,true,0.88,1.22,1.18,1.12,1.04,1.04,1.08,0.92,observed_public_property_context,0.62,0.28,sample_seed_review_taxonomy_prior,0.22,0.159,0.228,false,0.32,sample_seed_local_demand_context,775,775,775,1.0,0.613,false,166,1.117,6,0.92,sample_seed_public_rate_shape,
case_00173,TKT000173,PMS000863,CRM000863,1.0,direct_pms_reservation_id,0.95,direct_crm_id,1.0,direct_ticket_id,loyalty_guest,local_staycation,780,2340,8440,0.494,0,2026-02-02,2026-02-02,direct,false,0,1,valet_or_parking_delay,parking,process,4,false,0.67,true,88,0.788,0.493,5.7,partial_room_refund,Partial night,355,355,250,250,0,0,0.32,0.49,0.074,0.114,0.195,Santa Monica Proper Hotel,true,true,true,true,true,true,0.88,1.22,1.18,1.12,1.04,1.04,1.08,0.92,observed_public_property_context,0.56,0.18,sample_seed_review_taxonomy_prior,0.22,0.052,0.245,false,0.32,sample_seed_local_demand_context,635,680,668,0.934,0.059,false,59,0.885,6,0.92,sample_seed_public_rate_shape,
case_00174,TKT000174,PMS000195,CRM000195,1.0,direct_pms_reservation_id,0.95,direct_crm_id,0.62,reservation_level_comp_match,new_guest,coastal_weekend,640,2560,3070,0.25,0.2,2026-05-01,2026-05-03,direct,false,0,0,maintenance_issue,engineering,outcome,4,false,0.83,false,5,0.8,0.608,0,late_checkout,Late checkout,95,19,555,0,380,175,0.562,0.532,0.47,0.458,0.52,Santa Monica Proper Hotel,true,true,true,true,true,true,0.88,1.22,1.18,1.12,1.04,1.04,1.08,0.92,observed_public_property_context,0.69,0.28,sample_seed_review_taxonomy_prior,0.48,0.082,0.45,false,0.32,sample_seed_local_demand_context,900,865,882,1.04,1.0,true,270,1.29,6,0.92,sample_seed_public_rate_shape,no_review_or_survey
case_00175,TKT000175,PMS000117,CRM000117,1.0,direct_pms_reservation_id,0.95,direct_crm_id,1.0,direct_ticket_id,new_guest,event_or_wedding,620,3720,5660,0.329,0.2,2026-02-12,2026-02-13,corporate,false,0,0,noise_disruption,noise,process,4,false,0.53,true,5,0.8,0.588,0,late_checkout,Late CO,75,15,1020,120,900,0,0.32,0.36,0.357,0.358,0.193,Santa Monica Proper Hotel,true,true,true,true,true,true,0.88,1.22,1.18,1.12,1.04,1.04,1.08,0.92,observed_public_property_context,0.62,0.28,sample_seed_review_taxonomy_prior,0.82,0.086,0.647,false,0.32,sample_seed_local_demand_context,760,820,800,0.927,0.553,true,153,1.092,6,0.92,sample_seed_public_rate_shape,no_review_or_survey
case_00176,TKT000176,PMS000253,CRM000253,1.0,direct_pms_reservation_id,0.95,direct_crm_id,0.62,reservation_level_comp_match,returning_guest,coastal_weekend,1010,7070,26270,0.653,0.2,2026-06-27,2026-07-03,corporate,false,0,0,maintenance_issue,engineering,outcome,5,false,0.83,true,5,1.0,0.673,4.0,partial_room_refund,Room rate adjustment,0,0,40,0,0,0,0.978,1.0,0.806,0.69,0.943,Santa Monica Proper Hotel,true,true,true,true,true,true,0.88,1.22,1.18,1.12,1.04,1.04,1.08,0.92,observed_public_property_context,0.69,0.28,sample_seed_review_taxonomy_prior,0.92,0.109,0.769,true,0.32,sample_seed_local_demand_context,910,945,930,0.963,1.0,true,273,1.28,6,0.92,sample_seed_public_rate_shape,
case_00177,TKT000177,PMS001117,CRM001117,1.0,direct_pms_reservation_id,0.95,direct_crm_id,1.0,direct_ticket_id,new_guest,coastal_weekend,650,650,1360,0.161,0.2,2026-12-24,2026-12-24,direct,false,0,1,room_assignment_expectation_gap,view issue,outcome,3,false,0.74,false,5,0.6,0.501,0,amenity_gesture,Bottle/amenity,75,34,0,0,0,0,0.347,0.297,0.138,0.249,0.322,Santa Monica Proper Hotel,true,true,true,true,true,true,0.88,1.22,1.18,1.12,1.04,1.04,1.08,0.92,observed_public_property_context,0.68,0.28,sample_seed_review_taxonomy_prior,0.78,0.164,0.607,false,0.32,sample_seed_local_demand_context,760,785,775,0.968,0.553,false,153,1.092,6,0.92,sample_seed_public_rate_shape,no_review_or_survey
case_00178,TKT000178,PMS001501,CRM001501,0.78,guest_key_date_window,0.95,direct_crm_id,0.0,no_comp_record,new_guest,wellness_getaway,740,2220,3670,0.272,0,2026-02-23,2026-02-24,direct,false,0,2,rooftop_pool_access_issue,pool access,process,3,false,0.64,true,5,0.6,0.479,0,,,0,0,0,0,0,0,0.404,0.443,0.236,0.184,0.112,Santa Monica Proper Hotel,true,true,true,true,true,true,0.88,1.22,1.18,1.12,1.04,1.04,1.08,0.92,observed_public_property_context,0.6,0.28,sample_seed_review_taxonomy_prior,0.22,0.561,0.376,false,0.32,sample_seed_local_demand_context,655,630,642,1.04,0.138,false,72,0.928,6,0.92,sample_seed_public_rate_shape,no_review_or_survey;no_comp_record
case_00179,TKT000179,PMS000579,CRM000579,1.0,direct_pms_reservation_id,0.95,direct_crm_id,0.0,no_comp_record,new_guest,business_traveler,820,1640,1840,0.195,0,2026-07-21,2026-07-21,ota,false,0,0,room_readiness_delay,checkin wait,outcome,1,false,0.88,true,5,0.2,0.311,0,,,0,0,600,560,0,40,0.864,0.807,0.577,0.511,0.695,Santa Monica Proper Hotel,true,true,true,true,true,true,0.88,1.22,1.18,1.12,1.04,1.04,1.08,0.92,observed_public_property_context,0.74,0.28,sample_seed_review_taxonomy_prior,0.22,0.083,0.27,false,0.32,sample_seed_local_demand_context,770,725,748,1.062,0.593,false,162,1.125,6,0.92,sample_seed_public_rate_shape,no_review_or_survey;no_comp_record
case_00180,TKT000180,PMS000269,CRM000269,1.0,direct_pms_reservation_id,0.95,direct_crm_id,1.0,direct_ticket_id,event_or_suite_guest,local_staycation,1160,4640,35430,0.839,0.2,2026-09-24,2026-09-27,ota,false,0,0,room_readiness_delay,checkin wait,outcome,3,true,0.88,true,5,0.532,0.431,7.2,rooftop_f_and_b_credit,Food Credit,170,68,0,0,0,0,0.704,0.789,0.656,0.57,0.626,Santa Monica Proper Hotel,true,true,true,true,true,true,0.88,1.22,1.18,1.12,1.04,1.04,1.08,0.92,observed_public_property_context,0.74,0.28,sample_seed_review_taxonomy_prior,0.7,0.408,0.63,false,0.32,sample_seed_local_demand_context,890,810,822,1.099,1.0,true,267,1.305,6,0.92,sample_seed_public_rate_shape,severity_inferred
case_00181,TKT000181,PMS001435,CRM001435,1.0,direct_pms_reservation_id,0.95,direct_crm_id,0.0,no_comp_record,new_guest,local_staycation,640,1920,2240,0.228,0,2026-11-22,2026-11-24,corporate,true,1,1,room_assignment_expectation_gap,wrong room,outcome,2,false,0.74,true,5,0.4,0.398,0,,,0,0,60,0,0,60,0.473,0.528,0.415,0.448,0.309,Santa Monica Proper Hotel,true,true,true,true,true,true,0.88,1.22,1.18,1.12,1.04,1.04,1.08,0.92,observed_public_property_context,0.68,0.28,sample_seed_review_taxonomy_prior,0.22,0.036,0.192,false,0.32,sample_seed_local_demand_context,660,680,670,0.971,0.158,false,76,0.926,6,0.92,sample_seed_public_rate_shape,no_review_or_survey;no_comp_record
case_00182,TKT000182,PMS000979,CRM000979,1.0,direct_pms_reservation_id,0.95,direct_crm_id,0.0,no_comp_record,new_guest,coastal_weekend,600,1800,3350,0.282,0,2026-04-01,2026-04-02,ota,false,0,4,f_and_b_service_lapse,restaurant issue,process,3,false,0.7,false,5,0.6,0.479,0,,,0,0,110,110,0,0,0.62,0.667,0.76,0.319,0.401,Santa Monica Proper Hotel,true,true,true,true,true,true,0.88,1.22,1.18,1.12,1.04,1.04,1.08,0.92,observed_public_property_context,0.6,0.28,sample_seed_review_taxonomy_prior,0.22,0.066,0.236,false,0.32,sample_seed_local_demand_context,705,670,672,1.052,0.336,false,109,1.014,6,0.92,sample_seed_public_rate_shape,no_review_or_survey;no_comp_record
case_00183,TKT000183,PMS001408,CRM001408,1.0,direct_pms_reservation_id,0.95,direct_crm_id,1.0,direct_ticket_id,loyalty_guest,coastal_weekend,940,3760,16410,0.655,0,2026-03-11,2026-03-11,ota,false,0,2,room_readiness_delay,arrival delay,outcome,4,false,0.93,false,5,0.8,0.622,0,spa_wellness_credit,Spa credit,345,190,450,100,350,0,0.659,0.519,0.689,0.616,0.41,Santa Monica Proper Hotel,true,true,true,true,true,true,0.88,1.22,1.18,1.12,1.04,1.04,1.08,0.92,observed_public_property_context,0.74,0.28,sample_seed_review_taxonomy_prior,0.22,0.107,0.247,false,0.32,sample_seed_local_demand_context,575,555,565,1.036,0.0,false,46,0.869,6,0.92,sample_seed_public_rate_shape,no_review_or_survey
case_00184,TKT000184,PMS000565,CRM000565,1.0,direct_pms_reservation_id,0.95,direct_crm_id,0.62,reservation_level_comp_match,new_guest,wellness_getaway,750,3750,7630,0.351,0.2,2026-02-03,2026-02-06,direct,false,0,0,housekeeping_miss,hk miss,outcome,2,false,0.9,true,5,0.4,0.409,0,amenity_gesture,In-room gesture,65,29,930,625,305,0,0.669,0.661,0.48,0.609,0.393,Santa Monica Proper Hotel,true,true,true,true,true,true,0.88,1.22,1.18,1.12,1.04,1.04,1.08,0.92,observed_public_property_context,0.72,0.28,sample_seed_review_taxonomy_prior,0.48,0.114,0.407,false,0.32,sample_seed_local_demand_context,680,620,645,1.097,0.237,false,90,0.984,6,0.92,sample_seed_public_rate_shape,no_review_or_survey
case_00185,TKT000185,PMS001517,CRM001517,1.0,direct_pms_reservation_id,0.95,direct_crm_id,1.0,direct_ticket_id,vip_guest,coastal_weekend,730,2920,18400,0.712,0.2,2026-10-07,2026-10-10,direct,false,0,1,rooftop_pool_access_issue,pool wait,process,4,false,0.69,true,5,0.816,0.472,6.2,spa_wellness_credit,Treatment recovery,385,212,565,565,0,0,0.347,0.346,0.113,0.361,0.253,Santa Monica Proper Hotel,true,true,true,true,true,true,0.88,1.22,1.18,1.12,1.04,1.04,1.08,0.92,observed_public_property_context,0.6,0.28,sample_seed_review_taxonomy_prior,0.48,0.041,0.369,false,0.32,sample_seed_local_demand_context,690,720,718,0.958,0.277,false,97,0.976,6,0.92,sample_seed_public_rate_shape,
case_00186,TKT000186,PMS000926,CRM000926,1.0,direct_pms_reservation_id,0.95,direct_crm_id,1.0,direct_ticket_id,returning_guest,design_leisure,850,5950,12660,0.56,0,2026-05-28,2026-06-03,ota,false,0,0,noise_disruption,neighbor noise,process,4,false,0.53,true,28,0.765,0.534,5.5,lobby_lounge_credit,Bar credit,90,34,290,290,0,0,0.688,0.68,0.522,0.269,0.727,Santa Monica Proper Hotel,true,true,true,true,true,true,0.88,1.22,1.18,1.12,1.04,1.04,1.08,0.92,observed_public_property_context,0.62,0.28,sample_seed_review_taxonomy_prior,0.22,0.038,0.199,false,0.32,sample_seed_local_demand_context,890,790,840,1.127,1.0,true,267,1.312,6,0.92,sample_seed_public_rate_shape,
case_00187,TKT000187,PMS000498,CRM000498,1.0,direct_pms_reservation_id,0.95,direct_crm_id,1.0,direct_ticket_id,new_guest,wellness_getaway,560,2240,4032,0.261,0.2,2026-01-01,2026-01-04,direct,false,0,1,spa_wellness_service_issue,wellness service,process,3,false,0.74,true,5,0.738,0.395,7.3,amenity_gesture,In-room gesture,60,27,345,280,0,65,0.796,0.825,0.607,0.517,0.374,Santa Monica Proper Hotel,true,true,true,true,true,true,0.88,1.22,1.18,1.12,1.04,1.04,1.08,0.92,observed_public_property_context,0.64,0.28,sample_seed_review_taxonomy_prior,0.48,0.09,0.399,false,0.32,sample_seed_local_demand_context,625,705,700,0.887,0.02,false,53,0.868,6,0.92,sample_seed_public_rate_shape,ltv_imputed
case_00188,TKT000188,PMS000210,CRM000210,1.0,direct_pms_reservation_id,0.95,direct_crm_id,1.0,direct_ticket_id,returning_guest,local_staycation,900,1800,7000,0.346,0.2,2026-06-02,2026-06-02,group_or_event,false,0,0,maintenance_issue,facilities issue,outcome,3,false,0.78,true,5,0.6,0.504,0,rooftop_f_and_b_credit,Rooftop credit,140,56,960,960,0,0,0.453,0.405,0.369,0.476,0.505,Santa Monica Proper Hotel,true,true,true,true,true,true,0.88,1.22,1.18,1.12,1.04,1.04,1.08,0.92,observed_public_property_context,0.69,0.28,sample_seed_review_taxonomy_prior,0.22,0.158,0.227,false,0.32,sample_seed_local_demand_context,710,720,718,0.986,0.356,false,112,1.009,6,0.92,sample_seed_public_rate_shape,no_review_or_survey
case_00189,TKT000189,PMS000800,CRM000800,1.0,direct_pms_reservation_id,0.95,direct_crm_id,1.0,direct_ticket_id,new_guest,event_or_wedding,550,1650,3030,0.24,0.2,2026-05-24,2026-05-26,ota,false,0,2,noise_disruption,neighbor noise,process,2,false,0.48,true,5,0.4,0.381,0,amenity_gesture,In-room gesture,70,32,460,365,0,95,0.98,1.0,0.82,0.432,0.613,Santa Monica Proper Hotel,true,true,true,true,true,true,0.88,1.22,1.18,1.12,1.04,1.04,1.08,0.92,observed_public_property_context,0.62,0.28,sample_seed_review_taxonomy_prior,0.22,0.058,0.259,false,0.32,sample_seed_local_demand_context,670,690,690,0.971,0.198,false,83,0.943,6,0.92,sample_seed_public_rate_shape,no_review_or_survey
case_00190,TKT000190,PMS001453,CRM001453,1.0,direct_pms_reservation_id,0.95,direct_crm_id,0.62,reservation_level_comp_match,loyalty_guest,coastal_weekend,660,660,2850,0.36,0.2,2026-10-10,2026-10-10,direct,false,0,1,f_and_b_service_lapse,dining delay,process,1,false,0.7,false,5,0.2,0.272,0,amenity_gesture,Bottle/amenity,0,0,320,0,320,0,0.347,0.346,0.113,0.361,0.253,Santa Monica Proper Hotel,true,true,true,true,true,true,0.88,1.22,1.18,1.12,1.04,1.04,1.08,0.92,observed_public_property_context,0.6,0.28,sample_seed_review_taxonomy_prior,0.48,0.041,0.369,false,0.32,sample_seed_local_demand_context,690,720,718,0.958,0.277,false,97,0.976,6,0.92,sample_seed_public_rate_shape,no_review_or_survey
case_00191,TKT000191,PMS000576,CRM000576,1.0,direct_pms_reservation_id,0.95,direct_crm_id,1.0,direct_ticket_id,returning_guest,local_staycation,540,1620,5200,0.32,0,2026-01-18,2026-01-20,ota,false,0,0,f_and_b_service_lapse,order problem,process,2,false,0.7,false,5,0.4,0.375,0,rooftop_f_and_b_credit,Rooftop credit,200,80,470,295,175,0,0.486,0.564,0.393,0.508,0.231,Santa Monica Proper Hotel,true,true,true,true,true,true,0.88,1.22,1.18,1.12,1.04,1.04,1.08,0.92,observed_public_property_context,0.6,0.28,sample_seed_review_taxonomy_prior,0.22,0.084,0.22,false,0.32,sample_seed_local_demand_context,580,645,620,0.899,0.0,false,46,0.86,6,0.92,sample_seed_public_rate_shape,no_review_or_survey
case_00192,TKT000192,PMS000740,CRM000740,1.0,direct_pms_reservation_id,0.95,direct_crm_id,0.62,reservation_level_comp_match,new_guest,business_traveler,680,1360,2910,0.209,0.2,2026-06-24,2026-06-25,ota,false,0,1,room_readiness_delay,room_not_ready,outcome,4,false,0.93,false,5,0.8,0.622,0,rooftop_f_and_b_credit,F&B,170,68,0,0,0,0,0.73,0.84,0.638,0.416,0.753,Santa Monica Proper Hotel,true,true,true,true,true,true,0.88,1.22,1.18,1.12,1.04,1.04,1.08,0.92,observed_public_property_context,0.74,0.28,sample_seed_review_taxonomy_prior,0.22,0.099,0.199,false,0.32,sample_seed_local_demand_context,775,745,758,1.04,0.613,false,166,1.127,6,0.92,sample_seed_public_rate_shape,no_review_or_survey
case_00193,TKT000193,PMS001317,CRM001317,1.0,direct_pms_reservation_id,0.95,direct_crm_id,0.0,no_comp_record,returning_guest,wellness_getaway,680,2040,3672,0.324,0,2026-09-29,2026-10-01,direct,false,0,0,housekeeping_miss,room clean issue,outcome,3,false,0.9,true,5,0.713,0.466,6.7,,,0,0,320,320,0,0,0.585,0.679,0.373,0.44,0.187,Santa Monica Proper Hotel,true,true,true,true,true,true,0.88,1.22,1.18,1.12,1.04,1.04,1.08,0.92,observed_public_property_context,0.72,0.28,sample_seed_review_taxonomy_prior,0.22,0.099,0.213,false,0.32,sample_seed_local_demand_context,595,640,620,0.93,0.0,false,48,0.86,6,0.92,sample_seed_public_rate_shape,ltv_imputed;no_comp_record
case_00194,TKT000194,PMS000411,CRM000411,1.0,direct_pms_reservation_id,0.95,direct_crm_id,1.0,direct_ticket_id,returning_guest,design_leisure,770,5390,10870,0.558,0.2,2026-02-10,2026-02-13,group_or_event,false,0,1,billing_or_fee_dispute,folio issue,process,2,false,0.55,false,5,0.4,0.37,0,rooftop_f_and_b_credit,Calabra recovery,210,84,0,0,0,0,0.32,0.36,0.357,0.358,0.193,Santa Monica Proper Hotel,true,true,true,true,true,true,0.88,1.22,1.18,1.12,1.04,1.04,1.08,0.92,observed_public_property_context,0.58,0.28,sample_seed_review_taxonomy_prior,0.82,0.086,0.647,false,0.32,sample_seed_local_demand_context,760,820,800,0.927,0.553,true,153,1.092,6,0.92,sample_seed_public_rate_shape,no_review_or_survey
case_00195,TKT000195,PMS001500,CRM001500,1.0,direct_pms_reservation_id,0.95,direct_crm_id,0.0,no_comp_record,vip_guest,design_leisure,1060,5300,41620,0.885,0,2026-06-20,2026-06-21,ota,false,0,3,f_and_b_service_lapse,dining delay,process,2,false,0.7,true,5,0.4,0.375,0,,,0,0,1205,305,900,0,0.99,0.982,0.792,0.982,0.859,Santa Monica Proper Hotel,true,true,true,true,true,true,0.88,1.22,1.18,1.12,1.04,1.04,1.08,0.92,observed_public_property_context,0.6,0.28,sample_seed_review_taxonomy_prior,0.7,0.067,0.594,false,0.32,sample_seed_local_demand_context,870,820,822,1.061,0.988,true,259,1.29,6,0.92,sample_seed_public_rate_shape,no_review_or_survey;no_comp_record
case_00196,TKT000196,PMS001077,CRM001077,1.0,direct_pms_reservation_id,0.95,direct_crm_id,1.0,direct_ticket_id,returning_guest,design_leisure,890,1780,6290,0.354,0.2,2026-10-22,2026-10-23,direct,false,0,1,spa_wellness_service_issue,spa recovery,process,2,false,0.74,true,5,0.339,0.467,6.4,lobby_lounge_credit,Lounge credit,95,36,0,0,0,0,0.504,0.325,0.357,0.39,0.42,Santa Monica Proper Hotel,true,true,true,true,true,true,0.88,1.22,1.18,1.12,1.04,1.04,1.08,0.92,observed_public_property_context,0.64,0.28,sample_seed_review_taxonomy_prior,0.48,0.145,0.423,false,0.32,sample_seed_local_demand_context,800,800,800,1.0,0.711,false,189,1.159,6,0.92,sample_seed_public_rate_shape,
case_00197,TKT000197,PMS001536,CRM001536,1.0,direct_pms_reservation_id,0.95,direct_crm_id,0.0,no_comp_record,new_guest,business_traveler,610,2440,5360,0.299,0,2026-08-09,2026-08-09,corporate,false,0,2,spa_wellness_service_issue,wellness service,process,5,false,0.79,false,67,1.0,0.698,0,,,0,0,0,0,0,0,0.782,0.589,0.427,0.693,0.626,Santa Monica Proper Hotel,true,true,true,true,true,true,0.88,1.22,1.18,1.12,1.04,1.04,1.08,0.92,observed_public_property_context,0.64,0.28,sample_seed_review_taxonomy_prior,0.7,0.176,0.625,false,0.32,sample_seed_local_demand_context,845,810,828,1.043,0.889,true,233,1.244,6,0.92,sample_seed_public_rate_shape,no_review_or_survey;no_comp_record
case_00198,TKT000198,PMS001207,CRM001207,1.0,direct_pms_reservation_id,0.95,direct_crm_id,1.0,direct_ticket_id,new_guest,business_traveler,730,2190,2680,0.245,0,2026-08-01,2026-08-02,direct,false,0,1,billing_or_fee_dispute,fee dispute,process,5,false,0.6,true,5,1.0,0.681,0,spa_wellness_credit,Surya-style credit,345,190,315,135,0,160,0.658,0.678,0.355,0.608,0.71,Santa Monica Proper Hotel,true,true,true,true,true,true,0.88,1.22,1.18,1.12,1.04,1.04,1.08,0.92,observed_public_property_context,0.58,0.28,sample_seed_review_taxonomy_prior,0.7,0.278,0.64,false,0.32,sample_seed_local_demand_context,925,875,898,1.057,1.0,true,278,1.294,6,0.92,sample_seed_public_rate_shape,no_review_or_survey
case_00199,TKT000199,PMS000337,CRM000337,1.0,direct_pms_reservation_id,0.95,direct_crm_id,1.0,direct_ticket_id,new_guest,coastal_weekend,550,2750,5620,0.284,0.2,2026-03-23,2026-03-27,direct,false,0,0,room_readiness_delay,late room,outcome,3,false,0.88,false,5,0.6,0.518,0,late_checkout,4pm checkout,115,23,0,0,0,0,0.65,0.838,0.608,0.466,0.613,Santa Monica Proper Hotel,true,true,true,true,true,true,0.88,1.22,1.18,1.12,1.04,1.04,1.08,0.92,observed_public_property_context,0.74,0.28,sample_seed_review_taxonomy_prior,0.48,0.115,0.454,false,0.32,sample_seed_local_demand_context,810,760,768,1.066,0.751,true,199,1.192,6,0.92,sample_seed_public_rate_shape,no_review_or_survey
case_00200,TKT000200,PMS001570,CRM001570,1.0,direct_pms_reservation_id,0.95,direct_crm_id,0.0,no_comp_record,returning_guest,business_traveler,710,4260,7668,0.466,0,2026-03-03,2026-03-08,ota,false,0,0,spa_wellness_service_issue,spa recovery,process,3,false,0.74,true,5,0.77,0.531,5.6,,,0,0,100,100,0,0,0.652,0.586,0.611,0.474,0.388,Santa Monica Proper Hotel,true,true,true,true,true,true,0.88,1.22,1.18,1.12,1.04,1.04,1.08,0.92,observed_public_property_context,0.64,0.28,sample_seed_review_taxonomy_prior,0.48,0.029,0.384,false,0.32,sample_seed_local_demand_context,780,765,765,1.02,0.632,false,171,1.131,6,0.92,sample_seed_public_rate_shape,ltv_imputed;no_comp_record
case_00201,TKT000201,PMS000036,CRM000036,1.0,direct_pms_reservation_id,0.95,direct_crm_id,1.0,direct_ticket_id,new_guest,coastal_weekend,640,4480,5950,0.367,0.2,2026-02-23,2026-02-23,direct,false,0,0,room_readiness_delay,arrival delay,outcome,2,false,0.88,true,14,0.4,0.415,0,lobby_lounge_credit,Lobby F&B,135,51,595,210,385,0,0.463,0.401,0.209,0.263,0.278,Santa Monica Proper Hotel,true,true,true,true,true,true,0.88,1.22,1.18,1.12,1.04,1.04,1.08,0.92,observed_public_property_context,0.74,0.28,sample_seed_review_taxonomy_prior,0.22,0.042,0.204,false,0.32,sample_seed_local_demand_context,690,605,642,1.14,0.277,false,97,1.011,6,0.92,sample_seed_public_rate_shape,no_review_or_survey
case_00202,TKT000202,PMS001102,CRM001102,1.0,direct_pms_reservation_id,0.95,direct_crm_id,1.0,direct_ticket_id,returning_guest,design_leisure,550,3850,15170,0.539,0.2,2026-11-01,2026-11-01,ota,false,0,1,maintenance_issue,maintenance,outcome,3,true,0.78,false,77,0.491,0.465,6.6,spa_wellness_credit,Spa credit,395,217,350,0,0,350,0.325,0.436,0.307,0.396,0.316,Santa Monica Proper Hotel,true,true,true,true,true,true,0.88,1.22,1.18,1.12,1.04,1.04,1.08,0.92,observed_public_property_context,0.69,0.28,sample_seed_review_taxonomy_prior,0.48,0.087,0.445,false,0.32,sample_seed_local_demand_context,755,765,762,0.987,0.534,false,149,1.084,6,0.92,sample_seed_public_rate_shape,severity_inferred
case_00203,TKT000203,PMS000591,CRM000591,1.0,direct_pms_reservation_id,0.95,direct_crm_id,0.62,reservation_level_comp_match,returning_guest,wellness_getaway,730,5110,13950,0.569,0,2026-07-08,2026-07-14,direct,false,0,0,billing_or_fee_dispute,folio issue,process,1,false,0.55,true,5,0.2,0.266,0,manager_note,Personal apology,0,0,400,400,0,0,0.79,0.718,0.551,0.572,0.896,Santa Monica Proper Hotel,true,true,true,true,true,true,0.88,1.22,1.18,1.12,1.04,1.04,1.08,0.92,observed_public_property_context,0.58,0.28,sample_seed_review_taxonomy_prior,0.22,0.442,0.36,false,0.32,sample_seed_local_demand_context,775,770,772,1.006,0.613,false,166,1.119,6,0.92,sample_seed_public_rate_shape,no_review_or_survey
case_00204,TKT000204,PMS001414,CRM001414,1.0,direct_pms_reservation_id,0.95,direct_crm_id,1.0,direct_ticket_id,new_guest,design_leisure,640,1280,2620,0.25,0.2,2026-12-29,2026-12-30,direct,false,0,4,valet_or_parking_delay,valet wait,process,1,false,0.62,false,5,0.2,0.219,0,parking_fee_waiver,Parking/Dest fee,110,20,0,0,0,0,0.541,0.515,0.414,0.55,0.293,Santa Monica Proper Hotel,true,true,true,true,true,true,0.88,1.22,1.18,1.12,1.04,1.04,1.08,0.92,observed_public_property_context,0.56,0.18,sample_seed_review_taxonomy_prior,0.78,0.13,0.652,false,0.32,sample_seed_local_demand_context,860,815,825,1.055,0.949,true,248,1.272,6,0.92,sample_seed_public_rate_shape,no_review_or_survey
case_00205,TKT000205,PMS000785,CRM000785,1.0,direct_pms_reservation_id,0.95,direct_crm_id,0.0,no_comp_record,new_guest,event_or_wedding,660,1980,2490,0.217,0,2026-06-04,2026-06-05,direct,true,0,0,billing_or_fee_dispute,fee dispute,process,1,false,0.55,true,5,0.2,0.266,0,,,0,0,170,90,80,0,0.944,0.932,0.815,0.841,0.996,Santa Monica Proper Hotel,true,true,true,true,true,true,0.88,1.22,1.18,1.12,1.04,1.04,1.08,0.92,observed_public_property_context,0.58,0.28,sample_seed_review_taxonomy_prior,0.7,0.141,0.607,false,0.32,sample_seed_local_demand_context,945,915,920,1.033,1.0,true,284,1.288,6,0.92,sample_seed_public_rate_shape,no_review_or_survey;no_comp_record
case_00206,TKT000206,PMS000627,CRM000627,1.0,direct_pms_reservation_id,0.95,direct_crm_id,1.0,direct_ticket_id,loyalty_guest,design_leisure,590,1180,4150,0.381,0,2026-08-02,2026-08-02,ota,false,0,0,room_assignment_expectation_gap,view issue,outcome,3,true,0.74,false,37,0.6,0.501,0,manager_note,Manager Note,0,0,0,0,0,0,0.658,0.678,0.355,0.608,0.71,Santa Monica Proper Hotel,true,true,true,true,true,true,0.88,1.22,1.18,1.12,1.04,1.04,1.08,0.92,observed_public_property_context,0.68,0.28,sample_seed_review_taxonomy_prior,0.7,0.278,0.64,false,0.32,sample_seed_local_demand_context,925,875,898,1.057,1.0,true,278,1.294,6,0.92,sample_seed_public_rate_shape,severity_inferred;no_review_or_survey
case_00207,TKT000207,PMS000193,CRM000193,1.0,direct_pms_reservation_id,0.95,direct_crm_id,1.0,direct_ticket_id,loyalty_guest,design_leisure,720,1440,6920,0.421,0.2,2026-07-23,2026-07-24,travel_advisor,false,0,0,valet_or_parking_delay,car delay,process,1,false,0.62,true,5,0.2,0.219,0,amenity_gesture,Amenity,55,25,430,430,0,0,0.926,0.804,0.837,0.878,0.772,Santa Monica Proper Hotel,true,true,true,true,true,true,0.88,1.22,1.18,1.12,1.04,1.04,1.08,0.92,observed_public_property_context,0.56,0.18,sample_seed_review_taxonomy_prior,0.7,0.117,0.604,false,0.32,sample_seed_local_demand_context,810,805,808,1.006,0.751,true,199,1.177,6,0.92,sample_seed_public_rate_shape,no_review_or_survey
case_00208,TKT000208,PMS000353,CRM000353,1.0,direct_pms_reservation_id,0.95,direct_crm_id,1.0,direct_ticket_id,new_guest,wellness_getaway,700,700,1470,0.164,0.2,2026-06-14,2026-06-14,travel_advisor,true,0,1,noise_disruption,neighbor noise,process,2,true,0.48,true,5,0.717,0.51,5.8,partial_room_refund,Room rate adjustment,390,390,0,0,0,0,0.859,0.895,0.958,0.766,0.524,Santa Monica Proper Hotel,true,true,true,true,true,true,0.88,1.22,1.18,1.12,1.04,1.04,1.08,0.92,observed_public_property_context,0.62,0.28,sample_seed_review_taxonomy_prior,0.7,0.118,0.571,false,0.32,sample_seed_local_demand_context,960,890,908,1.079,1.0,true,288,1.3,6,0.92,sample_seed_public_rate_shape,severity_inferred
case_00209,TKT000209,PMS000478,CRM000478,0.78,guest_key_date_window,0.95,direct_crm_id,1.0,direct_ticket_id,loyalty_guest,design_leisure,650,2600,12460,0.546,0.2,2026-11-03,2026-11-03,direct,false,1,1,room_readiness_delay,room_not_ready,outcome,2,false,0.88,false,5,0.517,0.447,7.0,amenity_gesture,Amenity,0,0,190,190,0,0,0.32,0.319,0.122,0.171,0.258,Santa Monica Proper Hotel,true,true,true,true,true,true,0.88,1.22,1.18,1.12,1.04,1.04,1.08,0.92,observed_public_property_context,0.74,0.28,sample_seed_review_taxonomy_prior,0.22,0.044,0.219,false,0.32,sample_seed_local_demand_context,645,630,638,1.024,0.099,false,66,0.908,6,0.92,sample_seed_public_rate_shape,
case_00210,TKT000210,PMS000359,CRM000359,1.0,direct_pms_reservation_id,0.95,direct_crm_id,0.0,no_comp_record,new_guest,design_leisure,630,4410,5480,0.36,0,2026-03-19,2026-03-21,group_or_event,false,0,0,f_and_b_service_lapse,restaurant issue,process,1,false,0.7,false,5,0.226,0.256,8.9,,,0,0,0,0,0,0,0.746,0.73,0.44,0.496,0.354,Santa Monica Proper Hotel,true,true,true,true,true,true,0.88,1.22,1.18,1.12,1.04,1.04,1.08,0.92,observed_public_property_context,0.6,0.28,sample_seed_review_taxonomy_prior,0.48,0.091,0.373,false,0.32,sample_seed_local_demand_context,695,670,682,1.037,0.296,false,101,0.994,6,0.92,sample_seed_public_rate_shape,no_comp_record
case_00211,TKT000211,PMS000548,CRM000548,1.0,direct_pms_reservation_id,0.95,direct_crm_id,0.0,no_comp_record,returning_guest,local_staycation,510,1020,3530,0.276,0,2026-04-27,2026-04-27,direct,true,0,0,room_assignment_expectation_gap,wrong room,outcome,3,false,0.74,false,5,0.598,0.486,6.3,,,0,0,355,310,0,0,0.39,0.362,0.338,0.354,0.215,Santa Monica Proper Hotel,true,true,true,true,true,true,0.88,1.22,1.18,1.12,1.04,1.04,1.08,0.92,observed_public_property_context,0.68,0.28,sample_seed_review_taxonomy_prior,0.22,0.047,0.272,false,0.32,sample_seed_local_demand_context,685,670,675,1.022,0.257,false,94,0.973,6,0.92,sample_seed_public_rate_shape,no_comp_record
case_00212,TKT000212,PMS000980,CRM000980,1.0,direct_pms_reservation_id,0.95,direct_crm_id,0.0,no_comp_record,new_guest,business_traveler,650,1950,3850,0.23,0,2026-10-23,2026-10-25,ota,false,0,0,billing_or_fee_dispute,charge question,process,2,false,0.55,true,5,0.313,0.386,7.2,,,0,0,0,0,0,0,0.469,0.505,0.335,0.318,0.195,Santa Monica Proper Hotel,true,true,true,true,true,true,0.88,1.22,1.18,1.12,1.04,1.04,1.08,0.92,observed_public_property_context,0.58,0.28,sample_seed_review_taxonomy_prior,0.48,0.101,0.427,false,0.32,sample_seed_local_demand_context,785,785,785,1.0,0.652,false,175,1.134,6,0.92,sample_seed_public_rate_shape,no_comp_record
case_00213,TKT000213,PMS001427,CRM001427,1.0,direct_pms_reservation_id,0.95,direct_crm_id,0.0,no_comp_record,new_guest,design_leisure,680,2720,4640,0.273,0,2026-03-24,2026-03-27,direct,false,0,0,room_assignment_expectation_gap,wrong room,outcome,3,false,0.74,true,5,0.6,0.501,0,,,0,0,30,0,0,30,0.65,0.838,0.608,0.466,0.613,Santa Monica Proper Hotel,true,true,true,true,true,true,0.88,1.22,1.18,1.12,1.04,1.04,1.08,0.92,observed_public_property_context,0.68,0.28,sample_seed_review_taxonomy_prior,0.48,0.115,0.454,false,0.32,sample_seed_local_demand_context,810,760,768,1.066,0.751,true,199,1.192,6,0.92,sample_seed_public_rate_shape,no_review_or_survey;no_comp_record
case_00214,TKT000214,PMS000450,CRM000450,1.0,direct_pms_reservation_id,0.95,direct_crm_id,1.0,direct_ticket_id,new_guest,event_or_wedding,790,790,1390,0.152,0.2,2026-07-13,2026-07-13,direct,true,0,0,room_readiness_delay,arrival delay,outcome,5,false,0.93,true,5,1.0,0.726,0,rooftop_f_and_b_credit,Calabra recovery,180,72,525,445,0,80,0.912,0.871,0.757,0.571,0.501,Santa Monica Proper Hotel,true,true,true,true,true,true,0.88,1.22,1.18,1.12,1.04,1.04,1.08,0.92,observed_public_property_context,0.74,0.28,sample_seed_review_taxonomy_prior,0.22,0.445,0.313,false,0.32,sample_seed_local_demand_context,815,785,800,1.038,0.771,true,203,1.193,6,0.92,sample_seed_public_rate_shape,no_review_or_survey
case_00215,TKT000215,PMS000702,CRM000702,1.0,direct_pms_reservation_id,0.95,direct_crm_id,1.0,direct_ticket_id,loyalty_guest,coastal_weekend,680,680,2710,0.344,0.2,2026-12-31,2026-12-31,travel_advisor,true,1,0,housekeeping_miss,linen/turndown,outcome,4,false,0.95,false,48,0.8,0.616,0,late_checkout,4pm checkout,65,13,415,160,0,195,0.479,0.433,0.183,0.173,0.372,Santa Monica Proper Hotel,true,true,true,true,true,true,0.88,1.22,1.18,1.12,1.04,1.04,1.08,0.92,observed_public_property_context,0.72,0.28,sample_seed_review_taxonomy_prior,0.78,0.65,0.706,true,0.32,sample_seed_local_demand_context,870,870,870,1.0,0.988,true,259,1.275,6,0.92,sample_seed_public_rate_shape,no_review_or_survey
case_00216,TKT000216,PMS001481,CRM001481,1.0,direct_pms_reservation_id,0.95,direct_crm_id,1.0,direct_ticket_id,new_guest,business_traveler,720,3600,6480,0.348,0.2,2026-09-04,2026-09-06,ota,false,0,1,room_readiness_delay,room_not_ready,outcome,5,false,0.93,true,5,1.0,0.751,3.2,partial_room_refund,Refund,505,505,950,950,0,0,0.933,0.919,0.773,0.686,0.838,Santa Monica Proper Hotel,true,true,true,true,true,true,0.88,1.22,1.18,1.12,1.04,1.04,1.08,0.92,observed_public_property_context,0.74,0.28,sample_seed_review_taxonomy_prior,0.7,0.17,0.537,false,0.32,sample_seed_local_demand_context,845,865,855,0.977,0.889,true,233,1.234,6,0.92,sample_seed_public_rate_shape,ltv_imputed
case_00217,TKT000217,PMS000953,CRM000953,1.0,direct_pms_reservation_id,0.95,direct_crm_id,0.0,no_comp_record,loyalty_guest,event_or_wedding,460,3220,13990,0.574,0,2026-01-24,2026-01-29,ota,false,0,0,maintenance_issue,engineering,outcome,2,false,0.78,true,5,0.4,0.401,0,,,0,0,190,190,0,0,0.771,0.855,0.671,0.812,0.246,Santa Monica Proper Hotel,true,true,true,true,true,true,0.88,1.22,1.18,1.12,1.04,1.04,1.08,0.92,observed_public_property_context,0.69,0.28,sample_seed_review_taxonomy_prior,0.22,0.57,0.38,false,0.32,sample_seed_local_demand_context,605,710,680,0.852,0.0,false,48,0.86,6,0.92,sample_seed_public_rate_shape,no_review_or_survey;no_comp_record
case_00218,TKT000218,PMS000228,CRM000228,1.0,direct_pms_reservation_id,0.95,direct_crm_id,0.0,no_comp_record,new_guest,design_leisure,590,3540,7280,0.369,0,2026-11-13,2026-11-18,direct,false,0,2,spa_wellness_service_issue,treatment delay,process,3,false,0.74,true,5,0.6,0.49,0,,,0,0,1005,730,215,60,0.724,0.653,0.597,0.528,0.306,Santa Monica Proper Hotel,true,true,true,true,true,true,0.88,1.22,1.18,1.12,1.04,1.04,1.08,0.92,observed_public_property_context,0.64,0.28,sample_seed_review_taxonomy_prior,0.22,0.06,0.264,false,0.32,sample_seed_local_demand_context,645,650,648,0.992,0.099,false,66,0.902,6,0.92,sample_seed_public_rate_shape,no_review_or_survey;no_comp_record
case_00219,TKT000219,PMS000580,CRM000580,1.0,direct_pms_reservation_id,0.95,direct_crm_id,0.0,no_comp_record,new_guest,wellness_getaway,590,1180,2160,0.177,0,2026-03-04,2026-03-05,ota,false,0,0,valet_or_parking_delay,parking,process,3,false,0.62,true,5,0.545,0.383,6.9,,,0,0,0,0,0,0,0.609,0.628,0.626,0.485,0.477,Santa Monica Proper Hotel,true,true,true,true,true,true,0.88,1.22,1.18,1.12,1.04,1.04,1.08,0.92,observed_public_property_context,0.56,0.18,sample_seed_review_taxonomy_prior,0.22,0.135,0.254,false,0.32,sample_seed_local_demand_context,620,655,638,0.947,0.0,false,50,0.86,6,0.92,sample_seed_public_rate_shape,no_comp_record
case_00220,TKT000220,PMS000657,CRM000657,1.0,direct_pms_reservation_id,0.95,direct_crm_id,0.0,no_comp_record,new_guest,business_traveler,790,3950,5330,0.353,0,2026-08-21,2026-08-24,ota,false,0,1,room_readiness_delay,late room,outcome,3,true,0.88,true,5,0.619,0.487,6.5,,,0,0,0,0,0,0,0.774,0.746,0.583,0.792,0.659,Santa Monica Proper Hotel,true,true,true,true,true,true,0.88,1.22,1.18,1.12,1.04,1.04,1.08,0.92,observed_public_property_context,0.74,0.28,sample_seed_review_taxonomy_prior,0.22,0.142,0.205,false,0.32,sample_seed_local_demand_context,735,710,722,1.035,0.455,false,132,1.06,6,0.92,sample_seed_public_rate_shape,severity_inferred;no_comp_record
case_00221,TKT000221,PMS001275,CRM001275,1.0,direct_pms_reservation_id,0.95,direct_crm_id,0.0,no_comp_record,new_guest,design_leisure,670,1340,2190,0.217,0,2026-12-15,2026-12-15,ota,false,0,2,valet_or_parking_delay,valet wait,process,2,false,0.62,false,5,0.372,0.319,7.6,,,0,0,165,45,0,120,0.42,0.266,0.43,0.304,0.306,Santa Monica Proper Hotel,true,true,true,true,true,true,0.88,1.22,1.18,1.12,1.04,1.04,1.08,0.92,observed_public_property_context,0.56,0.18,sample_seed_review_taxonomy_prior,0.22,0.104,0.216,false,0.32,sample_seed_local_demand_context,615,605,610,1.017,0.0,false,49,0.864,6,0.92,sample_seed_public_rate_shape,no_comp_record
case_00222,TKT000222,PMS001108,CRM001108,1.0,direct_pms_reservation_id,0.95,direct_crm_id,1.0,direct_ticket_id,new_guest,design_leisure,570,3990,7480,0.36,0,2026-08-23,2026-08-23,direct,true,1,0,room_assignment_expectation_gap,view issue,outcome,3,false,0.74,true,94,0.326,0.438,6.9,manager_note,Manager Note,0,0,685,305,305,75,0.923,0.932,0.994,0.737,0.893,Santa Monica Proper Hotel,true,true,true,true,true,true,0.88,1.22,1.18,1.12,1.04,1.04,1.08,0.92,observed_public_property_context,0.68,0.28,sample_seed_review_taxonomy_prior,0.7,0.095,0.553,false,0.32,sample_seed_local_demand_context,900,930,915,0.968,1.0,true,270,1.28,6,0.92,sample_seed_public_rate_shape,
case_00223,TKT000223,PMS001363,CRM001363,0.78,guest_key_date_window,0.95,direct_crm_id,0.0,no_comp_record,loyalty_guest,design_leisure,790,5530,23830,0.761,0,2026-12-01,2026-12-04,ota,true,1,1,noise_disruption,noise,process,2,true,0.48,true,63,0.4,0.381,0,,,0,0,680,290,360,0,0.69,0.61,0.72,0.477,0.364,Santa Monica Proper Hotel,true,true,true,true,true,true,0.88,1.22,1.18,1.12,1.04,1.04,1.08,0.92,observed_public_property_context,0.62,0.28,sample_seed_review_taxonomy_prior,0.48,0.125,0.454,false,0.32,sample_seed_local_demand_context,815,740,752,1.101,0.771,true,203,1.209,6,0.92,sample_seed_public_rate_shape,severity_inferred;no_review_or_survey;no_comp_record
case_00224,TKT000224,PMS000425,CRM000425,1.0,direct_pms_reservation_id,0.95,direct_crm_id,1.0,direct_ticket_id,new_guest,coastal_weekend,560,560,1100,0.138,0,2026-08-19,2026-08-19,corporate,false,0,0,maintenance_issue,maintenance,outcome,5,false,0.83,true,5,0.936,0.649,4.3,partial_room_refund,Refund,430,430,0,0,0,0,0.99,1.0,0.881,0.761,0.67,Santa Monica Proper Hotel,true,true,true,true,true,true,0.88,1.22,1.18,1.12,1.04,1.04,1.08,0.92,observed_public_property_context,0.69,0.28,sample_seed_review_taxonomy_prior,0.22,0.026,0.211,false,0.32,sample_seed_local_demand_context,775,780,778,0.994,0.613,false,166,1.117,6,0.92,sample_seed_public_rate_shape,
case_00225,TKT000225,PMS000901,CRM000901,0.78,guest_key_date_window,0.95,direct_crm_id,0.0,no_comp_record,returning_guest,coastal_weekend,660,1320,4830,0.318,0.2,2026-11-20,2026-11-20,travel_advisor,false,0,1,room_readiness_delay,checkin wait,outcome,2,false,0.88,true,5,0.189,0.335,8.4,,,0,0,465,465,0,0,0.676,0.732,0.459,0.676,0.398,Santa Monica Proper Hotel,true,true,true,true,true,true,0.88,1.22,1.18,1.12,1.04,1.04,1.08,0.92,observed_public_property_context,0.74,0.28,sample_seed_review_taxonomy_prior,0.48,0.132,0.434,false,0.32,sample_seed_local_demand_context,805,795,795,1.013,0.731,true,194,1.17,6,0.92,sample_seed_public_rate_shape,no_comp_record
case_00226,TKT000226,PMS000861,CRM000861,1.0,direct_pms_reservation_id,0.95,direct_crm_id,0.0,no_comp_record,new_guest,event_or_wedding,600,1200,2370,0.18,0,2026-08-29,2026-08-30,direct,false,0,0,noise_disruption,street noise,process,2,false,0.48,true,5,0.4,0.381,0,,,0,0,360,170,0,190,0.99,1.0,0.993,0.657,0.711,Santa Monica Proper Hotel,true,true,true,true,true,true,0.88,1.22,1.18,1.12,1.04,1.04,1.08,0.92,observed_public_property_context,0.62,0.28,sample_seed_review_taxonomy_prior,0.7,0.022,0.526,false,0.32,sample_seed_local_demand_context,765,820,818,0.933,0.573,true,158,1.101,6,0.92,sample_seed_public_rate_shape,no_review_or_survey;no_comp_record
case_00227,TKT000227,PMS000798,CRM000798,1.0,direct_pms_reservation_id,0.95,direct_crm_id,0.0,no_comp_record,loyalty_guest,wellness_getaway,620,4340,24010,0.706,0,2026-08-02,2026-08-03,direct,false,0,0,housekeeping_miss,room clean issue,outcome,5,false,0.95,false,5,1.0,0.72,0,,,0,0,895,840,0,0,0.925,0.972,0.668,0.528,0.726,Santa Monica Proper Hotel,true,true,true,true,true,true,0.88,1.22,1.18,1.12,1.04,1.04,1.08,0.92,observed_public_property_context,0.72,0.28,sample_seed_review_taxonomy_prior,0.22,0.162,0.246,false,0.32,sample_seed_local_demand_context,820,830,825,0.988,0.791,true,208,1.192,6,0.92,sample_seed_public_rate_shape,no_review_or_survey;no_comp_record
case_00228,TKT000228,PMS001551,CRM001551,1.0,direct_pms_reservation_id,0.95,direct_crm_id,0.0,no_comp_record,loyalty_guest,wellness_getaway,700,4900,24410,0.731,0,2026-07-30,2026-08-04,corporate,true,1,0,room_assignment_expectation_gap,view issue,outcome,3,false,0.74,true,5,0.587,0.526,5.8,,,0,0,345,345,0,0,0.793,0.725,0.781,0.577,0.573,Santa Monica Proper Hotel,true,true,true,true,true,true,0.88,1.22,1.18,1.12,1.04,1.04,1.08,0.92,observed_public_property_context,0.68,0.28,sample_seed_review_taxonomy_prior,0.22,0.405,0.306,false,0.32,sample_seed_local_demand_context,780,780,780,1.0,0.632,false,171,1.126,6,0.92,sample_seed_public_rate_shape,no_comp_record
case_00229,TKT000229,PMS001270,CRM001270,0.78,guest_key_date_window,0.95,direct_crm_id,0.0,no_comp_record,new_guest,coastal_weekend,640,3200,3870,0.304,0,2026-09-26,2026-09-28,corporate,false,0,1,billing_or_fee_dispute,folio issue,process,2,true,0.55,false,5,0.4,0.37,0,,,0,0,0,0,0,0,0.99,0.94,0.825,0.729,0.938,Santa Monica Proper Hotel,true,true,true,true,true,true,0.88,1.22,1.18,1.12,1.04,1.04,1.08,0.92,observed_public_property_context,0.58,0.28,sample_seed_review_taxonomy_prior,0.22,0.09,0.2,false,0.32,sample_seed_local_demand_context,690,695,692,0.993,0.277,false,97,0.976,6,0.92,sample_seed_public_rate_shape,severity_inferred;no_review_or_survey;no_comp_record
case_00230,TKT000230,PMS001590,CRM001590,1.0,direct_pms_reservation_id,0.95,direct_crm_id,1.0,direct_ticket_id,loyalty_guest,design_leisure,790,790,4520,0.367,0.2,2026-07-22,2026-07-22,corporate,false,0,0,room_readiness_delay,arrival delay,outcome,3,false,0.88,true,5,0.6,0.518,0,lobby_lounge_credit,Lobby F&B,115,44,190,40,0,150,0.736,0.736,0.585,0.401,0.657,Santa Monica Proper Hotel,true,true,true,true,true,true,0.88,1.22,1.18,1.12,1.04,1.04,1.08,0.92,observed_public_property_context,0.74,0.28,sample_seed_review_taxonomy_prior,0.22,0.121,0.288,false,0.32,sample_seed_local_demand_context,770,705,738,1.092,0.593,false,162,1.132,6,0.92,sample_seed_public_rate_shape,no_review_or_survey
case_00231,TKT000231,PMS000864,CRM000864,1.0,direct_pms_reservation_id,0.95,direct_crm_id,0.0,no_comp_record,returning_guest,coastal_weekend,730,730,1314,0.272,0,2026-06-20,2026-06-20,direct,true,0,2,room_assignment_expectation_gap,room type mismatch,outcome,4,false,0.79,true,5,0.8,0.605,0,,,0,0,475,435,0,40,0.752,0.746,0.767,0.796,0.531,Santa Monica Proper Hotel,true,true,true,true,true,true,0.88,1.22,1.18,1.12,1.04,1.04,1.08,0.92,observed_public_property_context,0.68,0.28,sample_seed_review_taxonomy_prior,0.7,0.065,0.525,false,0.32,sample_seed_local_demand_context,885,830,858,1.066,1.0,true,266,1.296,6,0.92,sample_seed_public_rate_shape,ltv_imputed;no_review_or_survey;no_comp_record
case_00232,TKT000232,PMS000407,CRM000407,1.0,direct_pms_reservation_id,0.95,direct_crm_id,1.0,direct_ticket_id,new_guest,business_traveler,860,5160,9740,0.437,0.2,2026-05-13,2026-05-16,ota,false,0,0,maintenance_issue,facilities issue,outcome,3,true,0.78,true,5,0.6,0.504,0,late_checkout,Late checkout,80,16,70,70,0,0,0.826,0.905,0.474,0.539,0.905,Santa Monica Proper Hotel,true,true,true,true,true,true,0.88,1.22,1.18,1.12,1.04,1.04,1.08,0.92,observed_public_property_context,0.69,0.28,sample_seed_review_taxonomy_prior,0.48,0.166,0.438,false,0.32,sample_seed_local_demand_context,875,895,892,0.978,1.0,true,262,1.28,6,0.92,sample_seed_public_rate_shape,severity_inferred;no_review_or_survey
case_00233,TKT000233,PMS000348,CRM000348,1.0,direct_pms_reservation_id,0.95,direct_crm_id,0.0,no_comp_record,new_guest,coastal_weekend,500,2000,4310,0.237,0,2026-01-08,2026-01-11,travel_advisor,false,0,0,valet_or_parking_delay,arrival valet,process,3,false,0.62,true,5,0.6,0.455,0,,,0,0,125,85,0,0,0.764,0.905,0.564,0.725,0.3,Santa Monica Proper Hotel,true,true,true,true,true,true,0.88,1.22,1.18,1.12,1.04,1.04,1.08,0.92,observed_public_property_context,0.56,0.18,sample_seed_review_taxonomy_prior,0.48,0.155,0.447,false,0.32,sample_seed_local_demand_context,805,815,815,0.988,0.731,true,194,1.167,6,0.92,sample_seed_public_rate_shape,no_review_or_survey;no_comp_record
case_00234,TKT000234,PMS000824,CRM000824,1.0,direct_pms_reservation_id,0.95,direct_crm_id,1.0,direct_ticket_id,returning_guest,coastal_weekend,820,1640,3410,0.303,0,2026-07-15,2026-07-16,group_or_event,false,0,0,valet_or_parking_delay,valet wait,process,2,false,0.62,false,21,0.4,0.337,0,parking_fee_waiver,Destination fee waive,80,14,555,0,520,0,0.761,0.921,0.789,0.573,0.62,Santa Monica Proper Hotel,true,true,true,true,true,true,0.88,1.22,1.18,1.12,1.04,1.04,1.08,0.92,observed_public_property_context,0.56,0.18,sample_seed_review_taxonomy_prior,0.22,0.177,0.222,false,0.32,sample_seed_local_demand_context,735,765,750,0.961,0.455,false,132,1.051,6,0.92,sample_seed_public_rate_shape,no_review_or_survey
case_00235,TKT000235,PMS001534,CRM001534,1.0,direct_pms_reservation_id,0.95,direct_crm_id,1.0,direct_ticket_id,returning_guest,local_staycation,730,730,2710,0.27,0.2,2026-09-28,2026-09-28,ota,false,0,1,room_readiness_delay,room_not_ready,outcome,4,false,0.93,false,5,0.8,0.622,0,rooftop_f_and_b_credit,Restaurant credit,145,58,195,175,0,20,0.99,0.94,0.825,0.729,0.938,Santa Monica Proper Hotel,true,true,true,true,true,true,0.88,1.22,1.18,1.12,1.04,1.04,1.08,0.92,observed_public_property_context,0.74,0.28,sample_seed_review_taxonomy_prior,0.22,0.09,0.2,false,0.32,sample_seed_local_demand_context,690,695,692,0.993,0.277,false,97,0.976,6,0.92,sample_seed_public_rate_shape,no_review_or_survey
case_00236,TKT000236,PMS001013,CRM001013,1.0,direct_pms_reservation_id,0.95,direct_crm_id,1.0,direct_ticket_id,event_or_suite_guest,wellness_getaway,930,2790,22890,0.754,0.2,2026-04-19,2026-04-20,ota,false,0,0,spa_wellness_service_issue,spa recovery,process,4,false,0.79,true,5,1.0,0.467,6.4,lobby_lounge_credit,Bar credit,145,55,380,0,380,0,0.32,0.212,0.196,0.232,0.269,Santa Monica Proper Hotel,true,true,true,true,true,true,0.88,1.22,1.18,1.12,1.04,1.04,1.08,0.92,observed_public_property_context,0.64,0.28,sample_seed_review_taxonomy_prior,0.22,0.144,0.287,false,0.32,sample_seed_local_demand_context,660,695,678,0.95,0.158,false,76,0.926,6,0.92,sample_seed_public_rate_shape,
case_00237,TKT000237,PMS000023,CRM000023,0.78,guest_key_date_window,0.95,direct_crm_id,0.62,reservation_level_comp_match,new_guest,family_beach_trip,490,1960,3528,0.227,0.2,2026-01-04,2026-01-06,corporate,false,0,0,noise_disruption,noise,process,1,false,0.48,true,5,0.2,0.277,0,amenity_gesture,Welcome amenity,55,25,245,0,0,245,0.737,0.729,0.817,0.662,0.229,Santa Monica Proper Hotel,true,true,true,true,true,true,0.88,1.22,1.18,1.12,1.04,1.04,1.08,0.92,observed_public_property_context,0.62,0.28,sample_seed_review_taxonomy_prior,0.22,0.644,0.389,false,0.32,sample_seed_local_demand_context,695,765,730,0.908,0.296,false,101,0.985,6,0.92,sample_seed_public_rate_shape,ltv_imputed;no_review_or_survey
case_00238,TKT000238,PMS001178,CRM001178,1.0,direct_pms_reservation_id,0.95,direct_crm_id,1.0,direct_ticket_id,new_guest,business_traveler,650,1300,1640,0.178,0,2026-03-13,2026-03-14,ota,false,0,0,noise_disruption,neighbor noise,process,3,false,0.48,true,5,0.6,0.485,0,late_checkout,Late CO,70,14,440,440,0,0,0.567,0.573,0.515,0.453,0.323,Santa Monica Proper Hotel,true,true,true,true,true,true,0.88,1.22,1.18,1.12,1.04,1.04,1.08,0.92,observed_public_property_context,0.62,0.28,sample_seed_review_taxonomy_prior,0.48,0.611,0.524,false,0.32,sample_seed_local_demand_context,765,745,755,1.027,0.573,false,158,1.107,6,0.92,sample_seed_public_rate_shape,no_review_or_survey
case_00239,TKT000239,PMS001214,CRM001214,1.0,direct_pms_reservation_id,0.95,direct_crm_id,0.0,no_comp_record,returning_guest,design_leisure,750,3000,11870,0.466,0,2026-01-30,2026-02-01,ota,false,0,1,room_readiness_delay,room_not_ready,outcome,4,false,0.93,true,5,0.782,0.551,5.7,,,0,0,685,105,510,45,0.32,0.288,0.233,0.358,0.299,Santa Monica Proper Hotel,true,true,true,true,true,true,0.88,1.22,1.18,1.12,1.04,1.04,1.08,0.92,observed_public_property_context,0.74,0.28,sample_seed_review_taxonomy_prior,0.48,0.175,0.476,false,0.32,sample_seed_local_demand_context,690,725,708,0.952,0.277,false,97,0.976,6,0.92,sample_seed_public_rate_shape,no_comp_record
case_00240,TKT000240,PMS001519,CRM001519,1.0,direct_pms_reservation_id,0.95,direct_crm_id,1.0,direct_ticket_id,new_guest,coastal_weekend,500,500,830,0.133,0.2,2026-10-25,2026-10-25,travel_advisor,true,0,0,billing_or_fee_dispute,folio issue,process,3,false,0.55,false,5,0.6,0.473,0,parking_fee_waiver,Parking waiver,70,13,1005,720,285,0,0.469,0.505,0.335,0.318,0.195,Santa Monica Proper Hotel,true,true,true,true,true,true,0.88,1.22,1.18,1.12,1.04,1.04,1.08,0.92,observed_public_property_context,0.58,0.28,sample_seed_review_taxonomy_prior,0.48,0.101,0.427,false,0.32,sample_seed_local_demand_context,785,785,785,1.0,0.652,false,175,1.134,6,0.92,sample_seed_public_rate_shape,no_review_or_survey
case_00241,TKT000241,PMS000200,CRM000200,1.0,direct_pms_reservation_id,0.95,direct_crm_id,1.0,direct_ticket_id,new_guest,wellness_getaway,510,2040,3820,0.234,0.2,2026-11-04,2026-11-06,direct,false,0,0,maintenance_issue,room equipment,outcome,5,false,0.83,true,5,1.0,0.649,4.3,partial_room_refund,Refund,360,360,130,130,0,0,0.328,0.325,0.307,0.201,0.208,Santa Monica Proper Hotel,true,true,true,true,true,true,0.88,1.22,1.18,1.12,1.04,1.04,1.08,0.92,observed_public_property_context,0.69,0.28,sample_seed_review_taxonomy_prior,0.48,0.09,0.41,false,0.32,sample_seed_local_demand_context,695,710,702,0.979,0.296,false,101,0.985,6,0.92,sample_seed_public_rate_shape,
case_00242,TKT000242,PMS000191,CRM000191,1.0,direct_pms_reservation_id,0.95,direct_crm_id,1.0,direct_ticket_id,new_guest,business_traveler,720,4320,6390,0.364,0.2,2026-02-22,2026-02-23,travel_advisor,false,0,0,spa_wellness_service_issue,wellness service,process,3,true,0.74,true,5,0.6,0.49,0,partial_room_refund,Rate credit,435,435,0,0,0,0,0.463,0.401,0.209,0.263,0.278,Santa Monica Proper Hotel,true,true,true,true,true,true,0.88,1.22,1.18,1.12,1.04,1.04,1.08,0.92,observed_public_property_context,0.64,0.28,sample_seed_review_taxonomy_prior,0.22,0.042,0.204,false,0.32,sample_seed_local_demand_context,690,605,642,1.14,0.277,false,97,1.011,6,0.92,sample_seed_public_rate_shape,severity_inferred;no_review_or_survey
case_00243,TKT000243,PMS000972,CRM000972,1.0,direct_pms_reservation_id,0.95,direct_crm_id,1.0,direct_ticket_id,returning_guest,coastal_weekend,800,2400,9430,0.398,0.2,2026-05-11,2026-05-12,ota,false,0,0,room_readiness_delay,checkin wait,outcome,4,false,0.93,true,5,0.712,0.575,5.4,rooftop_f_and_b_credit,Restaurant credit,125,50,765,440,325,0,0.648,0.574,0.485,0.465,0.627,Santa Monica Proper Hotel,true,true,true,true,true,true,0.88,1.22,1.18,1.12,1.04,1.04,1.08,0.92,observed_public_property_context,0.74,0.28,sample_seed_review_taxonomy_prior,0.22,0.038,0.193,false,0.32,sample_seed_local_demand_context,765,710,738,1.077,0.573,false,158,1.12,6,0.92,sample_seed_public_rate_shape,
case_00244,TKT000244,PMS000554,CRM000554,1.0,direct_pms_reservation_id,0.95,direct_crm_id,1.0,direct_ticket_id,returning_guest,business_traveler,580,2320,4680,0.363,0,2026-10-25,2026-10-27,corporate,false,0,1,rooftop_pool_access_issue,cabana issue,process,5,false,0.69,false,5,1.0,0.686,0,partial_room_refund,Refund,490,490,0,0,0,0,0.583,0.49,0.467,0.393,0.415,Santa Monica Proper Hotel,true,true,true,true,true,true,0.88,1.22,1.18,1.12,1.04,1.04,1.08,0.92,observed_public_property_context,0.6,0.28,sample_seed_review_taxonomy_prior,0.22,0.141,0.224,false,0.32,sample_seed_local_demand_context,655,650,652,1.008,0.138,false,72,0.92,6,0.92,sample_seed_public_rate_shape,no_review_or_survey
case_00245,TKT000245,PMS000245,CRM000245,1.0,direct_pms_reservation_id,0.95,direct_crm_id,0.0,no_comp_record,new_guest,wellness_getaway,650,1300,1820,0.195,0,2026-11-03,2026-11-03,direct,false,0,1,room_readiness_delay,arrival delay,outcome,3,false,0.88,true,5,0.6,0.518,0,,,0,0,0,0,0,0,0.32,0.319,0.122,0.171,0.258,Santa Monica Proper Hotel,true,true,true,true,true,true,0.88,1.22,1.18,1.12,1.04,1.04,1.08,0.92,observed_public_property_context,0.74,0.28,sample_seed_review_taxonomy_prior,0.22,0.044,0.219,false,0.32,sample_seed_local_demand_context,645,630,638,1.024,0.099,false,66,0.908,6,0.92,sample_seed_public_rate_shape,no_review_or_survey;no_comp_record
case_00246,TKT000246,PMS001410,CRM001410,1.0,direct_pms_reservation_id,0.95,direct_crm_id,0.0,no_comp_record,new_guest,coastal_weekend,510,510,1100,0.136,0,2026-11-04,2026-11-04,group_or_event,true,1,0,room_assignment_expectation_gap,upgrade expectation,outcome,5,false,0.79,true,5,1.0,0.709,0,,,0,0,0,0,0,0,0.558,0.584,0.516,0.447,0.327,Santa Monica Proper Hotel,true,true,true,true,true,true,0.88,1.22,1.18,1.12,1.04,1.04,1.08,0.92,observed_public_property_context,0.68,0.28,sample_seed_review_taxonomy_prior,0.22,0.131,0.273,false,0.32,sample_seed_local_demand_context,640,640,640,1.0,0.079,false,62,0.893,6,0.92,sample_seed_public_rate_shape,no_review_or_survey;no_comp_record
case_00247,TKT000247,PMS000547,CRM000547,0.78,guest_key_date_window,0.95,direct_crm_id,0.0,no_comp_record,new_guest,business_traveler,480,960,1460,0.192,0,2026-11-18,2026-11-19,ota,true,0,2,housekeeping_miss,linen/turndown,outcome,3,false,0.9,true,5,0.6,0.513,0,,,0,0,70,70,0,0,0.32,0.392,0.291,0.23,0.123,Santa Monica Proper Hotel,true,true,true,true,true,true,0.88,1.22,1.18,1.12,1.04,1.04,1.08,0.92,observed_public_property_context,0.72,0.28,sample_seed_review_taxonomy_prior,0.22,0.077,0.206,false,0.32,sample_seed_local_demand_context,795,740,765,1.074,0.692,false,185,1.169,6,0.92,sample_seed_public_rate_shape,no_review_or_survey;no_comp_record
case_00248,TKT000248,PMS001452,CRM001452,1.0,direct_pms_reservation_id,0.95,direct_crm_id,0.0,no_comp_record,returning_guest,business_traveler,670,1340,4220,0.313,0,2026-04-10,2026-04-11,travel_advisor,false,0,1,maintenance_issue,facilities issue,outcome,2,false,0.78,false,27,0.328,0.473,6.5,,,0,0,245,0,245,0,0.712,0.736,0.534,0.746,0.407,Santa Monica Proper Hotel,true,true,true,true,true,true,0.88,1.22,1.18,1.12,1.04,1.04,1.08,0.92,observed_public_property_context,0.69,0.28,sample_seed_review_taxonomy_prior,0.48,0.139,0.436,false,0.32,sample_seed_local_demand_context,670,720,695,0.931,0.198,false,83,0.943,6,0.92,sample_seed_public_rate_shape,no_comp_record
case_00249,TKT000249,PMS000772,CRM000772,1.0,direct_pms_reservation_id,0.95,direct_crm_id,0.0,no_comp_record,returning_guest,coastal_weekend,710,710,2860,0.255,0,2026-01-15,2026-01-15,direct,false,0,0,maintenance_issue,engineering,outcome,1,false,0.78,true,5,0.2,0.297,0,,,0,0,155,0,0,155,0.603,0.711,0.491,0.597,0.369,Santa Monica Proper Hotel,true,true,true,true,true,true,0.88,1.22,1.18,1.12,1.04,1.04,1.08,0.92,observed_public_property_context,0.69,0.28,sample_seed_review_taxonomy_prior,0.22,0.159,0.265,false,0.32,sample_seed_local_demand_context,800,765,765,1.046,0.711,false,189,1.17,6,0.92,sample_seed_public_rate_shape,no_review_or_survey;no_comp_record
case_00250,TKT000250,PMS000159,CRM000159,1.0,direct_pms_reservation_id,0.95,direct_crm_id,1.0,direct_ticket_id,vip_guest,coastal_weekend,1110,5550,41950,0.869,0.2,2026-08-04,2026-08-08,corporate,false,0,2,spa_wellness_service_issue,wellness service,process,4,false,0.79,true,5,0.902,0.491,6.1,partial_room_refund,Room rate adjustment,430,430,350,205,0,145,0.9,0.945,0.618,0.875,0.728,Santa Monica Proper Hotel,true,true,true,true,true,true,0.88,1.22,1.18,1.12,1.04,1.04,1.08,0.92,observed_public_property_context,0.64,0.28,sample_seed_review_taxonomy_prior,0.7,0.103,0.592,false,0.32,sample_seed_local_demand_context,895,890,892,1.006,1.0,true,268,1.282,6,0.92,sample_seed_public_rate_shape,
case_00251,TKT000251,PMS001142,CRM001142,1.0,direct_pms_reservation_id,0.95,direct_crm_id,0.0,no_comp_record,returning_guest,event_or_wedding,790,2370,6670,0.433,0,2026-04-13,2026-04-13,ota,true,0,4,spa_wellness_service_issue,wellness service,process,2,false,0.74,true,5,0.282,0.419,7.0,,,0,0,740,390,300,50,0.698,0.777,0.55,0.595,0.349,Santa Monica Proper Hotel,true,true,true,true,true,true,0.88,1.22,1.18,1.12,1.04,1.04,1.08,0.92,observed_public_property_context,0.64,0.28,sample_seed_review_taxonomy_prior,0.22,0.026,0.243,false,0.32,sample_seed_local_demand_context,635,565,580,1.124,0.059,false,59,0.916,6,0.92,sample_seed_public_rate_shape,no_comp_record
case_00252,TKT000252,PMS000605,CRM000605,1.0,direct_pms_reservation_id,0.95,direct_crm_id,0.0,no_comp_record,new_guest,business_traveler,570,570,970,0.137,0,2026-02-04,2026-02-04,ota,true,0,0,f_and_b_service_lapse,order problem,process,2,false,0.7,false,5,0.4,0.375,0,,,0,0,180,180,0,0,0.774,0.842,0.374,0.55,0.442,Santa Monica Proper Hotel,true,true,true,true,true,true,0.88,1.22,1.18,1.12,1.04,1.04,1.08,0.92,observed_public_property_context,0.6,0.28,sample_seed_review_taxonomy_prior,0.22,0.142,0.293,false,0.32,sample_seed_local_demand_context,530,625,615,0.848,0.0,false,42,0.86,6,0.92,sample_seed_public_rate_shape,no_review_or_survey;no_comp_record
case_00253,TKT000253,PMS000844,CRM000844,1.0,direct_pms_reservation_id,0.95,direct_crm_id,1.0,direct_ticket_id,loyalty_guest,event_or_wedding,740,2220,13050,0.534,0.2,2026-09-02,2026-09-03,direct,false,0,1,billing_or_fee_dispute,billing,process,5,false,0.6,false,5,0.989,0.586,4.7,partial_room_refund,Room rate adjustment,410,410,830,830,0,0,0.688,0.603,0.506,0.657,0.693,Santa Monica Proper Hotel,true,true,true,true,true,true,0.88,1.22,1.18,1.12,1.04,1.04,1.08,0.92,observed_public_property_context,0.58,0.28,sample_seed_review_taxonomy_prior,0.22,0.073,0.276,false,0.32,sample_seed_local_demand_context,725,765,745,0.948,0.415,false,124,1.034,6,0.92,sample_seed_public_rate_shape,
case_00254,TKT000254,PMS001449,CRM001449,1.0,direct_pms_reservation_id,0.95,direct_crm_id,1.0,direct_ticket_id,new_guest,business_traveler,550,2200,4200,0.245,0.2,2026-12-29,2026-12-31,ota,false,0,0,valet_or_parking_delay,valet wait,process,3,false,0.62,true,5,0.924,0.474,5.9,parking_fee_waiver,Parking waiver,65,12,260,80,180,0,0.479,0.433,0.183,0.173,0.372,Santa Monica Proper Hotel,true,true,true,true,true,true,0.88,1.22,1.18,1.12,1.04,1.04,1.08,0.92,observed_public_property_context,0.56,0.18,sample_seed_review_taxonomy_prior,0.78,0.65,0.706,true,0.32,sample_seed_local_demand_context,870,870,870,1.0,0.988,true,259,1.275,6,0.92,sample_seed_public_rate_shape,
case_00255,TKT000255,PMS000606,CRM000606,1.0,direct_pms_reservation_id,0.95,direct_crm_id,1.0,direct_ticket_id,loyalty_guest,event_or_wedding,720,2160,13980,0.525,0.2,2026-01-13,2026-01-14,ota,false,0,0,room_assignment_expectation_gap,room type mismatch,outcome,4,false,0.79,true,95,0.8,0.605,0,partial_room_refund,Rate credit,460,460,370,325,0,45,0.32,0.319,0.144,0.15,0.192,Santa Monica Proper Hotel,true,true,true,true,true,true,0.88,1.22,1.18,1.12,1.04,1.04,1.08,0.92,observed_public_property_context,0.68,0.28,sample_seed_review_taxonomy_prior,0.22,0.494,0.377,false,0.32,sample_seed_local_demand_context,710,705,708,1.007,0.356,false,112,1.011,6,0.92,sample_seed_public_rate_shape,no_review_or_survey
case_00256,TKT000256,PMS000208,CRM000208,1.0,direct_pms_reservation_id,0.95,direct_crm_id,1.0,direct_ticket_id,new_guest,coastal_weekend,510,1530,2754,0.199,0.2,2026-12-26,2026-12-26,direct,false,0,0,room_assignment_expectation_gap,view issue,outcome,4,false,0.79,true,57,0.8,0.605,0,lobby_lounge_credit,Lobby F&B,135,51,630,630,0,0,0.628,0.477,0.363,0.47,0.267,Santa Monica Proper Hotel,true,true,true,true,true,true,0.88,1.22,1.18,1.12,1.04,1.04,1.08,0.92,observed_public_property_context,0.68,0.28,sample_seed_review_taxonomy_prior,0.78,0.174,0.649,false,0.32,sample_seed_local_demand_context,810,910,875,0.89,0.751,true,199,1.175,6,0.92,sample_seed_public_rate_shape,ltv_imputed;no_review_or_survey
case_00257,TKT000257,PMS000510,CRM000510,1.0,direct_pms_reservation_id,0.95,direct_crm_id,1.0,direct_ticket_id,new_guest,coastal_weekend,600,1800,3490,0.251,0,2026-06-01,2026-06-01,corporate,false,0,2,maintenance_issue,engineering,outcome,4,false,0.83,true,5,0.8,0.608,0,spa_wellness_credit,Wellness credit,300,165,0,0,0,0,0.622,0.68,0.284,0.487,0.63,Santa Monica Proper Hotel,true,true,true,true,true,true,0.88,1.22,1.18,1.12,1.04,1.04,1.08,0.92,observed_public_property_context,0.69,0.28,sample_seed_review_taxonomy_prior,0.22,0.031,0.179,false,0.32,sample_seed_local_demand_context,760,720,740,1.056,0.553,false,153,1.106,6,0.92,sample_seed_public_rate_shape,no_review_or_survey
case_00258,TKT000258,PMS000612,CRM000612,1.0,direct_pms_reservation_id,0.95,direct_crm_id,1.0,direct_ticket_id,vip_guest,local_staycation,750,1500,11370,0.56,0.4,2026-07-20,2026-07-20,ota,false,1,0,f_and_b_service_lapse,restaurant issue,process,2,true,0.7,true,5,0.4,0.375,0,room_upgrade,Suite upgrade,395,99,0,0,0,0,0.783,0.864,0.687,0.517,0.712,Santa Monica Proper Hotel,true,true,true,true,true,true,0.88,1.22,1.18,1.12,1.04,1.04,1.08,0.92,observed_public_property_context,0.6,0.28,sample_seed_review_taxonomy_prior,0.22,0.071,0.229,false,0.32,sample_seed_local_demand_context,695,690,692,1.007,0.296,false,101,0.986,6,0.92,sample_seed_public_rate_shape,severity_inferred;no_review_or_survey
case_00259,TKT000259,PMS000643,CRM000643,1.0,direct_pms_reservation_id,0.95,direct_crm_id,1.0,direct_ticket_id,new_guest,design_leisure,810,2430,3790,0.267,0.2,2026-12-19,2026-12-20,ota,false,0,1,f_and_b_service_lapse,restaurant issue,process,2,false,0.7,false,5,0.4,0.375,0,late_checkout,4pm checkout,70,14,180,180,0,0,0.666,0.632,0.386,0.448,0.278,Santa Monica Proper Hotel,true,true,true,true,true,true,0.88,1.22,1.18,1.12,1.04,1.04,1.08,0.92,observed_public_property_context,0.6,0.28,sample_seed_review_taxonomy_prior,0.48,0.128,0.462,false,0.32,sample_seed_local_demand_context,725,755,740,0.96,0.415,false,124,1.034,6,0.92,sample_seed_public_rate_shape,no_review_or_survey
case_00260,TKT000260,PMS000261,CRM000261,1.0,direct_pms_reservation_id,0.95,direct_crm_id,0.0,no_comp_record,returning_guest,business_traveler,590,2950,10440,0.434,0,2026-04-06,2026-04-08,direct,false,0,0,rooftop_pool_access_issue,cabana issue,process,1,false,0.64,true,5,0.2,0.272,0,,,0,0,0,0,0,0,0.325,0.441,0.225,0.033,0.303,Santa Monica Proper Hotel,true,true,true,true,true,true,0.88,1.22,1.18,1.12,1.04,1.04,1.08,0.92,observed_public_property_context,0.6,0.28,sample_seed_review_taxonomy_prior,0.22,0.045,0.277,false,0.32,sample_seed_local_demand_context,625,690,658,0.906,0.02,false,53,0.868,6,0.92,sample_seed_public_rate_shape,no_review_or_survey;no_comp_record
case_00261,TKT000261,PMS001234,CRM001234,0.78,guest_key_date_window,0.95,direct_crm_id,0.0,no_comp_record,new_guest,coastal_weekend,860,4300,7740,0.393,0,2026-08-26,2026-08-28,group_or_event,false,0,1,f_and_b_service_lapse,fb service,process,2,false,0.7,true,7,0.271,0.384,7.3,,,0,0,205,160,45,0,0.786,0.807,0.576,0.751,0.76,Santa Monica Proper Hotel,true,true,true,true,true,true,0.88,1.22,1.18,1.12,1.04,1.04,1.08,0.92,observed_public_property_context,0.6,0.28,sample_seed_review_taxonomy_prior,0.7,0.137,0.604,false,0.32,sample_seed_local_demand_context,900,815,840,1.104,1.0,true,270,1.306,6,0.92,sample_seed_public_rate_shape,ltv_imputed;no_comp_record
case_00262,TKT000262,PMS000249,CRM000249,1.0,direct_pms_reservation_id,0.95,direct_crm_id,1.0,direct_ticket_id,vip_guest,family_beach_trip,970,1940,17320,0.656,0.2,2026-10-01,2026-10-01,corporate,false,0,1,valet_or_parking_delay,valet wait,process,2,false,0.62,true,5,0.473,0.347,7.3,parking_fee_waiver,Destination fee waive,115,21,70,70,0,0,0.585,0.679,0.373,0.44,0.187,Santa Monica Proper Hotel,true,true,true,true,true,true,0.88,1.22,1.18,1.12,1.04,1.04,1.08,0.92,observed_public_property_context,0.56,0.18,sample_seed_review_taxonomy_prior,0.22,0.099,0.213,false,0.32,sample_seed_local_demand_context,595,640,620,0.93,0.0,false,48,0.86,6,0.92,sample_seed_public_rate_shape,
case_00263,TKT000263,PMS000187,CRM000187,1.0,direct_pms_reservation_id,0.95,direct_crm_id,0.0,no_comp_record,returning_guest,event_or_wedding,620,4340,11720,0.527,0,2026-02-26,2026-02-26,direct,false,0,1,noise_disruption,sleep disruption,process,2,false,0.48,true,5,0.502,0.382,7.4,,,0,0,0,0,0,0,0.32,0.32,0.335,0.163,0.142,Santa Monica Proper Hotel,true,true,true,true,true,true,0.88,1.22,1.18,1.12,1.04,1.04,1.08,0.92,observed_public_property_context,0.62,0.28,sample_seed_review_taxonomy_prior,0.22,0.025,0.229,false,0.32,sample_seed_local_demand_context,655,615,632,1.065,0.138,false,72,0.934,6,0.92,sample_seed_public_rate_shape,no_comp_record
case_00264,TKT000264,PMS000805,CRM000805,1.0,direct_pms_reservation_id,0.95,direct_crm_id,1.0,direct_ticket_id,new_guest,coastal_weekend,590,4130,8060,0.372,0.2,2026-08-18,2026-08-19,direct,true,1,0,room_readiness_delay,room_not_ready,outcome,4,false,0.93,true,5,0.8,0.622,0,spa_wellness_credit,Spa credit,305,168,440,60,380,0,0.99,1.0,0.881,0.761,0.67,Santa Monica Proper Hotel,true,true,true,true,true,true,0.88,1.22,1.18,1.12,1.04,1.04,1.08,0.92,observed_public_property_context,0.74,0.28,sample_seed_review_taxonomy_prior,0.22,0.026,0.211,false,0.32,sample_seed_local_demand_context,775,780,778,0.994,0.613,false,166,1.117,6,0.92,sample_seed_public_rate_shape,no_review_or_survey
case_00265,TKT000265,PMS001211,CRM001211,1.0,direct_pms_reservation_id,0.95,direct_crm_id,1.0,direct_ticket_id,vip_guest,business_traveler,860,860,5260,0.469,0.2,2026-11-11,2026-11-11,group_or_event,false,0,0,billing_or_fee_dispute,charge question,process,4,false,0.6,false,5,0.79,0.586,4.7,spa_wellness_credit,Surya-style credit,230,127,465,105,325,0,0.456,0.437,0.467,0.184,0.347,Santa Monica Proper Hotel,true,true,true,true,true,true,0.88,1.22,1.18,1.12,1.04,1.04,1.08,0.92,observed_public_property_context,0.58,0.28,sample_seed_review_taxonomy_prior,0.22,0.039,0.262,false,0.32,sample_seed_local_demand_context,590,650,645,0.908,0.0,false,47,0.86,6,0.92,sample_seed_public_rate_shape,
case_00266,TKT000266,PMS000820,CRM000820,1.0,direct_pms_reservation_id,0.95,direct_crm_id,1.0,direct_ticket_id,new_guest,wellness_getaway,600,600,760,0.136,0.2,2026-10-10,2026-10-10,direct,false,0,0,valet_or_parking_delay,car delay,process,1,false,0.62,true,5,0.163,0.247,8.4,late_checkout,Extended departure,85,17,220,110,110,0,0.347,0.346,0.113,0.361,0.253,Santa Monica Proper Hotel,true,true,true,true,true,true,0.88,1.22,1.18,1.12,1.04,1.04,1.08,0.92,observed_public_property_context,0.56,0.18,sample_seed_review_taxonomy_prior,0.48,0.041,0.369,false,0.32,sample_seed_local_demand_context,690,720,718,0.958,0.277,false,97,0.976,6,0.92,sample_seed_public_rate_shape,
case_00267,TKT000267,PMS000511,CRM000511,1.0,direct_pms_reservation_id,0.95,direct_crm_id,0.0,no_comp_record,new_guest,business_traveler,780,3900,7020,0.399,0,2026-01-26,2026-01-30,direct,false,0,3,billing_or_fee_dispute,billing,process,4,false,0.6,false,5,0.8,0.577,0,,,0,0,0,0,0,0,0.593,0.551,0.436,0.32,0.455,Santa Monica Proper Hotel,true,true,true,true,true,true,0.88,1.22,1.18,1.12,1.04,1.04,1.08,0.92,observed_public_property_context,0.58,0.28,sample_seed_review_taxonomy_prior,0.48,0.021,0.442,false,0.32,sample_seed_local_demand_context,755,690,720,1.094,0.534,false,149,1.108,6,0.92,sample_seed_public_rate_shape,ltv_imputed;no_review_or_survey;no_comp_record
case_00268,TKT000268,PMS000442,CRM000442,1.0,direct_pms_reservation_id,0.95,direct_crm_id,1.0,direct_ticket_id,returning_guest,design_leisure,1050,4200,11910,0.506,0.2,2026-06-01,2026-06-03,ota,false,0,0,spa_wellness_service_issue,treatment delay,process,3,false,0.74,true,5,0.6,0.49,0,lobby_lounge_credit,Lounge credit,100,38,545,545,0,0,0.688,0.68,0.522,0.269,0.727,Santa Monica Proper Hotel,true,true,true,true,true,true,0.88,1.22,1.18,1.12,1.04,1.04,1.08,0.92,observed_public_property_context,0.64,0.28,sample_seed_review_taxonomy_prior,0.22,0.038,0.199,false,0.32,sample_seed_local_demand_context,890,790,840,1.127,1.0,true,267,1.312,6,0.92,sample_seed_public_rate_shape,no_review_or_survey
case_00269,TKT000269,PMS001152,CRM001152,1.0,direct_pms_reservation_id,0.95,direct_crm_id,1.0,direct_ticket_id,returning_guest,business_traveler,670,3350,7150,0.435,0,2026-07-04,2026-07-07,ota,false,0,1,noise_disruption,sleep disruption,process,2,false,0.48,false,5,0.389,0.31,8.3,room_upgrade,Suite upgrade,260,65,350,310,0,0,0.945,0.959,0.968,0.823,0.666,Santa Monica Proper Hotel,true,true,true,true,true,true,0.88,1.22,1.18,1.12,1.04,1.04,1.08,0.92,observed_public_property_context,0.62,0.28,sample_seed_review_taxonomy_prior,0.22,0.266,0.282,false,0.32,sample_seed_local_demand_context,775,740,745,1.047,0.613,false,166,1.129,6,0.92,sample_seed_public_rate_shape,
case_00270,TKT000270,PMS001366,CRM001366,1.0,direct_pms_reservation_id,0.95,direct_crm_id,0.0,no_comp_record,loyalty_guest,wellness_getaway,770,3080,18640,0.614,0,2026-05-31,2026-06-03,direct,false,0,0,maintenance_issue,maintenance,outcome,3,false,0.78,true,5,0.644,0.449,6.8,,,0,0,0,0,0,0,0.688,0.68,0.522,0.269,0.727,Santa Monica Proper Hotel,true,true,true,true,true,true,0.88,1.22,1.18,1.12,1.04,1.04,1.08,0.92,observed_public_property_context,0.69,0.28,sample_seed_review_taxonomy_prior,0.22,0.038,0.199,false,0.32,sample_seed_local_demand_context,890,790,840,1.127,1.0,true,267,1.312,6,0.92,sample_seed_public_rate_shape,no_comp_record
case_00271,TKT000271,PMS000412,CRM000412,1.0,direct_pms_reservation_id,0.95,direct_crm_id,1.0,direct_ticket_id,new_guest,event_or_wedding,590,590,790,0.136,0.2,2026-11-06,2026-11-06,corporate,false,0,0,housekeeping_miss,hk miss,outcome,4,false,0.95,true,5,0.8,0.616,0,rooftop_f_and_b_credit,Food Credit,200,80,220,45,0,175,0.328,0.325,0.307,0.201,0.208,Santa Monica Proper Hotel,true,true,true,true,true,true,0.88,1.22,1.18,1.12,1.04,1.04,1.08,0.92,observed_public_property_context,0.72,0.28,sample_seed_review_taxonomy_prior,0.48,0.09,0.41,false,0.32,sample_seed_local_demand_context,695,710,702,0.979,0.296,false,101,0.985,6,0.92,sample_seed_public_rate_shape,no_review_or_survey
case_00272,TKT000272,PMS001506,CRM001506,1.0,direct_pms_reservation_id,0.95,direct_crm_id,0.0,no_comp_record,vip_guest,local_staycation,1040,1040,5370,0.495,0,2026-07-04,2026-07-04,ota,false,0,1,f_and_b_service_lapse,order problem,process,2,false,0.7,true,5,0.29,0.352,7.7,,,0,0,730,630,0,100,0.777,0.608,0.679,0.703,0.678,Santa Monica Proper Hotel,true,true,true,true,true,true,0.88,1.22,1.18,1.12,1.04,1.04,1.08,0.92,observed_public_property_context,0.6,0.28,sample_seed_review_taxonomy_prior,0.92,0.027,0.703,true,0.32,sample_seed_local_demand_context,1025,960,962,1.068,1.0,true,308,1.297,6,0.92,sample_seed_public_rate_shape,no_comp_record
case_00273,TKT000273,PMS001564,CRM001564,1.0,direct_pms_reservation_id,0.95,direct_crm_id,0.0,no_comp_record,new_guest,design_leisure,560,1680,3160,0.242,0,2026-10-31,2026-11-01,direct,false,0,2,housekeeping_miss,hk miss,outcome,5,false,0.95,false,5,1.0,0.72,0,,,0,0,0,0,0,0,0.325,0.436,0.307,0.396,0.316,Santa Monica Proper Hotel,true,true,true,true,true,true,0.88,1.22,1.18,1.12,1.04,1.04,1.08,0.92,observed_public_property_context,0.72,0.28,sample_seed_review_taxonomy_prior,0.48,0.087,0.445,false,0.32,sample_seed_local_demand_context,755,765,762,0.987,0.534,false,149,1.084,6,0.92,sample_seed_public_rate_shape,no_review_or_survey;no_comp_record
case_00274,TKT000274,PMS000954,CRM000954,1.0,direct_pms_reservation_id,0.95,direct_crm_id,0.62,reservation_level_comp_match,returning_guest,wellness_getaway,570,1710,3620,0.324,0,2026-01-07,2026-01-08,direct,false,0,1,f_and_b_service_lapse,order problem,process,1,false,0.7,false,5,0.51,0.432,6.7,parking_fee_waiver,Parking/Dest fee,105,19,65,65,0,0,0.622,0.745,0.477,0.443,0.395,Santa Monica Proper Hotel,true,true,true,true,true,true,0.88,1.22,1.18,1.12,1.04,1.04,1.08,0.92,observed_public_property_context,0.6,0.28,sample_seed_review_taxonomy_prior,0.22,0.1,0.211,false,0.32,sample_seed_local_demand_context,715,700,708,1.021,0.375,false,116,1.023,6,0.92,sample_seed_public_rate_shape,
case_00275,TKT000275,PMS000431,CRM000431,0.58,room_date_window,0.95,direct_crm_id,0.0,no_comp_record,event_or_suite_guest,design_leisure,990,990,4610,0.497,0.12,2026-05-13,2026-05-13,group_or_event,true,1,0,noise_disruption,neighbor noise,process,2,false,0.48,true,5,0.4,0.381,0,,,0,0,405,330,0,75,0.687,0.881,0.574,0.553,0.606,Santa Monica Proper Hotel,true,true,true,true,true,true,0.88,1.22,1.18,1.12,1.04,1.04,1.08,0.92,observed_public_property_context,0.62,0.28,sample_seed_review_taxonomy_prior,0.22,0.029,0.27,false,0.32,sample_seed_local_demand_context,750,775,762,0.968,0.514,false,145,1.076,6,0.92,sample_seed_public_rate_shape,low_reservation_match_confidence;no_review_or_survey;no_comp_record
case_00276,TKT000276,PMS001305,CRM001305,0.78,guest_key_date_window,0.95,direct_crm_id,0.0,no_comp_record,new_guest,coastal_weekend,590,590,1120,0.172,0,2026-04-24,2026-04-24,direct,true,1,2,room_assignment_expectation_gap,view issue,outcome,3,true,0.74,true,5,0.464,0.494,6.2,,,0,0,90,90,0,0,0.32,0.275,0.587,0.255,0.429,Santa Monica Proper Hotel,true,true,true,true,true,true,0.88,1.22,1.18,1.12,1.04,1.04,1.08,0.92,observed_public_property_context,0.68,0.28,sample_seed_review_taxonomy_prior,0.48,0.086,0.425,false,0.32,sample_seed_local_demand_context,805,770,788,1.045,0.731,true,194,1.178,6,0.92,sample_seed_public_rate_shape,severity_inferred;no_comp_record
case_00277,TKT000277,PMS000925,CRM000925,1.0,direct_pms_reservation_id,0.95,direct_crm_id,0.0,no_comp_record,new_guest,local_staycation,970,2910,5380,0.321,0,2026-08-13,2026-08-14,ota,false,0,2,room_readiness_delay,late room,outcome,4,false,0.93,false,5,0.8,0.622,0,,,0,0,0,0,0,0,0.882,0.848,0.712,0.675,0.694,Santa Monica Proper Hotel,true,true,true,true,true,true,0.88,1.22,1.18,1.12,1.04,1.04,1.08,0.92,observed_public_property_context,0.74,0.28,sample_seed_review_taxonomy_prior,0.7,0.156,0.604,false,0.32,sample_seed_local_demand_context,875,900,888,0.972,1.0,true,262,1.28,6,0.92,sample_seed_public_rate_shape,no_review_or_survey;no_comp_record
case_00278,TKT000278,PMS000921,CRM000921,1.0,direct_pms_reservation_id,0.95,direct_crm_id,0.0,no_comp_record,new_guest,coastal_weekend,550,1650,2970,0.207,0,2026-01-18,2026-01-19,ota,false,0,0,room_readiness_delay,arrival delay,outcome,1,false,0.88,true,5,0.09,0.407,7.5,,,0,0,500,355,0,145,0.505,0.576,0.5,0.341,0.334,Santa Monica Proper Hotel,true,true,true,true,true,true,0.88,1.22,1.18,1.12,1.04,1.04,1.08,0.92,observed_public_property_context,0.74,0.28,sample_seed_review_taxonomy_prior,0.22,0.693,0.359,false,0.32,sample_seed_local_demand_context,620,600,608,1.033,0.0,false,50,0.868,6,0.92,sample_seed_public_rate_shape,ltv_imputed;no_comp_record
case_00279,TKT000279,PMS000617,CRM000617,1.0,direct_pms_reservation_id,0.95,direct_crm_id,1.0,direct_ticket_id,new_guest,wellness_getaway,720,5040,8360,0.433,0.2,2026-06-30,2026-06-30,direct,false,0,1,valet_or_parking_delay,arrival valet,process,2,false,0.62,true,5,0.4,0.337,0,parking_fee_waiver,Parking waiver,70,13,410,235,175,0,0.663,0.673,0.595,0.549,0.514,Santa Monica Proper Hotel,true,true,true,true,true,true,0.88,1.22,1.18,1.12,1.04,1.04,1.08,0.92,observed_public_property_context,0.56,0.18,sample_seed_review_taxonomy_prior,0.22,0.037,0.219,false,0.32,sample_seed_local_demand_context,795,720,758,1.104,0.692,false,185,1.177,6,0.92,sample_seed_public_rate_shape,no_review_or_survey
case_00280,TKT000280,PMS001360,CRM001360,1.0,direct_pms_reservation_id,0.95,direct_crm_id,0.62,reservation_level_comp_match,loyalty_guest,design_leisure,790,5530,25800,0.761,0.2,2026-04-29,2026-05-03,direct,false,0,1,room_readiness_delay,checkin wait,outcome,4,false,0.93,true,5,0.8,0.622,0,late_checkout,Late CO,70,14,0,0,0,0,0.562,0.532,0.47,0.458,0.52,Santa Monica Proper Hotel,true,true,true,true,true,true,0.88,1.22,1.18,1.12,1.04,1.04,1.08,0.92,observed_public_property_context,0.74,0.28,sample_seed_review_taxonomy_prior,0.48,0.082,0.45,false,0.32,sample_seed_local_demand_context,900,865,882,1.04,1.0,true,270,1.29,6,0.92,sample_seed_public_rate_shape,no_review_or_survey
case_00281,TKT000281,PMS001162,CRM001162,1.0,direct_pms_reservation_id,0.95,direct_crm_id,1.0,direct_ticket_id,new_guest,business_traveler,840,1680,3440,0.229,0.2,2026-05-03,2026-05-03,ota,false,0,1,f_and_b_service_lapse,order problem,process,2,false,0.7,true,5,0.4,0.375,0,rooftop_f_and_b_credit,Calabra recovery,155,62,380,210,0,170,0.562,0.532,0.47,0.458,0.52,Santa Monica Proper Hotel,true,true,true,true,true,true,0.88,1.22,1.18,1.12,1.04,1.04,1.08,0.92,observed_public_property_context,0.6,0.28,sample_seed_review_taxonomy_prior,0.48,0.082,0.45,false,0.32,sample_seed_local_demand_context,900,865,882,1.04,1.0,true,270,1.29,6,0.92,sample_seed_public_rate_shape,no_review_or_survey
case_00282,TKT000282,PMS000871,CRM000871,1.0,direct_pms_reservation_id,0.95,direct_crm_id,1.0,direct_ticket_id,new_guest,coastal_weekend,670,1340,2710,0.19,0.2,2026-07-08,2026-07-08,ota,false,0,0,housekeeping_miss,linen/turndown,outcome,3,true,0.9,false,5,0.727,0.57,5.4,spa_wellness_credit,Treatment recovery,325,179,110,45,0,65,0.568,0.47,0.458,0.355,0.505,Santa Monica Proper Hotel,true,true,true,true,true,true,0.88,1.22,1.18,1.12,1.04,1.04,1.08,0.92,observed_public_property_context,0.72,0.28,sample_seed_review_taxonomy_prior,0.22,0.176,0.28,false,0.32,sample_seed_local_demand_context,745,760,752,0.98,0.494,false,141,1.068,6,0.92,sample_seed_public_rate_shape,severity_inferred
case_00283,TKT000283,PMS001107,CRM001107,1.0,direct_pms_reservation_id,0.95,direct_crm_id,1.0,direct_ticket_id,loyalty_guest,coastal_weekend,750,2250,11110,0.564,0.2,2026-11-25,2026-11-25,ota,false,0,4,spa_wellness_service_issue,wellness service,process,3,true,0.74,true,5,0.55,0.467,6.4,manager_note,GM follow-up,0,0,0,0,0,0,0.7,0.642,0.567,0.382,0.418,Santa Monica Proper Hotel,true,true,true,true,true,true,0.88,1.22,1.18,1.12,1.04,1.04,1.08,0.92,observed_public_property_context,0.64,0.28,sample_seed_review_taxonomy_prior,0.22,0.052,0.267,false,0.32,sample_seed_local_demand_context,630,640,635,0.984,0.04,false,56,0.877,6,0.92,sample_seed_public_rate_shape,severity_inferred
case_00284,TKT000284,PMS000675,CRM000675,0.78,guest_key_date_window,0.95,direct_crm_id,1.0,direct_ticket_id,new_guest,family_beach_trip,570,3420,6430,0.323,0.2,2026-04-04,2026-04-06,ota,false,0,0,housekeeping_miss,linen/turndown,outcome,3,true,0.9,true,5,0.6,0.513,0,room_upgrade,View upgrade,230,58,285,285,0,0,0.529,0.493,0.261,0.441,0.513,Santa Monica Proper Hotel,true,true,true,true,true,true,0.88,1.22,1.18,1.12,1.04,1.04,1.08,0.92,observed_public_property_context,0.72,0.28,sample_seed_review_taxonomy_prior,0.22,0.064,0.256,false,0.32,sample_seed_local_demand_context,575,555,565,1.036,0.0,false,46,0.869,6,0.92,sample_seed_public_rate_shape,severity_inferred;no_review_or_survey
case_00285,TKT000285,PMS000680,CRM000680,0.78,guest_key_date_window,0.95,direct_crm_id,1.0,direct_ticket_id,vip_guest,design_leisure,1110,4440,27430,0.818,0.2,2026-02-06,2026-02-08,direct,false,0,1,housekeeping_miss,linen/turndown,outcome,4,false,0.95,false,5,0.822,0.586,5.2,late_checkout,Late CO,85,17,285,0,285,0,0.746,0.619,0.615,0.651,0.502,Santa Monica Proper Hotel,true,true,true,true,true,true,0.88,1.22,1.18,1.12,1.04,1.04,1.08,0.92,observed_public_property_context,0.72,0.28,sample_seed_review_taxonomy_prior,0.48,0.147,0.453,false,0.32,sample_seed_local_demand_context,810,745,772,1.087,0.751,true,199,1.197,6,0.92,sample_seed_public_rate_shape,
case_00286,TKT000286,PMS000104,CRM000104,0.78,guest_key_date_window,0.95,direct_crm_id,1.0,direct_ticket_id,returning_guest,event_or_wedding,540,540,972,0.244,0.2,2026-02-01,2026-02-01,ota,false,0,1,room_readiness_delay,room_not_ready,outcome,3,true,0.88,true,5,0.6,0.518,0,rooftop_f_and_b_credit,Rooftop credit,0,0,250,75,0,175,0.32,0.288,0.233,0.358,0.299,Santa Monica Proper Hotel,true,true,true,true,true,true,0.88,1.22,1.18,1.12,1.04,1.04,1.08,0.92,observed_public_property_context,0.74,0.28,sample_seed_review_taxonomy_prior,0.48,0.175,0.476,false,0.32,sample_seed_local_demand_context,690,725,708,0.952,0.277,false,97,0.976,6,0.92,sample_seed_public_rate_shape,severity_inferred;ltv_imputed;no_review_or_survey
case_00287,TKT000287,PMS000751,CRM000751,1.0,direct_pms_reservation_id,0.95,direct_crm_id,0.0,no_comp_record,loyalty_guest,local_staycation,890,2670,15590,0.564,0,2026-07-04,2026-07-04,travel_advisor,false,1,0,billing_or_fee_dispute,fee dispute,process,2,false,0.55,true,5,0.4,0.37,0,,,0,0,65,0,0,65,0.777,0.608,0.679,0.703,0.678,Santa Monica Proper Hotel,true,true,true,true,true,true,0.88,1.22,1.18,1.12,1.04,1.04,1.08,0.92,observed_public_property_context,0.58,0.28,sample_seed_review_taxonomy_prior,0.92,0.027,0.703,true,0.32,sample_seed_local_demand_context,1025,960,962,1.068,1.0,true,308,1.297,6,0.92,sample_seed_public_rate_shape,no_review_or_survey;no_comp_record
case_00288,TKT000288,PMS001475,CRM001475,1.0,direct_pms_reservation_id,0.95,direct_crm_id,1.0,direct_ticket_id,new_guest,wellness_getaway,600,1200,2330,0.196,0.2,2026-11-13,2026-11-13,ota,false,0,1,rooftop_pool_access_issue,pool access,process,2,true,0.64,true,5,0.471,0.512,5.7,spa_wellness_credit,Wellness credit,335,184,470,235,235,0,0.53,0.577,0.428,0.532,0.123,Santa Monica Proper Hotel,true,true,true,true,true,true,0.88,1.22,1.18,1.12,1.04,1.04,1.08,0.92,observed_public_property_context,0.6,0.28,sample_seed_review_taxonomy_prior,0.48,0.077,0.366,false,0.32,sample_seed_local_demand_context,750,730,740,1.027,0.514,false,145,1.083,6,0.92,sample_seed_public_rate_shape,severity_inferred
case_00289,TKT000289,PMS000308,CRM000308,0.78,guest_key_date_window,0.95,direct_crm_id,1.0,direct_ticket_id,returning_guest,coastal_weekend,700,1400,3300,0.307,0.2,2026-10-24,2026-10-24,direct,false,0,1,housekeeping_miss,room clean issue,outcome,4,false,0.95,true,63,0.8,0.616,0,late_checkout,4pm checkout,75,15,0,0,0,0,0.611,0.781,0.428,0.479,0.468,Santa Monica Proper Hotel,true,true,true,true,true,true,0.88,1.22,1.18,1.12,1.04,1.04,1.08,0.92,observed_public_property_context,0.72,0.28,sample_seed_review_taxonomy_prior,0.48,0.044,0.401,false,0.32,sample_seed_local_demand_context,685,725,715,0.945,0.257,false,94,0.968,6,0.92,sample_seed_public_rate_shape,no_review_or_survey
case_00290,TKT000290,PMS000492,CRM000492,1.0,direct_pms_reservation_id,0.95,direct_crm_id,0.0,no_comp_record,new_guest,business_traveler,940,3760,6768,0.358,0,2026-07-19,2026-07-20,ota,false,0,1,valet_or_parking_delay,valet wait,process,3,false,0.62,true,5,0.574,0.511,5.5,,,0,0,605,605,0,0,0.783,0.864,0.687,0.517,0.712,Santa Monica Proper Hotel,true,true,true,true,true,true,0.88,1.22,1.18,1.12,1.04,1.04,1.08,0.92,observed_public_property_context,0.56,0.18,sample_seed_review_taxonomy_prior,0.22,0.071,0.229,false,0.32,sample_seed_local_demand_context,695,690,692,1.007,0.296,false,101,0.986,6,0.92,sample_seed_public_rate_shape,ltv_imputed;no_comp_record
case_00291,TKT000291,PMS001461,CRM001461,1.0,direct_pms_reservation_id,0.95,direct_crm_id,1.0,direct_ticket_id,new_guest,event_or_wedding,760,2280,2930,0.236,0.2,2026-01-26,2026-01-28,group_or_event,true,1,0,room_assignment_expectation_gap,view issue,outcome,5,false,0.79,true,5,0.971,0.438,6.9,future_stay_credit,Future stay,385,231,0,0,0,0,0.683,0.702,0.537,0.569,0.481,Santa Monica Proper Hotel,true,true,true,true,true,true,0.88,1.22,1.18,1.12,1.04,1.04,1.08,0.92,observed_public_property_context,0.68,0.28,sample_seed_review_taxonomy_prior,0.22,0.07,0.254,false,0.32,sample_seed_local_demand_context,600,635,618,0.945,0.0,false,48,0.86,6,0.92,sample_seed_public_rate_shape,
case_00292,TKT000292,PMS000151,CRM000151,1.0,direct_pms_reservation_id,0.95,direct_crm_id,0.0,no_comp_record,new_guest,design_leisure,710,4970,8030,0.411,0,2026-06-22,2026-06-25,direct,false,0,0,billing_or_fee_dispute,charge question,process,2,false,0.55,false,5,0.4,0.37,0,,,0,0,250,90,55,105,0.73,0.84,0.638,0.416,0.753,Santa Monica Proper Hotel,true,true,true,true,true,true,0.88,1.22,1.18,1.12,1.04,1.04,1.08,0.92,observed_public_property_context,0.58,0.28,sample_seed_review_taxonomy_prior,0.22,0.099,0.199,false,0.32,sample_seed_local_demand_context,775,745,758,1.04,0.613,false,166,1.127,6,0.92,sample_seed_public_rate_shape,no_review_or_survey;no_comp_record
case_00293,TKT000293,PMS000655,CRM000655,1.0,direct_pms_reservation_id,0.95,direct_crm_id,0.0,no_comp_record,returning_guest,event_or_wedding,740,2220,5650,0.352,0,2026-06-19,2026-06-20,ota,false,0,0,f_and_b_service_lapse,order problem,process,2,false,0.7,true,5,0.4,0.375,0,,,0,0,485,485,0,0,0.752,0.746,0.767,0.796,0.531,Santa Monica Proper Hotel,true,true,true,true,true,true,0.88,1.22,1.18,1.12,1.04,1.04,1.08,0.92,observed_public_property_context,0.6,0.28,sample_seed_review_taxonomy_prior,0.7,0.065,0.525,false,0.32,sample_seed_local_demand_context,885,830,858,1.066,1.0,true,266,1.296,6,0.92,sample_seed_public_rate_shape,no_review_or_survey;no_comp_record
case_00294,TKT000294,PMS000122,CRM000122,1.0,direct_pms_reservation_id,0.95,direct_crm_id,0.0,no_comp_record,new_guest,business_traveler,650,2600,4680,0.268,0,2026-06-28,2026-06-29,corporate,false,0,0,noise_disruption,neighbor noise,process,3,false,0.48,true,5,0.453,0.414,7.0,,,0,0,130,130,0,0,0.926,0.868,0.808,0.638,0.669,Santa Monica Proper Hotel,true,true,true,true,true,true,0.88,1.22,1.18,1.12,1.04,1.04,1.08,0.92,observed_public_property_context,0.62,0.28,sample_seed_review_taxonomy_prior,0.22,0.136,0.259,false,0.32,sample_seed_local_demand_context,835,835,835,1.0,0.85,true,223,1.217,6,0.92,sample_seed_public_rate_shape,ltv_imputed;no_comp_record
case_00295,TKT000295,PMS000143,CRM000143,1.0,direct_pms_reservation_id,0.95,direct_crm_id,1.0,direct_ticket_id,new_guest,coastal_weekend,970,5820,9650,0.438,0.2,2026-06-12,2026-06-17,travel_advisor,true,1,0,room_assignment_expectation_gap,room type mismatch,outcome,2,false,0.74,true,93,0.505,0.342,8.1,amenity_gesture,Amenity,75,34,430,365,0,0,0.325,0.212,0.083,0.26,0.459,Santa Monica Proper Hotel,true,true,true,true,true,true,0.88,1.22,1.18,1.12,1.04,1.04,1.08,0.92,observed_public_property_context,0.68,0.28,sample_seed_review_taxonomy_prior,0.22,0.126,0.222,false,0.32,sample_seed_local_demand_context,685,715,705,0.958,0.257,false,94,0.968,6,0.92,sample_seed_public_rate_shape,
case_00296,TKT000296,PMS000101,CRM000101,1.0,direct_pms_reservation_id,0.95,direct_crm_id,0.0,no_comp_record,returning_guest,wellness_getaway,810,2430,5040,0.372,0,2026-12-26,2026-12-28,direct,false,0,1,f_and_b_service_lapse,fb service,process,2,false,0.7,true,5,0.4,0.375,0,,,0,0,775,720,0,55,0.624,0.623,0.618,0.459,0.327,Santa Monica Proper Hotel,true,true,true,true,true,true,0.88,1.22,1.18,1.12,1.04,1.04,1.08,0.92,observed_public_property_context,0.6,0.28,sample_seed_review_taxonomy_prior,0.78,0.12,0.643,false,0.32,sample_seed_local_demand_context,820,795,808,1.031,0.791,true,208,1.2,6,0.92,sample_seed_public_rate_shape,no_review_or_survey;no_comp_record
case_00297,TKT000297,PMS000329,CRM000329,1.0,direct_pms_reservation_id,0.95,direct_crm_id,1.0,direct_ticket_id,returning_guest,business_traveler,880,6160,18740,0.621,0.2,2026-12-25,2026-12-25,travel_advisor,false,0,0,billing_or_fee_dispute,fee dispute,process,5,false,0.6,true,5,1.0,0.681,0,future_stay_credit,Future stay,235,141,360,275,85,0,0.623,0.611,0.266,0.418,0.509,Santa Monica Proper Hotel,true,true,true,true,true,true,0.88,1.22,1.18,1.12,1.04,1.04,1.08,0.92,observed_public_property_context,0.58,0.28,sample_seed_review_taxonomy_prior,0.78,0.114,0.604,false,0.32,sample_seed_local_demand_context,835,840,838,0.994,0.85,true,223,1.217,6,0.92,sample_seed_public_rate_shape,no_review_or_survey
case_00298,TKT000298,PMS000402,CRM000402,0.78,guest_key_date_window,0.95,direct_crm_id,1.0,direct_ticket_id,new_guest,design_leisure,560,1680,2940,0.224,0.2,2026-02-18,2026-02-18,corporate,false,0,1,spa_wellness_service_issue,spa issue,process,1,false,0.74,true,5,0.1,0.299,8.5,rooftop_f_and_b_credit,Food Credit,140,56,740,415,0,120,0.475,0.394,0.529,0.225,0.244,Santa Monica Proper Hotel,true,true,true,true,true,true,0.88,1.22,1.18,1.12,1.04,1.04,1.08,0.92,observed_public_property_context,0.64,0.28,sample_seed_review_taxonomy_prior,0.22,0.11,0.265,false,0.32,sample_seed_local_demand_context,635,680,680,0.934,0.059,false,59,0.885,6,0.92,sample_seed_public_rate_shape,
case_00299,TKT000299,PMS000090,CRM000090,1.0,direct_pms_reservation_id,0.95,direct_crm_id,1.0,direct_ticket_id,new_guest,coastal_weekend,510,510,670,0.131,0.2,2026-10-09,2026-10-09,direct,false,0,0,f_and_b_service_lapse,restaurant issue,process,2,false,0.7,true,5,0.493,0.312,8.2,amenity_gesture,Amenity,50,22,285,195,0,90,0.68,0.75,0.493,0.586,0.306,Santa Monica Proper Hotel,true,true,true,true,true,true,0.88,1.22,1.18,1.12,1.04,1.04,1.08,0.92,observed_public_property_context,0.6,0.28,sample_seed_review_taxonomy_prior,0.48,0.086,0.389,false,0.32,sample_seed_local_demand_context,725,695,710,1.043,0.415,false,124,1.045,6,0.92,sample_seed_public_rate_shape,
case_00300,TKT000300,PMS001262,CRM001262,1.0,direct_pms_reservation_id,0.95,direct_crm_id,1.0,direct_ticket_id,new_guest,design_leisure,680,2040,3672,0.264,0.2,2026-09-16,2026-09-16,ota,false,1,2,f_and_b_service_lapse,order problem,process,2,false,0.7,true,33,0.4,0.375,0,amenity_gesture,Welcome amenity,55,25,745,745,0,0,0.71,0.641,0.821,0.584,0.584,Santa Monica Proper Hotel,true,true,true,true,true,true,0.88,1.22,1.18,1.12,1.04,1.04,1.08,0.92,observed_public_property_context,0.6,0.28,sample_seed_review_taxonomy_prior,0.22,0.036,0.204,false,0.32,sample_seed_local_demand_context,825,815,820,1.012,0.81,true,213,1.203,6,0.92,sample_seed_public_rate_shape,ltv_imputed;no_review_or_survey
case_00301,TKT000301,PMS001284,CRM001284,1.0,direct_pms_reservation_id,0.95,direct_crm_id,1.0,direct_ticket_id,returning_guest,wellness_getaway,750,2250,6690,0.412,0.2,2026-10-30,2026-10-31,corporate,false,0,3,housekeeping_miss,linen/turndown,outcome,4,false,0.95,true,88,0.8,0.616,0,rooftop_f_and_b_credit,Calabra recovery,190,76,440,365,0,0,0.765,0.892,0.613,0.646,0.406,Santa Monica Proper Hotel,true,true,true,true,true,true,0.88,1.22,1.18,1.12,1.04,1.04,1.08,0.92,observed_public_property_context,0.72,0.28,sample_seed_review_taxonomy_prior,0.48,0.056,0.432,false,0.32,sample_seed_local_demand_context,755,655,678,1.153,0.534,false,149,1.122,6,0.92,sample_seed_public_rate_shape,no_review_or_survey
case_00302,TKT000302,PMS000008,CRM000008,1.0,direct_pms_reservation_id,0.95,direct_crm_id,0.0,no_comp_record,new_guest,business_traveler,760,5320,7350,0.447,0,2026-08-06,2026-08-06,ota,false,0,2,f_and_b_service_lapse,restaurant issue,process,3,false,0.7,true,5,0.6,0.479,0,,,0,0,0,0,0,0,0.585,0.583,0.593,0.554,0.482,Santa Monica Proper Hotel,true,true,true,true,true,true,0.88,1.22,1.18,1.12,1.04,1.04,1.08,0.92,observed_public_property_context,0.6,0.28,sample_seed_review_taxonomy_prior,0.22,0.064,0.206,false,0.32,sample_seed_local_demand_context,720,760,740,0.947,0.395,false,120,1.026,6,0.92,sample_seed_public_rate_shape,no_review_or_survey;no_comp_record
case_00303,TKT000303,PMS000544,CRM000544,1.0,direct_pms_reservation_id,0.95,direct_crm_id,1.0,direct_ticket_id,returning_guest,family_beach_trip,840,840,2160,0.254,0.2,2026-07-20,2026-07-20,direct,false,0,0,room_assignment_expectation_gap,wrong room,outcome,3,true,0.74,true,5,0.507,0.518,5.9,amenity_gesture,Bottle/amenity,75,34,0,0,0,0,0.783,0.864,0.687,0.517,0.712,Santa Monica Proper Hotel,true,true,true,true,true,true,0.88,1.22,1.18,1.12,1.04,1.04,1.08,0.92,observed_public_property_context,0.68,0.28,sample_seed_review_taxonomy_prior,0.22,0.071,0.229,false,0.32,sample_seed_local_demand_context,695,690,692,1.007,0.296,false,101,0.986,6,0.92,sample_seed_public_rate_shape,severity_inferred
case_00304,TKT000304,PMS001306,CRM001306,1.0,direct_pms_reservation_id,0.95,direct_crm_id,0.0,no_comp_record,loyalty_guest,family_beach_trip,600,600,2760,0.34,0,2026-10-25,2026-10-25,ota,false,0,0,room_readiness_delay,arrival delay,outcome,3,false,0.88,true,5,0.6,0.518,0,,,0,0,220,150,0,70,0.469,0.505,0.335,0.318,0.195,Santa Monica Proper Hotel,true,true,true,true,true,true,0.88,1.22,1.18,1.12,1.04,1.04,1.08,0.92,observed_public_property_context,0.74,0.28,sample_seed_review_taxonomy_prior,0.48,0.101,0.427,false,0.32,sample_seed_local_demand_context,785,785,785,1.0,0.652,false,175,1.134,6,0.92,sample_seed_public_rate_shape,no_review_or_survey;no_comp_record
case_00305,TKT000305,PMS001474,CRM001474,1.0,direct_pms_reservation_id,0.95,direct_crm_id,1.0,direct_ticket_id,new_guest,local_staycation,660,660,960,0.141,0,2026-05-01,2026-05-01,travel_advisor,true,0,0,housekeeping_miss,hk miss,outcome,3,false,0.9,true,5,0.55,0.338,8.3,lobby_lounge_credit,Lobby F&B,110,42,255,255,0,0,0.99,1.0,0.873,0.935,0.726,Santa Monica Proper Hotel,true,true,true,true,true,true,0.88,1.22,1.18,1.12,1.04,1.04,1.08,0.92,observed_public_property_context,0.72,0.28,sample_seed_review_taxonomy_prior,0.48,0.105,0.402,false,0.32,sample_seed_local_demand_context,860,920,890,0.935,0.949,true,248,1.258,6,0.92,sample_seed_public_rate_shape,
case_00306,TKT000306,PMS000951,CRM000951,1.0,direct_pms_reservation_id,0.95,direct_crm_id,1.0,direct_ticket_id,loyalty_guest,design_leisure,770,770,1386,0.351,0.2,2026-07-19,2026-07-19,direct,false,0,1,valet_or_parking_delay,car delay,process,3,false,0.62,true,5,0.6,0.455,0,parking_fee_waiver,Destination fee waive,110,20,495,495,0,0,0.757,0.736,0.631,0.553,0.654,Santa Monica Proper Hotel,true,true,true,true,true,true,0.88,1.22,1.18,1.12,1.04,1.04,1.08,0.92,observed_public_property_context,0.56,0.18,sample_seed_review_taxonomy_prior,0.7,0.164,0.592,false,0.32,sample_seed_local_demand_context,825,815,820,1.012,0.81,true,213,1.203,6,0.92,sample_seed_public_rate_shape,ltv_imputed;no_review_or_survey
case_00307,TKT000307,PMS000437,CRM000437,1.0,direct_pms_reservation_id,0.95,direct_crm_id,1.0,direct_ticket_id,event_or_suite_guest,business_traveler,750,5250,40830,0.865,0.4,2026-10-27,2026-10-31,direct,false,0,0,housekeeping_miss,housekeeping,outcome,3,false,0.9,false,31,0.744,0.65,4.4,manager_note,Personal apology,0,0,195,80,0,0,0.765,0.892,0.613,0.646,0.406,Santa Monica Proper Hotel,true,true,true,true,true,true,0.88,1.22,1.18,1.12,1.04,1.04,1.08,0.92,observed_public_property_context,0.72,0.28,sample_seed_review_taxonomy_prior,0.48,0.056,0.432,false,0.32,sample_seed_local_demand_context,755,655,678,1.153,0.534,false,149,1.122,6,0.92,sample_seed_public_rate_shape,
case_00308,TKT000308,PMS000847,CRM000847,1.0,direct_pms_reservation_id,0.95,direct_crm_id,1.0,direct_ticket_id,loyalty_guest,coastal_weekend,660,660,3340,0.349,0.2,2026-12-21,2026-12-21,ota,false,0,0,maintenance_issue,facilities issue,outcome,3,true,0.78,false,5,0.62,0.529,5.8,spa_wellness_credit,Wellness credit,225,124,75,0,0,75,0.538,0.66,0.149,0.381,0.115,Santa Monica Proper Hotel,true,true,true,true,true,true,0.88,1.22,1.18,1.12,1.04,1.04,1.08,0.92,observed_public_property_context,0.69,0.28,sample_seed_review_taxonomy_prior,0.22,0.039,0.231,false,0.32,sample_seed_local_demand_context,750,695,705,1.079,0.514,false,145,1.096,6,0.92,sample_seed_public_rate_shape,severity_inferred
case_00309,TKT000309,PMS001027,CRM001027,0.58,room_date_window,0.95,direct_crm_id,1.0,direct_ticket_id,new_guest,coastal_weekend,710,1420,2556,0.192,0.12,2026-01-05,2026-01-06,ota,false,0,0,room_assignment_expectation_gap,room type mismatch,outcome,3,false,0.74,false,5,0.6,0.501,0,rooftop_f_and_b_credit,F&B,155,62,535,535,0,0,0.737,0.729,0.817,0.662,0.229,Santa Monica Proper Hotel,true,true,true,true,true,true,0.88,1.22,1.18,1.12,1.04,1.04,1.08,0.92,observed_public_property_context,0.68,0.28,sample_seed_review_taxonomy_prior,0.22,0.644,0.389,false,0.32,sample_seed_local_demand_context,695,765,730,0.908,0.296,false,101,0.985,6,0.92,sample_seed_public_rate_shape,low_reservation_match_confidence;ltv_imputed;no_review_or_survey
case_00310,TKT000310,PMS001438,CRM001438,0.78,guest_key_date_window,0.95,direct_crm_id,0.0,no_comp_record,new_guest,business_traveler,730,2190,4250,0.277,0,2026-02-23,2026-02-24,ota,false,0,2,housekeeping_miss,housekeeping,outcome,3,true,0.9,true,5,0.428,0.506,6.2,,,0,0,170,170,0,0,0.404,0.443,0.236,0.184,0.112,Santa Monica Proper Hotel,true,true,true,true,true,true,0.88,1.22,1.18,1.12,1.04,1.04,1.08,0.92,observed_public_property_context,0.72,0.28,sample_seed_review_taxonomy_prior,0.22,0.561,0.376,false,0.32,sample_seed_local_demand_context,655,630,642,1.04,0.138,false,72,0.928,6,0.92,sample_seed_public_rate_shape,severity_inferred;no_comp_record
case_00311,TKT000311,PMS001192,CRM001192,1.0,direct_pms_reservation_id,0.95,direct_crm_id,0.0,no_comp_record,returning_guest,coastal_weekend,690,690,2650,0.252,0,2026-03-29,2026-03-29,corporate,false,0,0,rooftop_pool_access_issue,pool wait,process,3,false,0.64,false,5,0.6,0.479,0,,,0,0,410,410,0,0,0.635,0.652,0.58,0.618,0.401,Santa Monica Proper Hotel,true,true,true,true,true,true,0.88,1.22,1.18,1.12,1.04,1.04,1.08,0.92,observed_public_property_context,0.6,0.28,sample_seed_review_taxonomy_prior,0.48,0.14,0.4,false,0.32,sample_seed_local_demand_context,760,735,738,1.034,0.553,false,153,1.101,6,0.92,sample_seed_public_rate_shape,no_review_or_survey;no_comp_record
case_00312,TKT000312,PMS001368,CRM001368,0.78,guest_key_date_window,0.95,direct_crm_id,0.0,no_comp_record,returning_guest,event_or_wedding,690,4830,12320,0.539,0,2026-01-04,2026-01-07,direct,false,0,0,rooftop_pool_access_issue,pool access,process,2,false,0.64,false,5,0.319,0.376,7.4,,,0,0,695,435,110,150,0.32,0.362,0.308,0.091,0.109,Santa Monica Proper Hotel,true,true,true,true,true,true,0.88,1.22,1.18,1.12,1.04,1.04,1.08,0.92,observed_public_property_context,0.6,0.28,sample_seed_review_taxonomy_prior,0.22,0.045,0.185,false,0.32,sample_seed_local_demand_context,675,705,705,0.957,0.217,false,86,0.951,6,0.92,sample_seed_public_rate_shape,no_comp_record
case_00313,TKT000313,PMS000636,CRM000636,1.0,direct_pms_reservation_id,0.95,direct_crm_id,1.0,direct_ticket_id,new_guest,wellness_getaway,730,4380,7440,0.378,0,2026-10-06,2026-10-08,group_or_event,false,0,0,housekeeping_miss,hk miss,outcome,5,false,0.95,true,5,1.0,0.72,0,rooftop_f_and_b_credit,Rooftop credit,170,68,0,0,0,0,0.603,0.596,0.715,0.472,0.354,Santa Monica Proper Hotel,true,true,true,true,true,true,0.88,1.22,1.18,1.12,1.04,1.04,1.08,0.92,observed_public_property_context,0.72,0.28,sample_seed_review_taxonomy_prior,0.22,0.103,0.242,false,0.32,sample_seed_local_demand_context,700,640,665,1.094,0.316,false,105,1.016,6,0.92,sample_seed_public_rate_shape,no_review_or_survey
case_00314,TKT000314,PMS000520,CRM000520,0.78,guest_key_date_window,0.95,direct_crm_id,0.0,no_comp_record,new_guest,event_or_wedding,750,2250,4750,0.253,0,2026-03-17,2026-03-19,direct,false,0,0,room_readiness_delay,room_not_ready,outcome,2,false,0.88,true,25,0.264,0.407,7.5,,,0,0,505,505,0,0,0.426,0.468,0.229,0.41,0.258,Santa Monica Proper Hotel,true,true,true,true,true,true,0.88,1.22,1.18,1.12,1.04,1.04,1.08,0.92,observed_public_property_context,0.74,0.28,sample_seed_review_taxonomy_prior,0.22,0.119,0.244,false,0.32,sample_seed_local_demand_context,660,645,652,1.023,0.158,false,76,0.932,6,0.92,sample_seed_public_rate_shape,no_comp_record
case_00315,TKT000315,PMS000443,CRM000443,1.0,direct_pms_reservation_id,0.95,direct_crm_id,1.0,direct_ticket_id,new_guest,design_leisure,710,2130,4030,0.24,0,2026-03-16,2026-03-18,travel_advisor,false,0,0,maintenance_issue,maintenance,outcome,4,false,0.83,true,5,0.8,0.608,0,rooftop_f_and_b_credit,F&B,145,58,125,125,0,0,0.413,0.443,0.441,0.177,0.296,Santa Monica Proper Hotel,true,true,true,true,true,true,0.88,1.22,1.18,1.12,1.04,1.04,1.08,0.92,observed_public_property_context,0.69,0.28,sample_seed_review_taxonomy_prior,0.22,0.045,0.258,false,0.32,sample_seed_local_demand_context,775,760,768,1.02,0.613,false,166,1.122,6,0.92,sample_seed_public_rate_shape,no_review_or_survey
case_00316,TKT000316,PMS000818,CRM000818,1.0,direct_pms_reservation_id,0.95,direct_crm_id,0.0,no_comp_record,returning_guest,coastal_weekend,920,2760,7780,0.414,0,2026-08-26,2026-08-26,corporate,true,0,1,room_assignment_expectation_gap,room type mismatch,outcome,4,false,0.79,true,37,1.0,0.494,6.2,,,0,0,615,615,0,0,0.952,0.93,0.865,0.78,0.764,Santa Monica Proper Hotel,true,true,true,true,true,true,0.88,1.22,1.18,1.12,1.04,1.04,1.08,0.92,observed_public_property_context,0.68,0.28,sample_seed_review_taxonomy_prior,0.22,0.345,0.321,false,0.32,sample_seed_local_demand_context,805,775,785,1.039,0.731,true,194,1.177,6,0.92,sample_seed_public_rate_shape,no_comp_record
case_00317,TKT000317,PMS001558,CRM001558,1.0,direct_pms_reservation_id,0.95,direct_crm_id,0.62,reservation_level_comp_match,new_guest,wellness_getaway,550,550,1070,0.137,0.2,2026-08-06,2026-08-06,ota,false,0,0,valet_or_parking_delay,car delay,process,2,true,0.62,true,5,0.4,0.337,0,amenity_gesture,In-room gesture,60,27,335,0,335,0,0.585,0.583,0.593,0.554,0.482,Santa Monica Proper Hotel,true,true,true,true,true,true,0.88,1.22,1.18,1.12,1.04,1.04,1.08,0.92,observed_public_property_context,0.56,0.18,sample_seed_review_taxonomy_prior,0.22,0.064,0.206,false,0.32,sample_seed_local_demand_context,720,760,740,0.947,0.395,false,120,1.026,6,0.92,sample_seed_public_rate_shape,severity_inferred;no_review_or_survey
case_00318,TKT000318,PMS001523,CRM001523,1.0,direct_pms_reservation_id,0.95,direct_crm_id,0.0,no_comp_record,new_guest,coastal_weekend,470,940,1570,0.16,0,2026-11-09,2026-11-09,direct,false,0,0,housekeeping_miss,linen/turndown,outcome,1,false,0.9,false,5,0.2,0.305,0,,,0,0,265,265,0,0,0.45,0.282,0.22,0.365,0.343,Santa Monica Proper Hotel,true,true,true,true,true,true,0.88,1.22,1.18,1.12,1.04,1.04,1.08,0.92,observed_public_property_context,0.72,0.28,sample_seed_review_taxonomy_prior,0.22,0.082,0.237,false,0.32,sample_seed_local_demand_context,790,680,688,1.162,0.672,false,180,1.183,6,0.92,sample_seed_public_rate_shape,no_review_or_survey;no_comp_record
case_00319,TKT000319,PMS001391,CRM001391,1.0,direct_pms_reservation_id,0.95,direct_crm_id,0.0,no_comp_record,new_guest,coastal_weekend,590,4130,7380,0.366,0,2026-09-07,2026-09-13,travel_advisor,true,0,0,maintenance_issue,room equipment,outcome,3,false,0.78,false,5,0.632,0.561,5.4,,,0,0,80,80,0,0,0.844,0.787,0.614,0.713,0.886,Santa Monica Proper Hotel,true,true,true,true,true,true,0.88,1.22,1.18,1.12,1.04,1.04,1.08,0.92,observed_public_property_context,0.69,0.28,sample_seed_review_taxonomy_prior,0.7,0.051,0.535,false,0.32,sample_seed_local_demand_context,815,800,808,1.019,0.771,true,203,1.188,6,0.92,sample_seed_public_rate_shape,no_comp_record
case_00320,TKT000320,PMS001416,CRM001416,1.0,direct_pms_reservation_id,0.95,direct_crm_id,1.0,direct_ticket_id,new_guest,wellness_getaway,650,650,1090,0.142,0.2,2026-11-05,2026-11-05,direct,false,1,0,rooftop_pool_access_issue,cabana issue,process,1,false,0.64,false,5,0.078,0.44,6.6,lobby_lounge_credit,Lounge credit,90,34,150,150,0,0,0.365,0.328,0.166,0.329,0.172,Santa Monica Proper Hotel,true,true,true,true,true,true,0.88,1.22,1.18,1.12,1.04,1.04,1.08,0.92,observed_public_property_context,0.6,0.28,sample_seed_review_taxonomy_prior,0.22,0.065,0.211,false,0.32,sample_seed_local_demand_context,685,650,668,1.054,0.257,false,94,0.981,6,0.92,sample_seed_public_rate_shape,
case_00321,TKT000321,PMS000666,CRM000666,1.0,direct_pms_reservation_id,0.95,direct_crm_id,0.0,no_comp_record,returning_guest,design_leisure,840,1680,3024,0.317,0,2026-10-23,2026-10-24,travel_advisor,false,0,1,spa_wellness_service_issue,spa recovery,process,2,false,0.74,false,5,0.486,0.395,7.3,,,0,0,125,125,0,0,0.611,0.781,0.428,0.479,0.468,Santa Monica Proper Hotel,true,true,true,true,true,true,0.88,1.22,1.18,1.12,1.04,1.04,1.08,0.92,observed_public_property_context,0.64,0.28,sample_seed_review_taxonomy_prior,0.48,0.044,0.401,false,0.32,sample_seed_local_demand_context,685,725,715,0.945,0.257,false,94,0.968,6,0.92,sample_seed_public_rate_shape,ltv_imputed;no_comp_record
case_00322,TKT000322,PMS000163,CRM000163,1.0,direct_pms_reservation_id,0.95,direct_crm_id,0.0,no_comp_record,returning_guest,wellness_getaway,700,700,1570,0.241,0,2026-10-30,2026-10-30,ota,false,0,0,f_and_b_service_lapse,dining delay,process,2,true,0.7,true,5,0.4,0.375,0,,,0,0,125,0,125,0,0.55,0.519,0.47,0.417,0.404,Santa Monica Proper Hotel,true,true,true,true,true,true,0.88,1.22,1.18,1.12,1.04,1.04,1.08,0.92,observed_public_property_context,0.6,0.28,sample_seed_review_taxonomy_prior,0.48,0.062,0.419,false,0.32,sample_seed_local_demand_context,750,750,750,1.0,0.514,false,145,1.076,6,0.92,sample_seed_public_rate_shape,severity_inferred;no_review_or_survey;no_comp_record
case_00323,TKT000323,PMS000649,CRM000649,1.0,direct_pms_reservation_id,0.95,direct_crm_id,1.0,direct_ticket_id,new_guest,coastal_weekend,540,2160,3250,0.265,0,2026-08-20,2026-08-20,ota,false,0,2,maintenance_issue,maintenance,outcome,4,false,0.83,true,5,0.8,0.608,0,rooftop_f_and_b_credit,Calabra recovery,125,50,105,105,0,0,0.659,0.61,0.394,0.704,0.713,Santa Monica Proper Hotel,true,true,true,true,true,true,0.88,1.22,1.18,1.12,1.04,1.04,1.08,0.92,observed_public_property_context,0.69,0.28,sample_seed_review_taxonomy_prior,0.22,0.425,0.299,false,0.32,sample_seed_local_demand_context,765,685,725,1.117,0.573,false,158,1.13,6,0.92,sample_seed_public_rate_shape,no_review_or_survey
case_00324,TKT000324,PMS001195,CRM001195,1.0,direct_pms_reservation_id,0.95,direct_crm_id,1.0,direct_ticket_id,new_guest,design_leisure,560,1120,2016,0.173,0.2,2026-09-15,2026-09-16,direct,false,0,0,housekeeping_miss,hk miss,outcome,5,false,0.95,true,5,1.0,0.72,0,room_upgrade,Room move upgrade,360,90,680,325,300,55,0.71,0.641,0.821,0.584,0.584,Santa Monica Proper Hotel,true,true,true,true,true,true,0.88,1.22,1.18,1.12,1.04,1.04,1.08,0.92,observed_public_property_context,0.72,0.28,sample_seed_review_taxonomy_prior,0.22,0.036,0.204,false,0.32,sample_seed_local_demand_context,825,815,820,1.012,0.81,true,213,1.203,6,0.92,sample_seed_public_rate_shape,ltv_imputed;no_review_or_survey
case_00325,TKT000325,PMS000825,CRM000825,1.0,direct_pms_reservation_id,0.95,direct_crm_id,0.0,no_comp_record,vip_guest,coastal_weekend,820,820,6220,0.493,0,2026-11-06,2026-11-06,ota,false,0,1,rooftop_pool_access_issue,cabana issue,process,2,false,0.64,true,5,0.274,0.32,8.1,,,0,0,440,65,285,25,0.328,0.325,0.307,0.201,0.208,Santa Monica Proper Hotel,true,true,true,true,true,true,0.88,1.22,1.18,1.12,1.04,1.04,1.08,0.92,observed_public_property_context,0.6,0.28,sample_seed_review_taxonomy_prior,0.48,0.09,0.41,false,0.32,sample_seed_local_demand_context,695,710,702,0.979,0.296,false,101,0.985,6,0.92,sample_seed_public_rate_shape,no_comp_record
case_00326,TKT000326,PMS001587,CRM001587,1.0,direct_pms_reservation_id,0.95,direct_crm_id,1.0,direct_ticket_id,new_guest,family_beach_trip,610,1220,2640,0.184,0.2,2026-07-09,2026-07-10,ota,false,0,0,maintenance_issue,room equipment,outcome,2,false,0.78,false,5,0.4,0.401,0,lobby_lounge_credit,Bar credit,130,49,235,0,190,45,0.99,0.96,0.896,0.811,0.894,Santa Monica Proper Hotel,true,true,true,true,true,true,0.88,1.22,1.18,1.12,1.04,1.04,1.08,0.92,observed_public_property_context,0.69,0.28,sample_seed_review_taxonomy_prior,0.7,0.327,0.629,false,0.32,sample_seed_local_demand_context,895,890,892,1.006,1.0,true,268,1.282,6,0.92,sample_seed_public_rate_shape,no_review_or_survey
case_00327,TKT000327,PMS000073,CRM000073,1.0,direct_pms_reservation_id,0.95,direct_crm_id,0.0,no_comp_record,vip_guest,business_traveler,680,4760,26700,0.817,0,2026-07-30,2026-07-30,corporate,false,0,0,valet_or_parking_delay,car delay,process,3,false,0.62,true,5,0.48,0.465,6.0,,,0,0,610,485,0,105,0.788,0.784,0.659,0.658,0.719,Santa Monica Proper Hotel,true,true,true,true,true,true,0.88,1.22,1.18,1.12,1.04,1.04,1.08,0.92,observed_public_property_context,0.56,0.18,sample_seed_review_taxonomy_prior,0.22,0.078,0.204,false,0.32,sample_seed_local_demand_context,710,695,702,1.022,0.356,false,112,1.015,6,0.92,sample_seed_public_rate_shape,no_comp_record
case_00328,TKT000328,PMS000045,CRM000045,1.0,direct_pms_reservation_id,0.95,direct_crm_id,1.0,direct_ticket_id,new_guest,design_leisure,570,1140,2190,0.192,0,2026-04-19,2026-04-20,group_or_event,false,0,1,room_readiness_delay,checkin wait,outcome,5,false,0.93,true,5,0.798,0.551,5.7,room_upgrade,Suite upgrade,260,65,355,135,0,0,0.32,0.212,0.196,0.232,0.269,Santa Monica Proper Hotel,true,true,true,true,true,true,0.88,1.22,1.18,1.12,1.04,1.04,1.08,0.92,observed_public_property_context,0.74,0.28,sample_seed_review_taxonomy_prior,0.22,0.144,0.287,false,0.32,sample_seed_local_demand_context,660,695,678,0.95,0.158,false,76,0.926,6,0.92,sample_seed_public_rate_shape,
case_00329,TKT000329,PMS000661,CRM000661,1.0,direct_pms_reservation_id,0.95,direct_crm_id,1.0,direct_ticket_id,returning_guest,coastal_weekend,840,5880,12610,0.559,0.2,2026-08-16,2026-08-20,ota,false,0,0,rooftop_pool_access_issue,rooftop issue,process,1,false,0.64,true,5,0.117,0.328,8.0,manager_note,No dollar comp,0,0,180,130,0,0,0.659,0.61,0.394,0.704,0.713,Santa Monica Proper Hotel,true,true,true,true,true,true,0.88,1.22,1.18,1.12,1.04,1.04,1.08,0.92,observed_public_property_context,0.6,0.28,sample_seed_review_taxonomy_prior,0.22,0.425,0.299,false,0.32,sample_seed_local_demand_context,765,685,725,1.117,0.573,false,158,1.13,6,0.92,sample_seed_public_rate_shape,
case_00330,TKT000330,PMS000992,CRM000992,1.0,direct_pms_reservation_id,0.95,direct_crm_id,1.0,direct_ticket_id,new_guest,business_traveler,650,2600,4320,0.28,0,2026-04-13,2026-04-13,direct,false,0,1,valet_or_parking_delay,arrival valet,process,3,false,0.62,true,5,0.526,0.42,6.5,parking_fee_waiver,Parking waiver,120,22,0,0,0,0,0.698,0.777,0.55,0.595,0.349,Santa Monica Proper Hotel,true,true,true,true,true,true,0.88,1.22,1.18,1.12,1.04,1.04,1.08,0.92,observed_public_property_context,0.56,0.18,sample_seed_review_taxonomy_prior,0.22,0.026,0.243,false,0.32,sample_seed_local_demand_context,635,565,580,1.124,0.059,false,59,0.916,6,0.92,sample_seed_public_rate_shape,
case_00331,TKT000331,PMS001589,CRM001589,1.0,direct_pms_reservation_id,0.95,direct_crm_id,1.0,direct_ticket_id,returning_guest,design_leisure,670,1340,4340,0.298,0.2,2026-07-07,2026-07-08,ota,false,0,0,noise_disruption,sleep disruption,process,4,false,0.53,false,5,0.8,0.588,0,lobby_lounge_credit,Lobby F&B,75,28,85,85,0,0,0.568,0.47,0.458,0.355,0.505,Santa Monica Proper Hotel,true,true,true,true,true,true,0.88,1.22,1.18,1.12,1.04,1.04,1.08,0.92,observed_public_property_context,0.62,0.28,sample_seed_review_taxonomy_prior,0.22,0.176,0.28,false,0.32,sample_seed_local_demand_context,745,760,752,0.98,0.494,false,141,1.068,6,0.92,sample_seed_public_rate_shape,no_review_or_survey
case_00332,TKT000332,PMS000830,CRM000830,1.0,direct_pms_reservation_id,0.95,direct_crm_id,1.0,direct_ticket_id,new_guest,family_beach_trip,630,630,850,0.139,0.2,2026-01-07,2026-01-07,group_or_event,false,0,0,f_and_b_service_lapse,order problem,process,1,false,0.7,false,5,0.258,0.352,7.7,rooftop_f_and_b_credit,Calabra recovery,180,72,380,340,0,40,0.32,0.362,0.308,0.091,0.109,Santa Monica Proper Hotel,true,true,true,true,true,true,0.88,1.22,1.18,1.12,1.04,1.04,1.08,0.92,observed_public_property_context,0.6,0.28,sample_seed_review_taxonomy_prior,0.22,0.045,0.185,false,0.32,sample_seed_local_demand_context,675,705,705,0.957,0.217,false,86,0.951,6,0.92,sample_seed_public_rate_shape,
case_00333,TKT000333,PMS000391,CRM000391,1.0,direct_pms_reservation_id,0.95,direct_crm_id,1.0,direct_ticket_id,returning_guest,business_traveler,640,1920,7380,0.372,0,2026-09-10,2026-09-12,direct,false,1,1,room_readiness_delay,late room,outcome,4,false,0.93,true,5,0.8,0.622,0,late_checkout,Late CO,115,23,65,30,0,0,0.551,0.701,0.129,0.576,0.59,Santa Monica Proper Hotel,true,true,true,true,true,true,0.88,1.22,1.18,1.12,1.04,1.04,1.08,0.92,observed_public_property_context,0.74,0.28,sample_seed_review_taxonomy_prior,0.7,0.123,0.615,false,0.32,sample_seed_local_demand_context,890,855,860,1.041,1.0,true,267,1.29,6,0.92,sample_seed_public_rate_shape,no_review_or_survey
case_00334,TKT000334,PMS000856,CRM000856,1.0,direct_pms_reservation_id,0.95,direct_crm_id,0.0,no_comp_record,returning_guest,wellness_getaway,710,2840,6790,0.408,0,2026-06-01,2026-06-04,direct,false,0,1,rooftop_pool_access_issue,cabana issue,process,3,false,0.64,false,5,0.561,0.464,6.3,,,0,0,0,0,0,0,0.681,0.758,0.553,0.62,0.553,Santa Monica Proper Hotel,true,true,true,true,true,true,0.88,1.22,1.18,1.12,1.04,1.04,1.08,0.92,observed_public_property_context,0.6,0.28,sample_seed_review_taxonomy_prior,0.22,0.08,0.221,false,0.32,sample_seed_local_demand_context,835,810,822,1.031,0.85,true,223,1.225,6,0.92,sample_seed_public_rate_shape,no_comp_record
case_00335,TKT000335,PMS000646,CRM000646,1.0,direct_pms_reservation_id,0.95,direct_crm_id,0.0,no_comp_record,returning_guest,event_or_wedding,620,1860,5080,0.33,0,2026-12-08,2026-12-10,travel_advisor,false,0,0,maintenance_issue,engineering,outcome,3,true,0.78,true,200,0.468,0.465,6.6,,,0,0,0,0,0,0,0.717,0.61,0.365,0.395,0.392,Santa Monica Proper Hotel,true,true,true,true,true,true,0.88,1.22,1.18,1.12,1.04,1.04,1.08,0.92,observed_public_property_context,0.69,0.28,sample_seed_review_taxonomy_prior,0.22,0.149,0.292,false,0.32,sample_seed_local_demand_context,665,645,655,1.031,0.178,false,79,0.942,6,0.92,sample_seed_public_rate_shape,severity_inferred;no_comp_record
case_00336,TKT000336,PMS000176,CRM000176,1.0,direct_pms_reservation_id,0.95,direct_crm_id,1.0,direct_ticket_id,new_guest,design_leisure,630,2520,4040,0.274,0.2,2026-02-16,2026-02-17,corporate,false,0,1,housekeeping_miss,linen/turndown,outcome,2,false,0.9,true,5,0.263,0.418,7.3,rooftop_f_and_b_credit,Restaurant credit,160,64,550,550,0,0,0.63,0.534,0.641,0.53,0.223,Santa Monica Proper Hotel,true,true,true,true,true,true,0.88,1.22,1.18,1.12,1.04,1.04,1.08,0.92,observed_public_property_context,0.72,0.28,sample_seed_review_taxonomy_prior,0.22,0.491,0.288,false,0.32,sample_seed_local_demand_context,590,605,598,0.975,0.0,false,47,0.86,6,0.92,sample_seed_public_rate_shape,
case_00337,TKT000337,PMS001324,CRM001324,1.0,direct_pms_reservation_id,0.95,direct_crm_id,0.62,reservation_level_comp_match,vip_guest,coastal_weekend,750,2250,16310,0.66,0.2,2026-01-15,2026-01-15,ota,false,0,1,housekeeping_miss,linen/turndown,outcome,4,false,0.95,true,62,0.8,0.616,0,amenity_gesture,Bottle/amenity,55,25,0,0,0,0,0.603,0.711,0.491,0.597,0.369,Santa Monica Proper Hotel,true,true,true,true,true,true,0.88,1.22,1.18,1.12,1.04,1.04,1.08,0.92,observed_public_property_context,0.72,0.28,sample_seed_review_taxonomy_prior,0.22,0.159,0.265,false,0.32,sample_seed_local_demand_context,800,765,765,1.046,0.711,false,189,1.17,6,0.92,sample_seed_public_rate_shape,no_review_or_survey
case_00338,TKT000338,PMS001138,CRM001138,1.0,direct_pms_reservation_id,0.95,direct_crm_id,0.0,no_comp_record,new_guest,local_staycation,660,660,920,0.141,0.2,2026-06-28,2026-06-28,direct,true,1,0,housekeeping_miss,housekeeping,outcome,3,true,0.9,true,5,0.6,0.513,0,,,0,0,270,205,0,65,0.967,1.0,0.816,0.676,0.809,Santa Monica Proper Hotel,true,true,true,true,true,true,0.88,1.22,1.18,1.12,1.04,1.04,1.08,0.92,observed_public_property_context,0.72,0.28,sample_seed_review_taxonomy_prior,0.7,0.144,0.596,false,0.32,sample_seed_local_demand_context,850,805,815,1.056,0.909,true,238,1.256,6,0.92,sample_seed_public_rate_shape,severity_inferred;no_review_or_survey;no_comp_record
case_00339,TKT000339,PMS001011,CRM001011,0.78,guest_key_date_window,0.95,direct_crm_id,0.0,no_comp_record,vip_guest,coastal_weekend,830,3320,25740,0.75,0,2026-07-07,2026-07-10,group_or_event,false,0,0,f_and_b_service_lapse,order problem,process,2,false,0.7,true,5,0.4,0.375,0,,,0,0,180,180,0,0,0.99,0.96,0.896,0.811,0.894,Santa Monica Proper Hotel,true,true,true,true,true,true,0.88,1.22,1.18,1.12,1.04,1.04,1.08,0.92,observed_public_property_context,0.6,0.28,sample_seed_review_taxonomy_prior,0.7,0.327,0.629,false,0.32,sample_seed_local_demand_context,895,890,892,1.006,1.0,true,268,1.282,6,0.92,sample_seed_public_rate_shape,no_review_or_survey;no_comp_record
case_00340,TKT000340,PMS001562,CRM001562,1.0,direct_pms_reservation_id,0.95,direct_crm_id,0.0,no_comp_record,new_guest,design_leisure,410,1640,2000,0.213,0,2026-10-16,2026-10-19,ota,false,0,1,housekeeping_miss,linen/turndown,outcome,3,true,0.9,true,23,0.609,0.474,6.6,,,0,0,515,115,380,0,0.32,0.29,0.364,0.362,0.297,Santa Monica Proper Hotel,true,true,true,true,true,true,0.88,1.22,1.18,1.12,1.04,1.04,1.08,0.92,observed_public_property_context,0.72,0.28,sample_seed_review_taxonomy_prior,0.22,0.169,0.218,false,0.32,sample_seed_local_demand_context,595,635,615,0.937,0.0,false,48,0.86,6,0.92,sample_seed_public_rate_shape,severity_inferred;no_comp_record
case_00341,TKT000341,PMS001067,CRM001067,0.78,guest_key_date_window,0.95,direct_crm_id,0.0,no_comp_record,loyalty_guest,design_leisure,770,770,4900,0.37,0,2026-07-14,2026-07-14,ota,false,0,0,rooftop_pool_access_issue,pool wait,process,3,false,0.64,false,5,0.537,0.408,7.0,,,0,0,0,0,0,0,0.79,0.718,0.551,0.572,0.896,Santa Monica Proper Hotel,true,true,true,true,true,true,0.88,1.22,1.18,1.12,1.04,1.04,1.08,0.92,observed_public_property_context,0.6,0.28,sample_seed_review_taxonomy_prior,0.22,0.442,0.36,false,0.32,sample_seed_local_demand_context,775,770,772,1.006,0.613,false,166,1.119,6,0.92,sample_seed_public_rate_shape,no_comp_record
case_00342,TKT000342,PMS000557,CRM000557,1.0,direct_pms_reservation_id,0.95,direct_crm_id,1.0,direct_ticket_id,new_guest,design_leisure,650,1300,2340,0.201,0,2026-01-27,2026-01-27,group_or_event,false,0,1,spa_wellness_service_issue,spa issue,process,3,false,0.74,true,5,0.6,0.49,0,room_upgrade,Upgrade,245,61,815,755,0,0,0.507,0.508,0.256,0.263,0.439,Santa Monica Proper Hotel,true,true,true,true,true,true,0.88,1.22,1.18,1.12,1.04,1.04,1.08,0.92,observed_public_property_context,0.64,0.28,sample_seed_review_taxonomy_prior,0.22,0.064,0.271,false,0.32,sample_seed_local_demand_context,710,665,675,1.068,0.356,false,112,1.026,6,0.92,sample_seed_public_rate_shape,ltv_imputed;no_review_or_survey
case_00343,TKT000343,PMS000432,CRM000432,1.0,direct_pms_reservation_id,0.95,direct_crm_id,0.0,no_comp_record,returning_guest,coastal_weekend,720,5040,13050,0.588,0,2026-08-19,2026-08-23,direct,false,0,2,spa_wellness_service_issue,treatment delay,process,3,false,0.74,true,5,0.6,0.49,0,,,0,0,960,615,315,30,0.923,0.932,0.994,0.737,0.893,Santa Monica Proper Hotel,true,true,true,true,true,true,0.88,1.22,1.18,1.12,1.04,1.04,1.08,0.92,observed_public_property_context,0.64,0.28,sample_seed_review_taxonomy_prior,0.7,0.095,0.553,false,0.32,sample_seed_local_demand_context,900,930,915,0.968,1.0,true,270,1.28,6,0.92,sample_seed_public_rate_shape,no_review_or_survey;no_comp_record
case_00344,TKT000344,PMS001403,CRM001403,1.0,direct_pms_reservation_id,0.95,direct_crm_id,1.0,direct_ticket_id,new_guest,event_or_wedding,620,620,850,0.138,0.2,2026-09-09,2026-09-09,ota,false,0,0,rooftop_pool_access_issue,cabana issue,process,3,false,0.64,true,5,0.534,0.4,7.1,late_checkout,4pm checkout,95,19,0,0,0,0,0.846,0.886,0.65,0.631,0.739,Santa Monica Proper Hotel,true,true,true,true,true,true,0.88,1.22,1.18,1.12,1.04,1.04,1.08,0.92,observed_public_property_context,0.6,0.28,sample_seed_review_taxonomy_prior,0.22,0.068,0.224,false,0.32,sample_seed_local_demand_context,665,705,700,0.943,0.178,false,79,0.935,6,0.92,sample_seed_public_rate_shape,
case_00345,TKT000345,PMS000437,CRM000437,1.0,direct_pms_reservation_id,0.95,direct_crm_id,1.0,direct_ticket_id,event_or_suite_guest,business_traveler,750,5250,40830,0.865,0.4,2026-10-27,2026-10-31,direct,false,0,0,valet_or_parking_delay,valet wait,process,3,false,0.62,true,5,0.744,0.611,4.4,parking_fee_waiver,Valet comp,120,22,195,80,0,0,0.765,0.892,0.613,0.646,0.406,Santa Monica Proper Hotel,true,true,true,true,true,true,0.88,1.22,1.18,1.12,1.04,1.04,1.08,0.92,observed_public_property_context,0.56,0.18,sample_seed_review_taxonomy_prior,0.48,0.056,0.432,false,0.32,sample_seed_local_demand_context,755,655,678,1.153,0.534,false,149,1.122,6,0.92,sample_seed_public_rate_shape,
case_00346,TKT000346,PMS000447,CRM000447,1.0,direct_pms_reservation_id,0.95,direct_crm_id,0.0,no_comp_record,new_guest,design_leisure,600,3600,5170,0.319,0,2026-03-13,2026-03-16,ota,true,0,0,room_assignment_expectation_gap,view issue,outcome,2,false,0.74,true,5,0.4,0.398,0,,,0,0,380,380,0,0,0.44,0.28,0.049,0.39,0.306,Santa Monica Proper Hotel,true,true,true,true,true,true,0.88,1.22,1.18,1.12,1.04,1.04,1.08,0.92,observed_public_property_context,0.68,0.28,sample_seed_review_taxonomy_prior,0.22,0.078,0.215,false,0.32,sample_seed_local_demand_context,645,635,640,1.016,0.099,false,66,0.906,6,0.92,sample_seed_public_rate_shape,no_review_or_survey;no_comp_record
case_00347,TKT000347,PMS001549,CRM001549,1.0,direct_pms_reservation_id,0.95,direct_crm_id,0.0,no_comp_record,new_guest,family_beach_trip,820,820,1476,0.186,0,2026-07-14,2026-07-14,ota,false,1,2,rooftop_pool_access_issue,pool access,process,2,false,0.64,false,5,0.384,0.424,6.8,,,0,0,665,560,0,105,0.79,0.718,0.551,0.572,0.896,Santa Monica Proper Hotel,true,true,true,true,true,true,0.88,1.22,1.18,1.12,1.04,1.04,1.08,0.92,observed_public_property_context,0.6,0.28,sample_seed_review_taxonomy_prior,0.22,0.442,0.36,false,0.32,sample_seed_local_demand_context,775,770,772,1.006,0.613,false,166,1.119,6,0.92,sample_seed_public_rate_shape,ltv_imputed;no_comp_record
case_00348,TKT000348,PMS000611,CRM000611,1.0,direct_pms_reservation_id,0.95,direct_crm_id,1.0,direct_ticket_id,new_guest,design_leisure,910,2730,4460,0.288,0.2,2026-05-19,2026-05-19,corporate,false,0,1,valet_or_parking_delay,arrival valet,process,3,false,0.62,true,5,0.47,0.374,7.0,parking_fee_waiver,Destination fee waive,100,18,445,445,0,0,0.722,0.605,0.595,0.477,0.6,Santa Monica Proper Hotel,true,true,true,true,true,true,0.88,1.22,1.18,1.12,1.04,1.04,1.08,0.92,observed_public_property_context,0.56,0.18,sample_seed_review_taxonomy_prior,0.22,0.12,0.204,false,0.32,sample_seed_local_demand_context,755,715,728,1.056,0.534,false,149,1.098,6,0.92,sample_seed_public_rate_shape,
case_00349,TKT000349,PMS001359,CRM001359,1.0,direct_pms_reservation_id,0.95,direct_crm_id,1.0,direct_ticket_id,new_guest,coastal_weekend,580,2320,3180,0.24,0.2,2026-10-30,2026-10-31,corporate,false,1,0,f_and_b_service_lapse,restaurant issue,process,2,false,0.7,false,5,0.434,0.408,7.0,manager_note,No dollar comp,0,0,0,0,0,0,0.765,0.892,0.613,0.646,0.406,Santa Monica Proper Hotel,true,true,true,true,true,true,0.88,1.22,1.18,1.12,1.04,1.04,1.08,0.92,observed_public_property_context,0.6,0.28,sample_seed_review_taxonomy_prior,0.48,0.056,0.432,false,0.32,sample_seed_local_demand_context,755,655,678,1.153,0.534,false,149,1.122,6,0.92,sample_seed_public_rate_shape,
case_00350,TKT000350,PMS000716,CRM000716,1.0,direct_pms_reservation_id,0.95,direct_crm_id,0.62,reservation_level_comp_match,returning_guest,local_staycation,730,2190,5970,0.354,0,2026-11-29,2026-12-01,direct,false,0,0,room_readiness_delay,checkin wait,outcome,2,false,0.88,true,5,0.241,0.359,8.1,rooftop_f_and_b_credit,Calabra recovery,185,74,0,0,0,0,0.354,0.34,0.128,0.246,0.278,Santa Monica Proper Hotel,true,true,true,true,true,true,0.88,1.22,1.18,1.12,1.04,1.04,1.08,0.92,observed_public_property_context,0.74,0.28,sample_seed_review_taxonomy_prior,0.22,0.638,0.342,false,0.32,sample_seed_local_demand_context,705,760,745,0.928,0.336,false,109,1.001,6,0.92,sample_seed_public_rate_shape,
case_00351,TKT000351,PMS000737,CRM000737,1.0,direct_pms_reservation_id,0.95,direct_crm_id,0.62,reservation_level_comp_match,new_guest,coastal_weekend,680,2720,3540,0.262,0.2,2026-11-20,2026-11-21,ota,false,0,0,room_readiness_delay,room_not_ready,outcome,4,false,0.93,false,5,0.8,0.622,0,late_checkout,Late CO,0,0,280,280,0,0,0.484,0.568,0.403,0.535,0.235,Santa Monica Proper Hotel,true,true,true,true,true,true,0.88,1.22,1.18,1.12,1.04,1.04,1.08,0.92,observed_public_property_context,0.74,0.28,sample_seed_review_taxonomy_prior,0.48,0.039,0.414,false,0.32,sample_seed_local_demand_context,685,725,715,0.945,0.257,false,94,0.968,6,0.92,sample_seed_public_rate_shape,no_review_or_survey
case_00352,TKT000352,PMS000365,CRM000365,1.0,direct_pms_reservation_id,0.95,direct_crm_id,0.0,no_comp_record,loyalty_guest,wellness_getaway,710,2130,8280,0.466,0,2026-05-28,2026-05-28,ota,false,0,0,maintenance_issue,maintenance,outcome,2,false,0.78,true,5,0.305,0.393,7.5,,,0,0,185,185,0,0,0.694,0.681,0.46,0.644,0.585,Santa Monica Proper Hotel,true,true,true,true,true,true,0.88,1.22,1.18,1.12,1.04,1.04,1.08,0.92,observed_public_property_context,0.69,0.28,sample_seed_review_taxonomy_prior,0.22,0.107,0.271,false,0.32,sample_seed_local_demand_context,725,735,730,0.986,0.415,false,124,1.034,6,0.92,sample_seed_public_rate_shape,no_comp_record
case_00353,TKT000353,PMS000054,CRM000054,1.0,direct_pms_reservation_id,0.95,direct_crm_id,1.0,direct_ticket_id,loyalty_guest,business_traveler,780,1560,7090,0.428,0.2,2026-06-20,2026-06-20,corporate,false,0,0,noise_disruption,street noise,process,2,false,0.48,true,5,0.4,0.381,0,amenity_gesture,Amenity,75,34,375,265,0,110,0.752,0.746,0.767,0.796,0.531,Santa Monica Proper Hotel,true,true,true,true,true,true,0.88,1.22,1.18,1.12,1.04,1.04,1.08,0.92,observed_public_property_context,0.62,0.28,sample_seed_review_taxonomy_prior,0.7,0.065,0.525,false,0.32,sample_seed_local_demand_context,885,830,858,1.066,1.0,true,266,1.296,6,0.92,sample_seed_public_rate_shape,no_review_or_survey
case_00354,TKT000354,PMS000311,CRM000311,1.0,direct_pms_reservation_id,0.95,direct_crm_id,1.0,direct_ticket_id,loyalty_guest,local_staycation,730,2920,13590,0.588,0.2,2026-12-26,2026-12-28,direct,false,0,2,rooftop_pool_access_issue,pool access,process,2,false,0.64,true,5,0.4,0.375,0,amenity_gesture,In-room gesture,70,32,50,0,0,0,0.624,0.623,0.618,0.459,0.327,Santa Monica Proper Hotel,true,true,true,true,true,true,0.88,1.22,1.18,1.12,1.04,1.04,1.08,0.92,observed_public_property_context,0.6,0.28,sample_seed_review_taxonomy_prior,0.78,0.12,0.643,false,0.32,sample_seed_local_demand_context,820,795,808,1.031,0.791,true,208,1.2,6,0.92,sample_seed_public_rate_shape,no_review_or_survey
case_00355,TKT000355,PMS000027,CRM000027,1.0,direct_pms_reservation_id,0.95,direct_crm_id,1.0,direct_ticket_id,new_guest,event_or_wedding,610,610,780,0.169,0,2026-12-29,2026-12-29,direct,false,0,2,room_readiness_delay,arrival delay,outcome,4,false,0.93,true,5,0.8,0.622,0,partial_room_refund,Rate credit,475,475,450,450,0,0,0.38,0.323,0.403,0.405,0.321,Santa Monica Proper Hotel,true,true,true,true,true,true,0.88,1.22,1.18,1.12,1.04,1.04,1.08,0.92,observed_public_property_context,0.74,0.28,sample_seed_review_taxonomy_prior,0.78,0.104,0.619,false,0.32,sample_seed_local_demand_context,835,785,805,1.064,0.85,true,223,1.233,6,0.92,sample_seed_public_rate_shape,no_review_or_survey
case_00356,TKT000356,PMS001146,CRM001146,1.0,direct_pms_reservation_id,0.95,direct_crm_id,0.0,no_comp_record,new_guest,local_staycation,880,880,1780,0.16,0,2026-08-02,2026-08-02,ota,false,0,0,billing_or_fee_dispute,folio issue,process,2,true,0.55,false,5,0.4,0.37,0,,,0,0,1200,1200,0,0,0.658,0.678,0.355,0.608,0.71,Santa Monica Proper Hotel,true,true,true,true,true,true,0.88,1.22,1.18,1.12,1.04,1.04,1.08,0.92,observed_public_property_context,0.58,0.28,sample_seed_review_taxonomy_prior,0.7,0.278,0.64,false,0.32,sample_seed_local_demand_context,925,875,898,1.057,1.0,true,278,1.294,6,0.92,sample_seed_public_rate_shape,severity_inferred;no_review_or_survey;no_comp_record
case_00357,TKT000357,PMS001032,CRM001032,1.0,direct_pms_reservation_id,0.95,direct_crm_id,1.0,direct_ticket_id,new_guest,coastal_weekend,590,590,860,0.137,0.2,2026-06-27,2026-06-27,travel_advisor,true,1,0,room_assignment_expectation_gap,room type mismatch,outcome,4,false,0.79,true,5,0.8,0.605,0,partial_room_refund,Partial night,475,475,115,0,0,115,0.868,0.87,0.833,0.797,0.754,Santa Monica Proper Hotel,true,true,true,true,true,true,0.88,1.22,1.18,1.12,1.04,1.04,1.08,0.92,observed_public_property_context,0.68,0.28,sample_seed_review_taxonomy_prior,0.7,0.069,0.547,false,0.32,sample_seed_local_demand_context,915,905,910,1.011,1.0,true,274,1.283,6,0.92,sample_seed_public_rate_shape,no_review_or_survey
case_00358,TKT000358,PMS000651,CRM000651,1.0,direct_pms_reservation_id,0.95,direct_crm_id,0.0,no_comp_record,loyalty_guest,design_leisure,820,1640,6590,0.443,0,2026-07-26,2026-07-26,direct,false,0,1,valet_or_parking_delay,arrival valet,process,2,false,0.62,false,5,0.4,0.337,0,,,0,0,35,0,0,0,0.928,0.942,0.875,0.908,0.828,Santa Monica Proper Hotel,true,true,true,true,true,true,0.88,1.22,1.18,1.12,1.04,1.04,1.08,0.92,observed_public_property_context,0.56,0.18,sample_seed_review_taxonomy_prior,0.7,0.153,0.602,false,0.32,sample_seed_local_demand_context,935,870,892,1.075,1.0,true,280,1.299,6,0.92,sample_seed_public_rate_shape,no_review_or_survey;no_comp_record
case_00359,TKT000359,PMS001553,CRM001553,1.0,direct_pms_reservation_id,0.95,direct_crm_id,0.0,no_comp_record,loyalty_guest,coastal_weekend,730,1460,6820,0.421,0,2026-02-27,2026-02-28,ota,false,0,0,housekeeping_miss,housekeeping,outcome,3,false,0.9,true,5,0.6,0.513,0,,,0,0,120,120,0,0,0.631,0.688,0.521,0.532,0.214,Santa Monica Proper Hotel,true,true,true,true,true,true,0.88,1.22,1.18,1.12,1.04,1.04,1.08,0.92,observed_public_property_context,0.72,0.28,sample_seed_review_taxonomy_prior,0.48,0.074,0.434,false,0.32,sample_seed_local_demand_context,690,710,700,0.972,0.277,false,97,0.976,6,0.92,sample_seed_public_rate_shape,no_review_or_survey;no_comp_record
case_00360,TKT000360,PMS001594,CRM001594,1.0,direct_pms_reservation_id,0.95,direct_crm_id,1.0,direct_ticket_id,new_guest,wellness_getaway,640,1280,2304,0.215,0,2026-05-13,2026-05-14,direct,false,0,2,noise_disruption,neighbor noise,process,3,false,0.48,true,5,0.503,0.47,6.3,lobby_lounge_credit,Bar credit,85,32,605,0,605,0,0.99,0.92,0.859,0.717,0.858,Santa Monica Proper Hotel,true,true,true,true,true,true,0.88,1.22,1.18,1.12,1.04,1.04,1.08,0.92,observed_public_property_context,0.62,0.28,sample_seed_review_taxonomy_prior,0.22,0.116,0.285,false,0.32,sample_seed_local_demand_context,830,785,800,1.057,0.83,true,218,1.223,6,0.92,sample_seed_public_rate_shape,ltv_imputed
case_00361,TKT000361,PMS001373,CRM001373,1.0,direct_pms_reservation_id,0.95,direct_crm_id,0.0,no_comp_record,new_guest,wellness_getaway,590,590,1280,0.141,0,2026-02-04,2026-02-04,ota,false,0,0,noise_disruption,noise,process,3,false,0.48,false,22,0.472,0.51,5.8,,,0,0,555,150,325,80,0.774,0.842,0.374,0.55,0.442,Santa Monica Proper Hotel,true,true,true,true,true,true,0.88,1.22,1.18,1.12,1.04,1.04,1.08,0.92,observed_public_property_context,0.62,0.28,sample_seed_review_taxonomy_prior,0.22,0.142,0.293,false,0.32,sample_seed_local_demand_context,530,625,615,0.848,0.0,false,42,0.86,6,0.92,sample_seed_public_rate_shape,no_comp_record
case_00362,TKT000362,PMS000780,CRM000780,1.0,direct_pms_reservation_id,0.95,direct_crm_id,0.62,reservation_level_comp_match,returning_guest,design_leisure,650,1300,3430,0.287,0.2,2026-06-17,2026-06-18,ota,true,1,0,room_readiness_delay,room_not_ready,outcome,4,false,0.93,true,5,0.8,0.622,0,late_checkout,Late checkout,75,15,230,85,0,95,0.38,0.451,0.439,0.319,0.325,Santa Monica Proper Hotel,true,true,true,true,true,true,0.88,1.22,1.18,1.12,1.04,1.04,1.08,0.92,observed_public_property_context,0.74,0.28,sample_seed_review_taxonomy_prior,0.22,0.093,0.275,false,0.32,sample_seed_local_demand_context,735,790,768,0.93,0.455,false,132,1.051,6,0.92,sample_seed_public_rate_shape,no_review_or_survey
case_00363,TKT000363,PMS001053,CRM001053,1.0,direct_pms_reservation_id,0.95,direct_crm_id,1.0,direct_ticket_id,new_guest,business_traveler,870,870,1310,0.17,0,2026-06-20,2026-06-20,direct,false,1,1,rooftop_pool_access_issue,cabana issue,process,3,false,0.64,true,5,0.586,0.36,7.6,parking_fee_waiver,Parking/Dest fee,70,13,685,0,685,0,0.752,0.746,0.767,0.796,0.531,Santa Monica Proper Hotel,true,true,true,true,true,true,0.88,1.22,1.18,1.12,1.04,1.04,1.08,0.92,observed_public_property_context,0.6,0.28,sample_seed_review_taxonomy_prior,0.7,0.065,0.525,false,0.32,sample_seed_local_demand_context,885,830,858,1.066,1.0,true,266,1.296,6,0.92,sample_seed_public_rate_shape,
case_00364,TKT000364,PMS000086,CRM000086,1.0,direct_pms_reservation_id,0.95,direct_crm_id,0.0,no_comp_record,vip_guest,wellness_getaway,740,5180,37480,0.836,0,2026-02-07,2026-02-07,ota,false,0,0,room_readiness_delay,late room,outcome,3,false,0.88,true,5,0.6,0.518,0,,,0,0,400,400,0,0,0.515,0.532,0.429,0.357,0.314,Santa Monica Proper Hotel,true,true,true,true,true,true,0.88,1.22,1.18,1.12,1.04,1.04,1.08,0.92,observed_public_property_context,0.74,0.28,sample_seed_review_taxonomy_prior,0.48,0.05,0.444,false,0.32,sample_seed_local_demand_context,735,710,722,1.035,0.455,false,132,1.06,6,0.92,sample_seed_public_rate_shape,no_review_or_survey;no_comp_record
case_00365,TKT000365,PMS000357,CRM000357,0.78,guest_key_date_window,0.95,direct_crm_id,0.0,no_comp_record,returning_guest,design_leisure,690,2070,6670,0.355,0,2026-06-03,2026-06-03,direct,false,0,0,room_readiness_delay,room_not_ready,outcome,4,false,0.93,true,5,0.8,0.622,0,,,0,0,1325,1140,0,60,0.688,0.68,0.522,0.269,0.727,Santa Monica Proper Hotel,true,true,true,true,true,true,0.88,1.22,1.18,1.12,1.04,1.04,1.08,0.92,observed_public_property_context,0.74,0.28,sample_seed_review_taxonomy_prior,0.22,0.038,0.199,false,0.32,sample_seed_local_demand_context,890,790,840,1.127,1.0,true,267,1.312,6,0.92,sample_seed_public_rate_shape,no_review_or_survey;no_comp_record
case_00366,TKT000366,PMS001535,CRM001535,1.0,direct_pms_reservation_id,0.95,direct_crm_id,0.0,no_comp_record,new_guest,event_or_wedding,640,640,740,0.138,0,2026-11-27,2026-11-27,direct,false,0,0,rooftop_pool_access_issue,pool access,process,2,false,0.64,true,32,0.4,0.375,0,,,0,0,0,0,0,0,0.721,0.699,0.477,0.515,0.348,Santa Monica Proper Hotel,true,true,true,true,true,true,0.88,1.22,1.18,1.12,1.04,1.04,1.08,0.92,observed_public_property_context,0.6,0.28,sample_seed_review_taxonomy_prior,0.48,0.066,0.408,false,0.32,sample_seed_local_demand_context,770,835,802,0.922,0.593,true,162,1.109,6,0.92,sample_seed_public_rate_shape,no_review_or_survey;no_comp_record
case_00367,TKT000367,PMS001160,CRM001160,1.0,direct_pms_reservation_id,0.95,direct_crm_id,1.0,direct_ticket_id,new_guest,event_or_wedding,570,570,1020,0.138,0.2,2026-01-01,2026-01-01,ota,true,0,0,f_and_b_service_lapse,dining delay,process,3,false,0.7,true,5,0.6,0.479,0,late_checkout,4pm checkout,90,18,665,665,0,0,0.571,0.631,0.639,0.325,0.282,Santa Monica Proper Hotel,true,true,true,true,true,true,0.88,1.22,1.18,1.12,1.04,1.04,1.08,0.92,observed_public_property_context,0.6,0.28,sample_seed_review_taxonomy_prior,0.22,0.044,0.235,false,0.32,sample_seed_local_demand_context,650,640,645,1.016,0.119,false,69,0.914,6,0.92,sample_seed_public_rate_shape,no_review_or_survey
case_00368,TKT000368,PMS001039,CRM001039,1.0,direct_pms_reservation_id,0.95,direct_crm_id,0.0,no_comp_record,returning_guest,design_leisure,770,1540,3410,0.314,0,2026-05-01,2026-05-01,direct,false,0,1,spa_wellness_service_issue,wellness service,process,3,false,0.74,false,5,0.6,0.49,0,,,0,0,655,655,0,0,0.99,1.0,0.873,0.935,0.726,Santa Monica Proper Hotel,true,true,true,true,true,true,0.88,1.22,1.18,1.12,1.04,1.04,1.08,0.92,observed_public_property_context,0.64,0.28,sample_seed_review_taxonomy_prior,0.48,0.105,0.402,false,0.32,sample_seed_local_demand_context,860,920,890,0.935,0.949,true,248,1.258,6,0.92,sample_seed_public_rate_shape,no_review_or_survey;no_comp_record
case_00369,TKT000369,PMS000993,CRM000993,1.0,direct_pms_reservation_id,0.95,direct_crm_id,0.62,reservation_level_comp_match,returning_guest,local_staycation,820,5740,10332,0.553,0.2,2026-02-09,2026-02-15,direct,false,0,1,maintenance_issue,engineering,outcome,3,false,0.78,true,5,0.6,0.504,0,manager_note,Manager Note,0,0,0,0,0,0,0.422,0.386,0.23,0.161,0.214,Santa Monica Proper Hotel,true,true,true,true,true,true,0.88,1.22,1.18,1.12,1.04,1.04,1.08,0.92,observed_public_property_context,0.69,0.28,sample_seed_review_taxonomy_prior,0.82,0.154,0.701,true,0.32,sample_seed_local_demand_context,915,890,902,1.028,1.0,true,274,1.287,6,0.92,sample_seed_public_rate_shape,ltv_imputed;no_review_or_survey
case_00370,TKT000370,PMS000834,CRM000834,1.0,direct_pms_reservation_id,0.95,direct_crm_id,1.0,direct_ticket_id,new_guest,wellness_getaway,730,2920,5070,0.319,0.2,2026-06-17,2026-06-19,ota,false,0,2,noise_disruption,street noise,process,3,false,0.48,false,5,0.838,0.494,6.0,rooftop_f_and_b_credit,Calabra recovery,170,68,465,430,0,0,0.92,0.944,0.907,0.665,0.676,Santa Monica Proper Hotel,true,true,true,true,true,true,0.88,1.22,1.18,1.12,1.04,1.04,1.08,0.92,observed_public_property_context,0.62,0.28,sample_seed_review_taxonomy_prior,0.7,0.138,0.532,false,0.32,sample_seed_local_demand_context,780,770,775,1.013,0.632,false,171,1.129,6,0.92,sample_seed_public_rate_shape,
case_00371,TKT000371,PMS000134,CRM000134,1.0,direct_pms_reservation_id,0.95,direct_crm_id,1.0,direct_ticket_id,loyalty_guest,design_leisure,640,1280,6220,0.422,0.2,2026-11-28,2026-11-28,corporate,false,0,1,maintenance_issue,facilities issue,outcome,3,true,0.78,true,5,0.6,0.504,0,rooftop_f_and_b_credit,Food Credit,180,72,280,65,0,130,0.622,0.593,0.45,0.661,0.3,Santa Monica Proper Hotel,true,true,true,true,true,true,0.88,1.22,1.18,1.12,1.04,1.04,1.08,0.92,observed_public_property_context,0.69,0.28,sample_seed_review_taxonomy_prior,0.48,0.134,0.462,false,0.32,sample_seed_local_demand_context,740,695,718,1.065,0.474,false,136,1.075,6,0.92,sample_seed_public_rate_shape,severity_inferred;no_review_or_survey
case_00372,TKT000372,PMS001238,CRM001238,1.0,direct_pms_reservation_id,0.95,direct_crm_id,1.0,direct_ticket_id,returning_guest,design_leisure,750,750,2220,0.282,0,2026-07-10,2026-07-10,ota,false,0,2,room_readiness_delay,room_not_ready,outcome,4,false,0.93,true,5,0.963,0.543,5.8,rooftop_f_and_b_credit,Food Credit,200,80,415,285,0,85,0.99,0.96,0.896,0.811,0.894,Santa Monica Proper Hotel,true,true,true,true,true,true,0.88,1.22,1.18,1.12,1.04,1.04,1.08,0.92,observed_public_property_context,0.74,0.28,sample_seed_review_taxonomy_prior,0.7,0.327,0.629,false,0.32,sample_seed_local_demand_context,895,890,892,1.006,1.0,true,268,1.282,6,0.92,sample_seed_public_rate_shape,
case_00373,TKT000373,PMS001572,CRM001572,1.0,direct_pms_reservation_id,0.95,direct_crm_id,0.62,reservation_level_comp_match,new_guest,wellness_getaway,740,2960,5810,0.296,0.2,2026-08-15,2026-08-17,direct,false,0,0,maintenance_issue,engineering,outcome,3,false,0.78,false,5,0.535,0.425,7.1,amenity_gesture,In-room gesture,80,36,170,0,170,0,0.757,0.601,0.57,0.585,0.581,Santa Monica Proper Hotel,true,true,true,true,true,true,0.88,1.22,1.18,1.12,1.04,1.04,1.08,0.92,observed_public_property_context,0.69,0.28,sample_seed_review_taxonomy_prior,0.22,0.271,0.318,false,0.32,sample_seed_local_demand_context,705,700,702,1.007,0.336,false,109,1.003,6,0.92,sample_seed_public_rate_shape,
case_00374,TKT000374,PMS000044,CRM000044,1.0,direct_pms_reservation_id,0.95,direct_crm_id,1.0,direct_ticket_id,new_guest,wellness_getaway,680,3400,4620,0.336,0.2,2026-11-04,2026-11-04,group_or_event,false,1,2,billing_or_fee_dispute,folio issue,process,3,false,0.55,false,5,0.491,0.386,7.2,manager_note,No dollar comp,0,0,105,105,0,0,0.558,0.584,0.516,0.447,0.327,Santa Monica Proper Hotel,true,true,true,true,true,true,0.88,1.22,1.18,1.12,1.04,1.04,1.08,0.92,observed_public_property_context,0.58,0.28,sample_seed_review_taxonomy_prior,0.22,0.131,0.273,false,0.32,sample_seed_local_demand_context,640,640,640,1.0,0.079,false,62,0.893,6,0.92,sample_seed_public_rate_shape,
case_00375,TKT000375,PMS001163,CRM001163,1.0,direct_pms_reservation_id,0.95,direct_crm_id,1.0,direct_ticket_id,new_guest,local_staycation,630,1890,3070,0.235,0.2,2026-10-31,2026-10-31,ota,true,1,1,housekeeping_miss,room clean issue,outcome,3,true,0.9,true,5,0.554,0.53,5.9,late_checkout,Late checkout,100,20,675,635,0,40,0.765,0.892,0.613,0.646,0.406,Santa Monica Proper Hotel,true,true,true,true,true,true,0.88,1.22,1.18,1.12,1.04,1.04,1.08,0.92,observed_public_property_context,0.72,0.28,sample_seed_review_taxonomy_prior,0.48,0.056,0.432,false,0.32,sample_seed_local_demand_context,755,655,678,1.153,0.534,false,149,1.122,6,0.92,sample_seed_public_rate_shape,severity_inferred
case_00376,TKT000376,PMS000123,CRM000123,1.0,direct_pms_reservation_id,0.95,direct_crm_id,1.0,direct_ticket_id,new_guest,business_traveler,700,2800,3740,0.268,0.2,2026-10-28,2026-10-29,corporate,false,0,0,noise_disruption,noise,process,2,false,0.48,true,5,0.4,0.381,0,manager_note,Personal apology,0,0,0,0,0,0,0.323,0.252,0.184,0.39,0.333,Santa Monica Proper Hotel,true,true,true,true,true,true,0.88,1.22,1.18,1.12,1.04,1.04,1.08,0.92,observed_public_property_context,0.62,0.28,sample_seed_review_taxonomy_prior,0.22,0.152,0.259,false,0.32,sample_seed_local_demand_context,685,670,678,1.022,0.257,false,94,0.973,6,0.92,sample_seed_public_rate_shape,no_review_or_survey
case_00377,TKT000377,PMS000946,CRM000946,0.78,guest_key_date_window,0.95,direct_crm_id,1.0,direct_ticket_id,returning_guest,wellness_getaway,810,2430,9970,0.421,0.2,2026-12-07,2026-12-07,travel_advisor,false,0,1,room_readiness_delay,late room,outcome,3,false,0.88,true,5,0.531,0.495,6.4,rooftop_f_and_b_credit,Calabra recovery,145,58,0,0,0,0,0.665,0.602,0.398,0.595,0.344,Santa Monica Proper Hotel,true,true,true,true,true,true,0.88,1.22,1.18,1.12,1.04,1.04,1.08,0.92,observed_public_property_context,0.74,0.28,sample_seed_review_taxonomy_prior,0.22,0.126,0.289,false,0.32,sample_seed_local_demand_context,620,565,592,1.097,0.0,false,50,0.884,6,0.92,sample_seed_public_rate_shape,
case_00378,TKT000378,PMS000776,CRM000776,1.0,direct_pms_reservation_id,0.95,direct_crm_id,0.0,no_comp_record,loyalty_guest,coastal_weekend,710,2840,16350,0.58,0,2026-02-24,2026-02-27,direct,false,0,0,f_and_b_service_lapse,dining delay,process,2,false,0.7,false,5,0.4,0.375,0,,,0,0,0,0,0,0,0.505,0.599,0.467,0.505,0.273,Santa Monica Proper Hotel,true,true,true,true,true,true,0.88,1.22,1.18,1.12,1.04,1.04,1.08,0.92,observed_public_property_context,0.6,0.28,sample_seed_review_taxonomy_prior,0.48,0.669,0.51,false,0.32,sample_seed_local_demand_context,745,725,728,1.028,0.494,false,141,1.075,6,0.92,sample_seed_public_rate_shape,no_review_or_survey;no_comp_record
case_00379,TKT000379,PMS000609,CRM000609,1.0,direct_pms_reservation_id,0.95,direct_crm_id,1.0,direct_ticket_id,new_guest,wellness_getaway,580,1160,2210,0.177,0,2026-04-10,2026-04-10,corporate,false,0,0,spa_wellness_service_issue,spa issue,process,3,false,0.74,true,5,0.693,0.451,6.6,amenity_gesture,Welcome amenity,60,27,310,110,0,90,0.478,0.563,0.574,0.538,0.279,Santa Monica Proper Hotel,true,true,true,true,true,true,0.88,1.22,1.18,1.12,1.04,1.04,1.08,0.92,observed_public_property_context,0.64,0.28,sample_seed_review_taxonomy_prior,0.48,0.054,0.443,false,0.32,sample_seed_local_demand_context,770,700,720,1.1,0.593,false,162,1.134,6,0.92,sample_seed_public_rate_shape,
case_00380,TKT000380,PMS000537,CRM000537,1.0,direct_pms_reservation_id,0.95,direct_crm_id,1.0,direct_ticket_id,returning_guest,coastal_weekend,620,2480,10050,0.408,0.2,2026-05-18,2026-05-18,direct,false,0,0,valet_or_parking_delay,parking,process,4,false,0.67,true,5,0.8,0.573,0,room_upgrade,Room move upgrade,330,82,495,445,0,50,0.972,0.927,0.884,0.993,0.778,Santa Monica Proper Hotel,true,true,true,true,true,true,0.88,1.22,1.18,1.12,1.04,1.04,1.08,0.92,observed_public_property_context,0.56,0.18,sample_seed_review_taxonomy_prior,0.22,0.082,0.231,false,0.32,sample_seed_local_demand_context,680,735,708,0.925,0.237,false,90,0.96,6,0.92,sample_seed_public_rate_shape,no_review_or_survey
case_00381,TKT000381,PMS001345,CRM001345,1.0,direct_pms_reservation_id,0.95,direct_crm_id,0.0,no_comp_record,returning_guest,design_leisure,530,2650,10430,0.42,0,2026-11-29,2026-12-01,travel_advisor,false,0,0,housekeeping_miss,housekeeping,outcome,3,false,0.9,true,5,0.6,0.513,0,,,0,0,330,180,0,150,0.354,0.34,0.128,0.246,0.278,Santa Monica Proper Hotel,true,true,true,true,true,true,0.88,1.22,1.18,1.12,1.04,1.04,1.08,0.92,observed_public_property_context,0.72,0.28,sample_seed_review_taxonomy_prior,0.22,0.638,0.342,false,0.32,sample_seed_local_demand_context,705,760,745,0.928,0.336,false,109,1.001,6,0.92,sample_seed_public_rate_shape,no_review_or_survey;no_comp_record
case_00382,TKT000382,PMS001504,CRM001504,1.0,direct_pms_reservation_id,0.95,direct_crm_id,0.62,reservation_level_comp_match,new_guest,wellness_getaway,440,880,1130,0.169,0.2,2026-02-03,2026-02-04,direct,false,0,1,maintenance_issue,facilities issue,outcome,5,false,0.83,true,5,0.825,0.633,4.5,future_stay_credit,Comeback offer,350,210,350,250,0,0,0.774,0.842,0.374,0.55,0.442,Santa Monica Proper Hotel,true,true,true,true,true,true,0.88,1.22,1.18,1.12,1.04,1.04,1.08,0.92,observed_public_property_context,0.69,0.28,sample_seed_review_taxonomy_prior,0.22,0.142,0.293,false,0.32,sample_seed_local_demand_context,530,625,615,0.848,0.0,false,42,0.86,6,0.92,sample_seed_public_rate_shape,
case_00383,TKT000383,PMS000582,CRM000582,1.0,direct_pms_reservation_id,0.95,direct_crm_id,0.0,no_comp_record,new_guest,coastal_weekend,720,720,1370,0.148,0,2026-10-23,2026-10-23,direct,false,0,0,noise_disruption,sleep disruption,process,1,false,0.48,true,5,0.2,0.277,0,,,0,0,0,0,0,0,0.504,0.325,0.357,0.39,0.42,Santa Monica Proper Hotel,true,true,true,true,true,true,0.88,1.22,1.18,1.12,1.04,1.04,1.08,0.92,observed_public_property_context,0.62,0.28,sample_seed_review_taxonomy_prior,0.48,0.145,0.423,false,0.32,sample_seed_local_demand_context,800,800,800,1.0,0.711,false,189,1.159,6,0.92,sample_seed_public_rate_shape,no_review_or_survey;no_comp_record
case_00384,TKT000384,PMS000267,CRM000267,1.0,direct_pms_reservation_id,0.95,direct_crm_id,1.0,direct_ticket_id,new_guest,coastal_weekend,540,540,910,0.135,0,2026-01-30,2026-01-30,direct,true,0,0,valet_or_parking_delay,parking,process,2,true,0.62,true,5,0.388,0.429,6.4,lobby_lounge_credit,Palma credit,125,48,0,0,0,0,0.593,0.551,0.436,0.32,0.455,Santa Monica Proper Hotel,true,true,true,true,true,true,0.88,1.22,1.18,1.12,1.04,1.04,1.08,0.92,observed_public_property_context,0.56,0.18,sample_seed_review_taxonomy_prior,0.48,0.021,0.442,false,0.32,sample_seed_local_demand_context,755,690,720,1.094,0.534,false,149,1.108,6,0.92,sample_seed_public_rate_shape,severity_inferred
case_00385,TKT000385,PMS000612,CRM000612,1.0,direct_pms_reservation_id,0.95,direct_crm_id,1.0,direct_ticket_id,vip_guest,local_staycation,750,1500,11370,0.56,0.4,2026-07-20,2026-07-20,ota,false,1,0,maintenance_issue,engineering,outcome,3,true,0.78,true,5,0.6,0.504,0,parking_fee_waiver,Valet comp,115,21,0,0,0,0,0.783,0.864,0.687,0.517,0.712,Santa Monica Proper Hotel,true,true,true,true,true,true,0.88,1.22,1.18,1.12,1.04,1.04,1.08,0.92,observed_public_property_context,0.69,0.28,sample_seed_review_taxonomy_prior,0.22,0.071,0.229,false,0.32,sample_seed_local_demand_context,695,690,692,1.007,0.296,false,101,0.986,6,0.92,sample_seed_public_rate_shape,severity_inferred;no_review_or_survey
case_00386,TKT000386,PMS000082,CRM000082,1.0,direct_pms_reservation_id,0.95,direct_crm_id,0.0,no_comp_record,returning_guest,event_or_wedding,740,2220,4890,0.345,0,2026-07-28,2026-07-29,direct,false,0,0,valet_or_parking_delay,parking,process,2,false,0.62,true,21,0.4,0.337,0,,,0,0,120,120,0,0,0.841,0.761,0.6,0.666,0.548,Santa Monica Proper Hotel,true,true,true,true,true,true,0.88,1.22,1.18,1.12,1.04,1.04,1.08,0.92,observed_public_property_context,0.56,0.18,sample_seed_review_taxonomy_prior,0.22,0.142,0.25,false,0.32,sample_seed_local_demand_context,770,810,790,0.951,0.593,false,162,1.109,6,0.92,sample_seed_public_rate_shape,no_review_or_survey;no_comp_record
case_00387,TKT000387,PMS000990,CRM000990,1.0,direct_pms_reservation_id,0.95,direct_crm_id,1.0,direct_ticket_id,new_guest,wellness_getaway,590,1770,2630,0.225,0.2,2026-04-19,2026-04-21,ota,false,0,1,room_assignment_expectation_gap,upgrade expectation,outcome,4,false,0.79,false,5,0.8,0.605,0,rooftop_f_and_b_credit,F&B,175,70,245,245,0,0,0.649,0.61,0.633,0.377,0.247,Santa Monica Proper Hotel,true,true,true,true,true,true,0.88,1.22,1.18,1.12,1.04,1.04,1.08,0.92,observed_public_property_context,0.68,0.28,sample_seed_review_taxonomy_prior,0.22,0.066,0.251,false,0.32,sample_seed_local_demand_context,650,635,642,1.024,0.119,false,69,0.916,6,0.92,sample_seed_public_rate_shape,no_review_or_survey
case_00388,TKT000388,PMS000898,CRM000898,1.0,direct_pms_reservation_id,0.95,direct_crm_id,1.0,direct_ticket_id,loyalty_guest,wellness_getaway,1120,1120,5470,0.44,0.2,2026-11-16,2026-11-16,travel_advisor,false,0,3,f_and_b_service_lapse,dining delay,process,2,false,0.7,true,5,0.418,0.4,7.1,rooftop_f_and_b_credit,F&B,115,46,0,0,0,0,0.573,0.766,0.604,0.444,0.373,Santa Monica Proper Hotel,true,true,true,true,true,true,0.88,1.22,1.18,1.12,1.04,1.04,1.08,0.92,observed_public_property_context,0.6,0.28,sample_seed_review_taxonomy_prior,0.22,0.155,0.273,false,0.32,sample_seed_local_demand_context,625,630,628,0.992,0.02,false,53,0.868,6,0.92,sample_seed_public_rate_shape,
case_00389,TKT000389,PMS001073,CRM001073,1.0,direct_pms_reservation_id,0.95,direct_crm_id,1.0,direct_ticket_id,vip_guest,wellness_getaway,680,680,4070,0.481,0.2,2026-07-17,2026-07-17,direct,true,0,2,billing_or_fee_dispute,fee dispute,process,2,true,0.55,true,5,0.805,0.394,7.1,amenity_gesture,Welcome amenity,70,32,105,105,0,0,0.99,0.961,0.985,0.849,0.907,Santa Monica Proper Hotel,true,true,true,true,true,true,0.88,1.22,1.18,1.12,1.04,1.04,1.08,0.92,observed_public_property_context,0.58,0.28,sample_seed_review_taxonomy_prior,0.7,0.056,0.53,false,0.32,sample_seed_local_demand_context,780,770,775,1.013,0.632,false,171,1.129,6,0.92,sample_seed_public_rate_shape,severity_inferred
case_00390,TKT000390,PMS001075,CRM001075,1.0,direct_pms_reservation_id,0.95,direct_crm_id,0.0,no_comp_record,loyalty_guest,event_or_wedding,830,3320,12990,0.584,0,2026-06-06,2026-06-09,ota,false,0,1,f_and_b_service_lapse,order problem,process,2,false,0.7,true,5,0.4,0.375,0,,,0,0,60,0,0,60,0.464,0.349,0.608,0.358,0.59,Santa Monica Proper Hotel,true,true,true,true,true,true,0.88,1.22,1.18,1.12,1.04,1.04,1.08,0.92,observed_public_property_context,0.6,0.28,sample_seed_review_taxonomy_prior,0.22,0.159,0.228,false,0.32,sample_seed_local_demand_context,775,775,775,1.0,0.613,false,166,1.117,6,0.92,sample_seed_public_rate_shape,no_review_or_survey;no_comp_record
case_00391,TKT000391,PMS000810,CRM000810,1.0,direct_pms_reservation_id,0.95,direct_crm_id,0.0,no_comp_record,new_guest,local_staycation,650,650,1340,0.161,0,2026-08-20,2026-08-20,travel_advisor,false,0,1,rooftop_pool_access_issue,pool access,process,1,false,0.64,true,5,0.2,0.272,0,,,0,0,0,0,0,0,0.659,0.61,0.394,0.704,0.713,Santa Monica Proper Hotel,true,true,true,true,true,true,0.88,1.22,1.18,1.12,1.04,1.04,1.08,0.92,observed_public_property_context,0.6,0.28,sample_seed_review_taxonomy_prior,0.22,0.425,0.299,false,0.32,sample_seed_local_demand_context,765,685,725,1.117,0.573,false,158,1.13,6,0.92,sample_seed_public_rate_shape,no_review_or_survey;no_comp_record
case_00392,TKT000392,PMS000642,CRM000642,1.0,direct_pms_reservation_id,0.95,direct_crm_id,0.0,no_comp_record,event_or_suite_guest,event_or_wedding,1190,2380,14510,0.676,0,2026-09-19,2026-09-20,ota,false,0,1,maintenance_issue,room equipment,outcome,5,false,0.83,true,5,0.767,0.737,3.2,,,0,0,590,555,0,0,0.99,1.0,0.783,0.885,0.738,Santa Monica Proper Hotel,true,true,true,true,true,true,0.88,1.22,1.18,1.12,1.04,1.04,1.08,0.92,observed_public_property_context,0.69,0.28,sample_seed_review_taxonomy_prior,0.7,0.033,0.545,false,0.32,sample_seed_local_demand_context,895,885,890,1.011,1.0,true,268,1.283,6,0.92,sample_seed_public_rate_shape,no_comp_record
case_00393,TKT000393,PMS001442,CRM001442,1.0,direct_pms_reservation_id,0.95,direct_crm_id,0.0,no_comp_record,new_guest,wellness_getaway,580,1160,2088,0.208,0,2026-02-12,2026-02-13,direct,false,0,2,housekeeping_miss,linen/turndown,outcome,4,false,0.95,false,5,0.8,0.616,0,,,0,0,200,0,100,100,0.32,0.36,0.357,0.358,0.193,Santa Monica Proper Hotel,true,true,true,true,true,true,0.88,1.22,1.18,1.12,1.04,1.04,1.08,0.92,observed_public_property_context,0.72,0.28,sample_seed_review_taxonomy_prior,0.82,0.086,0.647,false,0.32,sample_seed_local_demand_context,760,820,800,0.927,0.553,true,153,1.092,6,0.92,sample_seed_public_rate_shape,ltv_imputed;no_review_or_survey;no_comp_record
case_00394,TKT000394,PMS000865,CRM000865,1.0,direct_pms_reservation_id,0.95,direct_crm_id,1.0,direct_ticket_id,returning_guest,coastal_weekend,700,2800,10780,0.462,0.2,2026-05-15,2026-05-16,corporate,false,0,2,rooftop_pool_access_issue,cabana issue,process,3,false,0.64,false,5,0.6,0.479,0,late_checkout,Late checkout,65,13,875,555,175,145,0.826,0.905,0.474,0.539,0.905,Santa Monica Proper Hotel,true,true,true,true,true,true,0.88,1.22,1.18,1.12,1.04,1.04,1.08,0.92,observed_public_property_context,0.6,0.28,sample_seed_review_taxonomy_prior,0.48,0.166,0.438,false,0.32,sample_seed_local_demand_context,875,895,892,0.978,1.0,true,262,1.28,6,0.92,sample_seed_public_rate_shape,no_review_or_survey
case_00395,TKT000395,PMS001382,CRM001382,1.0,direct_pms_reservation_id,0.95,direct_crm_id,0.0,no_comp_record,new_guest,local_staycation,480,480,710,0.13,0,2026-11-30,2026-11-30,corporate,false,0,0,billing_or_fee_dispute,fee dispute,process,2,false,0.55,false,5,0.512,0.362,7.5,,,0,0,100,100,0,0,0.638,0.594,0.5,0.502,0.359,Santa Monica Proper Hotel,true,true,true,true,true,true,0.88,1.22,1.18,1.12,1.04,1.04,1.08,0.92,observed_public_property_context,0.58,0.28,sample_seed_review_taxonomy_prior,0.22,0.176,0.243,false,0.32,sample_seed_local_demand_context,545,600,595,0.908,0.0,false,44,0.86,6,0.92,sample_seed_public_rate_shape,no_comp_record
case_00396,TKT000396,PMS000375,CRM000375,1.0,direct_pms_reservation_id,0.95,direct_crm_id,1.0,direct_ticket_id,returning_guest,design_leisure,620,1860,3348,0.345,0,2026-09-06,2026-09-08,ota,true,0,2,room_assignment_expectation_gap,wrong room,outcome,2,false,0.74,true,5,0.385,0.334,8.2,lobby_lounge_credit,Lobby F&B,130,49,310,310,0,0,0.853,0.949,0.72,0.794,0.576,Santa Monica Proper Hotel,true,true,true,true,true,true,0.88,1.22,1.18,1.12,1.04,1.04,1.08,0.92,observed_public_property_context,0.68,0.28,sample_seed_review_taxonomy_prior,0.22,0.067,0.246,false,0.32,sample_seed_local_demand_context,720,780,760,0.923,0.395,false,120,1.026,6,0.92,sample_seed_public_rate_shape,ltv_imputed
case_00397,TKT000397,PMS000109,CRM000109,1.0,direct_pms_reservation_id,0.95,direct_crm_id,1.0,direct_ticket_id,new_guest,wellness_getaway,700,2800,5040,0.281,0.2,2026-06-26,2026-06-28,group_or_event,false,0,0,noise_disruption,sleep disruption,process,2,true,0.48,true,5,0.572,0.382,7.4,lobby_lounge_credit,Bar credit,115,44,650,650,0,0,0.967,1.0,0.816,0.676,0.809,Santa Monica Proper Hotel,true,true,true,true,true,true,0.88,1.22,1.18,1.12,1.04,1.04,1.08,0.92,observed_public_property_context,0.62,0.28,sample_seed_review_taxonomy_prior,0.7,0.144,0.596,false,0.32,sample_seed_local_demand_context,850,805,815,1.056,0.909,true,238,1.256,6,0.92,sample_seed_public_rate_shape,severity_inferred;ltv_imputed
case_00398,TKT000398,PMS001422,CRM001422,1.0,direct_pms_reservation_id,0.95,direct_crm_id,1.0,direct_ticket_id,new_guest,business_traveler,580,580,730,0.151,0.2,2026-12-14,2026-12-14,ota,false,0,1,housekeeping_miss,room clean issue,outcome,2,false,0.9,true,5,0.4,0.409,0,manager_note,Manager Note,0,0,0,0,0,0,0.403,0.35,0.362,0.214,0.291,Santa Monica Proper Hotel,true,true,true,true,true,true,0.88,1.22,1.18,1.12,1.04,1.04,1.08,0.92,observed_public_property_context,0.72,0.28,sample_seed_review_taxonomy_prior,0.22,0.09,0.205,false,0.32,sample_seed_local_demand_context,605,610,608,0.992,0.0,false,48,0.86,6,0.92,sample_seed_public_rate_shape,no_review_or_survey
case_00399,TKT000399,PMS000248,CRM000248,1.0,direct_pms_reservation_id,0.95,direct_crm_id,0.62,reservation_level_comp_match,returning_guest,coastal_weekend,610,610,2340,0.245,0,2026-03-26,2026-03-26,direct,true,0,0,housekeeping_miss,room clean issue,outcome,2,false,0.9,true,5,0.609,0.45,6.9,amenity_gesture,Bottle/amenity,60,27,165,70,0,95,0.695,0.681,0.486,0.332,0.309,Santa Monica Proper Hotel,true,true,true,true,true,true,0.88,1.22,1.18,1.12,1.04,1.04,1.08,0.92,observed_public_property_context,0.72,0.28,sample_seed_review_taxonomy_prior,0.22,0.613,0.368,false,0.32,sample_seed_local_demand_context,690,680,685,1.015,0.277,false,97,0.98,6,0.92,sample_seed_public_rate_shape,
case_00400,TKT000400,PMS000138,CRM000138,1.0,direct_pms_reservation_id,0.95,direct_crm_id,1.0,direct_ticket_id,returning_guest,event_or_wedding,570,1710,6460,0.369,0.2,2026-07-19,2026-07-19,group_or_event,true,0,2,maintenance_issue,facilities issue,outcome,2,false,0.78,true,5,0.403,0.377,7.7,late_checkout,Late checkout,105,21,40,0,0,40,0.757,0.736,0.631,0.553,0.654,Santa Monica Proper Hotel,true,true,true,true,true,true,0.88,1.22,1.18,1.12,1.04,1.04,1.08,0.92,observed_public_property_context,0.69,0.28,sample_seed_review_taxonomy_prior,0.7,0.164,0.592,false,0.32,sample_seed_local_demand_context,825,815,820,1.012,0.81,true,213,1.203,6,0.92,sample_seed_public_rate_shape,
case_00401,TKT000401,PMS001504,CRM001504,1.0,direct_pms_reservation_id,0.95,direct_crm_id,1.0,direct_ticket_id,new_guest,wellness_getaway,440,880,1130,0.169,0.2,2026-02-03,2026-02-04,direct,false,0,1,housekeeping_miss,hk miss,outcome,5,false,0.95,true,5,0.825,0.642,4.5,future_stay_credit,Comeback offer,350,210,350,250,0,0,0.774,0.842,0.374,0.55,0.442,Santa Monica Proper Hotel,true,true,true,true,true,true,0.88,1.22,1.18,1.12,1.04,1.04,1.08,0.92,observed_public_property_context,0.72,0.28,sample_seed_review_taxonomy_prior,0.22,0.142,0.293,false,0.32,sample_seed_local_demand_context,530,625,615,0.848,0.0,false,42,0.86,6,0.92,sample_seed_public_rate_shape,
case_00402,TKT000402,PMS000660,CRM000660,1.0,direct_pms_reservation_id,0.95,direct_crm_id,0.0,no_comp_record,returning_guest,wellness_getaway,570,3990,8660,0.464,0,2026-11-30,2026-12-01,direct,false,0,0,noise_disruption,noise,process,2,true,0.48,true,5,0.509,0.398,7.2,,,0,0,745,590,155,0,0.354,0.34,0.128,0.246,0.278,Santa Monica Proper Hotel,true,true,true,true,true,true,0.88,1.22,1.18,1.12,1.04,1.04,1.08,0.92,observed_public_property_context,0.62,0.28,sample_seed_review_taxonomy_prior,0.22,0.638,0.342,false,0.32,sample_seed_local_demand_context,705,760,745,0.928,0.336,false,109,1.001,6,0.92,sample_seed_public_rate_shape,severity_inferred;no_comp_record
case_00403,TKT000403,PMS000793,CRM000793,1.0,direct_pms_reservation_id,0.95,direct_crm_id,0.0,no_comp_record,new_guest,event_or_wedding,600,3600,5770,0.325,0,2026-07-28,2026-07-30,travel_advisor,false,0,0,room_readiness_delay,arrival delay,outcome,5,false,0.93,true,5,1.0,0.726,0,,,0,0,210,80,130,0,0.788,0.784,0.659,0.658,0.719,Santa Monica Proper Hotel,true,true,true,true,true,true,0.88,1.22,1.18,1.12,1.04,1.04,1.08,0.92,observed_public_property_context,0.74,0.28,sample_seed_review_taxonomy_prior,0.22,0.078,0.204,false,0.32,sample_seed_local_demand_context,710,695,702,1.022,0.356,false,112,1.015,6,0.92,sample_seed_public_rate_shape,no_review_or_survey;no_comp_record
case_00404,TKT000404,PMS000961,CRM000961,1.0,direct_pms_reservation_id,0.95,direct_crm_id,0.0,no_comp_record,new_guest,event_or_wedding,580,2320,3250,0.241,0,2026-10-28,2026-10-31,travel_advisor,false,0,0,billing_or_fee_dispute,folio issue,process,3,false,0.55,false,5,0.6,0.473,0,,,0,0,475,320,0,0,0.765,0.892,0.613,0.646,0.406,Santa Monica Proper Hotel,true,true,true,true,true,true,0.88,1.22,1.18,1.12,1.04,1.04,1.08,0.92,observed_public_property_context,0.58,0.28,sample_seed_review_taxonomy_prior,0.48,0.056,0.432,false,0.32,sample_seed_local_demand_context,755,655,678,1.153,0.534,false,149,1.122,6,0.92,sample_seed_public_rate_shape,no_review_or_survey;no_comp_record
case_00405,TKT000405,PMS000315,CRM000315,1.0,direct_pms_reservation_id,0.95,direct_crm_id,0.0,no_comp_record,new_guest,wellness_getaway,720,2160,3750,0.238,0,2026-07-25,2026-07-27,direct,false,0,0,spa_wellness_service_issue,spa issue,process,5,false,0.79,false,5,0.902,0.635,4.3,,,0,0,0,0,0,0,0.542,0.447,0.403,0.41,0.386,Santa Monica Proper Hotel,true,true,true,true,true,true,0.88,1.22,1.18,1.12,1.04,1.04,1.08,0.92,observed_public_property_context,0.64,0.28,sample_seed_review_taxonomy_prior,0.22,0.076,0.211,false,0.32,sample_seed_local_demand_context,845,820,820,1.03,0.889,true,233,1.241,6,0.92,sample_seed_public_rate_shape,no_comp_record
case_00406,TKT000406,PMS000854,CRM000854,1.0,direct_pms_reservation_id,0.95,direct_crm_id,1.0,direct_ticket_id,vip_guest,business_traveler,960,960,1728,0.439,0.2,2026-07-20,2026-07-20,group_or_event,false,0,0,maintenance_issue,facilities issue,outcome,5,false,0.83,true,5,0.989,0.705,3.6,rooftop_f_and_b_credit,Restaurant credit,120,48,0,0,0,0,0.783,0.864,0.687,0.517,0.712,Santa Monica Proper Hotel,true,true,true,true,true,true,0.88,1.22,1.18,1.12,1.04,1.04,1.08,0.92,observed_public_property_context,0.69,0.28,sample_seed_review_taxonomy_prior,0.22,0.071,0.229,false,0.32,sample_seed_local_demand_context,695,690,692,1.007,0.296,false,101,0.986,6,0.92,sample_seed_public_rate_shape,ltv_imputed
case_00407,TKT000407,PMS000563,CRM000563,1.0,direct_pms_reservation_id,0.95,direct_crm_id,1.0,direct_ticket_id,new_guest,business_traveler,940,3760,7500,0.35,0,2026-07-10,2026-07-12,corporate,false,0,0,room_readiness_delay,room_not_ready,outcome,4,false,0.93,false,5,0.752,0.583,5.3,rooftop_f_and_b_credit,Rooftop credit,190,76,0,0,0,0,0.99,1.0,0.923,0.768,0.592,Santa Monica Proper Hotel,true,true,true,true,true,true,0.88,1.22,1.18,1.12,1.04,1.04,1.08,0.92,observed_public_property_context,0.74,0.28,sample_seed_review_taxonomy_prior,0.7,0.29,0.562,false,0.32,sample_seed_local_demand_context,860,830,845,1.036,0.949,true,248,1.267,6,0.92,sample_seed_public_rate_shape,
case_00408,TKT000408,PMS000958,CRM000958,1.0,direct_pms_reservation_id,0.95,direct_crm_id,0.62,reservation_level_comp_match,new_guest,coastal_weekend,620,1240,2560,0.184,0,2026-08-12,2026-08-13,direct,false,0,0,housekeeping_miss,linen/turndown,outcome,3,false,0.9,true,5,0.563,0.442,7.0,late_checkout,Extended departure,90,18,325,190,0,0,0.685,0.739,0.415,0.382,0.719,Santa Monica Proper Hotel,true,true,true,true,true,true,0.88,1.22,1.18,1.12,1.04,1.04,1.08,0.92,observed_public_property_context,0.72,0.28,sample_seed_review_taxonomy_prior,0.22,0.079,0.25,false,0.32,sample_seed_local_demand_context,690,745,718,0.926,0.277,false,97,0.976,6,0.92,sample_seed_public_rate_shape,
case_00409,TKT000409,PMS000900,CRM000900,1.0,direct_pms_reservation_id,0.95,direct_crm_id,1.0,direct_ticket_id,new_guest,local_staycation,660,1320,1850,0.181,0,2026-01-10,2026-01-11,ota,false,0,0,maintenance_issue,room equipment,outcome,5,false,0.83,false,5,1.0,0.609,4.8,spa_wellness_credit,Treatment recovery,375,206,0,0,0,0,0.764,0.905,0.564,0.725,0.3,Santa Monica Proper Hotel,true,true,true,true,true,true,0.88,1.22,1.18,1.12,1.04,1.04,1.08,0.92,observed_public_property_context,0.69,0.28,sample_seed_review_taxonomy_prior,0.48,0.155,0.447,false,0.32,sample_seed_local_demand_context,805,815,815,0.988,0.731,true,194,1.167,6,0.92,sample_seed_public_rate_shape,
case_00410,TKT000410,PMS000058,CRM000058,0.78,guest_key_date_window,0.95,direct_crm_id,0.0,no_comp_record,new_guest,design_leisure,500,1500,2930,0.2,0.2,2026-11-17,2026-11-19,ota,false,0,0,room_readiness_delay,late room,outcome,2,false,0.88,true,5,0.4,0.415,0,,,0,0,1060,590,470,0,0.32,0.392,0.291,0.23,0.123,Santa Monica Proper Hotel,true,true,true,true,true,true,0.88,1.22,1.18,1.12,1.04,1.04,1.08,0.92,observed_public_property_context,0.74,0.28,sample_seed_review_taxonomy_prior,0.22,0.077,0.206,false,0.32,sample_seed_local_demand_context,795,740,765,1.074,0.692,false,185,1.169,6,0.92,sample_seed_public_rate_shape,no_review_or_survey;no_comp_record
case_00411,TKT000411,PMS001524,CRM001524,1.0,direct_pms_reservation_id,0.95,direct_crm_id,1.0,direct_ticket_id,returning_guest,wellness_getaway,780,780,2360,0.253,0.2,2026-09-06,2026-09-06,travel_advisor,true,0,0,rooftop_pool_access_issue,rooftop issue,process,3,false,0.64,true,5,0.6,0.479,0,amenity_gesture,Amenity,75,34,465,170,245,50,0.933,0.919,0.773,0.686,0.838,Santa Monica Proper Hotel,true,true,true,true,true,true,0.88,1.22,1.18,1.12,1.04,1.04,1.08,0.92,observed_public_property_context,0.6,0.28,sample_seed_review_taxonomy_prior,0.7,0.17,0.537,false,0.32,sample_seed_local_demand_context,845,865,855,0.977,0.889,true,233,1.234,6,0.92,sample_seed_public_rate_shape,no_review_or_survey
case_00412,TKT000412,PMS000310,CRM000310,1.0,direct_pms_reservation_id,0.95,direct_crm_id,1.0,direct_ticket_id,loyalty_guest,event_or_wedding,680,2040,7170,0.451,0,2026-02-05,2026-02-06,direct,false,0,0,f_and_b_service_lapse,restaurant issue,process,3,false,0.7,true,5,0.556,0.464,6.3,rooftop_f_and_b_credit,Restaurant credit,215,86,1360,1360,0,0,0.669,0.661,0.48,0.609,0.393,Santa Monica Proper Hotel,true,true,true,true,true,true,0.88,1.22,1.18,1.12,1.04,1.04,1.08,0.92,observed_public_property_context,0.6,0.28,sample_seed_review_taxonomy_prior,0.48,0.114,0.407,false,0.32,sample_seed_local_demand_context,680,620,645,1.097,0.237,false,90,0.984,6,0.92,sample_seed_public_rate_shape,
case_00413,TKT000413,PMS001177,CRM001177,1.0,direct_pms_reservation_id,0.95,direct_crm_id,1.0,direct_ticket_id,new_guest,business_traveler,730,2190,2730,0.23,0.2,2026-01-19,2026-01-20,direct,false,0,0,rooftop_pool_access_issue,rooftop issue,process,1,false,0.64,true,5,0.219,0.304,8.3,rooftop_f_and_b_credit,Food Credit,185,74,0,0,0,0,0.486,0.564,0.393,0.508,0.231,Santa Monica Proper Hotel,true,true,true,true,true,true,0.88,1.22,1.18,1.12,1.04,1.04,1.08,0.92,observed_public_property_context,0.6,0.28,sample_seed_review_taxonomy_prior,0.22,0.084,0.22,false,0.32,sample_seed_local_demand_context,580,645,620,0.899,0.0,false,46,0.86,6,0.92,sample_seed_public_rate_shape,
case_00414,TKT000414,PMS000510,CRM000510,0.58,room_date_window,0.95,direct_crm_id,1.0,direct_ticket_id,new_guest,coastal_weekend,600,1800,3490,0.251,0.12,2026-06-01,2026-06-01,corporate,false,0,2,room_assignment_expectation_gap,upgrade expectation,outcome,3,false,0.74,true,5,0.6,0.501,0,late_checkout,4pm checkout,75,15,0,0,0,0,0.622,0.68,0.284,0.487,0.63,Santa Monica Proper Hotel,true,true,true,true,true,true,0.88,1.22,1.18,1.12,1.04,1.04,1.08,0.92,observed_public_property_context,0.68,0.28,sample_seed_review_taxonomy_prior,0.22,0.031,0.179,false,0.32,sample_seed_local_demand_context,760,720,740,1.056,0.553,false,153,1.106,6,0.92,sample_seed_public_rate_shape,low_reservation_match_confidence;no_review_or_survey
case_00415,TKT000415,PMS000118,CRM000118,1.0,direct_pms_reservation_id,0.95,direct_crm_id,1.0,direct_ticket_id,returning_guest,business_traveler,810,2430,7480,0.412,0.2,2026-06-27,2026-06-27,direct,false,0,2,noise_disruption,street noise,process,3,false,0.48,false,5,0.813,0.358,7.7,amenity_gesture,In-room gesture,65,29,375,160,0,215,0.868,0.87,0.833,0.797,0.754,Santa Monica Proper Hotel,true,true,true,true,true,true,0.88,1.22,1.18,1.12,1.04,1.04,1.08,0.92,observed_public_property_context,0.62,0.28,sample_seed_review_taxonomy_prior,0.7,0.069,0.547,false,0.32,sample_seed_local_demand_context,915,905,910,1.011,1.0,true,274,1.283,6,0.92,sample_seed_public_rate_shape,
case_00416,TKT000416,PMS001254,CRM001254,1.0,direct_pms_reservation_id,0.95,direct_crm_id,1.0,direct_ticket_id,loyalty_guest,coastal_weekend,820,4920,8856,0.601,0,2026-08-20,2026-08-20,ota,false,1,0,room_readiness_delay,late room,outcome,2,false,0.88,true,5,0.34,0.463,6.8,manager_note,No dollar comp,0,0,870,410,410,50,0.659,0.61,0.394,0.704,0.713,Santa Monica Proper Hotel,true,true,true,true,true,true,0.88,1.22,1.18,1.12,1.04,1.04,1.08,0.92,observed_public_property_context,0.74,0.28,sample_seed_review_taxonomy_prior,0.22,0.425,0.299,false,0.32,sample_seed_local_demand_context,765,685,725,1.117,0.573,false,158,1.13,6,0.92,sample_seed_public_rate_shape,ltv_imputed
case_00417,TKT000417,PMS000906,CRM000906,0.78,guest_key_date_window,0.95,direct_crm_id,0.0,no_comp_record,new_guest,business_traveler,700,2800,5560,0.318,0,2026-08-17,2026-08-20,direct,false,0,2,valet_or_parking_delay,arrival valet,process,1,false,0.62,true,5,0.321,0.247,8.4,,,0,0,155,155,0,0,0.659,0.61,0.394,0.704,0.713,Santa Monica Proper Hotel,true,true,true,true,true,true,0.88,1.22,1.18,1.12,1.04,1.04,1.08,0.92,observed_public_property_context,0.56,0.18,sample_seed_review_taxonomy_prior,0.22,0.425,0.299,false,0.32,sample_seed_local_demand_context,765,685,725,1.117,0.573,false,158,1.13,6,0.92,sample_seed_public_rate_shape,no_comp_record
case_00418,TKT000418,PMS000848,CRM000848,1.0,direct_pms_reservation_id,0.95,direct_crm_id,0.0,no_comp_record,new_guest,design_leisure,610,1830,3820,0.224,0,2026-07-13,2026-07-13,direct,false,0,0,housekeeping_miss,room clean issue,outcome,2,false,0.9,false,5,0.4,0.409,0,,,0,0,455,255,135,65,0.912,0.871,0.757,0.571,0.501,Santa Monica Proper Hotel,true,true,true,true,true,true,0.88,1.22,1.18,1.12,1.04,1.04,1.08,0.92,observed_public_property_context,0.72,0.28,sample_seed_review_taxonomy_prior,0.22,0.445,0.313,false,0.32,sample_seed_local_demand_context,815,785,800,1.038,0.771,true,203,1.193,6,0.92,sample_seed_public_rate_shape,no_review_or_survey;no_comp_record
case_00419,TKT000419,PMS001074,CRM001074,1.0,direct_pms_reservation_id,0.95,direct_crm_id,1.0,direct_ticket_id,new_guest,coastal_weekend,640,2560,4380,0.263,0,2026-05-19,2026-05-22,travel_advisor,false,0,0,housekeeping_miss,linen/turndown,outcome,4,false,0.95,true,5,0.8,0.616,0,lobby_lounge_credit,Lobby F&B,100,38,370,290,0,80,0.75,0.66,0.767,0.688,0.769,Santa Monica Proper Hotel,true,true,true,true,true,true,0.88,1.22,1.18,1.12,1.04,1.04,1.08,0.92,observed_public_property_context,0.72,0.28,sample_seed_review_taxonomy_prior,0.48,0.021,0.388,false,0.32,sample_seed_local_demand_context,980,955,962,1.026,1.0,true,294,1.286,6,0.92,sample_seed_public_rate_shape,no_review_or_survey
case_00420,TKT000420,PMS001486,CRM001486,1.0,direct_pms_reservation_id,0.95,direct_crm_id,0.0,no_comp_record,new_guest,design_leisure,610,4270,7740,0.392,0,2026-03-05,2026-03-07,travel_advisor,false,0,1,room_readiness_delay,arrival delay,outcome,2,false,0.88,true,5,0.618,0.311,8.7,,,0,0,1110,695,365,50,0.597,0.644,0.299,0.463,0.255,Santa Monica Proper Hotel,true,true,true,true,true,true,0.88,1.22,1.18,1.12,1.04,1.04,1.08,0.92,observed_public_property_context,0.74,0.28,sample_seed_review_taxonomy_prior,0.48,0.143,0.437,false,0.32,sample_seed_local_demand_context,725,675,700,1.074,0.415,false,124,1.053,6,0.92,sample_seed_public_rate_shape,no_comp_record
case_00421,TKT000421,PMS001381,CRM001381,1.0,direct_pms_reservation_id,0.95,direct_crm_id,1.0,direct_ticket_id,returning_guest,local_staycation,630,1890,6120,0.342,0.2,2026-02-25,2026-02-25,direct,false,0,0,room_readiness_delay,arrival delay,outcome,2,false,0.88,true,5,0.267,0.351,8.2,late_checkout,Late checkout,80,16,175,175,0,0,0.32,0.283,0.257,0.259,0.17,Santa Monica Proper Hotel,true,true,true,true,true,true,0.88,1.22,1.18,1.12,1.04,1.04,1.08,0.92,observed_public_property_context,0.74,0.28,sample_seed_review_taxonomy_prior,0.22,0.145,0.248,false,0.32,sample_seed_local_demand_context,595,710,668,0.838,0.0,false,48,0.86,6,0.92,sample_seed_public_rate_shape,
case_00422,TKT000422,PMS000352,CRM000352,1.0,direct_pms_reservation_id,0.95,direct_crm_id,0.62,reservation_level_comp_match,new_guest,wellness_getaway,540,3240,4050,0.291,0.2,2026-02-21,2026-02-21,direct,false,0,0,noise_disruption,sleep disruption,process,3,false,0.48,true,5,0.6,0.485,0,manager_note,Personal apology,0,0,645,600,0,45,0.496,0.401,0.364,0.563,0.176,Santa Monica Proper Hotel,true,true,true,true,true,true,0.88,1.22,1.18,1.12,1.04,1.04,1.08,0.92,observed_public_property_context,0.62,0.28,sample_seed_review_taxonomy_prior,0.48,0.051,0.456,false,0.32,sample_seed_local_demand_context,705,680,682,1.037,0.336,false,109,1.01,6,0.92,sample_seed_public_rate_shape,no_review_or_survey
case_00423,TKT000423,PMS001226,CRM001226,1.0,direct_pms_reservation_id,0.95,direct_crm_id,0.0,no_comp_record,new_guest,business_traveler,540,2160,3370,0.235,0,2026-12-30,2027-01-02,ota,false,0,0,housekeeping_miss,linen/turndown,outcome,3,false,0.9,true,5,0.299,0.498,6.3,,,0,0,560,560,0,0,0.65,0.5,0.5,0.5,0.5,Santa Monica Proper Hotel,true,true,true,true,true,true,0.88,1.22,1.18,1.12,1.04,1.04,1.08,0.92,observed_public_property_context,0.72,0.28,sample_seed_review_taxonomy_prior,0.0,0.0,0.35,false,0.0,missing_local_demand_context,0,0,0,1.0,0.5,false,0,1.0,0,0.0,missing_public_pricing_context,no_comp_record;missing_public_pricing_context;missing_local_demand_context
case_00424,TKT000424,PMS001526,CRM001526,0.78,guest_key_date_window,0.95,direct_crm_id,1.0,direct_ticket_id,vip_guest,wellness_getaway,970,1940,13020,0.645,0.2,2026-01-21,2026-01-22,ota,false,0,3,room_assignment_expectation_gap,view issue,outcome,3,false,0.74,true,5,0.6,0.501,0,rooftop_f_and_b_credit,F&B,145,58,715,715,0,0,0.505,0.673,0.464,0.477,0.231,Santa Monica Proper Hotel,true,true,true,true,true,true,0.88,1.22,1.18,1.12,1.04,1.04,1.08,0.92,observed_public_property_context,0.68,0.28,sample_seed_review_taxonomy_prior,0.22,0.045,0.262,false,0.32,sample_seed_local_demand_context,660,615,638,1.073,0.158,false,76,0.945,6,0.92,sample_seed_public_rate_shape,no_review_or_survey
case_00425,TKT000425,PMS000434,CRM000434,1.0,direct_pms_reservation_id,0.95,direct_crm_id,1.0,direct_ticket_id,new_guest,wellness_getaway,630,630,870,0.139,0,2026-06-28,2026-06-28,direct,false,1,0,housekeeping_miss,hk miss,outcome,3,true,0.9,false,5,0.608,0.554,5.6,partial_room_refund,Rate credit,320,320,615,545,0,70,0.967,1.0,0.816,0.676,0.809,Santa Monica Proper Hotel,true,true,true,true,true,true,0.88,1.22,1.18,1.12,1.04,1.04,1.08,0.92,observed_public_property_context,0.72,0.28,sample_seed_review_taxonomy_prior,0.7,0.144,0.596,false,0.32,sample_seed_local_demand_context,850,805,815,1.056,0.909,true,238,1.256,6,0.92,sample_seed_public_rate_shape,severity_inferred
case_00426,TKT000426,PMS000696,CRM000696,0.78,guest_key_date_window,0.95,direct_crm_id,0.0,no_comp_record,returning_guest,business_traveler,730,730,2550,0.284,0,2026-03-08,2026-03-08,group_or_event,false,0,2,f_and_b_service_lapse,order problem,process,3,false,0.7,true,5,0.532,0.392,7.2,,,0,0,630,630,0,0,0.652,0.586,0.611,0.474,0.388,Santa Monica Proper Hotel,true,true,true,true,true,true,0.88,1.22,1.18,1.12,1.04,1.04,1.08,0.92,observed_public_property_context,0.6,0.28,sample_seed_review_taxonomy_prior,0.48,0.029,0.384,false,0.32,sample_seed_local_demand_context,780,765,765,1.02,0.632,false,171,1.131,6,0.92,sample_seed_public_rate_shape,no_comp_record
case_00427,TKT000427,PMS001571,CRM001571,1.0,direct_pms_reservation_id,0.95,direct_crm_id,1.0,direct_ticket_id,new_guest,design_leisure,700,1400,2620,0.208,0,2026-06-06,2026-06-07,direct,false,0,1,room_readiness_delay,room_not_ready,outcome,4,false,0.93,true,5,0.818,0.551,5.7,room_upgrade,Upgrade,260,65,0,0,0,0,0.624,0.615,0.787,0.333,0.488,Santa Monica Proper Hotel,true,true,true,true,true,true,0.88,1.22,1.18,1.12,1.04,1.04,1.08,0.92,observed_public_property_context,0.74,0.28,sample_seed_review_taxonomy_prior,0.7,0.146,0.612,false,0.32,sample_seed_local_demand_context,905,865,885,1.046,1.0,true,272,1.292,6,0.92,sample_seed_public_rate_shape,
case_00428,TKT000428,PMS001031,CRM001031,1.0,direct_pms_reservation_id,0.95,direct_crm_id,1.0,direct_ticket_id,new_guest,wellness_getaway,810,810,940,0.18,0,2026-08-10,2026-08-10,direct,false,0,2,noise_disruption,street noise,process,3,false,0.48,true,5,0.581,0.366,7.6,late_checkout,4pm checkout,95,19,480,205,275,0,0.442,0.455,0.521,0.447,0.236,Santa Monica Proper Hotel,true,true,true,true,true,true,0.88,1.22,1.18,1.12,1.04,1.04,1.08,0.92,observed_public_property_context,0.62,0.28,sample_seed_review_taxonomy_prior,0.22,0.114,0.256,false,0.32,sample_seed_local_demand_context,725,780,752,0.929,0.415,false,124,1.034,6,0.92,sample_seed_public_rate_shape,
case_00429,TKT000429,PMS000052,CRM000052,1.0,direct_pms_reservation_id,0.95,direct_crm_id,0.0,no_comp_record,new_guest,coastal_weekend,640,3840,5180,0.362,0,2026-09-28,2026-09-29,direct,true,0,2,rooftop_pool_access_issue,cabana issue,process,2,false,0.64,true,5,0.402,0.424,6.8,,,0,0,520,520,0,0,0.923,0.987,0.96,0.756,0.939,Santa Monica Proper Hotel,true,true,true,true,true,true,0.88,1.22,1.18,1.12,1.04,1.04,1.08,0.92,observed_public_property_context,0.6,0.28,sample_seed_review_taxonomy_prior,0.22,0.125,0.26,false,0.32,sample_seed_local_demand_context,725,745,735,0.973,0.415,false,124,1.034,6,0.92,sample_seed_public_rate_shape,no_comp_record
case_00430,TKT000430,PMS001173,CRM001173,1.0,direct_pms_reservation_id,0.95,direct_crm_id,1.0,direct_ticket_id,new_guest,design_leisure,760,3040,3410,0.276,0.2,2026-04-19,2026-04-20,ota,false,0,0,housekeeping_miss,housekeeping,outcome,3,false,0.9,true,43,0.6,0.513,0,rooftop_f_and_b_credit,F&B,150,60,560,55,425,80,0.32,0.212,0.196,0.232,0.269,Santa Monica Proper Hotel,true,true,true,true,true,true,0.88,1.22,1.18,1.12,1.04,1.04,1.08,0.92,observed_public_property_context,0.72,0.28,sample_seed_review_taxonomy_prior,0.22,0.144,0.287,false,0.32,sample_seed_local_demand_context,660,695,678,0.95,0.158,false,76,0.926,6,0.92,sample_seed_public_rate_shape,no_review_or_survey
