crm_guest_id,guest_lookup_key,email_key,loyalty_tier,traveler_segment,estimated_lifetime_value,profile_quality_score,duplicate_profile_flag,contactable_flag,last_profile_update_date
CRM000001,guest_key_00001,,new_guest,design_leisure,2050,0.728,false,true,2026-10-08
CRM000002,guest_key_00002,,loyalty_guest,business_traveler,,0.934,false,false,2025-08-14
CRM000003,guest_key_00003,guest000003@example.invalid,new_guest,wellness_getaway,10630,0.872,false,true,2025-07-29
CRM000004,guest_key_00004,,new_guest,wellness_getaway,5030,0.914,false,false,2026-06-02
CRM000005,guest_key_00005,,new_guest,design_leisure,3170,0.97,false,false,2026-05-22
CRM000006,guest_key_00006,guest000006@example.invalid,loyalty_guest,business_traveler,3550,0.913,false,true,2026-02-01
CRM000007,guest_key_00007,guest000007@example.invalid,loyalty_guest,design_leisure,,0.798,false,true,2026-02-06
CRM000008,guest_key_00008,,new_guest,business_traveler,7350,0.989,false,false,2026-07-04
CRM000009,guest_key_00009,guest000009@example.invalid,new_guest,design_leisure,4740,0.897,false,true,2025-10-09
CRM000010,guest_key_00010,guest000010@example.invalid,new_guest,design_leisure,4570,0.815,false,true,2025-10-08
CRM000011,guest_key_00011,guest000011@example.invalid,returning_guest,event_or_wedding,2400,0.887,false,true,2026-03-16
CRM000012,guest_key_00012,guest000012@example.invalid,new_guest,design_leisure,6840,0.964,false,true,2026-02-01
CRM000013,guest_key_00013,guest000013@example.invalid,returning_guest,design_leisure,3640,0.787,false,true,2025-11-04
CRM000014,guest_key_00014,guest000014@example.invalid,new_guest,business_traveler,,0.881,false,true,2026-08-27
CRM000015,guest_key_00015,,returning_guest,wellness_getaway,11350,0.941,false,false,2026-10-25
CRM000016,guest_key_00016,,returning_guest,wellness_getaway,,0.943,false,false,2026-01-03
CRM000017,guest_key_00017,guest000017@example.invalid,new_guest,business_traveler,1620,0.815,false,true,2026-02-28
CRM000018,guest_key_00018,guest000018@example.invalid,loyalty_guest,design_leisure,4440,0.775,false,true,2026-05-13
CRM000019,guest_key_00019,guest000019@example.invalid,new_guest,wellness_getaway,1350,0.931,false,true,2026-05-30
CRM000020,guest_key_00020,guest000020@example.invalid,vip_guest,local_staycation,44140,0.723,false,true,2025-10-05
CRM000021,guest_key_00021,,new_guest,wellness_getaway,5620,0.94,false,false,2026-05-31
CRM000022,guest_key_00022,guest000022@example.invalid,loyalty_guest,design_leisure,36640,0.814,false,true,2026-04-04
CRM000023,guest_key_00023,guest000023@example.invalid,new_guest,family_beach_trip,,0.801,false,true,2025-09-13
CRM000024,guest_key_00024,guest000024@example.invalid,new_guest,business_traveler,3070,0.761,false,true,2026-09-27
CRM000025,guest_key_00025,,loyalty_guest,business_traveler,16800,0.9,false,false,2026-01-16
CRM000025_DUP,guest_key_00025,,vip_guest,business_traveler,,0.588,true,false,2025-08-27
CRM000026,guest_key_00026,,returning_guest,design_leisure,5830,0.798,false,false,2025-10-23
CRM000027,guest_key_00027,guest000027@example.invalid,new_guest,event_or_wedding,780,0.972,false,true,2026-10-07
CRM000028,guest_key_00028,,new_guest,wellness_getaway,2470,0.725,false,false,2026-09-17
CRM000029,guest_key_00029,guest000029@example.invalid,returning_guest,family_beach_trip,1610,0.894,false,true,2026-07-04
CRM000029_DUP,guest_key_00029,,returning_guest,family_beach_trip,,0.637,true,false,2025-06-09
CRM000030,guest_key_00030,guest000030@example.invalid,returning_guest,local_staycation,5120,0.765,false,true,2026-07-05
CRM000031,guest_key_00031,guest000031@example.invalid,returning_guest,local_staycation,6730,0.737,false,true,2026-02-13
CRM000032,guest_key_00032,guest000032@example.invalid,new_guest,coastal_weekend,4380,0.819,false,true,2026-08-05
CRM000033,guest_key_00033,,loyalty_guest,design_leisure,17120,0.869,false,false,2026-04-17
CRM000034,guest_key_00034,,vip_guest,design_leisure,,0.722,false,false,2025-09-07
CRM000035,guest_key_00035,guest000035@example.invalid,returning_guest,design_leisure,2910,0.756,false,true,2026-01-08
CRM000036,guest_key_00036,guest000036@example.invalid,new_guest,coastal_weekend,5950,0.864,false,true,2025-10-12
CRM000037,guest_key_00037,,new_guest,wellness_getaway,4710,0.845,false,true,2026-08-19
CRM000038,guest_key_00038,guest000038@example.invalid,new_guest,business_traveler,10260,0.809,false,true,2025-12-20
CRM000039,guest_key_00039,guest000039@example.invalid,new_guest,business_traveler,3430,0.766,false,true,2026-12-23
CRM000040,guest_key_00040,guest000040@example.invalid,new_guest,wellness_getaway,1900,0.977,false,true,2026-02-06
CRM000041,guest_key_00041,guest000041@example.invalid,new_guest,wellness_getaway,2870,0.979,false,true,2026-10-13
CRM000042,guest_key_00042,,new_guest,local_staycation,2890,0.903,false,false,2026-06-19
CRM000043,guest_key_00043,guest000043@example.invalid,new_guest,business_traveler,5180,0.787,false,true,2026-07-31
CRM000044,guest_key_00044,guest000044@example.invalid,new_guest,wellness_getaway,4620,0.77,false,true,2026-10-06
CRM000045,guest_key_00045,,new_guest,design_leisure,2190,0.974,false,true,2026-04-01
CRM000046,guest_key_00046,,returning_guest,wellness_getaway,,0.83,false,false,2026-10-26
CRM000047,guest_key_00047,,new_guest,wellness_getaway,,0.929,false,true,2025-11-08
CRM000048,guest_key_00048,guest000048@example.invalid,returning_guest,design_leisure,18890,0.814,false,true,2026-09-09
CRM000049,guest_key_00049,,new_guest,local_staycation,4060,0.729,false,false,2025-11-29
CRM000050,guest_key_00050,guest000050@example.invalid,returning_guest,event_or_wedding,,0.882,false,true,2026-08-18
CRM000051,guest_key_00051,guest000051@example.invalid,returning_guest,design_leisure,6080,0.724,false,true,2026-08-17
CRM000052,guest_key_00052,guest000052@example.invalid,new_guest,coastal_weekend,5180,0.898,false,true,2026-04-24
CRM000053,guest_key_00053,guest000053@example.invalid,returning_guest,design_leisure,4380,0.952,false,true,2026-09-18
CRM000054,guest_key_00054,,loyalty_guest,business_traveler,7090,0.909,false,false,2026-04-08
CRM000055,guest_key_00055,guest000055@example.invalid,new_guest,family_beach_trip,,0.731,false,true,2025-12-10
CRM000056,guest_key_00056,guest000056@example.invalid,vip_guest,coastal_weekend,23380,0.805,false,true,2025-12-15
CRM000057,guest_key_00057,guest000057@example.invalid,new_guest,design_leisure,4350,0.896,false,true,2026-08-10
CRM000058,guest_key_00058,guest000058@example.invalid,new_guest,design_leisure,2930,0.841,false,true,2026-07-26
CRM000059,guest_key_00059,,new_guest,business_traveler,2870,0.906,false,false,2026-03-16
CRM000060,guest_key_00060,guest000060@example.invalid,new_guest,wellness_getaway,3000,0.84,false,true,2026-02-12
CRM000061,guest_key_00061,guest000061@example.invalid,new_guest,design_leisure,2040,0.805,false,true,2026-06-25
CRM000062,guest_key_00062,guest000062@example.invalid,returning_guest,local_staycation,5850,0.757,false,true,2026-04-24
CRM000063,guest_key_00063,,new_guest,family_beach_trip,1790,0.774,false,false,2025-11-10
CRM000064,guest_key_00064,guest000064@example.invalid,returning_guest,coastal_weekend,3210,0.759,false,true,2025-10-05
CRM000065,guest_key_00065,,new_guest,family_beach_trip,8020,0.969,false,false,2026-03-19
CRM000066,guest_key_00066,guest000066@example.invalid,new_guest,design_leisure,1830,0.725,false,true,2026-07-16
CRM000067,guest_key_00067,,new_guest,local_staycation,6410,0.976,false,false,2025-12-22
CRM000068,guest_key_00068,guest000068@example.invalid,loyalty_guest,wellness_getaway,9330,0.793,false,true,2026-06-24
CRM000069,guest_key_00069,guest000069@example.invalid,new_guest,design_leisure,1110,0.779,false,true,2026-01-31
CRM000070,guest_key_00070,,returning_guest,business_traveler,,0.973,false,false,2026-03-18
CRM000071,guest_key_00071,guest000071@example.invalid,new_guest,design_leisure,2040,0.968,false,true,2026-03-06
CRM000072,guest_key_00072,guest000072@example.invalid,new_guest,wellness_getaway,,0.801,false,true,2025-11-18
CRM000073,guest_key_00073,guest000073@example.invalid,vip_guest,business_traveler,26700,0.864,false,true,2026-07-11
CRM000074,guest_key_00074,,loyalty_guest,wellness_getaway,4760,0.778,false,true,2026-06-30
CRM000075,guest_key_00075,,returning_guest,design_leisure,8330,0.818,false,true,2026-08-30
CRM000076,guest_key_00076,guest000076@example.invalid,new_guest,event_or_wedding,4050,0.871,false,true,2026-09-28
CRM000077,guest_key_00077,guest000077@example.invalid,returning_guest,family_beach_trip,15610,0.969,false,true,2026-07-22
CRM000078,guest_key_00078,guest000078@example.invalid,vip_guest,wellness_getaway,22850,0.839,false,true,2026-08-06
CRM000079,guest_key_00079,guest000079@example.invalid,new_guest,coastal_weekend,4150,0.74,false,true,2026-05-09
CRM000080,guest_key_00080,guest000080@example.invalid,new_guest,local_staycation,,0.837,false,true,2026-09-26
CRM000080_DUP,guest_key_00080,,returning_guest,local_staycation,,0.479,true,false,2025-08-21
CRM000081,guest_key_00081,guest000081@example.invalid,new_guest,business_traveler,1250,0.898,false,true,2026-05-11
CRM000082,guest_key_00082,guest000082@example.invalid,returning_guest,event_or_wedding,4890,0.984,false,true,2026-03-08
CRM000083,guest_key_00083,guest000083@example.invalid,returning_guest,wellness_getaway,2960,0.782,false,true,2026-06-09
CRM000084,guest_key_00084,guest000084@example.invalid,new_guest,business_traveler,,0.817,false,true,2025-10-26
CRM000085,guest_key_00085,,event_or_suite_guest,coastal_weekend,20250,0.75,false,false,2026-05-21
CRM000086,guest_key_00086,,vip_guest,wellness_getaway,37480,0.754,false,false,2025-10-14
CRM000087,guest_key_00087,guest000087@example.invalid,returning_guest,coastal_weekend,6930,0.765,false,true,2026-01-02
CRM000088,guest_key_00088,guest000088@example.invalid,new_guest,family_beach_trip,2920,0.764,false,true,2025-10-31
CRM000089,guest_key_00089,,new_guest,business_traveler,2860,0.818,false,false,2026-06-20
CRM000090,guest_key_00090,guest000090@example.invalid,new_guest,coastal_weekend,670,0.797,false,true,2026-08-31
CRM000091,guest_key_00091,,vip_guest,business_traveler,8650,0.817,false,false,2026-08-13
CRM000092,guest_key_00092,guest000092@example.invalid,new_guest,family_beach_trip,2220,0.93,false,true,2025-09-18
CRM000093,guest_key_00093,,new_guest,business_traveler,3730,0.778,false,false,2026-05-17
CRM000094,guest_key_00094,guest000094@example.invalid,event_or_suite_guest,coastal_weekend,27790,0.977,false,true,2025-08-18
CRM000095,guest_key_00095,guest000095@example.invalid,new_guest,local_staycation,4450,0.917,false,true,2026-05-04
CRM000096,guest_key_00096,guest000096@example.invalid,vip_guest,business_traveler,13840,0.912,false,true,2026-05-08
CRM000097,guest_key_00097,guest000097@example.invalid,returning_guest,coastal_weekend,5150,0.763,false,true,2026-01-20
CRM000098,guest_key_00098,guest000098@example.invalid,new_guest,coastal_weekend,1510,0.754,false,true,2026-04-25
CRM000099,guest_key_00099,,returning_guest,coastal_weekend,,0.972,false,true,2026-03-24
CRM000100,guest_key_00100,guest000100@example.invalid,loyalty_guest,local_staycation,7090,0.897,false,true,2026-01-09
CRM000101,guest_key_00101,guest000101@example.invalid,returning_guest,wellness_getaway,5040,0.905,false,true,2026-09-12
CRM000102,guest_key_00102,,new_guest,design_leisure,1890,0.852,false,true,2026-05-03
CRM000103,guest_key_00103,guest000103@example.invalid,new_guest,business_traveler,980,0.722,false,true,2026-05-22
CRM000104,guest_key_00104,,returning_guest,event_or_wedding,,0.824,false,false,2025-11-02
CRM000105,guest_key_00105,guest000105@example.invalid,new_guest,event_or_wedding,800,0.796,false,true,2026-05-27
CRM000106,guest_key_00106,guest000106@example.invalid,new_guest,local_staycation,900,0.939,false,true,2026-02-28
CRM000107,guest_key_00107,guest000107@example.invalid,new_guest,local_staycation,5300,0.949,false,true,2026-09-01
CRM000108,guest_key_00108,guest000108@example.invalid,new_guest,business_traveler,,0.849,false,true,2026-09-26
CRM000109,guest_key_00109,guest000109@example.invalid,new_guest,wellness_getaway,,0.738,false,true,2026-03-20
CRM000109_DUP,guest_key_00109,,loyalty_guest,wellness_getaway,,0.603,true,false,2025-07-05
CRM000110,guest_key_00110,,new_guest,local_staycation,1750,0.859,false,false,2025-11-17
CRM000111,guest_key_00111,,returning_guest,wellness_getaway,3890,0.861,false,false,2025-10-11
CRM000112,guest_key_00112,,new_guest,design_leisure,10380,0.91,false,false,2026-07-06
CRM000113,guest_key_00113,,loyalty_guest,design_leisure,19290,0.726,false,true,2026-09-14
CRM000114,guest_key_00114,,new_guest,coastal_weekend,1120,0.935,false,false,2026-08-25
CRM000115,guest_key_00115,guest000115@example.invalid,new_guest,wellness_getaway,2350,0.755,false,true,2026-10-12
CRM000116,guest_key_00116,,loyalty_guest,design_leisure,,0.773,false,false,2026-04-21
CRM000117,guest_key_00117,,new_guest,event_or_wedding,5660,0.905,false,false,2025-10-17
CRM000118,guest_key_00118,,returning_guest,business_traveler,7480,0.942,false,false,2026-03-13
CRM000119,guest_key_00119,,event_or_suite_guest,coastal_weekend,,0.973,false,false,2026-03-16
CRM000120,guest_key_00120,guest000120@example.invalid,loyalty_guest,design_leisure,11240,0.888,false,true,2026-03-12
CRM000121,guest_key_00121,guest000121@example.invalid,returning_guest,coastal_weekend,2740,0.793,false,true,2026-05-11
CRM000122,guest_key_00122,guest000122@example.invalid,new_guest,business_traveler,,0.763,false,true,2026-01-19
CRM000123,guest_key_00123,guest000123@example.invalid,new_guest,business_traveler,3740,0.922,false,true,2026-10-09
CRM000124,guest_key_00124,guest000124@example.invalid,new_guest,design_leisure,,0.923,false,true,2025-12-08
CRM000125,guest_key_00125,guest000125@example.invalid,new_guest,business_traveler,1360,0.889,false,true,2025-08-16
CRM000126,guest_key_00126,guest000126@example.invalid,new_guest,business_traveler,900,0.906,false,true,2026-06-18
CRM000127,guest_key_00127,,new_guest,coastal_weekend,3680,0.75,false,false,2026-10-22
CRM000127_DUP,guest_key_00127,,returning_guest,coastal_weekend,,0.503,true,false,2026-01-04
CRM000128,guest_key_00128,,new_guest,coastal_weekend,1240,0.881,false,true,2026-09-23
CRM000129,guest_key_00129,,vip_guest,wellness_getaway,13910,0.885,false,false,2026-05-28
CRM000129_DUP,guest_key_00129,,new_guest,wellness_getaway,,0.552,true,false,2026-04-21
CRM000130,guest_key_00130,guest000130@example.invalid,vip_guest,coastal_weekend,,0.836,false,true,2026-06-26
CRM000131,guest_key_00131,guest000131@example.invalid,new_guest,coastal_weekend,2210,0.977,false,true,2026-06-06
CRM000132,guest_key_00132,guest000132@example.invalid,loyalty_guest,wellness_getaway,7270,0.928,false,true,2025-11-12
CRM000133,guest_key_00133,,new_guest,business_traveler,3140,0.952,false,false,2026-08-25
CRM000134,guest_key_00134,guest000134@example.invalid,loyalty_guest,design_leisure,6220,0.864,false,true,2026-08-24
CRM000135,guest_key_00135,guest000135@example.invalid,new_guest,wellness_getaway,1690,0.949,false,true,2026-06-17
CRM000136,guest_key_00136,guest000136@example.invalid,loyalty_guest,design_leisure,10840,0.953,false,true,2026-07-05
CRM000137,guest_key_00137,guest000137@example.invalid,new_guest,wellness_getaway,4060,0.745,false,true,2026-02-23
CRM000138,guest_key_00138,,returning_guest,event_or_wedding,6460,0.889,false,true,2026-03-26
CRM000139,guest_key_00139,,returning_guest,design_leisure,3160,0.916,false,true,2026-07-18
CRM000140,guest_key_00140,guest000140@example.invalid,new_guest,wellness_getaway,5220,0.958,false,true,2026-02-08
CRM000141,guest_key_00141,,returning_guest,design_leisure,4440,0.844,false,false,2026-12-09
CRM000142,guest_key_00142,guest000142@example.invalid,returning_guest,design_leisure,4530,0.859,false,true,2026-04-17
CRM000143,guest_key_00143,guest000143@example.invalid,new_guest,coastal_weekend,9650,0.875,false,true,2026-04-05
CRM000144,guest_key_00144,,new_guest,local_staycation,1180,0.849,false,false,2026-03-06
CRM000145,guest_key_00145,,new_guest,family_beach_trip,1080,0.776,false,false,2026-06-03
CRM000146,guest_key_00146,,new_guest,wellness_getaway,3710,0.816,false,false,2026-01-28
CRM000147,guest_key_00147,guest000147@example.invalid,new_guest,coastal_weekend,1600,0.945,false,true,2026-06-20
CRM000148,guest_key_00148,guest000148@example.invalid,new_guest,coastal_weekend,1110,0.823,false,true,2026-01-31
CRM000149,guest_key_00149,,returning_guest,coastal_weekend,,0.817,false,false,2026-02-21
CRM000150,guest_key_00150,,loyalty_guest,business_traveler,34940,0.724,false,false,2025-12-20
CRM000151,guest_key_00151,,new_guest,design_leisure,8030,0.786,false,true,2026-03-11
CRM000152,guest_key_00152,guest000152@example.invalid,new_guest,local_staycation,1090,0.937,false,true,2026-01-04
CRM000153,guest_key_00153,guest000153@example.invalid,new_guest,family_beach_trip,2430,0.987,false,true,2026-10-24
CRM000154,guest_key_00154,guest000154@example.invalid,new_guest,coastal_weekend,3460,0.732,false,true,2026-01-21
CRM000155,guest_key_00155,,loyalty_guest,family_beach_trip,8460,0.849,false,false,2025-08-16
CRM000156,guest_key_00156,guest000156@example.invalid,new_guest,event_or_wedding,1280,0.796,false,true,2025-10-21
CRM000157,guest_key_00157,guest000157@example.invalid,new_guest,design_leisure,1780,0.732,false,true,2026-07-26
CRM000158,guest_key_00158,guest000158@example.invalid,new_guest,coastal_weekend,1720,0.753,false,true,2025-12-15
CRM000159,guest_key_00159,guest000159@example.invalid,vip_guest,coastal_weekend,41950,0.85,false,true,2026-07-08
CRM000160,guest_key_00160,guest000160@example.invalid,new_guest,wellness_getaway,640,0.817,false,true,2026-06-05
CRM000161,guest_key_00161,,new_guest,design_leisure,2360,0.983,false,false,2026-05-28
CRM000162,guest_key_00162,,returning_guest,family_beach_trip,23220,0.959,false,false,2026-01-13
CRM000163,guest_key_00163,,returning_guest,wellness_getaway,1570,0.864,false,false,2026-08-06
CRM000164,guest_key_00164,guest000164@example.invalid,new_guest,design_leisure,6060,0.848,false,true,2025-11-25
CRM000164_DUP,guest_key_00164,,loyalty_guest,design_leisure,,0.381,true,false,2024-12-03
CRM000165,guest_key_00165,guest000165@example.invalid,vip_guest,design_leisure,4840,0.75,false,true,2026-02-27
CRM000166,guest_key_00166,guest000166@example.invalid,new_guest,business_traveler,3420,0.832,false,true,2026-07-06
CRM000167,guest_key_00167,guest000167@example.invalid,returning_guest,local_staycation,16200,0.788,false,true,2026-06-11
CRM000168,guest_key_00168,guest000168@example.invalid,new_guest,wellness_getaway,1710,0.837,false,true,2026-09-05
CRM000168_DUP,guest_key_00168,,returning_guest,wellness_getaway,,0.497,true,false,2026-04-02
CRM000169,guest_key_00169,,new_guest,business_traveler,,0.774,false,true,2026-05-28
CRM000169_DUP,guest_key_00169,,vip_guest,business_traveler,,0.595,true,false,2025-08-14
CRM000170,guest_key_00170,guest000170@example.invalid,returning_guest,local_staycation,7460,0.92,false,true,2026-02-01
CRM000171,guest_key_00171,guest000171@example.invalid,returning_guest,coastal_weekend,4580,0.806,false,true,2026-07-07
CRM000172,guest_key_00172,guest000172@example.invalid,new_guest,design_leisure,2900,0.91,false,true,2026-02-04
CRM000173,guest_key_00173,,new_guest,business_traveler,2250,0.814,false,true,2026-04-25
CRM000173_DUP,guest_key_00173,,new_guest,business_traveler,,0.45,true,false,2026-01-22
CRM000174,guest_key_00174,guest000174@example.invalid,returning_guest,design_leisure,3700,0.825,false,true,2026-05-11
CRM000175,guest_key_00175,guest000175@example.invalid,vip_guest,coastal_weekend,,0.839,false,true,2026-06-19
CRM000176,guest_key_00176,guest000176@example.invalid,new_guest,design_leisure,4040,0.795,false,true,2026-01-03
CRM000176_DUP,guest_key_00176,,loyalty_guest,design_leisure,,0.376,true,false,2025-07-11
CRM000177,guest_key_00177,,new_guest,local_staycation,2240,0.92,false,false,2026-03-30
CRM000178,guest_key_00178,,new_guest,coastal_weekend,1240,0.94,false,false,2026-02-09
CRM000179,guest_key_00179,guest000179@example.invalid,loyalty_guest,wellness_getaway,3000,0.836,false,true,2026-07-19
CRM000180,guest_key_00180,guest000180@example.invalid,new_guest,wellness_getaway,1030,0.729,false,true,2026-05-14
CRM000181,guest_key_00181,,new_guest,coastal_weekend,3300,0.943,false,false,2026-04-02
CRM000182,guest_key_00182,guest000182@example.invalid,returning_guest,business_traveler,5030,0.791,false,true,2025-11-26
CRM000183,guest_key_00183,guest000183@example.invalid,new_guest,design_leisure,1880,0.907,false,true,2026-07-26
CRM000184,guest_key_00184,guest000184@example.invalid,vip_guest,wellness_getaway,9290,0.784,false,true,2026-01-21
CRM000185,guest_key_00185,guest000185@example.invalid,new_guest,design_leisure,1150,0.954,false,true,2026-04-07
CRM000185_DUP,guest_key_00185,,new_guest,design_leisure,,0.367,true,false,2025-08-07
CRM000186,guest_key_00186,,returning_guest,event_or_wedding,10250,0.751,false,false,2026-05-17
CRM000187,guest_key_00187,guest000187@example.invalid,returning_guest,event_or_wedding,11720,0.834,false,true,2025-12-10
CRM000187_DUP,guest_key_00187,,returning_guest,event_or_wedding,,0.47,true,false,2024-11-17
CRM000188,guest_key_00188,,returning_guest,family_beach_trip,9040,0.838,false,false,2026-08-16
CRM000189,guest_key_00189,guest000189@example.invalid,new_guest,business_traveler,4620,0.979,false,true,2025-12-21
CRM000190,guest_key_00190,guest000190@example.invalid,vip_guest,design_leisure,16220,0.852,false,true,2026-04-13
CRM000191,guest_key_00191,,new_guest,business_traveler,6390,0.977,false,false,2026-01-01
CRM000191_DUP,guest_key_00191,,loyalty_guest,business_traveler,,0.477,true,false,2025-02-07
CRM000192,guest_key_00192,guest000192@example.invalid,returning_guest,family_beach_trip,3120,0.905,false,true,2025-11-23
CRM000192_DUP,guest_key_00192,,loyalty_guest,family_beach_trip,,0.358,true,false,2025-11-01
CRM000193,guest_key_00193,,loyalty_guest,design_leisure,6920,0.913,false,true,2026-05-12
CRM000193_DUP,guest_key_00193,,returning_guest,design_leisure,,0.65,true,false,2025-05-04
CRM000194,guest_key_00194,guest000194@example.invalid,returning_guest,coastal_weekend,6710,0.931,false,true,2026-02-05
CRM000195,guest_key_00195,,new_guest,coastal_weekend,3070,0.953,false,false,2026-03-26
CRM000196,guest_key_00196,,new_guest,coastal_weekend,660,0.801,false,false,2026-02-27
CRM000197,guest_key_00197,,vip_guest,business_traveler,5990,0.911,false,false,2026-01-05
CRM000198,guest_key_00198,,returning_guest,coastal_weekend,2190,0.811,false,false,2025-08-28
CRM000199,guest_key_00199,,new_guest,wellness_getaway,,0.779,false,false,2025-12-18
CRM000200,guest_key_00200,guest000200@example.invalid,new_guest,wellness_getaway,3820,0.758,false,true,2026-08-03
CRM000201,guest_key_00201,guest000201@example.invalid,loyalty_guest,coastal_weekend,12960,0.826,false,true,2026-01-04
CRM000202,guest_key_00202,guest000202@example.invalid,returning_guest,design_leisure,7120,0.935,false,true,2025-12-11
CRM000203,guest_key_00203,,new_guest,design_leisure,1070,0.725,false,true,2026-07-22
CRM000204,guest_key_00204,,loyalty_guest,event_or_wedding,9240,0.94,false,false,2026-03-29
CRM000205,guest_key_00205,guest000205@example.invalid,returning_guest,family_beach_trip,,0.797,false,true,2026-03-01
CRM000206,guest_key_00206,guest000206@example.invalid,new_guest,coastal_weekend,1480,0.93,false,true,2026-07-08
CRM000207,guest_key_00207,,new_guest,family_beach_trip,690,0.76,false,true,2025-11-22
CRM000208,guest_key_00208,guest000208@example.invalid,new_guest,coastal_weekend,,0.727,false,true,2026-11-15
CRM000208_DUP,guest_key_00208,,new_guest,coastal_weekend,,0.526,true,false,2025-12-27
CRM000209,guest_key_00209,guest000209@example.invalid,returning_guest,wellness_getaway,3260,0.977,false,true,2026-12-12
CRM000210,guest_key_00210,guest000210@example.invalid,returning_guest,local_staycation,7000,0.911,false,true,2026-05-20
CRM000211,guest_key_00211,guest000211@example.invalid,new_guest,design_leisure,,0.915,false,true,2026-08-07
CRM000212,guest_key_00212,guest000212@example.invalid,new_guest,coastal_weekend,5980,0.965,false,true,2026-02-21
CRM000213,guest_key_00213,,loyalty_guest,design_leisure,22390,0.952,false,false,2025-11-26
CRM000213_DUP,guest_key_00213,,loyalty_guest,design_leisure,,0.437,true,false,2025-04-14
CRM000214,guest_key_00214,guest000214@example.invalid,new_guest,business_traveler,2980,0.798,false,true,2026-01-26
CRM000215,guest_key_00215,,new_guest,local_staycation,6860,0.732,false,true,2026-04-02
CRM000215_DUP,guest_key_00215,,loyalty_guest,local_staycation,,0.646,true,false,2025-10-11
CRM000216,guest_key_00216,,new_guest,wellness_getaway,3080,0.836,false,false,2025-11-18
CRM000217,guest_key_00217,guest000217@example.invalid,new_guest,coastal_weekend,840,0.823,false,true,2026-05-31
CRM000218,guest_key_00218,guest000218@example.invalid,loyalty_guest,event_or_wedding,2550,0.831,false,true,2026-07-16
CRM000219,guest_key_00219,guest000219@example.invalid,returning_guest,wellness_getaway,13970,0.785,false,true,2025-08-31
CRM000220,guest_key_00220,,returning_guest,design_leisure,10810,0.917,false,false,2025-09-15
CRM000221,guest_key_00221,guest000221@example.invalid,new_guest,business_traveler,1420,0.956,false,true,2025-08-20
CRM000222,guest_key_00222,guest000222@example.invalid,new_guest,local_staycation,3680,0.877,false,true,2026-02-11
CRM000223,guest_key_00223,,returning_guest,business_traveler,1380,0.785,false,false,2026-01-25
CRM000224,guest_key_00224,guest000224@example.invalid,new_guest,event_or_wedding,1080,0.835,false,true,2026-03-02
CRM000225,guest_key_00225,guest000225@example.invalid,new_guest,design_leisure,5860,0.877,false,true,2025-08-20
CRM000226,guest_key_00226,guest000226@example.invalid,new_guest,coastal_weekend,5270,0.749,false,true,2026-03-08
CRM000226_DUP,guest_key_00226,,returning_guest,coastal_weekend,,0.634,true,false,2025-11-06
CRM000227,guest_key_00227,guest000227@example.invalid,new_guest,design_leisure,4380,0.944,false,true,2026-03-13
CRM000228,guest_key_00228,guest000228@example.invalid,new_guest,design_leisure,7280,0.907,false,true,2026-08-04
CRM000228_DUP,guest_key_00228,,returning_guest,design_leisure,,0.509,true,false,2025-10-03
CRM000229,guest_key_00229,guest000229@example.invalid,new_guest,event_or_wedding,2930,0.856,false,true,2026-02-23
CRM000230,guest_key_00230,guest000230@example.invalid,new_guest,wellness_getaway,750,0.933,false,true,2026-02-13
CRM000231,guest_key_00231,guest000231@example.invalid,returning_guest,design_leisure,14410,0.894,false,true,2026-03-21
CRM000232,guest_key_00232,guest000232@example.invalid,new_guest,local_staycation,7750,0.89,false,true,2026-05-21
CRM000233,guest_key_00233,,loyalty_guest,coastal_weekend,5810,0.962,false,false,2026-08-08
CRM000234,guest_key_00234,guest000234@example.invalid,new_guest,wellness_getaway,2460,0.76,false,true,2026-01-06
CRM000235,guest_key_00235,,new_guest,business_traveler,1080,0.933,false,false,2026-02-14
CRM000236,guest_key_00236,guest000236@example.invalid,loyalty_guest,coastal_weekend,5190,0.947,false,true,2025-07-12
CRM000237,guest_key_00237,guest000237@example.invalid,loyalty_guest,coastal_weekend,4760,0.94,false,true,2025-12-27
CRM000238,guest_key_00238,guest000238@example.invalid,new_guest,wellness_getaway,4250,0.934,false,true,2025-12-11
CRM000239,guest_key_00239,,vip_guest,coastal_weekend,12010,0.953,false,false,2026-03-13
CRM000240,guest_key_00240,guest000240@example.invalid,returning_guest,family_beach_trip,17030,0.763,false,true,2025-12-30
CRM000241,guest_key_00241,guest000241@example.invalid,loyalty_guest,business_traveler,11270,0.791,false,true,2026-02-18
CRM000242,guest_key_00242,guest000242@example.invalid,loyalty_guest,event_or_wedding,7460,0.954,false,true,2026-06-02
CRM000242_DUP,guest_key_00242,,vip_guest,event_or_wedding,,0.429,true,false,2026-02-10
CRM000243,guest_key_00243,guest000243@example.invalid,new_guest,business_traveler,7840,0.882,false,true,2025-12-05
CRM000244,guest_key_00244,,returning_guest,local_staycation,1810,0.898,false,true,2026-08-08
CRM000244_DUP,guest_key_00244,,new_guest,local_staycation,,0.426,true,false,2026-07-31
CRM000245,guest_key_00245,guest000245@example.invalid,new_guest,wellness_getaway,1820,0.882,false,true,2026-06-07
CRM000246,guest_key_00246,guest000246@example.invalid,vip_guest,design_leisure,20160,0.73,false,true,2026-06-18
CRM000247,guest_key_00247,,new_guest,wellness_getaway,3900,0.845,false,true,2026-04-03
CRM000248,guest_key_00248,guest000248@example.invalid,returning_guest,coastal_weekend,2340,0.915,false,true,2026-01-30
CRM000249,guest_key_00249,,vip_guest,family_beach_trip,17320,0.758,false,true,2026-09-10
CRM000250,guest_key_00250,guest000250@example.invalid,returning_guest,event_or_wedding,5700,0.937,false,true,2025-12-04
CRM000251,guest_key_00251,,new_guest,business_traveler,1200,0.859,false,true,2026-02-15
CRM000252,guest_key_00252,,returning_guest,coastal_weekend,4140,0.939,false,false,2026-04-22
CRM000253,guest_key_00253,guest000253@example.invalid,returning_guest,coastal_weekend,26270,0.888,false,true,2026-01-02
CRM000254,guest_key_00254,,new_guest,design_leisure,,0.742,false,false,2026-08-16
CRM000255,guest_key_00255,guest000255@example.invalid,new_guest,local_staycation,3100,0.955,false,true,2026-07-04
CRM000256,guest_key_00256,guest000256@example.invalid,new_guest,local_staycation,5570,0.98,false,true,2026-06-05
CRM000257,guest_key_00257,guest000257@example.invalid,loyalty_guest,event_or_wedding,4710,0.907,false,true,2026-06-19
CRM000258,guest_key_00258,guest000258@example.invalid,new_guest,design_leisure,3010,0.721,false,true,2026-05-29
CRM000259,guest_key_00259,guest000259@example.invalid,new_guest,business_traveler,2340,0.742,false,true,2025-12-29
CRM000260,guest_key_00260,guest000260@example.invalid,new_guest,wellness_getaway,5900,0.825,false,true,2025-12-24
CRM000261,guest_key_00261,,returning_guest,business_traveler,10440,0.814,false,true,2026-01-06
CRM000262,guest_key_00262,,vip_guest,coastal_weekend,44650,0.904,false,false,2026-04-01
CRM000263,guest_key_00263,,new_guest,design_leisure,5110,0.827,false,false,2025-11-23
CRM000264,guest_key_00264,,returning_guest,business_traveler,2410,0.743,false,false,2025-10-19
CRM000265,guest_key_00265,guest000265@example.invalid,new_guest,design_leisure,720,0.794,false,true,2025-12-08
CRM000266,guest_key_00266,guest000266@example.invalid,vip_guest,design_leisure,16700,0.722,false,true,2026-05-09
CRM000267,guest_key_00267,,new_guest,coastal_weekend,910,0.932,false,true,2025-10-22
CRM000268,guest_key_00268,guest000268@example.invalid,loyalty_guest,business_traveler,12660,0.794,false,true,2025-12-14
CRM000269,guest_key_00269,,event_or_suite_guest,local_staycation,35430,0.779,false,false,2026-09-05
CRM000270,guest_key_00270,guest000270@example.invalid,new_guest,design_leisure,1330,0.795,false,true,2026-07-16
CRM000271,guest_key_00271,,loyalty_guest,coastal_weekend,13840,0.944,false,false,2026-06-24
CRM000272,guest_key_00272,,new_guest,business_traveler,1730,0.887,false,false,2025-12-27
CRM000273,guest_key_00273,guest000273@example.invalid,new_guest,local_staycation,960,0.957,false,true,2026-08-15
CRM000274,guest_key_00274,,vip_guest,coastal_weekend,9090,0.988,false,false,2026-02-11
CRM000275,guest_key_00275,,vip_guest,coastal_weekend,27050,0.765,false,false,2026-10-07
CRM000276,guest_key_00276,,loyalty_guest,design_leisure,10910,0.791,false,false,2025-12-05
CRM000277,guest_key_00277,guest000277@example.invalid,loyalty_guest,coastal_weekend,26220,0.898,false,true,2026-02-07
CRM000278,guest_key_00278,guest000278@example.invalid,new_guest,design_leisure,9890,0.895,false,true,2026-07-03
CRM000279,guest_key_00279,guest000279@example.invalid,vip_guest,wellness_getaway,17800,0.92,false,true,2026-04-10
CRM000280,guest_key_00280,guest000280@example.invalid,new_guest,design_leisure,1120,0.781,false,true,2026-06-02
CRM000281,guest_key_00281,,new_guest,wellness_getaway,3420,0.974,false,false,2026-07-02
CRM000282,guest_key_00282,guest000282@example.invalid,new_guest,business_traveler,2230,0.869,false,true,2025-08-17
CRM000283,guest_key_00283,guest000283@example.invalid,event_or_suite_guest,business_traveler,11510,0.892,false,true,2026-02-11
CRM000284,guest_key_00284,,returning_guest,wellness_getaway,11020,0.903,false,false,2025-11-15
CRM000285,guest_key_00285,,event_or_suite_guest,design_leisure,18960,0.978,false,false,2026-06-23
CRM000286,guest_key_00286,,returning_guest,event_or_wedding,,0.967,false,false,2025-12-29
CRM000287,guest_key_00287,,loyalty_guest,wellness_getaway,11660,0.727,false,false,2026-04-15
CRM000288,guest_key_00288,,returning_guest,local_staycation,8230,0.785,false,false,2026-09-16
CRM000289,guest_key_00289,,returning_guest,family_beach_trip,3920,0.796,false,false,2026-08-14
CRM000289_DUP,guest_key_00289,,returning_guest,family_beach_trip,,0.53,true,false,2025-05-17
CRM000290,guest_key_00290,,new_guest,family_beach_trip,,0.724,false,true,2026-04-19
CRM000291,guest_key_00291,guest000291@example.invalid,new_guest,business_traveler,2590,0.897,false,true,2026-05-15
CRM000292,guest_key_00292,,new_guest,coastal_weekend,980,0.785,false,false,2025-08-10
CRM000293,guest_key_00293,guest000293@example.invalid,new_guest,coastal_weekend,2790,0.969,false,true,2025-11-22
CRM000294,guest_key_00294,guest000294@example.invalid,returning_guest,business_traveler,12610,0.968,false,true,2026-09-03
CRM000295,guest_key_00295,guest000295@example.invalid,new_guest,event_or_wedding,3630,0.793,false,true,2026-07-06
CRM000296,guest_key_00296,guest000296@example.invalid,new_guest,design_leisure,7540,0.742,false,true,2025-11-26
CRM000297,guest_key_00297,guest000297@example.invalid,new_guest,coastal_weekend,1370,0.802,false,true,2026-08-12
CRM000298,guest_key_00298,guest000298@example.invalid,vip_guest,coastal_weekend,22410,0.879,false,true,2026-03-26
CRM000299,guest_key_00299,guest000299@example.invalid,new_guest,business_traveler,1700,0.839,false,true,2025-11-08
CRM000300,guest_key_00300,guest000300@example.invalid,returning_guest,design_leisure,2720,0.859,false,true,2026-02-21
CRM000301,guest_key_00301,guest000301@example.invalid,new_guest,wellness_getaway,2390,0.729,false,true,2025-12-16
CRM000302,guest_key_00302,guest000302@example.invalid,new_guest,business_traveler,3950,0.87,false,true,2026-03-05
CRM000303,guest_key_00303,,returning_guest,design_leisure,2650,0.986,false,false,2026-03-13
CRM000304,guest_key_00304,guest000304@example.invalid,loyalty_guest,wellness_getaway,3460,0.926,false,true,2025-09-06
CRM000305,guest_key_00305,guest000305@example.invalid,returning_guest,business_traveler,13260,0.753,false,true,2026-07-04
CRM000306,guest_key_00306,,new_guest,wellness_getaway,2990,0.916,false,true,2026-01-27
CRM000307,guest_key_00307,,new_guest,business_traveler,4100,0.749,false,false,2026-07-27
CRM000308,guest_key_00308,guest000308@example.invalid,returning_guest,coastal_weekend,3300,0.823,false,true,2026-10-06
CRM000309,guest_key_00309,,new_guest,wellness_getaway,1670,0.753,false,false,2026-07-10
CRM000310,guest_key_00310,guest000310@example.invalid,loyalty_guest,event_or_wedding,7170,0.901,false,true,2026-01-06
CRM000311,guest_key_00311,guest000311@example.invalid,loyalty_guest,local_staycation,13590,0.735,false,true,2026-12-25
CRM000312,guest_key_00312,guest000312@example.invalid,returning_guest,design_leisure,,0.923,false,true,2026-11-01
CRM000313,guest_key_00313,,new_guest,business_traveler,2100,0.723,false,false,2026-06-20
CRM000314,guest_key_00314,guest000314@example.invalid,new_guest,coastal_weekend,2280,0.99,false,true,2026-03-19
CRM000315,guest_key_00315,guest000315@example.invalid,new_guest,wellness_getaway,3750,0.91,false,true,2026-02-15
CRM000316,guest_key_00316,guest000316@example.invalid,loyalty_guest,business_traveler,11540,0.848,false,true,2026-01-07
CRM000317,guest_key_00317,guest000317@example.invalid,returning_guest,coastal_weekend,2280,0.972,false,true,2026-04-05
CRM000318,guest_key_00318,,returning_guest,business_traveler,3460,0.723,false,false,2026-06-13
CRM000318_DUP,guest_key_00318,,returning_guest,business_traveler,,0.467,true,false,2026-02-07
CRM000319,guest_key_00319,guest000319@example.invalid,new_guest,coastal_weekend,3970,0.932,false,true,2026-04-14
CRM000320,guest_key_00320,guest000320@example.invalid,new_guest,family_beach_trip,1230,0.979,false,true,2025-10-01
CRM000321,guest_key_00321,,event_or_suite_guest,design_leisure,14610,0.745,false,false,2026-05-25
CRM000322,guest_key_00322,,loyalty_guest,design_leisure,29680,0.938,false,false,2025-12-11
CRM000322_DUP,guest_key_00322,,loyalty_guest,design_leisure,,0.555,true,false,2025-01-27
CRM000323,guest_key_00323,guest000323@example.invalid,returning_guest,coastal_weekend,4230,0.771,false,true,2026-01-13
CRM000324,guest_key_00324,guest000324@example.invalid,returning_guest,coastal_weekend,,0.84,false,true,2026-07-26
CRM000325,guest_key_00325,,new_guest,business_traveler,1000,0.797,false,false,2026-09-15
CRM000326,guest_key_00326,,new_guest,wellness_getaway,4560,0.769,false,true,2026-04-05
CRM000327,guest_key_00327,guest000327@example.invalid,returning_guest,coastal_weekend,3480,0.847,false,true,2026-01-15
CRM000328,guest_key_00328,guest000328@example.invalid,new_guest,coastal_weekend,3300,0.932,false,true,2025-12-27
CRM000329,guest_key_00329,guest000329@example.invalid,returning_guest,business_traveler,18740,0.915,false,true,2026-11-05
CRM000330,guest_key_00330,,new_guest,business_traveler,5000,0.721,false,true,2026-05-16
CRM000331,guest_key_00331,guest000331@example.invalid,new_guest,coastal_weekend,5370,0.919,false,true,2026-09-11
CRM000331_DUP,guest_key_00331,,new_guest,coastal_weekend,,0.364,true,false,2026-05-30
CRM000332,guest_key_00332,,new_guest,design_leisure,10200,0.869,false,true,2026-09-15
CRM000333,guest_key_00333,guest000333@example.invalid,new_guest,wellness_getaway,4750,0.725,false,true,2026-04-08
CRM000334,guest_key_00334,guest000334@example.invalid,new_guest,design_leisure,8300,0.762,false,true,2025-12-15
CRM000335,guest_key_00335,,new_guest,wellness_getaway,3860,0.895,false,false,2026-08-29
CRM000336,guest_key_00336,,new_guest,event_or_wedding,4700,0.854,false,true,2026-03-26
CRM000337,guest_key_00337,,new_guest,coastal_weekend,5620,0.731,false,true,2026-02-03
CRM000338,guest_key_00338,guest000338@example.invalid,new_guest,wellness_getaway,2380,0.841,false,true,2026-01-01
CRM000339,guest_key_00339,,event_or_suite_guest,event_or_wedding,40030,0.816,false,false,2026-02-11
CRM000340,guest_key_00340,guest000340@example.invalid,returning_guest,design_leisure,6400,0.862,false,true,2025-11-27
CRM000341,guest_key_00341,guest000341@example.invalid,loyalty_guest,design_leisure,,0.953,false,true,2026-06-23
CRM000342,guest_key_00342,guest000342@example.invalid,new_guest,business_traveler,,0.743,false,true,2026-04-27
CRM000343,guest_key_00343,guest000343@example.invalid,new_guest,business_traveler,1800,0.849,false,true,2025-09-24
CRM000344,guest_key_00344,,new_guest,wellness_getaway,4540,0.972,false,false,2026-08-08
CRM000345,guest_key_00345,,new_guest,design_leisure,6040,0.969,false,true,2026-02-15
CRM000345_DUP,guest_key_00345,,new_guest,design_leisure,,0.595,true,false,2025-05-01
CRM000346,guest_key_00346,guest000346@example.invalid,new_guest,design_leisure,4170,0.984,false,true,2025-11-21
CRM000347,guest_key_00347,guest000347@example.invalid,new_guest,coastal_weekend,4390,0.805,false,true,2025-10-27
CRM000348,guest_key_00348,guest000348@example.invalid,new_guest,coastal_weekend,4310,0.861,false,true,2025-12-02
CRM000349,guest_key_00349,,vip_guest,coastal_weekend,4840,0.961,false,false,2025-11-24
CRM000349_DUP,guest_key_00349,,new_guest,coastal_weekend,,0.466,true,false,2025-11-27
CRM000350,guest_key_00350,guest000350@example.invalid,new_guest,wellness_getaway,6310,0.978,false,true,2026-03-31
CRM000351,guest_key_00351,,new_guest,coastal_weekend,2160,0.979,false,true,2026-03-31
CRM000352,guest_key_00352,guest000352@example.invalid,new_guest,wellness_getaway,4050,0.907,false,true,2026-02-05
CRM000353,guest_key_00353,guest000353@example.invalid,new_guest,wellness_getaway,1470,0.977,false,true,2026-03-16
CRM000354,guest_key_00354,guest000354@example.invalid,returning_guest,business_traveler,9100,0.89,false,true,2026-02-07
CRM000355,guest_key_00355,guest000355@example.invalid,returning_guest,coastal_weekend,5470,0.738,false,true,2026-07-17
CRM000356,guest_key_00356,guest000356@example.invalid,returning_guest,local_staycation,2950,0.986,false,true,2026-01-27
CRM000357,guest_key_00357,,returning_guest,design_leisure,6670,0.866,false,false,2026-05-20
CRM000358,guest_key_00358,guest000358@example.invalid,new_guest,family_beach_trip,3380,0.857,false,true,2026-03-09
CRM000359,guest_key_00359,guest000359@example.invalid,new_guest,design_leisure,5480,0.775,false,true,2026-01-23
CRM000360,guest_key_00360,guest000360@example.invalid,new_guest,business_traveler,2580,0.887,false,true,2026-01-27
CRM000361,guest_key_00361,guest000361@example.invalid,returning_guest,business_traveler,3720,0.89,false,true,2026-01-18
CRM000362,guest_key_00362,,returning_guest,business_traveler,1530,0.875,false,false,2026-02-02
CRM000363,guest_key_00363,guest000363@example.invalid,loyalty_guest,local_staycation,5120,0.901,false,true,2026-02-22
CRM000364,guest_key_00364,guest000364@example.invalid,new_guest,coastal_weekend,5180,0.978,false,true,2026-06-07
CRM000365,guest_key_00365,,loyalty_guest,wellness_getaway,8280,0.871,false,false,2026-03-16
CRM000366,guest_key_00366,guest000366@example.invalid,returning_guest,design_leisure,8320,0.895,false,true,2026-08-17
CRM000366_DUP,guest_key_00366,,loyalty_guest,design_leisure,,0.594,true,false,2026-05-28
CRM000367,guest_key_00367,guest000367@example.invalid,loyalty_guest,business_traveler,10970,0.786,false,true,2026-09-23
CRM000368,guest_key_00368,guest000368@example.invalid,loyalty_guest,business_traveler,18620,0.869,false,true,2026-07-10
CRM000369,guest_key_00369,guest000369@example.invalid,new_guest,coastal_weekend,2890,0.923,false,true,2026-09-14
CRM000370,guest_key_00370,guest000370@example.invalid,new_guest,wellness_getaway,1020,0.979,false,true,2025-10-10
CRM000371,guest_key_00371,guest000371@example.invalid,new_guest,business_traveler,6400,0.727,false,true,2026-07-15
CRM000372,guest_key_00372,guest000372@example.invalid,vip_guest,business_traveler,5440,0.797,false,true,2026-04-16
CRM000373,guest_key_00373,,loyalty_guest,business_traveler,8120,0.773,false,false,2026-01-28
CRM000374,guest_key_00374,guest000374@example.invalid,new_guest,wellness_getaway,1800,0.908,false,true,2026-03-01
CRM000375,guest_key_00375,,returning_guest,design_leisure,,0.866,false,false,2026-05-22
CRM000376,guest_key_00376,guest000376@example.invalid,returning_guest,design_leisure,18930,0.982,false,true,2026-02-16
CRM000377,guest_key_00377,guest000377@example.invalid,vip_guest,family_beach_trip,19280,0.972,false,true,2026-05-02
CRM000377_DUP,guest_key_00377,,new_guest,family_beach_trip,,0.55,true,false,2026-06-08
CRM000378,guest_key_00378,guest000378@example.invalid,loyalty_guest,local_staycation,5360,0.76,false,true,2025-09-16
CRM000379,guest_key_00379,guest000379@example.invalid,new_guest,business_traveler,4780,0.953,false,true,2026-01-16
CRM000380,guest_key_00380,,returning_guest,coastal_weekend,4530,0.977,false,false,2025-09-29
CRM000381,guest_key_00381,guest000381@example.invalid,new_guest,business_traveler,2160,0.798,false,true,2026-07-18
CRM000382,guest_key_00382,guest000382@example.invalid,new_guest,coastal_weekend,660,0.852,false,true,2026-02-27
CRM000383,guest_key_00383,guest000383@example.invalid,new_guest,local_staycation,3390,0.778,false,true,2025-10-21
CRM000384,guest_key_00384,,new_guest,wellness_getaway,11410,0.977,false,false,2026-10-14
CRM000385,guest_key_00385,,returning_guest,coastal_weekend,8590,0.895,false,false,2026-06-27
CRM000386,guest_key_00386,,new_guest,design_leisure,2510,0.781,false,true,2026-05-28
CRM000386_DUP,guest_key_00386,,new_guest,design_leisure,,0.59,true,false,2026-03-22
CRM000387,guest_key_00387,guest000387@example.invalid,new_guest,wellness_getaway,,0.775,false,true,2026-05-10
CRM000388,guest_key_00388,guest000388@example.invalid,loyalty_guest,business_traveler,5270,0.83,false,true,2026-04-29
CRM000389,guest_key_00389,guest000389@example.invalid,event_or_suite_guest,coastal_weekend,27530,0.778,false,true,2025-12-08
CRM000390,guest_key_00390,guest000390@example.invalid,returning_guest,business_traveler,,0.936,false,true,2026-07-06
CRM000391,guest_key_00391,guest000391@example.invalid,returning_guest,business_traveler,7380,0.847,false,true,2026-07-05
CRM000392,guest_key_00392,,new_guest,design_leisure,2610,0.951,false,false,2025-10-06
CRM000393,guest_key_00393,,new_guest,design_leisure,2910,0.86,false,false,2025-07-31
CRM000394,guest_key_00394,guest000394@example.invalid,returning_guest,local_staycation,19520,0.83,false,true,2026-08-03
CRM000395,guest_key_00395,guest000395@example.invalid,new_guest,wellness_getaway,3620,0.963,false,true,2026-10-06
CRM000396,guest_key_00396,guest000396@example.invalid,new_guest,design_leisure,,0.864,false,true,2026-09-30
CRM000397,guest_key_00397,guest000397@example.invalid,loyalty_guest,event_or_wedding,4770,0.92,false,true,2026-04-11
CRM000398,guest_key_00398,guest000398@example.invalid,loyalty_guest,wellness_getaway,19180,0.888,false,true,2026-06-12
CRM000399,guest_key_00399,,event_or_suite_guest,coastal_weekend,16210,0.9,false,true,2026-04-12
CRM000400,guest_key_00400,guest000400@example.invalid,returning_guest,wellness_getaway,24660,0.88,false,true,2026-05-16
CRM000401,guest_key_00401,guest000401@example.invalid,new_guest,business_traveler,1920,0.754,false,true,2025-11-03
CRM000402,guest_key_00402,guest000402@example.invalid,new_guest,design_leisure,2940,0.852,false,true,2026-02-12
CRM000403,guest_key_00403,guest000403@example.invalid,loyalty_guest,design_leisure,10590,0.945,false,true,2026-02-20
CRM000404,guest_key_00404,,new_guest,wellness_getaway,1180,0.838,false,false,2026-06-25
CRM000405,guest_key_00405,guest000405@example.invalid,new_guest,business_traveler,3180,0.989,false,true,2026-04-05
CRM000406,guest_key_00406,guest000406@example.invalid,returning_guest,coastal_weekend,5450,0.899,false,true,2026-03-07
CRM000407,guest_key_00407,guest000407@example.invalid,new_guest,business_traveler,9740,0.766,false,true,2026-01-04
CRM000408,guest_key_00408,guest000408@example.invalid,new_guest,coastal_weekend,3410,0.895,false,true,2026-06-03
CRM000409,guest_key_00409,guest000409@example.invalid,vip_guest,coastal_weekend,17260,0.933,false,true,2026-03-12
CRM000410,guest_key_00410,guest000410@example.invalid,loyalty_guest,business_traveler,,0.769,false,true,2026-10-26
CRM000411,guest_key_00411,guest000411@example.invalid,returning_guest,design_leisure,10870,0.847,false,true,2026-01-09
CRM000412,guest_key_00412,,new_guest,event_or_wedding,790,0.728,false,false,2026-10-03
CRM000413,guest_key_00413,guest000413@example.invalid,new_guest,wellness_getaway,2330,0.982,false,true,2026-05-26
CRM000413_DUP,guest_key_00413,,new_guest,wellness_getaway,,0.544,true,false,2025-03-27
CRM000414,guest_key_00414,guest000414@example.invalid,new_guest,local_staycation,,0.784,false,true,2025-10-13
CRM000415,guest_key_00415,guest000415@example.invalid,new_guest,family_beach_trip,3330,0.937,false,true,2026-04-10
CRM000416,guest_key_00416,guest000416@example.invalid,new_guest,coastal_weekend,6210,0.935,false,true,2025-11-03
CRM000417,guest_key_00417,guest000417@example.invalid,loyalty_guest,design_leisure,12180,0.732,false,true,2025-10-31
CRM000418,guest_key_00418,guest000418@example.invalid,new_guest,business_traveler,6920,0.77,false,true,2025-12-24
CRM000419,guest_key_00419,guest000419@example.invalid,returning_guest,local_staycation,4280,0.75,false,true,2026-07-21
CRM000420,guest_key_00420,guest000420@example.invalid,new_guest,coastal_weekend,1270,0.96,false,true,2025-08-04
CRM000421,guest_key_00421,guest000421@example.invalid,returning_guest,coastal_weekend,13590,0.966,false,true,2026-06-24
CRM000421_DUP,guest_key_00421,,new_guest,coastal_weekend,,0.662,true,false,2025-10-10
CRM000422,guest_key_00422,guest000422@example.invalid,returning_guest,design_leisure,12000,0.948,false,true,2026-02-03
CRM000423,guest_key_00423,guest000423@example.invalid,new_guest,business_traveler,6080,0.789,false,true,2026-09-03
CRM000424,guest_key_00424,guest000424@example.invalid,new_guest,design_leisure,2500,0.743,false,true,2025-08-15
CRM000425,guest_key_00425,guest000425@example.invalid,new_guest,coastal_weekend,1100,0.881,false,true,2026-03-19
CRM000426,guest_key_00426,guest000426@example.invalid,new_guest,business_traveler,3520,0.898,false,true,2026-06-22
CRM000427,guest_key_00427,,returning_guest,business_traveler,4430,0.912,false,true,2026-06-21
CRM000428,guest_key_00428,guest000428@example.invalid,new_guest,wellness_getaway,4480,0.721,false,true,2026-03-25
CRM000429,guest_key_00429,guest000429@example.invalid,new_guest,coastal_weekend,,0.846,false,true,2026-05-01
CRM000430,guest_key_00430,,loyalty_guest,local_staycation,5160,0.904,false,true,2026-09-27
CRM000431,guest_key_00431,guest000431@example.invalid,event_or_suite_guest,design_leisure,4610,0.791,false,true,2026-04-26
CRM000432,guest_key_00432,guest000432@example.invalid,returning_guest,coastal_weekend,13050,0.731,false,true,2026-03-10
CRM000433,guest_key_00433,guest000433@example.invalid,loyalty_guest,local_staycation,2550,0.934,false,true,2026-08-19
CRM000434,guest_key_00434,guest000434@example.invalid,new_guest,wellness_getaway,870,0.751,false,true,2026-06-08
CRM000435,guest_key_00435,guest000435@example.invalid,new_guest,design_leisure,1990,0.746,false,true,2026-04-30
CRM000436,guest_key_00436,,returning_guest,local_staycation,2760,0.931,false,false,2026-06-30
CRM000437,guest_key_00437,,event_or_suite_guest,business_traveler,40830,0.776,false,false,2026-05-20
CRM000438,guest_key_00438,guest000438@example.invalid,new_guest,business_traveler,1650,0.79,false,true,2026-01-02
CRM000439,guest_key_00439,,new_guest,business_traveler,3140,0.946,false,true,2026-03-31
CRM000440,guest_key_00440,,returning_guest,business_traveler,3000,0.914,false,false,2026-08-10
CRM000440_DUP,guest_key_00440,,loyalty_guest,business_traveler,,0.522,true,false,2026-03-23
CRM000441,guest_key_00441,,vip_guest,coastal_weekend,,0.824,false,false,2026-11-12
CRM000442,guest_key_00442,,returning_guest,design_leisure,11910,0.879,false,true,2026-03-22
CRM000443,guest_key_00443,guest000443@example.invalid,new_guest,design_leisure,4030,0.933,false,true,2025-10-14
CRM000444,guest_key_00444,guest000444@example.invalid,returning_guest,coastal_weekend,11460,0.796,false,true,2026-06-17
CRM000445,guest_key_00445,,returning_guest,design_leisure,3560,0.93,false,false,2026-06-21
CRM000446,guest_key_00446,guest000446@example.invalid,returning_guest,family_beach_trip,24940,0.771,false,true,2025-10-21
CRM000447,guest_key_00447,guest000447@example.invalid,new_guest,design_leisure,5170,0.825,false,true,2026-01-13
CRM000448,guest_key_00448,,loyalty_guest,design_leisure,13230,0.959,false,false,2025-12-13
CRM000449,guest_key_00449,guest000449@example.invalid,new_guest,coastal_weekend,4440,0.906,false,true,2026-05-12
CRM000450,guest_key_00450,,new_guest,event_or_wedding,1390,0.791,false,true,2026-05-17
CRM000451,guest_key_00451,guest000451@example.invalid,new_guest,business_traveler,3090,0.787,false,true,2025-12-24
CRM000452,guest_key_00452,,new_guest,coastal_weekend,2650,0.815,false,false,2025-10-07
CRM000453,guest_key_00453,guest000453@example.invalid,loyalty_guest,coastal_weekend,2940,0.757,false,true,2026-07-31
CRM000454,guest_key_00454,,new_guest,design_leisure,3380,0.817,false,false,2026-01-20
CRM000455,guest_key_00455,guest000455@example.invalid,new_guest,design_leisure,1760,0.885,false,true,2026-07-16
CRM000456,guest_key_00456,,new_guest,coastal_weekend,,0.938,false,false,2026-06-03
CRM000457,guest_key_00457,guest000457@example.invalid,new_guest,coastal_weekend,2730,0.928,false,true,2026-06-12
CRM000458,guest_key_00458,,new_guest,event_or_wedding,1200,0.8,false,false,2026-09-06
CRM000459,guest_key_00459,,new_guest,design_leisure,3220,0.861,false,false,2026-09-20
CRM000460,guest_key_00460,guest000460@example.invalid,vip_guest,wellness_getaway,4820,0.775,false,true,2026-01-28
CRM000461,guest_key_00461,,returning_guest,local_staycation,3480,0.784,false,true,2026-06-01
CRM000462,guest_key_00462,guest000462@example.invalid,new_guest,family_beach_trip,6650,0.954,false,true,2026-01-04
CRM000463,guest_key_00463,,new_guest,family_beach_trip,9170,0.746,false,false,2026-05-15
CRM000464,guest_key_00464,guest000464@example.invalid,new_guest,local_staycation,,0.97,false,true,2025-10-21
CRM000465,guest_key_00465,,loyalty_guest,local_staycation,2120,0.969,false,false,2025-07-09
CRM000466,guest_key_00466,,loyalty_guest,wellness_getaway,5230,0.894,false,false,2026-02-07
CRM000467,guest_key_00467,guest000467@example.invalid,new_guest,coastal_weekend,1200,0.865,false,true,2026-01-03
CRM000468,guest_key_00468,guest000468@example.invalid,loyalty_guest,business_traveler,6260,0.871,false,true,2026-03-27
CRM000469,guest_key_00469,guest000469@example.invalid,new_guest,business_traveler,9750,0.811,false,true,2025-10-19
CRM000470,guest_key_00470,guest000470@example.invalid,loyalty_guest,design_leisure,3330,0.957,false,true,2026-03-14
CRM000471,guest_key_00471,,returning_guest,coastal_weekend,,0.77,false,false,2026-09-22
CRM000472,guest_key_00472,guest000472@example.invalid,loyalty_guest,design_leisure,10810,0.732,false,true,2025-09-10
CRM000473,guest_key_00473,guest000473@example.invalid,new_guest,business_traveler,2920,0.955,false,true,2025-10-06
CRM000474,guest_key_00474,,returning_guest,coastal_weekend,10630,0.733,false,true,2025-11-24
CRM000475,guest_key_00475,,new_guest,coastal_weekend,2330,0.989,false,false,2025-11-29
CRM000476,guest_key_00476,guest000476@example.invalid,new_guest,business_traveler,5710,0.868,false,true,2026-08-21
CRM000477,guest_key_00477,guest000477@example.invalid,returning_guest,business_traveler,3670,0.946,false,true,2025-10-21
CRM000478,guest_key_00478,,loyalty_guest,design_leisure,12460,0.735,false,false,2026-05-11
CRM000479,guest_key_00479,guest000479@example.invalid,new_guest,business_traveler,2160,0.81,false,true,2026-02-10
CRM000480,guest_key_00480,guest000480@example.invalid,returning_guest,wellness_getaway,5720,0.985,false,true,2026-10-18
CRM000481,guest_key_00481,,new_guest,family_beach_trip,2770,0.867,false,true,2026-11-14
CRM000481_DUP,guest_key_00481,,returning_guest,family_beach_trip,,0.58,true,false,2026-03-13
CRM000482,guest_key_00482,guest000482@example.invalid,new_guest,business_traveler,770,0.843,false,true,2026-04-27
CRM000483,guest_key_00483,guest000483@example.invalid,new_guest,local_staycation,3360,0.779,false,true,2026-08-04
CRM000484,guest_key_00484,guest000484@example.invalid,vip_guest,wellness_getaway,28210,0.978,false,true,2026-04-15
CRM000485,guest_key_00485,guest000485@example.invalid,returning_guest,coastal_weekend,3600,0.785,false,true,2026-09-27
CRM000486,guest_key_00486,,loyalty_guest,business_traveler,40150,0.726,false,false,2026-01-04
CRM000487,guest_key_00487,guest000487@example.invalid,new_guest,event_or_wedding,,0.805,false,true,2026-06-23
CRM000488,guest_key_00488,guest000488@example.invalid,returning_guest,local_staycation,18220,0.868,false,true,2026-06-11
CRM000489,guest_key_00489,guest000489@example.invalid,new_guest,coastal_weekend,1580,0.975,false,true,2025-10-11
CRM000489_DUP,guest_key_00489,,returning_guest,coastal_weekend,,0.425,true,false,2025-09-23
CRM000490,guest_key_00490,guest000490@example.invalid,loyalty_guest,event_or_wedding,9800,0.731,false,true,2026-02-10
CRM000491,guest_key_00491,guest000491@example.invalid,new_guest,family_beach_trip,,0.816,false,true,2026-05-30
CRM000492,guest_key_00492,guest000492@example.invalid,new_guest,business_traveler,,0.883,false,true,2026-03-21
CRM000492_DUP,guest_key_00492,,returning_guest,business_traveler,,0.554,true,false,2025-03-09
CRM000493,guest_key_00493,guest000493@example.invalid,returning_guest,wellness_getaway,8180,0.765,false,true,2026-03-26
CRM000494,guest_key_00494,,new_guest,wellness_getaway,2980,0.936,false,false,2026-04-02
CRM000495,guest_key_00495,guest000495@example.invalid,vip_guest,coastal_weekend,,0.815,false,true,2026-03-18
CRM000496,guest_key_00496,guest000496@example.invalid,returning_guest,design_leisure,,0.739,false,true,2025-09-14
CRM000497,guest_key_00497,guest000497@example.invalid,new_guest,design_leisure,2200,0.888,false,true,2025-10-24
CRM000498,guest_key_00498,guest000498@example.invalid,new_guest,wellness_getaway,,0.831,false,true,2025-10-08
CRM000499,guest_key_00499,guest000499@example.invalid,returning_guest,business_traveler,7500,0.838,false,true,2025-11-07
CRM000500,guest_key_00500,guest000500@example.invalid,new_guest,event_or_wedding,2080,0.863,false,true,2026-05-30
CRM000501,guest_key_00501,guest000501@example.invalid,loyalty_guest,local_staycation,8140,0.752,false,true,2026-06-20
CRM000502,guest_key_00502,guest000502@example.invalid,new_guest,family_beach_trip,4490,0.753,false,true,2025-10-15
CRM000503,guest_key_00503,guest000503@example.invalid,loyalty_guest,design_leisure,36250,0.828,false,true,2026-03-01
CRM000503_DUP,guest_key_00503,,new_guest,design_leisure,,0.357,true,false,2025-06-30
CRM000504,guest_key_00504,,loyalty_guest,local_staycation,2260,0.833,false,false,2026-09-16
CRM000505,guest_key_00505,,new_guest,business_traveler,720,0.743,false,false,2026-12-09
CRM000506,guest_key_00506,,new_guest,design_leisure,1210,0.978,false,false,2026-08-02
CRM000507,guest_key_00507,guest000507@example.invalid,returning_guest,local_staycation,2820,0.731,false,true,2026-03-08
CRM000508,guest_key_00508,guest000508@example.invalid,new_guest,design_leisure,6650,0.973,false,true,2026-06-28
CRM000508_DUP,guest_key_00508,,returning_guest,design_leisure,,0.603,true,false,2025-10-14
CRM000509,guest_key_00509,,returning_guest,wellness_getaway,3280,0.971,false,false,2026-01-15
CRM000510,guest_key_00510,guest000510@example.invalid,new_guest,coastal_weekend,3490,0.725,false,true,2026-02-13
CRM000511,guest_key_00511,guest000511@example.invalid,new_guest,business_traveler,,0.761,false,true,2025-11-08
CRM000511_DUP,guest_key_00511,,returning_guest,business_traveler,,0.609,true,false,2024-09-14
CRM000512,guest_key_00512,,loyalty_guest,wellness_getaway,7490,0.813,false,true,2026-01-14
CRM000513,guest_key_00513,guest000513@example.invalid,vip_guest,event_or_wedding,9430,0.95,false,true,2026-08-22
CRM000514,guest_key_00514,guest000514@example.invalid,new_guest,design_leisure,8070,0.9,false,true,2025-09-07
CRM000514_DUP,guest_key_00514,,returning_guest,design_leisure,,0.434,true,false,2025-07-02
CRM000515,guest_key_00515,guest000515@example.invalid,loyalty_guest,design_leisure,18150,0.99,false,true,2026-02-17
CRM000516,guest_key_00516,guest000516@example.invalid,new_guest,coastal_weekend,4270,0.811,false,true,2026-06-28
CRM000517,guest_key_00517,guest000517@example.invalid,new_guest,local_staycation,4810,0.887,false,true,2025-12-06
CRM000518,guest_key_00518,,returning_guest,design_leisure,2660,0.786,false,false,2025-10-25
CRM000519,guest_key_00519,,new_guest,business_traveler,2200,0.909,false,false,2026-05-02
CRM000520,guest_key_00520,guest000520@example.invalid,new_guest,event_or_wedding,4750,0.88,false,true,2025-09-22
CRM000521,guest_key_00521,guest000521@example.invalid,returning_guest,event_or_wedding,5210,0.88,false,true,2026-04-13
CRM000522,guest_key_00522,guest000522@example.invalid,new_guest,business_traveler,1400,0.88,false,true,2026-09-10
CRM000523,guest_key_00523,guest000523@example.invalid,returning_guest,coastal_weekend,2070,0.898,false,true,2026-02-02
CRM000524,guest_key_00524,guest000524@example.invalid,new_guest,coastal_weekend,3670,0.9,false,true,2026-01-26
CRM000525,guest_key_00525,guest000525@example.invalid,vip_guest,coastal_weekend,37090,0.782,false,true,2025-12-24
CRM000526,guest_key_00526,guest000526@example.invalid,returning_guest,coastal_weekend,15040,0.82,false,true,2026-06-03
CRM000527,guest_key_00527,,returning_guest,wellness_getaway,6280,0.961,false,false,2026-02-16
CRM000528,guest_key_00528,,new_guest,business_traveler,5920,0.973,false,false,2026-07-10
CRM000529,guest_key_00529,guest000529@example.invalid,new_guest,wellness_getaway,,0.949,false,true,2025-12-22
CRM000530,guest_key_00530,guest000530@example.invalid,new_guest,coastal_weekend,,0.82,false,true,2026-11-18
CRM000531,guest_key_00531,guest000531@example.invalid,new_guest,coastal_weekend,1280,0.848,false,true,2026-03-30
CRM000532,guest_key_00532,guest000532@example.invalid,new_guest,local_staycation,4330,0.817,false,true,2026-02-01
CRM000533,guest_key_00533,guest000533@example.invalid,new_guest,design_leisure,2610,0.912,false,true,2026-06-24
CRM000534,guest_key_00534,,event_or_suite_guest,local_staycation,8080,0.76,false,true,2025-12-20
CRM000535,guest_key_00535,guest000535@example.invalid,loyalty_guest,design_leisure,4400,0.934,false,true,2026-10-09
CRM000536,guest_key_00536,guest000536@example.invalid,returning_guest,design_leisure,7740,0.796,false,true,2025-12-01
CRM000537,guest_key_00537,,returning_guest,coastal_weekend,10050,0.924,false,false,2026-03-13
CRM000538,guest_key_00538,guest000538@example.invalid,new_guest,design_leisure,5990,0.735,false,true,2026-03-27
CRM000539,guest_key_00539,guest000539@example.invalid,new_guest,design_leisure,4680,0.807,false,true,2025-12-14
CRM000540,guest_key_00540,guest000540@example.invalid,loyalty_guest,local_staycation,24090,0.777,false,true,2026-08-17
CRM000541,guest_key_00541,guest000541@example.invalid,new_guest,design_leisure,1150,0.913,false,true,2026-05-11
CRM000542,guest_key_00542,guest000542@example.invalid,new_guest,design_leisure,1190,0.743,false,true,2026-03-19
CRM000543,guest_key_00543,,new_guest,business_traveler,12820,0.985,false,false,2026-08-01
CRM000544,guest_key_00544,guest000544@example.invalid,returning_guest,family_beach_trip,2160,0.725,false,true,2026-04-30
CRM000544_DUP,guest_key_00544,,new_guest,family_beach_trip,,0.502,true,false,2025-04-27
CRM000545,guest_key_00545,,new_guest,business_traveler,3980,0.801,false,false,2026-01-13
CRM000545_DUP,guest_key_00545,,returning_guest,business_traveler,,0.53,true,false,2025-06-27
CRM000546,guest_key_00546,,new_guest,design_leisure,2440,0.786,false,true,2026-04-11
CRM000547,guest_key_00547,guest000547@example.invalid,new_guest,business_traveler,1460,0.765,false,true,2026-10-16
CRM000548,guest_key_00548,guest000548@example.invalid,returning_guest,local_staycation,3530,0.754,false,true,2026-02-11
CRM000549,guest_key_00549,,new_guest,local_staycation,1580,0.974,false,false,2026-02-28
CRM000550,guest_key_00550,guest000550@example.invalid,new_guest,business_traveler,,0.983,false,true,2025-11-19
CRM000551,guest_key_00551,guest000551@example.invalid,loyalty_guest,coastal_weekend,3110,0.86,false,true,2025-08-10
CRM000551_DUP,guest_key_00551,,new_guest,coastal_weekend,,0.481,true,false,2025-09-07
CRM000552,guest_key_00552,,new_guest,family_beach_trip,3480,0.989,false,false,2026-03-25
CRM000553,guest_key_00553,guest000553@example.invalid,new_guest,business_traveler,3810,0.775,false,true,2026-05-11
CRM000554,guest_key_00554,guest000554@example.invalid,returning_guest,business_traveler,4680,0.852,false,true,2026-07-15
CRM000555,guest_key_00555,,new_guest,business_traveler,4530,0.802,false,true,2026-08-14
CRM000555_DUP,guest_key_00555,,vip_guest,business_traveler,,0.39,true,false,2026-04-15
CRM000556,guest_key_00556,guest000556@example.invalid,vip_guest,local_staycation,23920,0.888,false,true,2026-06-24
CRM000557,guest_key_00557,guest000557@example.invalid,new_guest,design_leisure,,0.783,false,true,2025-09-03
CRM000558,guest_key_00558,guest000558@example.invalid,returning_guest,design_leisure,4240,0.929,false,true,2026-06-12
CRM000559,guest_key_00559,guest000559@example.invalid,new_guest,coastal_weekend,7690,0.816,false,true,2026-05-24
CRM000560,guest_key_00560,guest000560@example.invalid,new_guest,family_beach_trip,7470,0.809,false,true,2026-04-19
CRM000561,guest_key_00561,guest000561@example.invalid,returning_guest,coastal_weekend,4280,0.778,false,true,2026-10-29
CRM000562,guest_key_00562,guest000562@example.invalid,new_guest,local_staycation,1640,0.789,false,true,2026-05-22
CRM000563,guest_key_00563,,new_guest,business_traveler,7500,0.876,false,false,2026-05-30
CRM000564,guest_key_00564,guest000564@example.invalid,new_guest,event_or_wedding,4270,0.896,false,true,2026-02-04
CRM000565,guest_key_00565,guest000565@example.invalid,new_guest,wellness_getaway,7630,0.859,false,true,2025-10-03
CRM000566,guest_key_00566,guest000566@example.invalid,returning_guest,wellness_getaway,8170,0.929,false,true,2026-03-16
CRM000567,guest_key_00567,guest000567@example.invalid,new_guest,local_staycation,1900,0.797,false,true,2026-04-30
CRM000568,guest_key_00568,,new_guest,design_leisure,2790,0.786,false,true,2026-01-11
CRM000569,guest_key_00569,guest000569@example.invalid,new_guest,wellness_getaway,5390,0.916,false,true,2025-09-04
CRM000570,guest_key_00570,guest000570@example.invalid,vip_guest,family_beach_trip,16410,0.899,false,true,2026-02-05
CRM000571,guest_key_00571,guest000571@example.invalid,new_guest,design_leisure,2240,0.965,false,true,2026-05-14
CRM000572,guest_key_00572,guest000572@example.invalid,loyalty_guest,design_leisure,5530,0.874,false,true,2026-07-30
CRM000573,guest_key_00573,,new_guest,coastal_weekend,2520,0.8,false,false,2026-01-09
CRM000574,guest_key_00574,guest000574@example.invalid,event_or_suite_guest,local_staycation,40550,0.901,false,true,2026-01-04
CRM000575,guest_key_00575,,new_guest,business_traveler,7100,0.812,false,false,2025-11-09
CRM000576,guest_key_00576,guest000576@example.invalid,returning_guest,local_staycation,5200,0.829,false,true,2025-07-27
CRM000577,guest_key_00577,guest000577@example.invalid,new_guest,local_staycation,2500,0.964,false,true,2026-04-13
CRM000578,guest_key_00578,guest000578@example.invalid,returning_guest,coastal_weekend,,0.891,false,true,2026-10-15
CRM000579,guest_key_00579,guest000579@example.invalid,new_guest,business_traveler,1840,0.81,false,true,2026-04-23
CRM000580,guest_key_00580,,new_guest,wellness_getaway,2160,0.969,false,false,2025-11-04
CRM000581,guest_key_00581,,loyalty_guest,design_leisure,23030,0.948,false,false,2026-03-02
CRM000582,guest_key_00582,guest000582@example.invalid,new_guest,coastal_weekend,1370,0.75,false,true,2026-09-19
CRM000583,guest_key_00583,guest000583@example.invalid,new_guest,design_leisure,,0.78,false,true,2026-01-22
CRM000584,guest_key_00584,guest000584@example.invalid,new_guest,coastal_weekend,740,0.771,false,true,2026-07-16
CRM000585,guest_key_00585,guest000585@example.invalid,returning_guest,design_leisure,5750,0.922,false,true,2026-03-12
CRM000586,guest_key_00586,guest000586@example.invalid,event_or_suite_guest,business_traveler,18270,0.725,false,true,2026-01-04
CRM000587,guest_key_00587,guest000587@example.invalid,new_guest,family_beach_trip,5170,0.921,false,true,2026-10-23
CRM000588,guest_key_00588,guest000588@example.invalid,new_guest,local_staycation,1600,0.905,false,true,2026-06-05
CRM000589,guest_key_00589,guest000589@example.invalid,new_guest,design_leisure,,0.913,false,true,2026-04-01
CRM000590,guest_key_00590,guest000590@example.invalid,loyalty_guest,wellness_getaway,15420,0.952,false,true,2026-02-11
CRM000591,guest_key_00591,guest000591@example.invalid,returning_guest,wellness_getaway,13950,0.908,false,true,2026-04-09
CRM000592,guest_key_00592,guest000592@example.invalid,new_guest,local_staycation,3010,0.936,false,true,2026-02-04
CRM000593,guest_key_00593,guest000593@example.invalid,vip_guest,business_traveler,6370,0.98,false,true,2026-06-27
CRM000594,guest_key_00594,guest000594@example.invalid,new_guest,local_staycation,6410,0.956,false,true,2026-06-27
CRM000595,guest_key_00595,guest000595@example.invalid,loyalty_guest,local_staycation,10540,0.737,false,true,2026-05-22
CRM000595_DUP,guest_key_00595,,loyalty_guest,local_staycation,,0.408,true,false,2025-12-25
CRM000596,guest_key_00596,,new_guest,coastal_weekend,1670,0.747,false,false,2026-11-04
CRM000597,guest_key_00597,guest000597@example.invalid,loyalty_guest,coastal_weekend,11520,0.757,false,true,2026-02-18
CRM000598,guest_key_00598,guest000598@example.invalid,returning_guest,business_traveler,7340,0.824,false,true,2026-07-06
CRM000599,guest_key_00599,guest000599@example.invalid,returning_guest,wellness_getaway,2290,0.736,false,true,2025-09-02
CRM000600,guest_key_00600,,event_or_suite_guest,event_or_wedding,37790,0.841,false,false,2026-09-11
CRM000601,guest_key_00601,,loyalty_guest,business_traveler,32750,0.943,false,false,2026-05-03
CRM000601_DUP,guest_key_00601,,new_guest,business_traveler,,0.479,true,false,2025-06-23
CRM000602,guest_key_00602,guest000602@example.invalid,new_guest,design_leisure,1230,0.938,false,true,2025-10-26
CRM000603,guest_key_00603,guest000603@example.invalid,new_guest,business_traveler,4270,0.815,false,true,2026-08-04
CRM000604,guest_key_00604,,loyalty_guest,business_traveler,12820,0.852,false,false,2026-09-08
CRM000605,guest_key_00605,,new_guest,business_traveler,970,0.778,false,false,2025-12-27
CRM000606,guest_key_00606,guest000606@example.invalid,loyalty_guest,event_or_wedding,13980,0.961,false,true,2025-07-28
CRM000607,guest_key_00607,,new_guest,event_or_wedding,1220,0.735,false,false,2025-11-19
CRM000608,guest_key_00608,,new_guest,design_leisure,4260,0.765,false,false,2026-07-09
CRM000609,guest_key_00609,guest000609@example.invalid,new_guest,wellness_getaway,2210,0.94,false,true,2025-11-03
CRM000610,guest_key_00610,,new_guest,design_leisure,860,0.725,false,false,2026-08-18
CRM000611,guest_key_00611,,new_guest,design_leisure,4460,0.837,false,false,2025-12-01
CRM000612,guest_key_00612,,vip_guest,local_staycation,11370,0.968,false,false,2026-06-02
CRM000613,guest_key_00613,guest000613@example.invalid,new_guest,event_or_wedding,3350,0.955,false,true,2025-08-02
CRM000614,guest_key_00614,guest000614@example.invalid,new_guest,design_leisure,5240,0.981,false,true,2026-05-10
CRM000615,guest_key_00615,,new_guest,family_beach_trip,6990,0.87,false,true,2026-05-09
CRM000616,guest_key_00616,guest000616@example.invalid,vip_guest,design_leisure,52510,0.775,false,true,2026-07-31
CRM000617,guest_key_00617,guest000617@example.invalid,new_guest,wellness_getaway,8360,0.939,false,true,2026-04-02
CRM000618,guest_key_00618,,vip_guest,coastal_weekend,14150,0.742,false,false,2026-07-04
CRM000619,guest_key_00619,guest000619@example.invalid,new_guest,coastal_weekend,1590,0.882,false,true,2026-05-09
CRM000620,guest_key_00620,guest000620@example.invalid,loyalty_guest,coastal_weekend,6180,0.782,false,true,2025-09-27
CRM000621,guest_key_00621,,new_guest,business_traveler,,0.91,false,false,2026-07-15
CRM000621_DUP,guest_key_00621,,loyalty_guest,business_traveler,,0.45,true,false,2026-05-31
CRM000622,guest_key_00622,guest000622@example.invalid,loyalty_guest,design_leisure,3030,0.983,false,true,2026-09-06
CRM000623,guest_key_00623,guest000623@example.invalid,new_guest,wellness_getaway,7860,0.809,false,true,2025-12-18
CRM000624,guest_key_00624,guest000624@example.invalid,returning_guest,event_or_wedding,6360,0.885,false,true,2026-05-04
CRM000625,guest_key_00625,,new_guest,business_traveler,2050,0.899,false,false,2026-06-29
CRM000626,guest_key_00626,guest000626@example.invalid,returning_guest,event_or_wedding,6520,0.721,false,true,2025-09-24
CRM000627,guest_key_00627,,loyalty_guest,design_leisure,4150,0.921,false,true,2026-06-28
CRM000628,guest_key_00628,guest000628@example.invalid,returning_guest,design_leisure,10890,0.817,false,true,2026-07-09
CRM000629,guest_key_00629,,new_guest,business_traveler,7610,0.8,false,false,2026-03-16
CRM000629_DUP,guest_key_00629,,returning_guest,business_traveler,,0.491,true,false,2026-04-29
CRM000630,guest_key_00630,guest000630@example.invalid,returning_guest,local_staycation,2050,0.857,false,true,2026-09-21
CRM000631,guest_key_00631,,event_or_suite_guest,wellness_getaway,25030,0.802,false,true,2025-10-14
CRM000632,guest_key_00632,,new_guest,coastal_weekend,1150,0.812,false,false,2025-12-06
CRM000633,guest_key_00633,guest000633@example.invalid,loyalty_guest,coastal_weekend,4500,0.815,false,true,2025-12-09
CRM000634,guest_key_00634,guest000634@example.invalid,new_guest,design_leisure,2240,0.985,false,true,2026-10-27
CRM000635,guest_key_00635,guest000635@example.invalid,new_guest,wellness_getaway,4700,0.903,false,true,2026-08-02
CRM000636,guest_key_00636,guest000636@example.invalid,new_guest,wellness_getaway,7440,0.793,false,true,2026-08-30
CRM000637,guest_key_00637,guest000637@example.invalid,new_guest,design_leisure,,0.916,false,true,2026-08-08
CRM000638,guest_key_00638,guest000638@example.invalid,new_guest,business_traveler,6050,0.976,false,true,2026-01-17
CRM000639,guest_key_00639,,new_guest,design_leisure,,0.761,false,false,2026-06-24
CRM000640,guest_key_00640,,new_guest,business_traveler,1930,0.897,false,false,2026-01-23
CRM000641,guest_key_00641,,loyalty_guest,design_leisure,27250,0.889,false,true,2026-01-10
CRM000642,guest_key_00642,guest000642@example.invalid,event_or_suite_guest,event_or_wedding,14510,0.958,false,true,2026-04-20
CRM000643,guest_key_00643,,new_guest,design_leisure,3790,0.926,false,false,2026-07-19
CRM000644,guest_key_00644,guest000644@example.invalid,new_guest,coastal_weekend,1500,0.943,false,true,2026-03-26
CRM000644_DUP,guest_key_00644,,vip_guest,coastal_weekend,,0.595,true,false,2025-10-23
CRM000645,guest_key_00645,guest000645@example.invalid,new_guest,event_or_wedding,3310,0.982,false,true,2025-11-17
CRM000646,guest_key_00646,guest000646@example.invalid,returning_guest,event_or_wedding,5080,0.937,false,true,2026-08-11
CRM000647,guest_key_00647,guest000647@example.invalid,vip_guest,wellness_getaway,44470,0.735,false,true,2025-12-10
CRM000648,guest_key_00648,guest000648@example.invalid,new_guest,event_or_wedding,2270,0.758,false,true,2026-04-05
CRM000649,guest_key_00649,,new_guest,coastal_weekend,3250,0.83,false,false,2026-06-07
CRM000650,guest_key_00650,guest000650@example.invalid,new_guest,coastal_weekend,580,0.942,false,true,2026-05-09
CRM000651,guest_key_00651,guest000651@example.invalid,loyalty_guest,design_leisure,6590,0.812,false,true,2026-03-05
CRM000652,guest_key_00652,guest000652@example.invalid,new_guest,family_beach_trip,3790,0.803,false,true,2026-01-26
CRM000652_DUP,guest_key_00652,,returning_guest,family_beach_trip,,0.558,true,false,2025-11-17
CRM000653,guest_key_00653,,new_guest,wellness_getaway,6130,0.967,false,false,2025-09-09
CRM000654,guest_key_00654,guest000654@example.invalid,returning_guest,local_staycation,1920,0.776,false,true,2026-09-21
CRM000655,guest_key_00655,,returning_guest,event_or_wedding,5650,0.759,false,false,2026-02-14
CRM000656,guest_key_00656,guest000656@example.invalid,new_guest,coastal_weekend,820,0.805,false,true,2025-11-30
CRM000657,guest_key_00657,guest000657@example.invalid,new_guest,business_traveler,5330,0.941,false,true,2026-06-27
CRM000658,guest_key_00658,guest000658@example.invalid,vip_guest,coastal_weekend,,0.826,false,true,2026-03-30
CRM000659,guest_key_00659,guest000659@example.invalid,new_guest,wellness_getaway,5830,0.735,false,true,2026-08-03
CRM000660,guest_key_00660,guest000660@example.invalid,returning_guest,wellness_getaway,8660,0.797,false,true,2026-07-10
CRM000661,guest_key_00661,,returning_guest,coastal_weekend,12610,0.731,false,false,2026-03-01
CRM000662,guest_key_00662,guest000662@example.invalid,new_guest,design_leisure,6910,0.891,false,true,2026-01-17
CRM000663,guest_key_00663,guest000663@example.invalid,new_guest,wellness_getaway,4000,0.841,false,true,2026-08-29
CRM000664,guest_key_00664,guest000664@example.invalid,new_guest,business_traveler,2010,0.959,false,true,2026-07-27
CRM000665,guest_key_00665,,new_guest,wellness_getaway,780,0.876,false,false,2026-03-23
CRM000666,guest_key_00666,guest000666@example.invalid,returning_guest,design_leisure,,0.881,false,true,2026-09-07
CRM000667,guest_key_00667,guest000667@example.invalid,new_guest,coastal_weekend,3610,0.744,false,true,2026-08-15
CRM000667_DUP,guest_key_00667,,returning_guest,coastal_weekend,,0.404,true,false,2025-10-07
CRM000668,guest_key_00668,guest000668@example.invalid,new_guest,local_staycation,3090,0.791,false,true,2026-05-01
CRM000669,guest_key_00669,guest000669@example.invalid,loyalty_guest,coastal_weekend,17360,0.876,false,true,2026-01-13
CRM000670,guest_key_00670,,new_guest,coastal_weekend,1730,0.86,false,true,2026-03-29
CRM000671,guest_key_00671,,loyalty_guest,business_traveler,15380,0.961,false,true,2026-03-07
CRM000672,guest_key_00672,,new_guest,wellness_getaway,5680,0.832,false,false,2026-04-21
CRM000672_DUP,guest_key_00672,,loyalty_guest,wellness_getaway,,0.381,true,false,2025-02-15
CRM000673,guest_key_00673,guest000673@example.invalid,new_guest,coastal_weekend,2590,0.972,false,true,2026-02-28
CRM000674,guest_key_00674,guest000674@example.invalid,returning_guest,wellness_getaway,5000,0.938,false,true,2026-01-25
CRM000675,guest_key_00675,guest000675@example.invalid,new_guest,family_beach_trip,6430,0.919,false,true,2025-12-07
CRM000676,guest_key_00676,,new_guest,local_staycation,3740,0.9,false,false,2026-08-11
CRM000677,guest_key_00677,guest000677@example.invalid,new_guest,coastal_weekend,3490,0.751,false,true,2026-06-02
CRM000678,guest_key_00678,guest000678@example.invalid,returning_guest,event_or_wedding,12400,0.765,false,true,2026-07-14
CRM000679,guest_key_00679,guest000679@example.invalid,event_or_suite_guest,business_traveler,13760,0.783,false,true,2026-02-19
CRM000680,guest_key_00680,,vip_guest,design_leisure,27430,0.721,false,true,2025-09-07
CRM000681,guest_key_00681,,loyalty_guest,design_leisure,18940,0.966,false,false,2025-11-12
CRM000682,guest_key_00682,,new_guest,wellness_getaway,3320,0.861,false,true,2026-08-23
CRM000683,guest_key_00683,guest000683@example.invalid,new_guest,coastal_weekend,3590,0.973,false,true,2026-01-17
CRM000684,guest_key_00684,,new_guest,coastal_weekend,4030,0.853,false,false,2026-03-25
CRM000685,guest_key_00685,guest000685@example.invalid,new_guest,design_leisure,3470,0.935,false,true,2026-05-14
CRM000686,guest_key_00686,,new_guest,event_or_wedding,2180,0.929,false,true,2025-11-03
CRM000687,guest_key_00687,,new_guest,coastal_weekend,1650,0.748,false,true,2026-08-17
CRM000688,guest_key_00688,guest000688@example.invalid,vip_guest,coastal_weekend,39430,0.804,false,true,2026-02-16
CRM000689,guest_key_00689,guest000689@example.invalid,new_guest,business_traveler,2450,0.948,false,true,2026-05-27
CRM000690,guest_key_00690,guest000690@example.invalid,new_guest,business_traveler,6240,0.926,false,true,2026-06-03
CRM000691,guest_key_00691,guest000691@example.invalid,returning_guest,coastal_weekend,8200,0.864,false,true,2026-03-30
CRM000692,guest_key_00692,guest000692@example.invalid,returning_guest,business_traveler,10500,0.857,false,true,2026-01-15
CRM000693,guest_key_00693,,new_guest,wellness_getaway,1490,0.909,false,false,2026-03-09
CRM000694,guest_key_00694,,event_or_suite_guest,coastal_weekend,42880,0.73,false,false,2026-03-21
CRM000695,guest_key_00695,guest000695@example.invalid,new_guest,design_leisure,10130,0.814,false,true,2026-03-02
CRM000696,guest_key_00696,guest000696@example.invalid,returning_guest,business_traveler,2550,0.874,false,true,2025-11-13
CRM000697,guest_key_00697,guest000697@example.invalid,new_guest,coastal_weekend,6960,0.809,false,true,2026-03-21
CRM000698,guest_key_00698,,loyalty_guest,coastal_weekend,36520,0.774,false,true,2025-09-09
CRM000699,guest_key_00699,,new_guest,design_leisure,640,0.879,false,true,2026-10-22
CRM000700,guest_key_00700,guest000700@example.invalid,new_guest,design_leisure,3800,0.785,false,true,2025-08-05
CRM000701,guest_key_00701,,new_guest,wellness_getaway,3770,0.881,false,false,2025-12-14
CRM000702,guest_key_00702,guest000702@example.invalid,loyalty_guest,coastal_weekend,2710,0.962,false,true,2026-12-15
CRM000703,guest_key_00703,,returning_guest,design_leisure,3950,0.772,false,false,2025-09-17
CRM000704,guest_key_00704,guest000704@example.invalid,new_guest,event_or_wedding,2870,0.878,false,true,2026-03-29
CRM000705,guest_key_00705,,vip_guest,event_or_wedding,5720,0.976,false,false,2026-03-02
CRM000706,guest_key_00706,guest000706@example.invalid,new_guest,wellness_getaway,5750,0.956,false,true,2026-08-25
CRM000707,guest_key_00707,,new_guest,local_staycation,,0.983,false,true,2026-04-20
CRM000708,guest_key_00708,,loyalty_guest,design_leisure,10410,0.932,false,true,2026-02-22
CRM000709,guest_key_00709,,new_guest,business_traveler,3870,0.741,false,false,2026-09-23
CRM000710,guest_key_00710,guest000710@example.invalid,new_guest,business_traveler,,0.789,false,true,2026-08-19
CRM000711,guest_key_00711,guest000711@example.invalid,returning_guest,wellness_getaway,2320,0.879,false,true,2026-05-20
CRM000712,guest_key_00712,guest000712@example.invalid,returning_guest,business_traveler,4350,0.799,false,true,2025-12-25
CRM000713,guest_key_00713,guest000713@example.invalid,vip_guest,event_or_wedding,56110,0.767,false,true,2026-05-16
CRM000714,guest_key_00714,guest000714@example.invalid,new_guest,wellness_getaway,1900,0.871,false,true,2026-09-12
CRM000715,guest_key_00715,,returning_guest,business_traveler,16710,0.955,false,false,2026-07-19
CRM000716,guest_key_00716,guest000716@example.invalid,returning_guest,local_staycation,5970,0.785,false,true,2026-11-26
CRM000717,guest_key_00717,guest000717@example.invalid,new_guest,design_leisure,1350,0.927,false,true,2026-03-23
CRM000718,guest_key_00718,guest000718@example.invalid,loyalty_guest,wellness_getaway,2560,0.848,false,true,2025-09-24
CRM000719,guest_key_00719,guest000719@example.invalid,new_guest,event_or_wedding,4420,0.93,false,true,2026-07-21
CRM000720,guest_key_00720,,returning_guest,wellness_getaway,8840,0.961,false,false,2026-07-27
CRM000721,guest_key_00721,,new_guest,design_leisure,980,0.887,false,false,2026-08-05
CRM000722,guest_key_00722,guest000722@example.invalid,new_guest,coastal_weekend,2620,0.952,false,true,2026-02-20
CRM000723,guest_key_00723,guest000723@example.invalid,loyalty_guest,coastal_weekend,,0.961,false,true,2026-07-14
CRM000724,guest_key_00724,guest000724@example.invalid,new_guest,business_traveler,1030,0.93,false,true,2025-12-16
CRM000725,guest_key_00725,guest000725@example.invalid,returning_guest,coastal_weekend,13980,0.82,false,true,2026-07-29
CRM000725_DUP,guest_key_00725,,returning_guest,coastal_weekend,,0.488,true,false,2025-11-30
CRM000726,guest_key_00726,,new_guest,family_beach_trip,2390,0.76,false,false,2025-12-07
CRM000727,guest_key_00727,guest000727@example.invalid,vip_guest,design_leisure,7930,0.933,false,true,2026-04-18
CRM000728,guest_key_00728,,loyalty_guest,coastal_weekend,14960,0.946,false,false,2026-11-01
CRM000729,guest_key_00729,guest000729@example.invalid,returning_guest,business_traveler,2170,0.878,false,true,2025-12-31
CRM000730,guest_key_00730,guest000730@example.invalid,loyalty_guest,design_leisure,21650,0.741,false,true,2026-07-05
CRM000730_DUP,guest_key_00730,,loyalty_guest,design_leisure,,0.628,true,false,2026-06-29
CRM000731,guest_key_00731,guest000731@example.invalid,new_guest,coastal_weekend,7320,0.888,false,true,2026-01-19
CRM000732,guest_key_00732,guest000732@example.invalid,new_guest,business_traveler,1550,0.979,false,true,2026-04-11
CRM000733,guest_key_00733,,new_guest,local_staycation,2960,0.782,false,false,2026-06-27
CRM000733_DUP,guest_key_00733,,vip_guest,local_staycation,,0.397,true,false,2025-07-17
CRM000734,guest_key_00734,,new_guest,wellness_getaway,5140,0.72,false,true,2025-11-06
CRM000735,guest_key_00735,guest000735@example.invalid,new_guest,coastal_weekend,2880,0.783,false,true,2026-09-10
CRM000736,guest_key_00736,guest000736@example.invalid,new_guest,coastal_weekend,3520,0.771,false,true,2026-01-07
CRM000737,guest_key_00737,,new_guest,coastal_weekend,3540,0.968,false,false,2026-09-22
CRM000738,guest_key_00738,,new_guest,coastal_weekend,2440,0.871,false,false,2026-04-08
CRM000739,guest_key_00739,guest000739@example.invalid,loyalty_guest,event_or_wedding,8270,0.92,false,true,2026-06-07
CRM000739_DUP,guest_key_00739,,loyalty_guest,event_or_wedding,,0.354,true,false,2025-04-11
CRM000740,guest_key_00740,,new_guest,business_traveler,2910,0.809,false,false,2026-06-17
CRM000741,guest_key_00741,,new_guest,coastal_weekend,2840,0.816,false,false,2026-05-20
CRM000742,guest_key_00742,guest000742@example.invalid,new_guest,coastal_weekend,4350,0.748,false,true,2025-12-11
CRM000743,guest_key_00743,,new_guest,design_leisure,3170,0.919,false,false,2026-01-16
CRM000743_DUP,guest_key_00743,,loyalty_guest,design_leisure,,0.61,true,false,2025-10-18
CRM000744,guest_key_00744,,returning_guest,design_leisure,4460,0.787,false,false,2025-10-30
CRM000745,guest_key_00745,guest000745@example.invalid,returning_guest,business_traveler,1240,0.948,false,true,2025-11-29
CRM000746,guest_key_00746,,returning_guest,event_or_wedding,5930,0.741,false,false,2026-07-20
CRM000747,guest_key_00747,guest000747@example.invalid,new_guest,coastal_weekend,1700,0.727,false,true,2026-07-16
CRM000748,guest_key_00748,guest000748@example.invalid,new_guest,business_traveler,4250,0.895,false,true,2026-02-14
CRM000749,guest_key_00749,,new_guest,design_leisure,890,0.872,false,false,2026-02-16
CRM000750,guest_key_00750,guest000750@example.invalid,new_guest,design_leisure,1020,0.818,false,true,2026-06-21
CRM000751,guest_key_00751,guest000751@example.invalid,loyalty_guest,local_staycation,15590,0.791,false,true,2026-01-22
CRM000752,guest_key_00752,guest000752@example.invalid,returning_guest,coastal_weekend,4190,0.823,false,true,2025-12-11
CRM000753,guest_key_00753,guest000753@example.invalid,new_guest,design_leisure,7730,0.752,false,true,2026-02-25
CRM000754,guest_key_00754,,event_or_suite_guest,family_beach_trip,16790,0.846,false,false,2026-03-12
CRM000755,guest_key_00755,guest000755@example.invalid,returning_guest,wellness_getaway,4760,0.843,false,true,2026-03-06
CRM000756,guest_key_00756,guest000756@example.invalid,returning_guest,wellness_getaway,5650,0.758,false,true,2025-07-15
CRM000757,guest_key_00757,guest000757@example.invalid,new_guest,business_traveler,1260,0.761,false,true,2026-06-28
CRM000758,guest_key_00758,guest000758@example.invalid,new_guest,design_leisure,6420,0.847,false,true,2026-07-21
CRM000759,guest_key_00759,guest000759@example.invalid,vip_guest,business_traveler,37480,0.86,false,true,2026-03-03
CRM000760,guest_key_00760,guest000760@example.invalid,new_guest,coastal_weekend,8290,0.756,false,true,2025-12-21
CRM000761,guest_key_00761,guest000761@example.invalid,new_guest,coastal_weekend,,0.812,false,true,2026-04-30
CRM000762,guest_key_00762,guest000762@example.invalid,new_guest,event_or_wedding,3140,0.951,false,true,2025-12-16
CRM000763,guest_key_00763,guest000763@example.invalid,returning_guest,coastal_weekend,4540,0.851,false,true,2026-07-09
CRM000764,guest_key_00764,,new_guest,local_staycation,2560,0.9,false,false,2026-02-28
CRM000765,guest_key_00765,,new_guest,coastal_weekend,1490,0.851,false,true,2026-04-22
CRM000766,guest_key_00766,guest000766@example.invalid,new_guest,design_leisure,3310,0.904,false,true,2025-12-16
CRM000767,guest_key_00767,guest000767@example.invalid,new_guest,business_traveler,,0.796,false,true,2026-06-07
CRM000768,guest_key_00768,guest000768@example.invalid,new_guest,business_traveler,940,0.897,false,true,2025-11-08
CRM000769,guest_key_00769,guest000769@example.invalid,new_guest,wellness_getaway,,0.862,false,true,2025-11-24
CRM000770,guest_key_00770,guest000770@example.invalid,new_guest,coastal_weekend,,0.984,false,true,2026-03-12
CRM000770_DUP,guest_key_00770,,loyalty_guest,coastal_weekend,,0.591,true,false,2025-02-04
CRM000771,guest_key_00771,guest000771@example.invalid,new_guest,business_traveler,3160,0.851,false,true,2025-10-28
CRM000772,guest_key_00772,guest000772@example.invalid,returning_guest,coastal_weekend,2860,0.957,false,true,2025-11-05
CRM000773,guest_key_00773,,returning_guest,design_leisure,3780,0.76,false,false,2026-05-22
CRM000774,guest_key_00774,guest000774@example.invalid,loyalty_guest,event_or_wedding,8660,0.808,false,true,2025-10-03
CRM000775,guest_key_00775,guest000775@example.invalid,new_guest,coastal_weekend,1510,0.959,false,true,2026-02-20
CRM000776,guest_key_00776,guest000776@example.invalid,loyalty_guest,coastal_weekend,16350,0.985,false,true,2025-09-02
CRM000777,guest_key_00777,guest000777@example.invalid,new_guest,local_staycation,1500,0.838,false,true,2026-02-05
CRM000778,guest_key_00778,guest000778@example.invalid,new_guest,local_staycation,2720,0.793,false,true,2026-07-12
CRM000779,guest_key_00779,guest000779@example.invalid,loyalty_guest,coastal_weekend,4240,0.97,false,true,2026-05-09
CRM000780,guest_key_00780,,returning_guest,design_leisure,3430,0.982,false,false,2026-01-01
CRM000781,guest_key_00781,guest000781@example.invalid,new_guest,coastal_weekend,1830,0.843,false,true,2026-10-25
CRM000782,guest_key_00782,guest000782@example.invalid,new_guest,coastal_weekend,6280,0.929,false,true,2026-07-05
CRM000783,guest_key_00783,,loyalty_guest,coastal_weekend,10330,0.923,false,false,2026-05-31
CRM000784,guest_key_00784,guest000784@example.invalid,event_or_suite_guest,business_traveler,21910,0.966,false,true,2025-10-11
CRM000785,guest_key_00785,guest000785@example.invalid,new_guest,event_or_wedding,2490,0.977,false,true,2026-05-08
CRM000786,guest_key_00786,,new_guest,business_traveler,6190,0.809,false,false,2026-04-25
CRM000787,guest_key_00787,guest000787@example.invalid,new_guest,design_leisure,1180,0.98,false,true,2026-01-11
CRM000788,guest_key_00788,guest000788@example.invalid,new_guest,coastal_weekend,3570,0.984,false,true,2025-10-21
CRM000789,guest_key_00789,guest000789@example.invalid,returning_guest,wellness_getaway,2140,0.921,false,true,2026-05-09
CRM000789_DUP,guest_key_00789,,returning_guest,wellness_getaway,,0.359,true,false,2025-04-12
CRM000790,guest_key_00790,guest000790@example.invalid,new_guest,coastal_weekend,1630,0.938,false,true,2025-09-27
CRM000791,guest_key_00791,guest000791@example.invalid,returning_guest,design_leisure,5320,0.958,false,true,2026-06-08
CRM000792,guest_key_00792,,returning_guest,design_leisure,3330,0.951,false,false,2026-09-02
CRM000793,guest_key_00793,,new_guest,event_or_wedding,5770,0.892,false,true,2026-06-25
CRM000794,guest_key_00794,guest000794@example.invalid,returning_guest,coastal_weekend,3990,0.742,false,true,2026-05-23
CRM000795,guest_key_00795,guest000795@example.invalid,new_guest,coastal_weekend,6670,0.969,false,true,2026-05-21
CRM000796,guest_key_00796,,loyalty_guest,coastal_weekend,,0.849,false,true,2026-02-05
CRM000797,guest_key_00797,,new_guest,business_traveler,2070,0.931,false,false,2026-01-31
CRM000798,guest_key_00798,guest000798@example.invalid,loyalty_guest,wellness_getaway,24010,0.827,false,true,2026-04-29
CRM000799,guest_key_00799,,new_guest,local_staycation,1550,0.96,false,false,2026-01-18
CRM000800,guest_key_00800,,new_guest,event_or_wedding,3030,0.911,false,false,2026-04-25
CRM000801,guest_key_00801,,new_guest,coastal_weekend,3980,0.874,false,false,2026-08-20
CRM000801_DUP,guest_key_00801,,returning_guest,coastal_weekend,,0.362,true,false,2025-08-09
CRM000802,guest_key_00802,,loyalty_guest,business_traveler,6210,0.937,false,false,2025-11-11
CRM000803,guest_key_00803,guest000803@example.invalid,new_guest,design_leisure,2950,0.967,false,true,2026-04-22
CRM000804,guest_key_00804,,loyalty_guest,wellness_getaway,7870,0.917,false,true,2026-05-16
CRM000805,guest_key_00805,guest000805@example.invalid,new_guest,coastal_weekend,8060,0.745,false,true,2026-04-22
CRM000806,guest_key_00806,guest000806@example.invalid,new_guest,business_traveler,2030,0.781,false,true,2025-12-02
CRM000807,guest_key_00807,,new_guest,design_leisure,4220,0.81,false,false,2025-08-30
CRM000808,guest_key_00808,guest000808@example.invalid,new_guest,event_or_wedding,,0.745,false,true,2026-08-02
CRM000809,guest_key_00809,guest000809@example.invalid,loyalty_guest,family_beach_trip,2710,0.986,false,true,2026-07-09
CRM000810,guest_key_00810,,new_guest,local_staycation,1340,0.784,false,false,2026-06-26
CRM000811,guest_key_00811,guest000811@example.invalid,new_guest,design_leisure,4930,0.869,false,true,2026-07-14
CRM000812,guest_key_00812,,new_guest,coastal_weekend,4430,0.93,false,true,2026-03-06
CRM000813,guest_key_00813,guest000813@example.invalid,returning_guest,wellness_getaway,10070,0.776,false,true,2025-11-28
CRM000814,guest_key_00814,guest000814@example.invalid,vip_guest,wellness_getaway,22970,0.879,false,true,2026-03-22
CRM000815,guest_key_00815,guest000815@example.invalid,new_guest,wellness_getaway,10510,0.92,false,true,2026-05-31
CRM000816,guest_key_00816,,new_guest,design_leisure,1210,0.8,false,true,2026-04-02
CRM000816_DUP,guest_key_00816,,returning_guest,design_leisure,,0.635,true,false,2025-09-06
CRM000817,guest_key_00817,guest000817@example.invalid,loyalty_guest,event_or_wedding,7190,0.736,false,true,2025-09-24
CRM000818,guest_key_00818,guest000818@example.invalid,returning_guest,coastal_weekend,7780,0.947,false,true,2026-06-16
CRM000819,guest_key_00819,guest000819@example.invalid,new_guest,business_traveler,2300,0.947,false,true,2026-01-01
CRM000820,guest_key_00820,guest000820@example.invalid,new_guest,wellness_getaway,760,0.963,false,true,2026-08-15
CRM000821,guest_key_00821,guest000821@example.invalid,vip_guest,design_leisure,15580,0.823,false,true,2025-09-26
CRM000822,guest_key_00822,guest000822@example.invalid,new_guest,business_traveler,3010,0.848,false,true,2026-03-19
CRM000823,guest_key_00823,guest000823@example.invalid,vip_guest,business_traveler,26590,0.929,false,true,2026-03-01
CRM000824,guest_key_00824,,returning_guest,coastal_weekend,3410,0.981,false,true,2026-06-26
CRM000825,guest_key_00825,,vip_guest,coastal_weekend,6220,0.766,false,false,2026-09-05
CRM000825_DUP,guest_key_00825,,new_guest,coastal_weekend,,0.626,true,false,2025-07-31
CRM000826,guest_key_00826,guest000826@example.invalid,new_guest,business_traveler,2580,0.955,false,true,2026-06-16
CRM000827,guest_key_00827,guest000827@example.invalid,loyalty_guest,coastal_weekend,3620,0.784,false,true,2026-03-11
CRM000828,guest_key_00828,guest000828@example.invalid,new_guest,business_traveler,,0.786,false,true,2026-06-11
CRM000829,guest_key_00829,,new_guest,local_staycation,3550,0.855,false,false,2025-12-03
CRM000830,guest_key_00830,,new_guest,family_beach_trip,850,0.735,false,false,2025-08-18
CRM000831,guest_key_00831,guest000831@example.invalid,new_guest,local_staycation,1630,0.965,false,true,2026-07-25
CRM000831_DUP,guest_key_00831,,returning_guest,local_staycation,,0.38,true,false,2026-05-21
CRM000832,guest_key_00832,guest000832@example.invalid,loyalty_guest,coastal_weekend,14080,0.962,false,true,2025-11-11
CRM000833,guest_key_00833,,new_guest,design_leisure,4530,0.982,false,true,2026-05-24
CRM000834,guest_key_00834,,new_guest,wellness_getaway,5070,0.879,false,false,2025-12-27
CRM000834_DUP,guest_key_00834,,vip_guest,wellness_getaway,,0.583,true,false,2025-04-11
CRM000835,guest_key_00835,guest000835@example.invalid,new_guest,design_leisure,1980,0.755,false,true,2025-11-04
CRM000836,guest_key_00836,,returning_guest,design_leisure,7670,0.95,false,true,2026-01-26
CRM000837,guest_key_00837,guest000837@example.invalid,returning_guest,design_leisure,16040,0.986,false,true,2026-08-07
CRM000838,guest_key_00838,,returning_guest,family_beach_trip,4820,0.906,false,false,2025-09-09
CRM000839,guest_key_00839,guest000839@example.invalid,vip_guest,business_traveler,12650,0.933,false,true,2025-12-27
CRM000840,guest_key_00840,,loyalty_guest,business_traveler,,0.953,false,false,2026-03-30
CRM000841,guest_key_00841,,returning_guest,family_beach_trip,4970,0.816,false,true,2026-05-21
CRM000842,guest_key_00842,guest000842@example.invalid,new_guest,coastal_weekend,5260,0.778,false,true,2026-11-09
CRM000843,guest_key_00843,,returning_guest,coastal_weekend,5170,0.912,false,false,2025-11-18
CRM000844,guest_key_00844,guest000844@example.invalid,loyalty_guest,event_or_wedding,13050,0.798,false,true,2026-04-19
CRM000845,guest_key_00845,,new_guest,local_staycation,2070,0.9,false,false,2025-11-29
CRM000846,guest_key_00846,,loyalty_guest,business_traveler,4970,0.855,false,false,2026-10-23
CRM000847,guest_key_00847,,loyalty_guest,coastal_weekend,3340,0.897,false,false,2026-07-04
CRM000848,guest_key_00848,guest000848@example.invalid,new_guest,design_leisure,3820,0.889,false,true,2026-03-17
CRM000848_DUP,guest_key_00848,,returning_guest,design_leisure,,0.547,true,false,2026-01-01
CRM000849,guest_key_00849,,new_guest,business_traveler,1910,0.92,false,false,2025-11-03
CRM000850,guest_key_00850,guest000850@example.invalid,loyalty_guest,coastal_weekend,38310,0.872,false,true,2025-10-26
CRM000851,guest_key_00851,,vip_guest,local_staycation,34230,0.916,false,false,2026-03-03
CRM000852,guest_key_00852,guest000852@example.invalid,loyalty_guest,business_traveler,5830,0.957,false,true,2025-11-27
CRM000853,guest_key_00853,guest000853@example.invalid,new_guest,coastal_weekend,3370,0.786,false,true,2026-05-28
CRM000854,guest_key_00854,guest000854@example.invalid,vip_guest,business_traveler,,0.907,false,true,2026-05-12
CRM000855,guest_key_00855,,new_guest,wellness_getaway,2840,0.894,false,true,2026-09-07
CRM000856,guest_key_00856,guest000856@example.invalid,returning_guest,wellness_getaway,6790,0.962,false,true,2026-02-28
CRM000857,guest_key_00857,guest000857@example.invalid,loyalty_guest,coastal_weekend,14230,0.901,false,true,2026-02-06
CRM000857_DUP,guest_key_00857,,returning_guest,coastal_weekend,,0.447,true,false,2025-11-28
CRM000858,guest_key_00858,guest000858@example.invalid,new_guest,local_staycation,8590,0.788,false,true,2026-07-31
CRM000859,guest_key_00859,guest000859@example.invalid,new_guest,coastal_weekend,2420,0.771,false,true,2026-06-27
CRM000860,guest_key_00860,,returning_guest,wellness_getaway,2840,0.969,false,false,2026-04-25
CRM000861,guest_key_00861,guest000861@example.invalid,new_guest,event_or_wedding,2370,0.851,false,true,2026-05-13
CRM000862,guest_key_00862,guest000862@example.invalid,new_guest,wellness_getaway,2910,0.788,false,true,2026-09-29
CRM000863,guest_key_00863,guest000863@example.invalid,loyalty_guest,local_staycation,8440,0.962,false,true,2025-12-23
CRM000864,guest_key_00864,guest000864@example.invalid,returning_guest,coastal_weekend,,0.963,false,true,2026-05-31
CRM000865,guest_key_00865,guest000865@example.invalid,returning_guest,coastal_weekend,10780,0.765,false,true,2026-03-25
CRM000866,guest_key_00866,guest000866@example.invalid,returning_guest,local_staycation,5210,0.94,false,true,2025-08-31
CRM000867,guest_key_00867,guest000867@example.invalid,loyalty_guest,design_leisure,8720,0.764,false,true,2026-06-15
CRM000868,guest_key_00868,guest000868@example.invalid,new_guest,business_traveler,4360,0.797,false,true,2025-09-24
CRM000869,guest_key_00869,guest000869@example.invalid,new_guest,coastal_weekend,1890,0.916,false,true,2026-08-02
CRM000870,guest_key_00870,,new_guest,design_leisure,,0.836,false,false,2026-06-17
CRM000871,guest_key_00871,,new_guest,coastal_weekend,2710,0.749,false,false,2026-07-06
CRM000871_DUP,guest_key_00871,,returning_guest,coastal_weekend,,0.427,true,false,2026-03-11
CRM000872,guest_key_00872,,new_guest,design_leisure,,0.753,false,false,2026-11-08
CRM000873,guest_key_00873,guest000873@example.invalid,new_guest,coastal_weekend,4200,0.728,false,true,2026-07-22
CRM000873_DUP,guest_key_00873,,loyalty_guest,coastal_weekend,,0.395,true,false,2025-07-31
CRM000874,guest_key_00874,guest000874@example.invalid,new_guest,design_leisure,3690,0.806,false,true,2026-03-23
CRM000875,guest_key_00875,guest000875@example.invalid,new_guest,wellness_getaway,1360,0.988,false,true,2025-08-12
CRM000876,guest_key_00876,guest000876@example.invalid,new_guest,design_leisure,6550,0.726,false,true,2026-02-05
CRM000877,guest_key_00877,guest000877@example.invalid,new_guest,business_traveler,2740,0.745,false,true,2025-12-05
CRM000878,guest_key_00878,guest000878@example.invalid,new_guest,event_or_wedding,2590,0.851,false,true,2026-01-31
CRM000879,guest_key_00879,guest000879@example.invalid,new_guest,wellness_getaway,2440,0.925,false,true,2026-04-13
CRM000880,guest_key_00880,,returning_guest,event_or_wedding,19710,0.977,false,false,2026-07-24
CRM000881,guest_key_00881,guest000881@example.invalid,loyalty_guest,design_leisure,3760,0.962,false,true,2026-02-09
CRM000882,guest_key_00882,guest000882@example.invalid,new_guest,family_beach_trip,,0.904,false,true,2025-12-08
CRM000883,guest_key_00883,guest000883@example.invalid,new_guest,wellness_getaway,2520,0.928,false,true,2026-08-18
CRM000884,guest_key_00884,guest000884@example.invalid,new_guest,business_traveler,4530,0.939,false,true,2025-11-02
CRM000885,guest_key_00885,guest000885@example.invalid,returning_guest,business_traveler,3840,0.794,false,true,2025-11-01
CRM000886,guest_key_00886,guest000886@example.invalid,returning_guest,wellness_getaway,6650,0.883,false,true,2026-02-04
CRM000887,guest_key_00887,guest000887@example.invalid,new_guest,design_leisure,1910,0.814,false,true,2026-02-21
CRM000888,guest_key_00888,guest000888@example.invalid,returning_guest,wellness_getaway,2330,0.969,false,true,2026-03-28
CRM000888_DUP,guest_key_00888,,returning_guest,wellness_getaway,,0.383,true,false,2025-09-20
CRM000889,guest_key_00889,guest000889@example.invalid,new_guest,local_staycation,2280,0.948,false,true,2026-07-02
CRM000890,guest_key_00890,,new_guest,local_staycation,4440,0.877,false,false,2026-02-15
CRM000891,guest_key_00891,,vip_guest,design_leisure,9220,0.909,false,true,2026-09-22
CRM000892,guest_key_00892,guest000892@example.invalid,new_guest,event_or_wedding,1380,0.849,false,true,2026-05-19
CRM000893,guest_key_00893,guest000893@example.invalid,returning_guest,design_leisure,4830,0.771,false,true,2026-07-23
CRM000894,guest_key_00894,guest000894@example.invalid,vip_guest,coastal_weekend,,0.847,false,true,2025-09-12
CRM000895,guest_key_00895,guest000895@example.invalid,new_guest,business_traveler,2270,0.944,false,true,2025-09-20
CRM000896,guest_key_00896,guest000896@example.invalid,new_guest,event_or_wedding,3840,0.881,false,true,2026-06-06
CRM000897,guest_key_00897,guest000897@example.invalid,new_guest,coastal_weekend,2360,0.761,false,true,2026-05-21
CRM000898,guest_key_00898,guest000898@example.invalid,loyalty_guest,wellness_getaway,5470,0.789,false,true,2026-09-05
CRM000899,guest_key_00899,,new_guest,coastal_weekend,3570,0.941,false,false,2026-02-25
CRM000900,guest_key_00900,,new_guest,local_staycation,1850,0.761,false,false,2025-10-18
CRM000900_DUP,guest_key_00900,,returning_guest,local_staycation,,0.535,true,false,2024-11-18
CRM000901,guest_key_00901,guest000901@example.invalid,returning_guest,coastal_weekend,4830,0.774,false,true,2026-07-20
CRM000902,guest_key_00902,guest000902@example.invalid,loyalty_guest,wellness_getaway,33210,0.739,false,true,2026-09-24
CRM000903,guest_key_00903,guest000903@example.invalid,new_guest,business_traveler,3190,0.736,false,true,2026-03-02
CRM000904,guest_key_00904,guest000904@example.invalid,returning_guest,coastal_weekend,,0.933,false,true,2025-10-10
CRM000905,guest_key_00905,,vip_guest,business_traveler,33340,0.764,false,true,2026-06-09
CRM000906,guest_key_00906,guest000906@example.invalid,new_guest,business_traveler,5560,0.783,false,true,2026-06-02
CRM000907,guest_key_00907,guest000907@example.invalid,new_guest,coastal_weekend,1350,0.978,false,true,2025-12-06
CRM000908,guest_key_00908,,new_guest,design_leisure,2670,0.828,false,false,2026-07-10
CRM000909,guest_key_00909,guest000909@example.invalid,new_guest,coastal_weekend,7540,0.859,false,true,2026-02-06
CRM000910,guest_key_00910,,returning_guest,coastal_weekend,6850,0.931,false,false,2026-01-26
CRM000911,guest_key_00911,,new_guest,coastal_weekend,7840,0.746,false,false,2026-05-19
CRM000912,guest_key_00912,guest000912@example.invalid,event_or_suite_guest,local_staycation,13210,0.882,false,true,2026-01-26
CRM000913,guest_key_00913,,new_guest,local_staycation,3590,0.74,false,false,2026-09-17
CRM000914,guest_key_00914,,loyalty_guest,design_leisure,,0.72,false,false,2026-02-22
CRM000915,guest_key_00915,guest000915@example.invalid,new_guest,local_staycation,,0.906,false,true,2025-11-12
CRM000916,guest_key_00916,guest000916@example.invalid,returning_guest,local_staycation,5990,0.934,false,true,2025-12-20
CRM000917,guest_key_00917,guest000917@example.invalid,new_guest,design_leisure,3810,0.865,false,true,2025-10-12
CRM000918,guest_key_00918,,loyalty_guest,coastal_weekend,16370,0.986,false,false,2025-10-29
CRM000919,guest_key_00919,,event_or_suite_guest,design_leisure,19600,0.886,false,false,2026-07-08
CRM000920,guest_key_00920,,returning_guest,wellness_getaway,14720,0.932,false,false,2026-01-09
CRM000921,guest_key_00921,,new_guest,coastal_weekend,,0.956,false,false,2026-01-11
CRM000922,guest_key_00922,guest000922@example.invalid,returning_guest,coastal_weekend,4810,0.805,false,true,2026-01-17
CRM000923,guest_key_00923,,vip_guest,family_beach_trip,11660,0.809,false,true,2025-08-17
CRM000923_DUP,guest_key_00923,,new_guest,family_beach_trip,,0.422,true,false,2025-10-03
CRM000924,guest_key_00924,,new_guest,business_traveler,,0.761,false,false,2026-01-13
CRM000925,guest_key_00925,guest000925@example.invalid,new_guest,local_staycation,5380,0.794,false,true,2026-02-27
CRM000926,guest_key_00926,,returning_guest,design_leisure,12660,0.963,false,false,2026-05-27
CRM000927,guest_key_00927,,new_guest,design_leisure,5910,0.93,false,false,2025-10-31
CRM000928,guest_key_00928,guest000928@example.invalid,returning_guest,event_or_wedding,2400,0.963,false,true,2025-12-24
CRM000929,guest_key_00929,,vip_guest,business_traveler,5630,0.852,false,false,2026-02-16
CRM000929_DUP,guest_key_00929,,returning_guest,business_traveler,,0.529,true,false,2026-04-20
CRM000930,guest_key_00930,,new_guest,wellness_getaway,7680,0.722,false,true,2026-01-19
CRM000931,guest_key_00931,,loyalty_guest,coastal_weekend,9920,0.741,false,false,2026-02-14
CRM000932,guest_key_00932,,loyalty_guest,design_leisure,4380,0.955,false,true,2026-03-01
CRM000933,guest_key_00933,guest000933@example.invalid,new_guest,local_staycation,2630,0.929,false,true,2026-01-08
CRM000934,guest_key_00934,guest000934@example.invalid,new_guest,business_traveler,3520,0.794,false,true,2026-06-22
CRM000935,guest_key_00935,guest000935@example.invalid,new_guest,business_traveler,1990,0.988,false,true,2026-01-05
CRM000936,guest_key_00936,,new_guest,business_traveler,2980,0.774,false,true,2026-07-01
CRM000937,guest_key_00937,,new_guest,design_leisure,3770,0.813,false,false,2025-11-09
CRM000938,guest_key_00938,guest000938@example.invalid,loyalty_guest,local_staycation,4850,0.746,false,true,2026-02-24
CRM000939,guest_key_00939,guest000939@example.invalid,new_guest,business_traveler,5080,0.947,false,true,2025-12-03
CRM000940,guest_key_00940,guest000940@example.invalid,returning_guest,coastal_weekend,5080,0.917,false,true,2026-08-25
CRM000941,guest_key_00941,guest000941@example.invalid,new_guest,design_leisure,2020,0.9,false,true,2026-09-15
CRM000942,guest_key_00942,,new_guest,coastal_weekend,,0.961,false,false,2026-10-20
CRM000943,guest_key_00943,guest000943@example.invalid,new_guest,coastal_weekend,5250,0.954,false,true,2026-06-16
CRM000944,guest_key_00944,guest000944@example.invalid,returning_guest,coastal_weekend,9900,0.945,false,true,2025-12-03
CRM000945,guest_key_00945,guest000945@example.invalid,loyalty_guest,coastal_weekend,10310,0.775,false,true,2026-06-30
CRM000945_DUP,guest_key_00945,,new_guest,coastal_weekend,,0.659,true,false,2025-06-01
CRM000946,guest_key_00946,guest000946@example.invalid,returning_guest,wellness_getaway,9970,0.907,false,true,2026-08-27
CRM000947,guest_key_00947,guest000947@example.invalid,new_guest,local_staycation,730,0.987,false,true,2026-08-18
CRM000948,guest_key_00948,guest000948@example.invalid,loyalty_guest,local_staycation,15790,0.845,false,true,2026-05-22
CRM000949,guest_key_00949,guest000949@example.invalid,returning_guest,business_traveler,4410,0.879,false,true,2026-04-06
CRM000950,guest_key_00950,guest000950@example.invalid,new_guest,business_traveler,1490,0.893,false,true,2026-01-25
CRM000951,guest_key_00951,guest000951@example.invalid,loyalty_guest,design_leisure,,0.928,false,true,2026-04-19
CRM000952,guest_key_00952,,new_guest,local_staycation,3030,0.874,false,false,2026-04-27
CRM000952_DUP,guest_key_00952,,returning_guest,local_staycation,,0.605,true,false,2025-03-26
CRM000953,guest_key_00953,,loyalty_guest,event_or_wedding,13990,0.765,false,false,2025-10-21
CRM000954,guest_key_00954,guest000954@example.invalid,returning_guest,wellness_getaway,3620,0.884,false,true,2025-08-02
CRM000955,guest_key_00955,guest000955@example.invalid,returning_guest,wellness_getaway,3830,0.899,false,true,2026-12-11
CRM000956,guest_key_00956,,vip_guest,coastal_weekend,21470,0.885,false,false,2026-08-18
CRM000957,guest_key_00957,,new_guest,coastal_weekend,4280,0.897,false,false,2026-05-28
CRM000958,guest_key_00958,guest000958@example.invalid,new_guest,coastal_weekend,2560,0.8,false,true,2026-06-08
CRM000958_DUP,guest_key_00958,,new_guest,coastal_weekend,,0.465,true,false,2025-06-08
CRM000959,guest_key_00959,guest000959@example.invalid,returning_guest,business_traveler,6030,0.973,false,true,2026-01-22
CRM000960,guest_key_00960,guest000960@example.invalid,returning_guest,local_staycation,6670,0.967,false,true,2026-02-14
CRM000961,guest_key_00961,guest000961@example.invalid,new_guest,event_or_wedding,3250,0.97,false,true,2026-10-23
CRM000962,guest_key_00962,guest000962@example.invalid,new_guest,design_leisure,,0.732,false,true,2026-08-06
CRM000963,guest_key_00963,guest000963@example.invalid,new_guest,business_traveler,1690,0.862,false,true,2026-06-17
CRM000964,guest_key_00964,,returning_guest,wellness_getaway,1340,0.743,false,false,2025-09-29
CRM000965,guest_key_00965,guest000965@example.invalid,returning_guest,design_leisure,2460,0.766,false,true,2026-07-24
CRM000966,guest_key_00966,,returning_guest,design_leisure,8020,0.821,false,false,2026-09-07
CRM000967,guest_key_00967,guest000967@example.invalid,new_guest,design_leisure,820,0.891,false,true,2026-05-18
CRM000968,guest_key_00968,guest000968@example.invalid,returning_guest,business_traveler,5810,0.865,false,true,2026-09-17
CRM000969,guest_key_00969,guest000969@example.invalid,returning_guest,wellness_getaway,4780,0.907,false,true,2025-11-13
CRM000969_DUP,guest_key_00969,,loyalty_guest,wellness_getaway,,0.516,true,false,2025-11-29
CRM000970,guest_key_00970,guest000970@example.invalid,new_guest,coastal_weekend,1530,0.821,false,true,2025-11-28
CRM000971,guest_key_00971,guest000971@example.invalid,loyalty_guest,coastal_weekend,,0.915,false,true,2025-12-08
CRM000972,guest_key_00972,guest000972@example.invalid,returning_guest,coastal_weekend,9430,0.969,false,true,2026-01-21
CRM000973,guest_key_00973,guest000973@example.invalid,returning_guest,family_beach_trip,10290,0.779,false,true,2026-11-26
CRM000974,guest_key_00974,guest000974@example.invalid,vip_guest,design_leisure,20510,0.98,false,true,2026-01-13
CRM000975,guest_key_00975,guest000975@example.invalid,returning_guest,design_leisure,1130,0.869,false,true,2026-08-02
CRM000975_DUP,guest_key_00975,,loyalty_guest,design_leisure,,0.651,true,false,2026-02-04
CRM000976,guest_key_00976,guest000976@example.invalid,new_guest,wellness_getaway,1350,0.739,false,true,2025-12-15
CRM000977,guest_key_00977,guest000977@example.invalid,new_guest,business_traveler,1980,0.926,false,true,2026-02-11
CRM000978,guest_key_00978,guest000978@example.invalid,loyalty_guest,business_traveler,11630,0.843,false,true,2026-06-10
CRM000979,guest_key_00979,,new_guest,coastal_weekend,3350,0.898,false,false,2026-01-23
CRM000980,guest_key_00980,,new_guest,business_traveler,3850,0.776,false,false,2026-07-22
CRM000981,guest_key_00981,,loyalty_guest,event_or_wedding,3270,0.906,false,true,2026-06-15
CRM000982,guest_key_00982,guest000982@example.invalid,new_guest,coastal_weekend,6550,0.985,false,true,2026-08-12
CRM000983,guest_key_00983,guest000983@example.invalid,returning_guest,event_or_wedding,5020,0.736,false,true,2026-06-04
CRM000984,guest_key_00984,guest000984@example.invalid,new_guest,business_traveler,,0.82,false,true,2025-12-24
CRM000985,guest_key_00985,,new_guest,coastal_weekend,3400,0.964,false,false,2025-12-18
CRM000986,guest_key_00986,guest000986@example.invalid,new_guest,business_traveler,,0.793,false,true,2026-07-18
CRM000987,guest_key_00987,guest000987@example.invalid,new_guest,design_leisure,7650,0.944,false,true,2026-03-13
CRM000988,guest_key_00988,,returning_guest,event_or_wedding,2490,0.899,false,false,2026-01-04
CRM000989,guest_key_00989,guest000989@example.invalid,new_guest,business_traveler,2770,0.819,false,true,2025-09-22
CRM000990,guest_key_00990,,new_guest,wellness_getaway,2630,0.982,false,false,2025-12-17
CRM000991,guest_key_00991,guest000991@example.invalid,new_guest,wellness_getaway,1420,0.979,false,true,2026-11-23
CRM000992,guest_key_00992,guest000992@example.invalid,new_guest,business_traveler,4320,0.86,false,true,2025-11-08
CRM000993,guest_key_00993,guest000993@example.invalid,returning_guest,local_staycation,,0.768,false,true,2026-02-06
CRM000994,guest_key_00994,guest000994@example.invalid,new_guest,local_staycation,,0.746,false,true,2025-12-08
CRM000995,guest_key_00995,,new_guest,business_traveler,3720,0.784,false,false,2025-08-06
CRM000996,guest_key_00996,guest000996@example.invalid,new_guest,local_staycation,4970,0.936,false,true,2026-06-10
CRM000997,guest_key_00997,guest000997@example.invalid,new_guest,business_traveler,,0.723,false,true,2025-12-16
CRM000998,guest_key_00998,guest000998@example.invalid,new_guest,business_traveler,1060,0.871,false,true,2025-11-30
CRM000999,guest_key_00999,guest000999@example.invalid,new_guest,business_traveler,2200,0.766,false,true,2026-04-24
CRM001000,guest_key_01000,,new_guest,local_staycation,2720,0.867,false,false,2025-12-02
CRM001001,guest_key_01001,guest001001@example.invalid,returning_guest,wellness_getaway,10160,0.96,false,true,2025-11-25
CRM001002,guest_key_01002,guest001002@example.invalid,returning_guest,local_staycation,11320,0.762,false,true,2026-02-23
CRM001003,guest_key_01003,guest001003@example.invalid,event_or_suite_guest,business_traveler,9540,0.777,false,true,2026-08-10
CRM001004,guest_key_01004,guest001004@example.invalid,new_guest,wellness_getaway,1320,0.831,false,true,2026-02-25
CRM001005,guest_key_01005,guest001005@example.invalid,new_guest,wellness_getaway,4000,0.854,false,true,2025-12-06
CRM001006,guest_key_01006,guest001006@example.invalid,returning_guest,coastal_weekend,1430,0.721,false,true,2026-05-21
CRM001007,guest_key_01007,guest001007@example.invalid,loyalty_guest,business_traveler,21380,0.903,false,true,2026-04-13
CRM001008,guest_key_01008,guest001008@example.invalid,new_guest,wellness_getaway,950,0.789,false,true,2026-08-28
CRM001009,guest_key_01009,guest001009@example.invalid,vip_guest,business_traveler,8700,0.814,false,true,2026-07-31
CRM001010,guest_key_01010,guest001010@example.invalid,returning_guest,design_leisure,2750,0.764,false,true,2026-06-25
CRM001011,guest_key_01011,guest001011@example.invalid,vip_guest,coastal_weekend,25740,0.883,false,true,2026-03-09
CRM001012,guest_key_01012,guest001012@example.invalid,new_guest,local_staycation,1410,0.883,false,true,2026-11-03
CRM001013,guest_key_01013,,event_or_suite_guest,wellness_getaway,22890,0.889,false,false,2026-01-14
CRM001014,guest_key_01014,guest001014@example.invalid,event_or_suite_guest,design_leisure,5830,0.798,false,true,2025-11-04
CRM001015,guest_key_01015,guest001015@example.invalid,new_guest,family_beach_trip,6910,0.901,false,true,2026-03-24
CRM001016,guest_key_01016,guest001016@example.invalid,returning_guest,event_or_wedding,11330,0.736,false,true,2026-10-19
CRM001017,guest_key_01017,guest001017@example.invalid,new_guest,coastal_weekend,2230,0.812,false,true,2026-08-17
CRM001018,guest_key_01018,guest001018@example.invalid,new_guest,wellness_getaway,2090,0.733,false,true,2026-03-19
CRM001019,guest_key_01019,,loyalty_guest,wellness_getaway,10810,0.967,false,false,2025-09-08
CRM001020,guest_key_01020,guest001020@example.invalid,new_guest,local_staycation,1820,0.933,false,true,2026-02-14
CRM001021,guest_key_01021,guest001021@example.invalid,new_guest,coastal_weekend,3220,0.984,false,true,2026-09-09
CRM001022,guest_key_01022,,returning_guest,coastal_weekend,5370,0.8,false,false,2026-04-19
CRM001023,guest_key_01023,,new_guest,business_traveler,3160,0.841,false,false,2026-02-20
CRM001024,guest_key_01024,,new_guest,local_staycation,8450,0.738,false,false,2026-06-08
CRM001024_DUP,guest_key_01024,,returning_guest,local_staycation,,0.56,true,false,2025-06-12
CRM001025,guest_key_01025,,new_guest,coastal_weekend,3410,0.845,false,false,2025-09-12
CRM001026,guest_key_01026,guest001026@example.invalid,returning_guest,family_beach_trip,2360,0.743,false,true,2025-10-07
CRM001027,guest_key_01027,guest001027@example.invalid,new_guest,coastal_weekend,,0.963,false,true,2025-09-22
CRM001027_DUP,guest_key_01027,,loyalty_guest,coastal_weekend,,0.479,true,false,2024-12-28
CRM001028,guest_key_01028,guest001028@example.invalid,new_guest,business_traveler,930,0.893,false,true,2025-12-26
CRM001029,guest_key_01029,guest001029@example.invalid,returning_guest,design_leisure,4210,0.799,false,true,2026-03-14
CRM001030,guest_key_01030,guest001030@example.invalid,loyalty_guest,design_leisure,29320,0.863,false,true,2026-08-15
CRM001031,guest_key_01031,guest001031@example.invalid,new_guest,wellness_getaway,940,0.764,false,true,2026-07-25
CRM001032,guest_key_01032,guest001032@example.invalid,new_guest,coastal_weekend,860,0.765,false,true,2026-01-30
CRM001033,guest_key_01033,guest001033@example.invalid,new_guest,wellness_getaway,880,0.732,false,true,2026-08-17
CRM001034,guest_key_01034,guest001034@example.invalid,new_guest,business_traveler,8540,0.731,false,true,2025-12-07
CRM001035,guest_key_01035,,new_guest,coastal_weekend,8480,0.984,false,false,2025-12-29
CRM001036,guest_key_01036,guest001036@example.invalid,returning_guest,wellness_getaway,13610,0.81,false,true,2026-12-05
CRM001037,guest_key_01037,guest001037@example.invalid,returning_guest,local_staycation,2200,0.816,false,true,2025-10-13
CRM001038,guest_key_01038,guest001038@example.invalid,new_guest,event_or_wedding,3220,0.794,false,true,2026-04-17
CRM001039,guest_key_01039,guest001039@example.invalid,returning_guest,design_leisure,3410,0.937,false,true,2025-12-10
CRM001040,guest_key_01040,guest001040@example.invalid,loyalty_guest,business_traveler,8770,0.975,false,true,2025-10-06
CRM001040_DUP,guest_key_01040,,returning_guest,business_traveler,,0.524,true,false,2024-10-29
CRM001041,guest_key_01041,guest001041@example.invalid,returning_guest,business_traveler,3090,0.866,false,true,2026-04-19
CRM001042,guest_key_01042,,returning_guest,coastal_weekend,14070,0.922,false,false,2026-02-15
CRM001043,guest_key_01043,,new_guest,design_leisure,7180,0.758,false,true,2026-09-27
CRM001044,guest_key_01044,guest001044@example.invalid,returning_guest,wellness_getaway,5230,0.815,false,true,2025-11-23
CRM001045,guest_key_01045,guest001045@example.invalid,vip_guest,coastal_weekend,10540,0.772,false,true,2025-10-26
CRM001046,guest_key_01046,guest001046@example.invalid,vip_guest,family_beach_trip,16290,0.756,false,true,2026-03-05
CRM001047,guest_key_01047,guest001047@example.invalid,new_guest,design_leisure,3480,0.787,false,true,2026-06-07
CRM001048,guest_key_01048,,new_guest,local_staycation,3590,0.769,false,false,2026-03-10
CRM001049,guest_key_01049,guest001049@example.invalid,loyalty_guest,family_beach_trip,6890,0.923,false,true,2026-03-12
CRM001050,guest_key_01050,guest001050@example.invalid,new_guest,event_or_wedding,3980,0.93,false,true,2025-12-07
CRM001051,guest_key_01051,guest001051@example.invalid,returning_guest,coastal_weekend,,0.925,false,true,2026-09-13
CRM001052,guest_key_01052,guest001052@example.invalid,returning_guest,business_traveler,8760,0.904,false,true,2026-04-25
CRM001053,guest_key_01053,guest001053@example.invalid,new_guest,business_traveler,1310,0.79,false,true,2026-02-06
CRM001054,guest_key_01054,guest001054@example.invalid,loyalty_guest,coastal_weekend,7400,0.837,false,true,2026-06-27
CRM001055,guest_key_01055,guest001055@example.invalid,returning_guest,wellness_getaway,12540,0.755,false,true,2026-05-16
CRM001056,guest_key_01056,guest001056@example.invalid,returning_guest,coastal_weekend,17720,0.813,false,true,2026-03-27
CRM001057,guest_key_01057,,new_guest,coastal_weekend,1400,0.74,false,false,2026-06-07
CRM001058,guest_key_01058,guest001058@example.invalid,loyalty_guest,business_traveler,16660,0.783,false,true,2025-11-20
CRM001059,guest_key_01059,guest001059@example.invalid,returning_guest,design_leisure,12030,0.936,false,true,2025-10-24
CRM001060,guest_key_01060,,returning_guest,wellness_getaway,16400,0.907,false,false,2026-07-31
CRM001060_DUP,guest_key_01060,,new_guest,wellness_getaway,,0.364,true,false,2025-08-13
CRM001061,guest_key_01061,guest001061@example.invalid,new_guest,coastal_weekend,2830,0.756,false,true,2026-02-02
CRM001062,guest_key_01062,guest001062@example.invalid,new_guest,family_beach_trip,5630,0.979,false,true,2025-12-31
CRM001062_DUP,guest_key_01062,,new_guest,family_beach_trip,,0.358,true,false,2025-08-21
CRM001063,guest_key_01063,guest001063@example.invalid,new_guest,design_leisure,4070,0.93,false,true,2026-01-31
CRM001064,guest_key_01064,guest001064@example.invalid,returning_guest,coastal_weekend,8050,0.77,false,true,2026-02-22
CRM001065,guest_key_01065,guest001065@example.invalid,new_guest,wellness_getaway,2220,0.758,false,true,2026-02-24
CRM001066,guest_key_01066,,new_guest,coastal_weekend,5030,0.742,false,false,2026-04-11
CRM001067,guest_key_01067,guest001067@example.invalid,loyalty_guest,design_leisure,4900,0.795,false,true,2026-04-07
CRM001068,guest_key_01068,,returning_guest,wellness_getaway,21640,0.743,false,false,2025-12-27
CRM001069,guest_key_01069,,new_guest,business_traveler,1010,0.827,false,false,2026-10-01
CRM001069_DUP,guest_key_01069,,loyalty_guest,business_traveler,,0.497,true,false,2025-07-14
CRM001070,guest_key_01070,,new_guest,design_leisure,1530,0.842,false,false,2025-10-25
CRM001071,guest_key_01071,guest001071@example.invalid,new_guest,coastal_weekend,3590,0.915,false,true,2025-10-11
CRM001072,guest_key_01072,guest001072@example.invalid,loyalty_guest,coastal_weekend,50390,0.81,false,true,2026-05-13
CRM001073,guest_key_01073,guest001073@example.invalid,vip_guest,wellness_getaway,4070,0.728,false,true,2026-06-15
CRM001074,guest_key_01074,,new_guest,coastal_weekend,4380,0.923,false,true,2025-12-31
CRM001075,guest_key_01075,,loyalty_guest,event_or_wedding,12990,0.722,false,false,2026-02-25
CRM001076,guest_key_01076,,vip_guest,design_leisure,11490,0.947,false,false,2025-07-27
CRM001077,guest_key_01077,guest001077@example.invalid,returning_guest,design_leisure,6290,0.956,false,true,2026-06-29
CRM001078,guest_key_01078,guest001078@example.invalid,returning_guest,business_traveler,2770,0.808,false,true,2026-05-16
CRM001079,guest_key_01079,,returning_guest,business_traveler,2940,0.801,false,false,2026-06-09
CRM001080,guest_key_01080,guest001080@example.invalid,new_guest,wellness_getaway,2180,0.91,false,true,2026-03-17
CRM001081,guest_key_01081,guest001081@example.invalid,new_guest,design_leisure,1450,0.908,false,true,2026-11-09
CRM001082,guest_key_01082,,new_guest,coastal_weekend,6160,0.762,false,false,2026-08-05
CRM001082_DUP,guest_key_01082,,returning_guest,coastal_weekend,,0.407,true,false,2025-06-19
CRM001083,guest_key_01083,guest001083@example.invalid,event_or_suite_guest,coastal_weekend,6410,0.99,false,true,2026-06-25
CRM001084,guest_key_01084,,new_guest,business_traveler,890,0.791,false,false,2026-06-14
CRM001084_DUP,guest_key_01084,,returning_guest,business_traveler,,0.554,true,false,2025-08-12
CRM001085,guest_key_01085,guest001085@example.invalid,returning_guest,coastal_weekend,4740,0.884,false,true,2026-06-25
CRM001086,guest_key_01086,guest001086@example.invalid,loyalty_guest,wellness_getaway,13990,0.802,false,true,2026-02-08
CRM001087,guest_key_01087,guest001087@example.invalid,new_guest,coastal_weekend,3050,0.768,false,true,2025-08-14
CRM001088,guest_key_01088,guest001088@example.invalid,loyalty_guest,wellness_getaway,2370,0.896,false,true,2026-09-01
CRM001089,guest_key_01089,guest001089@example.invalid,returning_guest,wellness_getaway,13640,0.732,false,true,2026-01-31
CRM001090,guest_key_01090,,new_guest,family_beach_trip,4330,0.843,false,false,2026-08-25
CRM001091,guest_key_01091,guest001091@example.invalid,returning_guest,wellness_getaway,9100,0.915,false,true,2026-02-16
CRM001092,guest_key_01092,guest001092@example.invalid,returning_guest,event_or_wedding,2680,0.843,false,true,2026-04-24
CRM001093,guest_key_01093,,new_guest,event_or_wedding,6860,0.87,false,false,2026-03-25
CRM001094,guest_key_01094,,new_guest,design_leisure,3670,0.972,false,false,2026-03-19
CRM001095,guest_key_01095,guest001095@example.invalid,new_guest,business_traveler,840,0.928,false,true,2026-01-10
CRM001096,guest_key_01096,guest001096@example.invalid,new_guest,coastal_weekend,3350,0.737,false,true,2026-04-22
CRM001097,guest_key_01097,guest001097@example.invalid,new_guest,business_traveler,1190,0.88,false,true,2026-02-16
CRM001098,guest_key_01098,guest001098@example.invalid,returning_guest,coastal_weekend,10760,0.904,false,true,2025-10-08
CRM001099,guest_key_01099,guest001099@example.invalid,returning_guest,coastal_weekend,14810,0.817,false,true,2025-11-10
CRM001100,guest_key_01100,guest001100@example.invalid,new_guest,design_leisure,1410,0.848,false,true,2026-02-20
CRM001101,guest_key_01101,guest001101@example.invalid,returning_guest,business_traveler,5990,0.798,false,true,2026-04-16
CRM001102,guest_key_01102,,returning_guest,design_leisure,15170,0.961,false,false,2026-06-07
CRM001102_DUP,guest_key_01102,,returning_guest,design_leisure,,0.661,true,false,2026-04-17
CRM001103,guest_key_01103,guest001103@example.invalid,new_guest,coastal_weekend,,0.798,false,true,2026-08-25
CRM001104,guest_key_01104,,loyalty_guest,wellness_getaway,8780,0.98,false,false,2026-03-24
CRM001105,guest_key_01105,guest001105@example.invalid,loyalty_guest,business_traveler,15450,0.765,false,true,2026-08-23
CRM001106,guest_key_01106,guest001106@example.invalid,returning_guest,coastal_weekend,2350,0.794,false,true,2026-06-06
CRM001107,guest_key_01107,,loyalty_guest,coastal_weekend,11110,0.776,false,false,2026-11-05
CRM001108,guest_key_01108,,new_guest,design_leisure,7480,0.789,false,false,2026-05-04
CRM001109,guest_key_01109,guest001109@example.invalid,returning_guest,design_leisure,4220,0.81,false,true,2026-05-31
CRM001109_DUP,guest_key_01109,,vip_guest,design_leisure,,0.426,true,false,2025-06-02
CRM001110,guest_key_01110,,new_guest,design_leisure,4840,0.89,false,true,2025-11-09
CRM001111,guest_key_01111,,new_guest,design_leisure,2720,0.936,false,false,2025-10-30
CRM001112,guest_key_01112,guest001112@example.invalid,new_guest,coastal_weekend,2660,0.809,false,true,2025-09-07
CRM001113,guest_key_01113,,loyalty_guest,family_beach_trip,18680,0.815,false,true,2025-12-16
CRM001114,guest_key_01114,,event_or_suite_guest,event_or_wedding,37860,0.895,false,false,2025-10-07
CRM001115,guest_key_01115,guest001115@example.invalid,returning_guest,design_leisure,2230,0.914,false,true,2026-05-07
CRM001116,guest_key_01116,,new_guest,wellness_getaway,5320,0.721,false,false,2025-09-17
CRM001117,guest_key_01117,guest001117@example.invalid,new_guest,coastal_weekend,1360,0.727,false,true,2026-11-02
CRM001118,guest_key_01118,guest001118@example.invalid,new_guest,coastal_weekend,,0.923,false,true,2026-07-08
CRM001119,guest_key_01119,,new_guest,business_traveler,2270,0.754,false,false,2025-12-15
CRM001120,guest_key_01120,guest001120@example.invalid,new_guest,business_traveler,4060,0.959,false,true,2025-12-15
CRM001121,guest_key_01121,guest001121@example.invalid,returning_guest,event_or_wedding,4400,0.816,false,true,2026-12-22
CRM001122,guest_key_01122,guest001122@example.invalid,returning_guest,wellness_getaway,2830,0.797,false,true,2026-11-01
CRM001123,guest_key_01123,guest001123@example.invalid,new_guest,design_leisure,1650,0.742,false,true,2025-11-27
CRM001124,guest_key_01124,guest001124@example.invalid,returning_guest,business_traveler,4720,0.953,false,true,2025-12-29
CRM001125,guest_key_01125,guest001125@example.invalid,new_guest,design_leisure,4050,0.875,false,true,2026-03-11
CRM001126,guest_key_01126,guest001126@example.invalid,new_guest,design_leisure,2500,0.93,false,true,2026-09-29
CRM001127,guest_key_01127,guest001127@example.invalid,loyalty_guest,business_traveler,5390,0.762,false,true,2026-06-18
CRM001128,guest_key_01128,guest001128@example.invalid,new_guest,design_leisure,770,0.782,false,true,2026-09-14
CRM001129,guest_key_01129,guest001129@example.invalid,returning_guest,business_traveler,5700,0.752,false,true,2026-01-19
CRM001130,guest_key_01130,,returning_guest,business_traveler,11330,0.874,false,false,2026-04-11
CRM001131,guest_key_01131,guest001131@example.invalid,vip_guest,business_traveler,,0.866,false,true,2025-08-20
CRM001132,guest_key_01132,guest001132@example.invalid,new_guest,coastal_weekend,1170,0.803,false,true,2025-10-28
CRM001133,guest_key_01133,guest001133@example.invalid,new_guest,coastal_weekend,2560,0.752,false,true,2025-10-12
CRM001134,guest_key_01134,guest001134@example.invalid,new_guest,business_traveler,2230,0.73,false,true,2026-09-22
CRM001135,guest_key_01135,guest001135@example.invalid,new_guest,wellness_getaway,2700,0.949,false,true,2025-09-30
CRM001136,guest_key_01136,guest001136@example.invalid,returning_guest,business_traveler,4180,0.91,false,true,2025-09-13
CRM001136_DUP,guest_key_01136,,loyalty_guest,business_traveler,,0.373,true,false,2025-11-09
CRM001137,guest_key_01137,guest001137@example.invalid,returning_guest,local_staycation,2690,0.938,false,true,2026-08-08
CRM001138,guest_key_01138,guest001138@example.invalid,new_guest,local_staycation,920,0.784,false,true,2026-03-07
CRM001139,guest_key_01139,,new_guest,local_staycation,4200,0.909,false,false,2025-12-14
CRM001140,guest_key_01140,guest001140@example.invalid,loyalty_guest,wellness_getaway,12590,0.951,false,true,2026-06-14
CRM001141,guest_key_01141,guest001141@example.invalid,new_guest,local_staycation,3970,0.765,false,true,2026-04-23
CRM001142,guest_key_01142,,returning_guest,event_or_wedding,6670,0.726,false,true,2026-02-27
CRM001143,guest_key_01143,guest001143@example.invalid,loyalty_guest,event_or_wedding,8950,0.949,false,true,2026-07-21
CRM001143_DUP,guest_key_01143,,new_guest,event_or_wedding,,0.498,true,false,2026-01-10
CRM001144,guest_key_01144,,loyalty_guest,coastal_weekend,8450,0.789,false,false,2025-09-26
CRM001145,guest_key_01145,guest001145@example.invalid,new_guest,family_beach_trip,2180,0.912,false,true,2026-08-20
CRM001146,guest_key_01146,,new_guest,local_staycation,1780,0.861,false,false,2026-04-03
CRM001147,guest_key_01147,guest001147@example.invalid,new_guest,coastal_weekend,1000,0.753,false,true,2026-08-12
CRM001148,guest_key_01148,guest001148@example.invalid,returning_guest,family_beach_trip,10170,0.847,false,true,2026-07-26
CRM001149,guest_key_01149,,returning_guest,business_traveler,5780,0.936,false,false,2026-04-09
CRM001150,guest_key_01150,guest001150@example.invalid,new_guest,business_traveler,3750,0.913,false,true,2026-01-19
CRM001151,guest_key_01151,,loyalty_guest,event_or_wedding,11500,0.881,false,false,2026-09-08
CRM001152,guest_key_01152,guest001152@example.invalid,returning_guest,business_traveler,7150,0.722,false,true,2026-05-11
CRM001152_DUP,guest_key_01152,,new_guest,business_traveler,,0.451,true,false,2025-12-21
CRM001153,guest_key_01153,,returning_guest,business_traveler,8150,0.73,false,true,2026-04-03
CRM001154,guest_key_01154,,new_guest,local_staycation,2010,0.909,false,false,2026-09-20
CRM001155,guest_key_01155,,new_guest,design_leisure,2300,0.795,false,false,2026-08-15
CRM001156,guest_key_01156,guest001156@example.invalid,new_guest,coastal_weekend,2720,0.775,false,true,2026-08-04
CRM001157,guest_key_01157,guest001157@example.invalid,new_guest,business_traveler,2210,0.726,false,true,2025-09-29
CRM001158,guest_key_01158,,new_guest,family_beach_trip,2180,0.975,false,true,2026-08-01
CRM001159,guest_key_01159,,new_guest,wellness_getaway,2840,0.728,false,false,2025-11-29
CRM001160,guest_key_01160,guest001160@example.invalid,new_guest,event_or_wedding,1020,0.948,false,true,2025-12-22
CRM001161,guest_key_01161,guest001161@example.invalid,new_guest,family_beach_trip,7740,0.871,false,true,2025-08-19
CRM001162,guest_key_01162,,new_guest,business_traveler,3440,0.812,false,false,2025-12-15
CRM001163,guest_key_01163,,new_guest,local_staycation,3070,0.917,false,false,2026-09-01
CRM001164,guest_key_01164,,returning_guest,wellness_getaway,3930,0.883,false,false,2026-07-09
CRM001165,guest_key_01165,guest001165@example.invalid,new_guest,local_staycation,4360,0.901,false,true,2025-10-18
CRM001166,guest_key_01166,,new_guest,coastal_weekend,6890,0.97,false,false,2026-05-24
CRM001167,guest_key_01167,guest001167@example.invalid,loyalty_guest,wellness_getaway,15430,0.724,false,true,2026-09-22
CRM001168,guest_key_01168,,vip_guest,coastal_weekend,6510,0.747,false,true,2026-03-29
CRM001169,guest_key_01169,guest001169@example.invalid,loyalty_guest,business_traveler,7770,0.866,false,true,2025-10-31
CRM001170,guest_key_01170,guest001170@example.invalid,new_guest,family_beach_trip,1040,0.844,false,true,2026-06-15
CRM001171,guest_key_01171,guest001171@example.invalid,loyalty_guest,family_beach_trip,4800,0.821,false,true,2026-08-02
CRM001172,guest_key_01172,,returning_guest,coastal_weekend,1620,0.85,false,false,2026-02-06
CRM001173,guest_key_01173,guest001173@example.invalid,new_guest,design_leisure,3410,0.985,false,true,2026-01-13
CRM001174,guest_key_01174,,new_guest,coastal_weekend,5730,0.872,false,false,2026-07-16
CRM001175,guest_key_01175,,returning_guest,event_or_wedding,4810,0.915,false,false,2026-01-10
CRM001176,guest_key_01176,,returning_guest,wellness_getaway,7160,0.933,false,false,2026-10-12
CRM001177,guest_key_01177,guest001177@example.invalid,new_guest,business_traveler,2730,0.847,false,true,2026-01-09
CRM001178,guest_key_01178,,new_guest,business_traveler,1640,0.936,false,false,2026-03-01
CRM001178_DUP,guest_key_01178,,loyalty_guest,business_traveler,,0.537,true,false,2025-04-14
CRM001179,guest_key_01179,guest001179@example.invalid,new_guest,coastal_weekend,4030,0.957,false,true,2025-10-13
CRM001180,guest_key_01180,guest001180@example.invalid,new_guest,coastal_weekend,4790,0.744,false,true,2026-12-15
CRM001181,guest_key_01181,guest001181@example.invalid,returning_guest,business_traveler,,0.793,false,true,2025-10-05
CRM001182,guest_key_01182,guest001182@example.invalid,returning_guest,design_leisure,4840,0.916,false,true,2026-04-22
CRM001183,guest_key_01183,,returning_guest,family_beach_trip,11380,0.848,false,false,2026-02-18
CRM001184,guest_key_01184,guest001184@example.invalid,vip_guest,local_staycation,13820,0.853,false,true,2026-02-24
CRM001185,guest_key_01185,guest001185@example.invalid,new_guest,coastal_weekend,4250,0.846,false,true,2025-12-09
CRM001186,guest_key_01186,,vip_guest,local_staycation,17890,0.981,false,false,2026-03-23
CRM001187,guest_key_01187,,new_guest,local_staycation,1950,0.779,false,false,2026-03-10
CRM001188,guest_key_01188,guest001188@example.invalid,new_guest,business_traveler,3390,0.793,false,true,2026-03-09
CRM001189,guest_key_01189,,new_guest,design_leisure,5410,0.746,false,true,2026-10-20
CRM001190,guest_key_01190,guest001190@example.invalid,new_guest,coastal_weekend,2160,0.868,false,true,2025-10-16
CRM001191,guest_key_01191,,new_guest,business_traveler,,0.969,false,true,2025-10-07
CRM001191_DUP,guest_key_01191,,returning_guest,business_traveler,,0.595,true,false,2024-10-13
CRM001192,guest_key_01192,guest001192@example.invalid,returning_guest,coastal_weekend,2650,0.767,false,true,2025-10-12
CRM001193,guest_key_01193,,vip_guest,coastal_weekend,55520,0.856,false,true,2026-07-29
CRM001194,guest_key_01194,,new_guest,wellness_getaway,700,0.808,false,false,2026-09-09
CRM001195,guest_key_01195,guest001195@example.invalid,new_guest,design_leisure,,0.74,false,true,2026-04-14
CRM001196,guest_key_01196,guest001196@example.invalid,vip_guest,wellness_getaway,7710,0.913,false,true,2026-09-29
CRM001197,guest_key_01197,guest001197@example.invalid,returning_guest,business_traveler,1640,0.837,false,true,2026-07-15
CRM001198,guest_key_01198,,new_guest,business_traveler,6850,0.847,false,false,2025-10-28
CRM001199,guest_key_01199,,new_guest,family_beach_trip,,0.881,false,true,2026-06-09
CRM001200,guest_key_01200,,new_guest,coastal_weekend,3470,0.77,false,false,2025-12-01
CRM001201,guest_key_01201,guest001201@example.invalid,new_guest,coastal_weekend,3070,0.96,false,true,2026-10-20
CRM001202,guest_key_01202,guest001202@example.invalid,returning_guest,wellness_getaway,5280,0.925,false,true,2026-02-20
CRM001203,guest_key_01203,guest001203@example.invalid,new_guest,business_traveler,940,0.762,false,true,2025-09-19
CRM001204,guest_key_01204,guest001204@example.invalid,returning_guest,business_traveler,1940,0.976,false,true,2026-02-21
CRM001205,guest_key_01205,guest001205@example.invalid,new_guest,wellness_getaway,2990,0.803,false,true,2026-01-17
CRM001206,guest_key_01206,guest001206@example.invalid,new_guest,wellness_getaway,780,0.789,false,true,2026-05-06
CRM001207,guest_key_01207,guest001207@example.invalid,new_guest,business_traveler,2680,0.778,false,true,2026-06-28
CRM001208,guest_key_01208,guest001208@example.invalid,new_guest,event_or_wedding,2710,0.912,false,true,2025-07-26
CRM001209,guest_key_01209,,loyalty_guest,business_traveler,10960,0.956,false,true,2026-08-19
CRM001210,guest_key_01210,guest001210@example.invalid,new_guest,coastal_weekend,4820,0.81,false,true,2026-02-09
CRM001211,guest_key_01211,,vip_guest,business_traveler,5260,0.747,false,false,2026-10-07
CRM001212,guest_key_01212,guest001212@example.invalid,new_guest,coastal_weekend,,0.802,false,true,2026-06-24
CRM001213,guest_key_01213,guest001213@example.invalid,returning_guest,coastal_weekend,4740,0.942,false,true,2026-03-31
CRM001214,guest_key_01214,guest001214@example.invalid,returning_guest,design_leisure,11870,0.966,false,true,2026-01-21
CRM001215,guest_key_01215,guest001215@example.invalid,returning_guest,coastal_weekend,3840,0.976,false,true,2026-07-02
CRM001216,guest_key_01216,,returning_guest,coastal_weekend,8830,0.792,false,true,2026-06-02
CRM001217,guest_key_01217,guest001217@example.invalid,new_guest,coastal_weekend,5830,0.791,false,true,2026-09-04
CRM001218,guest_key_01218,guest001218@example.invalid,new_guest,wellness_getaway,2070,0.823,false,true,2025-08-22
CRM001219,guest_key_01219,guest001219@example.invalid,new_guest,business_traveler,2250,0.943,false,true,2026-07-22
CRM001220,guest_key_01220,guest001220@example.invalid,new_guest,design_leisure,5230,0.724,false,true,2026-08-26
CRM001221,guest_key_01221,guest001221@example.invalid,returning_guest,coastal_weekend,2290,0.961,false,true,2026-01-18
CRM001222,guest_key_01222,,new_guest,local_staycation,2110,0.932,false,false,2026-01-15
CRM001223,guest_key_01223,guest001223@example.invalid,new_guest,business_traveler,,0.803,false,true,2026-01-01
CRM001224,guest_key_01224,,new_guest,business_traveler,4140,0.77,false,false,2026-09-06
CRM001225,guest_key_01225,,new_guest,design_leisure,6210,0.846,false,false,2026-09-03
CRM001226,guest_key_01226,,new_guest,business_traveler,3370,0.924,false,false,2026-07-27
CRM001226_DUP,guest_key_01226,,vip_guest,business_traveler,,0.387,true,false,2026-07-12
CRM001227,guest_key_01227,guest001227@example.invalid,loyalty_guest,local_staycation,13480,0.875,false,true,2026-01-29
CRM001228,guest_key_01228,guest001228@example.invalid,returning_guest,business_traveler,18010,0.741,false,true,2025-07-16
CRM001229,guest_key_01229,,new_guest,event_or_wedding,6260,0.959,false,false,2026-03-11
CRM001230,guest_key_01230,,new_guest,business_traveler,6260,0.771,false,false,2025-12-22
CRM001231,guest_key_01231,,new_guest,wellness_getaway,2720,0.875,false,false,2026-08-22
CRM001232,guest_key_01232,,new_guest,coastal_weekend,860,0.914,false,false,2026-10-08
CRM001233,guest_key_01233,guest001233@example.invalid,new_guest,business_traveler,5920,0.901,false,true,2026-04-02
CRM001234,guest_key_01234,guest001234@example.invalid,new_guest,coastal_weekend,,0.985,false,true,2026-06-08
CRM001235,guest_key_01235,,new_guest,coastal_weekend,690,0.98,false,false,2026-10-31
CRM001236,guest_key_01236,guest001236@example.invalid,returning_guest,coastal_weekend,3960,0.727,false,true,2026-06-10
CRM001237,guest_key_01237,,event_or_suite_guest,event_or_wedding,,0.967,false,true,2026-09-02
CRM001238,guest_key_01238,guest001238@example.invalid,returning_guest,design_leisure,2220,0.891,false,true,2026-02-09
CRM001239,guest_key_01239,guest001239@example.invalid,new_guest,design_leisure,3250,0.877,false,true,2025-08-02
CRM001240,guest_key_01240,guest001240@example.invalid,returning_guest,wellness_getaway,19340,0.737,false,true,2025-10-09
CRM001241,guest_key_01241,,new_guest,design_leisure,2880,0.968,false,false,2026-06-04
CRM001242,guest_key_01242,guest001242@example.invalid,returning_guest,design_leisure,5230,0.74,false,true,2025-12-28
CRM001243,guest_key_01243,guest001243@example.invalid,loyalty_guest,design_leisure,11590,0.915,false,true,2026-06-20
CRM001244,guest_key_01244,guest001244@example.invalid,event_or_suite_guest,design_leisure,10380,0.769,false,true,2026-08-10
CRM001245,guest_key_01245,,returning_guest,local_staycation,2160,0.757,false,false,2026-04-05
CRM001246,guest_key_01246,guest001246@example.invalid,returning_guest,design_leisure,8340,0.852,false,true,2026-08-27
CRM001247,guest_key_01247,guest001247@example.invalid,new_guest,coastal_weekend,5810,0.973,false,true,2026-06-13
CRM001247_DUP,guest_key_01247,,vip_guest,coastal_weekend,,0.353,true,false,2025-09-16
CRM001248,guest_key_01248,guest001248@example.invalid,new_guest,wellness_getaway,3610,0.786,false,true,2025-11-03
CRM001249,guest_key_01249,guest001249@example.invalid,new_guest,design_leisure,2090,0.851,false,true,2026-08-23
CRM001250,guest_key_01250,guest001250@example.invalid,new_guest,coastal_weekend,4840,0.795,false,true,2026-09-16
CRM001251,guest_key_01251,guest001251@example.invalid,new_guest,wellness_getaway,860,0.828,false,true,2025-08-26
CRM001252,guest_key_01252,guest001252@example.invalid,new_guest,coastal_weekend,2630,0.842,false,true,2026-03-27
CRM001253,guest_key_01253,guest001253@example.invalid,new_guest,business_traveler,3760,0.895,false,true,2026-09-09
CRM001254,guest_key_01254,guest001254@example.invalid,loyalty_guest,coastal_weekend,,0.881,false,true,2026-07-31
CRM001255,guest_key_01255,guest001255@example.invalid,returning_guest,coastal_weekend,4870,0.827,false,true,2026-04-22
CRM001256,guest_key_01256,guest001256@example.invalid,new_guest,design_leisure,1020,0.754,false,true,2026-02-05
CRM001257,guest_key_01257,,vip_guest,business_traveler,5580,0.947,false,true,2025-12-29
CRM001258,guest_key_01258,guest001258@example.invalid,new_guest,design_leisure,4200,0.738,false,true,2026-02-19
CRM001259,guest_key_01259,guest001259@example.invalid,new_guest,business_traveler,1130,0.787,false,true,2026-01-20
CRM001260,guest_key_01260,,new_guest,coastal_weekend,6810,0.86,false,true,2026-09-14
CRM001261,guest_key_01261,guest001261@example.invalid,returning_guest,design_leisure,18920,0.785,false,true,2026-01-30
CRM001262,guest_key_01262,guest001262@example.invalid,new_guest,design_leisure,,0.801,false,true,2026-04-28
CRM001263,guest_key_01263,guest001263@example.invalid,new_guest,coastal_weekend,1880,0.725,false,true,2026-03-30
CRM001264,guest_key_01264,guest001264@example.invalid,returning_guest,wellness_getaway,19640,0.754,false,true,2025-11-24
CRM001265,guest_key_01265,guest001265@example.invalid,new_guest,coastal_weekend,940,0.912,false,true,2026-08-24
CRM001266,guest_key_01266,guest001266@example.invalid,returning_guest,wellness_getaway,4310,0.872,false,true,2025-12-05
CRM001267,guest_key_01267,guest001267@example.invalid,returning_guest,coastal_weekend,,0.882,false,true,2026-03-27
CRM001268,guest_key_01268,,new_guest,event_or_wedding,5500,0.862,false,false,2025-09-08
CRM001269,guest_key_01269,guest001269@example.invalid,vip_guest,event_or_wedding,,0.933,false,true,2026-06-12
CRM001270,guest_key_01270,guest001270@example.invalid,new_guest,coastal_weekend,3870,0.882,false,true,2026-07-05
CRM001271,guest_key_01271,guest001271@example.invalid,returning_guest,business_traveler,8150,0.854,false,true,2026-07-06
CRM001272,guest_key_01272,guest001272@example.invalid,new_guest,wellness_getaway,2610,0.835,false,true,2025-12-15
CRM001273,guest_key_01273,,returning_guest,wellness_getaway,4480,0.82,false,false,2026-08-17
CRM001274,guest_key_01274,guest001274@example.invalid,returning_guest,business_traveler,17280,0.817,false,true,2026-06-29
CRM001275,guest_key_01275,,new_guest,design_leisure,2190,0.729,false,false,2026-10-16
CRM001276,guest_key_01276,guest001276@example.invalid,loyalty_guest,wellness_getaway,,0.911,false,true,2026-04-11
CRM001277,guest_key_01277,,new_guest,design_leisure,4960,0.749,false,false,2026-10-02
CRM001278,guest_key_01278,guest001278@example.invalid,new_guest,local_staycation,2580,0.921,false,true,2026-04-03
CRM001279,guest_key_01279,guest001279@example.invalid,new_guest,coastal_weekend,6110,0.947,false,true,2025-12-15
CRM001280,guest_key_01280,guest001280@example.invalid,loyalty_guest,local_staycation,3550,0.949,false,true,2026-04-17
CRM001281,guest_key_01281,,loyalty_guest,business_traveler,,0.965,false,false,2025-12-05
CRM001282,guest_key_01282,,returning_guest,design_leisure,16920,0.864,false,true,2025-10-06
CRM001283,guest_key_01283,guest001283@example.invalid,loyalty_guest,wellness_getaway,11110,0.896,false,true,2025-10-27
CRM001284,guest_key_01284,guest001284@example.invalid,returning_guest,wellness_getaway,6690,0.88,false,true,2026-07-02
CRM001285,guest_key_01285,guest001285@example.invalid,new_guest,business_traveler,2460,0.803,false,true,2026-12-20
CRM001286,guest_key_01286,guest001286@example.invalid,returning_guest,coastal_weekend,4170,0.88,false,true,2026-11-05
CRM001287,guest_key_01287,guest001287@example.invalid,returning_guest,coastal_weekend,3980,0.885,false,true,2026-02-16
CRM001288,guest_key_01288,guest001288@example.invalid,new_guest,design_leisure,4570,0.79,false,true,2026-07-01
CRM001288_DUP,guest_key_01288,,loyalty_guest,design_leisure,,0.591,true,false,2025-12-04
CRM001289,guest_key_01289,guest001289@example.invalid,new_guest,family_beach_trip,,0.89,false,true,2026-01-29
CRM001290,guest_key_01290,,new_guest,business_traveler,2650,0.971,false,false,2026-07-01
CRM001291,guest_key_01291,,returning_guest,business_traveler,2820,0.761,false,false,2025-10-14
CRM001292,guest_key_01292,guest001292@example.invalid,new_guest,event_or_wedding,3600,0.759,false,true,2026-04-05
CRM001293,guest_key_01293,guest001293@example.invalid,returning_guest,design_leisure,,0.799,false,true,2026-05-05
CRM001294,guest_key_01294,,new_guest,wellness_getaway,1910,0.813,false,false,2026-05-05
CRM001295,guest_key_01295,guest001295@example.invalid,loyalty_guest,business_traveler,15420,0.742,false,true,2026-03-27
CRM001296,guest_key_01296,guest001296@example.invalid,new_guest,design_leisure,2550,0.853,false,true,2026-04-26
CRM001297,guest_key_01297,guest001297@example.invalid,vip_guest,design_leisure,12300,0.938,false,true,2026-07-22
CRM001298,guest_key_01298,guest001298@example.invalid,loyalty_guest,event_or_wedding,8440,0.759,false,true,2026-03-19
CRM001299,guest_key_01299,guest001299@example.invalid,returning_guest,wellness_getaway,1710,0.932,false,true,2026-02-24
CRM001300,guest_key_01300,guest001300@example.invalid,returning_guest,design_leisure,8780,0.956,false,true,2026-04-13
CRM001301,guest_key_01301,,new_guest,coastal_weekend,4680,0.756,false,false,2025-07-18
CRM001302,guest_key_01302,guest001302@example.invalid,returning_guest,business_traveler,4140,0.876,false,true,2026-02-11
CRM001303,guest_key_01303,guest001303@example.invalid,loyalty_guest,coastal_weekend,3680,0.915,false,true,2026-02-13
CRM001304,guest_key_01304,guest001304@example.invalid,returning_guest,family_beach_trip,4790,0.937,false,true,2026-06-12
CRM001305,guest_key_01305,guest001305@example.invalid,new_guest,coastal_weekend,1120,0.868,false,true,2026-03-05
CRM001306,guest_key_01306,,loyalty_guest,family_beach_trip,2760,0.931,false,false,2026-09-04
CRM001307,guest_key_01307,guest001307@example.invalid,new_guest,local_staycation,6530,0.975,false,true,2026-01-21
CRM001308,guest_key_01308,guest001308@example.invalid,new_guest,coastal_weekend,,0.948,false,true,2026-08-10
CRM001309,guest_key_01309,,returning_guest,event_or_wedding,4470,0.725,false,false,2026-02-11
CRM001310,guest_key_01310,,loyalty_guest,family_beach_trip,4730,0.986,false,false,2026-07-03
CRM001310_DUP,guest_key_01310,,returning_guest,family_beach_trip,,0.463,true,false,2026-09-05
CRM001311,guest_key_01311,guest001311@example.invalid,new_guest,family_beach_trip,8730,0.844,false,true,2026-06-24
CRM001312,guest_key_01312,,loyalty_guest,business_traveler,5740,0.927,false,false,2026-07-23
CRM001313,guest_key_01313,guest001313@example.invalid,vip_guest,wellness_getaway,9730,0.985,false,true,2026-07-11
CRM001314,guest_key_01314,guest001314@example.invalid,new_guest,business_traveler,1380,0.842,false,true,2026-09-24
CRM001315,guest_key_01315,guest001315@example.invalid,new_guest,family_beach_trip,2090,0.883,false,true,2025-12-26
CRM001316,guest_key_01316,guest001316@example.invalid,new_guest,design_leisure,4230,0.981,false,true,2026-06-14
CRM001317,guest_key_01317,,returning_guest,wellness_getaway,,0.844,false,false,2026-06-10
CRM001318,guest_key_01318,guest001318@example.invalid,new_guest,local_staycation,2830,0.865,false,true,2026-01-20
CRM001319,guest_key_01319,,returning_guest,wellness_getaway,2670,0.921,false,false,2026-08-27
CRM001319_DUP,guest_key_01319,,new_guest,wellness_getaway,,0.624,true,false,2026-04-02
CRM001320,guest_key_01320,,returning_guest,event_or_wedding,4490,0.857,false,false,2026-06-25
CRM001321,guest_key_01321,guest001321@example.invalid,returning_guest,design_leisure,2490,0.813,false,true,2026-04-25
CRM001322,guest_key_01322,,loyalty_guest,wellness_getaway,21150,0.968,false,false,2026-03-08
CRM001323,guest_key_01323,,loyalty_guest,business_traveler,9880,0.942,false,true,2026-03-21
CRM001324,guest_key_01324,,vip_guest,coastal_weekend,16310,0.837,false,false,2025-12-12
CRM001325,guest_key_01325,guest001325@example.invalid,new_guest,coastal_weekend,7380,0.757,false,true,2025-11-14
CRM001326,guest_key_01326,,new_guest,design_leisure,3590,0.739,false,true,2025-10-14
CRM001327,guest_key_01327,guest001327@example.invalid,returning_guest,event_or_wedding,12160,0.958,false,true,2026-09-11
CRM001328,guest_key_01328,guest001328@example.invalid,loyalty_guest,event_or_wedding,11030,0.834,false,true,2026-10-23
CRM001329,guest_key_01329,guest001329@example.invalid,new_guest,wellness_getaway,740,0.777,false,true,2026-05-13
CRM001329_DUP,guest_key_01329,,new_guest,wellness_getaway,,0.606,true,false,2026-03-14
CRM001330,guest_key_01330,guest001330@example.invalid,event_or_suite_guest,local_staycation,25660,0.795,false,true,2026-06-25
CRM001331,guest_key_01331,guest001331@example.invalid,returning_guest,local_staycation,14890,0.951,false,true,2025-12-24
CRM001332,guest_key_01332,,new_guest,event_or_wedding,3780,0.879,false,false,2026-03-08
CRM001333,guest_key_01333,guest001333@example.invalid,new_guest,coastal_weekend,1450,0.729,false,true,2025-11-05
CRM001334,guest_key_01334,,returning_guest,business_traveler,14390,0.959,false,false,2025-11-26
CRM001335,guest_key_01335,,returning_guest,design_leisure,,0.832,false,false,2026-03-02
CRM001335_DUP,guest_key_01335,,new_guest,design_leisure,,0.627,true,false,2026-04-08
CRM001336,guest_key_01336,guest001336@example.invalid,new_guest,design_leisure,1550,0.909,false,true,2026-04-21
CRM001337,guest_key_01337,guest001337@example.invalid,new_guest,business_traveler,960,0.851,false,true,2026-07-20
CRM001338,guest_key_01338,guest001338@example.invalid,returning_guest,business_traveler,5490,0.847,false,true,2026-02-06
CRM001339,guest_key_01339,guest001339@example.invalid,loyalty_guest,wellness_getaway,2290,0.91,false,true,2026-05-06
CRM001340,guest_key_01340,guest001340@example.invalid,new_guest,wellness_getaway,1130,0.915,false,true,2026-01-26
CRM001341,guest_key_01341,guest001341@example.invalid,returning_guest,wellness_getaway,7330,0.947,false,true,2025-09-06
CRM001342,guest_key_01342,guest001342@example.invalid,new_guest,wellness_getaway,2030,0.81,false,true,2025-12-25
CRM001343,guest_key_01343,,new_guest,coastal_weekend,3300,0.968,false,false,2026-05-20
CRM001344,guest_key_01344,,loyalty_guest,local_staycation,16300,0.942,false,false,2026-10-20
CRM001344_DUP,guest_key_01344,,new_guest,local_staycation,,0.637,true,false,2025-12-12
CRM001345,guest_key_01345,guest001345@example.invalid,returning_guest,design_leisure,10430,0.728,false,true,2026-06-06
CRM001346,guest_key_01346,,new_guest,family_beach_trip,2770,0.895,false,false,2025-11-17
CRM001347,guest_key_01347,,new_guest,business_traveler,4040,0.874,false,true,2026-03-31
CRM001348,guest_key_01348,,returning_guest,coastal_weekend,2770,0.788,false,false,2026-06-29
CRM001349,guest_key_01349,guest001349@example.invalid,new_guest,design_leisure,,0.873,false,true,2026-11-08
CRM001350,guest_key_01350,guest001350@example.invalid,new_guest,business_traveler,970,0.953,false,true,2025-12-26
CRM001350_DUP,guest_key_01350,,returning_guest,business_traveler,,0.573,true,false,2025-04-02
CRM001351,guest_key_01351,,loyalty_guest,coastal_weekend,,0.839,false,false,2026-02-24
CRM001352,guest_key_01352,guest001352@example.invalid,new_guest,local_staycation,2650,0.79,false,true,2026-11-17
CRM001353,guest_key_01353,guest001353@example.invalid,new_guest,local_staycation,1070,0.952,false,true,2026-01-02
CRM001354,guest_key_01354,,new_guest,coastal_weekend,,0.821,false,false,2025-12-30
CRM001355,guest_key_01355,guest001355@example.invalid,new_guest,family_beach_trip,2200,0.949,false,true,2026-03-01
CRM001356,guest_key_01356,guest001356@example.invalid,loyalty_guest,coastal_weekend,6490,0.945,false,true,2026-11-23
CRM001357,guest_key_01357,guest001357@example.invalid,loyalty_guest,event_or_wedding,22430,0.727,false,true,2025-11-17
CRM001358,guest_key_01358,,new_guest,wellness_getaway,1750,0.865,false,false,2026-03-13
CRM001359,guest_key_01359,,new_guest,coastal_weekend,3180,0.923,false,false,2026-05-05
CRM001360,guest_key_01360,guest001360@example.invalid,loyalty_guest,design_leisure,25800,0.756,false,true,2025-11-15
CRM001361,guest_key_01361,,new_guest,coastal_weekend,2100,0.886,false,false,2026-07-18
CRM001362,guest_key_01362,,loyalty_guest,business_traveler,,0.905,false,false,2026-02-20
CRM001363,guest_key_01363,,loyalty_guest,design_leisure,23830,0.886,false,false,2026-06-08
CRM001364,guest_key_01364,guest001364@example.invalid,new_guest,coastal_weekend,2300,0.751,false,true,2026-04-05
CRM001365,guest_key_01365,guest001365@example.invalid,new_guest,family_beach_trip,1490,0.792,false,true,2026-08-04
CRM001366,guest_key_01366,guest001366@example.invalid,loyalty_guest,wellness_getaway,18640,0.742,false,true,2026-03-02
CRM001367,guest_key_01367,guest001367@example.invalid,new_guest,business_traveler,1740,0.853,false,true,2026-02-03
CRM001368,guest_key_01368,guest001368@example.invalid,returning_guest,event_or_wedding,12320,0.954,false,true,2025-10-12
CRM001369,guest_key_01369,,new_guest,coastal_weekend,4350,0.749,false,false,2026-10-15
CRM001370,guest_key_01370,guest001370@example.invalid,vip_guest,coastal_weekend,8070,0.956,false,true,2026-10-25
CRM001371,guest_key_01371,guest001371@example.invalid,loyalty_guest,wellness_getaway,4170,0.751,false,true,2026-01-04
CRM001372,guest_key_01372,,new_guest,coastal_weekend,3300,0.78,false,false,2026-09-19
CRM001373,guest_key_01373,,new_guest,wellness_getaway,1280,0.819,false,false,2025-10-13
CRM001374,guest_key_01374,,new_guest,design_leisure,4450,0.833,false,false,2026-07-11
CRM001375,guest_key_01375,,returning_guest,family_beach_trip,3940,0.981,false,false,2026-06-13
CRM001376,guest_key_01376,,event_or_suite_guest,coastal_weekend,24230,0.828,false,false,2025-12-18
CRM001377,guest_key_01377,,new_guest,design_leisure,6610,0.957,false,false,2026-06-11
CRM001378,guest_key_01378,,loyalty_guest,business_traveler,30560,0.923,false,false,2026-06-28
CRM001379,guest_key_01379,guest001379@example.invalid,loyalty_guest,wellness_getaway,8610,0.954,false,true,2026-06-30
CRM001380,guest_key_01380,,vip_guest,coastal_weekend,19210,0.805,false,false,2026-02-15
CRM001381,guest_key_01381,guest001381@example.invalid,returning_guest,local_staycation,6120,0.941,false,true,2025-10-29
CRM001382,guest_key_01382,guest001382@example.invalid,new_guest,local_staycation,710,0.935,false,true,2026-06-27
CRM001383,guest_key_01383,,returning_guest,coastal_weekend,5340,0.89,false,true,2026-07-06
CRM001384,guest_key_01384,guest001384@example.invalid,loyalty_guest,business_traveler,3510,0.752,false,true,2026-04-13
CRM001385,guest_key_01385,guest001385@example.invalid,new_guest,design_leisure,2420,0.91,false,true,2026-01-26
CRM001386,guest_key_01386,guest001386@example.invalid,new_guest,wellness_getaway,2610,0.762,false,true,2026-05-21
CRM001387,guest_key_01387,guest001387@example.invalid,new_guest,business_traveler,2200,0.739,false,true,2026-07-17
CRM001388,guest_key_01388,guest001388@example.invalid,new_guest,design_leisure,1730,0.902,false,true,2026-05-25
CRM001389,guest_key_01389,guest001389@example.invalid,returning_guest,coastal_weekend,6370,0.927,false,true,2025-11-08
CRM001389_DUP,guest_key_01389,,loyalty_guest,coastal_weekend,,0.534,true,false,2025-01-09
CRM001390,guest_key_01390,guest001390@example.invalid,new_guest,design_leisure,7360,0.773,false,true,2026-06-16
CRM001391,guest_key_01391,guest001391@example.invalid,new_guest,coastal_weekend,7380,0.938,false,true,2026-06-30
CRM001392,guest_key_01392,guest001392@example.invalid,new_guest,business_traveler,6060,0.988,false,true,2026-08-30
CRM001393,guest_key_01393,guest001393@example.invalid,loyalty_guest,business_traveler,7560,0.781,false,true,2026-06-01
CRM001393_DUP,guest_key_01393,,new_guest,business_traveler,,0.477,true,false,2026-02-08
CRM001394,guest_key_01394,guest001394@example.invalid,loyalty_guest,local_staycation,,0.914,false,true,2026-08-28
CRM001395,guest_key_01395,,returning_guest,coastal_weekend,2000,0.907,false,false,2026-05-21
CRM001395_DUP,guest_key_01395,,loyalty_guest,coastal_weekend,,0.616,true,false,2025-04-07
CRM001396,guest_key_01396,guest001396@example.invalid,new_guest,business_traveler,1160,0.873,false,true,2025-12-24
CRM001397,guest_key_01397,guest001397@example.invalid,new_guest,design_leisure,2350,0.99,false,true,2025-12-06
CRM001398,guest_key_01398,guest001398@example.invalid,returning_guest,wellness_getaway,6940,0.888,false,true,2026-05-16
CRM001399,guest_key_01399,guest001399@example.invalid,returning_guest,business_traveler,2940,0.929,false,true,2026-02-25
CRM001400,guest_key_01400,,returning_guest,event_or_wedding,6620,0.868,false,true,2026-08-25
CRM001400_DUP,guest_key_01400,,new_guest,event_or_wedding,,0.613,true,false,2025-08-02
CRM001401,guest_key_01401,guest001401@example.invalid,new_guest,wellness_getaway,2310,0.744,false,true,2026-05-09
CRM001402,guest_key_01402,guest001402@example.invalid,new_guest,business_traveler,7230,0.841,false,true,2025-11-20
CRM001402_DUP,guest_key_01402,,returning_guest,business_traveler,,0.353,true,false,2025-03-04
CRM001403,guest_key_01403,,new_guest,event_or_wedding,850,0.771,false,false,2026-06-03
CRM001404,guest_key_01404,,new_guest,coastal_weekend,7080,0.757,false,true,2025-12-26
CRM001405,guest_key_01405,,new_guest,business_traveler,7670,0.968,false,false,2026-06-19
CRM001406,guest_key_01406,guest001406@example.invalid,new_guest,coastal_weekend,4420,0.817,false,true,2026-03-14
CRM001407,guest_key_01407,guest001407@example.invalid,new_guest,design_leisure,900,0.858,false,true,2026-05-23
CRM001408,guest_key_01408,,loyalty_guest,coastal_weekend,16410,0.789,false,false,2026-02-16
CRM001409,guest_key_01409,guest001409@example.invalid,new_guest,coastal_weekend,1550,0.96,false,true,2026-09-28
CRM001410,guest_key_01410,guest001410@example.invalid,new_guest,coastal_weekend,1100,0.757,false,true,2026-05-18
CRM001411,guest_key_01411,,new_guest,event_or_wedding,1000,0.976,false,false,2026-01-18
CRM001412,guest_key_01412,guest001412@example.invalid,new_guest,business_traveler,3770,0.863,false,true,2025-11-09
CRM001413,guest_key_01413,guest001413@example.invalid,returning_guest,family_beach_trip,,0.888,false,true,2026-01-05
CRM001414,guest_key_01414,,new_guest,design_leisure,2620,0.76,false,true,2026-08-28
CRM001415,guest_key_01415,guest001415@example.invalid,new_guest,family_beach_trip,3640,0.793,false,true,2026-06-03
CRM001416,guest_key_01416,guest001416@example.invalid,new_guest,wellness_getaway,1090,0.889,false,true,2026-05-20
CRM001417,guest_key_01417,guest001417@example.invalid,new_guest,wellness_getaway,810,0.769,false,true,2026-01-08
CRM001418,guest_key_01418,,new_guest,coastal_weekend,11380,0.913,false,false,2025-12-09
CRM001419,guest_key_01419,guest001419@example.invalid,new_guest,local_staycation,8810,0.838,false,true,2025-07-29
CRM001420,guest_key_01420,guest001420@example.invalid,new_guest,wellness_getaway,5400,0.926,false,true,2026-01-23
CRM001421,guest_key_01421,,returning_guest,coastal_weekend,7250,0.953,false,false,2026-06-05
CRM001422,guest_key_01422,guest001422@example.invalid,new_guest,business_traveler,730,0.962,false,true,2026-11-13
CRM001423,guest_key_01423,guest001423@example.invalid,returning_guest,local_staycation,,0.902,false,true,2025-09-01
CRM001424,guest_key_01424,guest001424@example.invalid,new_guest,wellness_getaway,4000,0.761,false,true,2026-04-16
CRM001425,guest_key_01425,guest001425@example.invalid,loyalty_guest,coastal_weekend,7680,0.825,false,true,2026-10-17
CRM001426,guest_key_01426,guest001426@example.invalid,loyalty_guest,coastal_weekend,5920,0.894,false,true,2026-03-21
CRM001427,guest_key_01427,guest001427@example.invalid,new_guest,design_leisure,4640,0.727,false,true,2026-02-04
CRM001428,guest_key_01428,guest001428@example.invalid,new_guest,design_leisure,5610,0.967,false,true,2026-01-26
CRM001429,guest_key_01429,guest001429@example.invalid,event_or_suite_guest,coastal_weekend,22280,0.935,false,true,2026-04-27
CRM001430,guest_key_01430,guest001430@example.invalid,returning_guest,design_leisure,3130,0.975,false,true,2026-05-25
CRM001431,guest_key_01431,guest001431@example.invalid,new_guest,business_traveler,1770,0.877,false,true,2026-01-16
CRM001432,guest_key_01432,,new_guest,coastal_weekend,2160,0.986,false,false,2025-09-10
CRM001433,guest_key_01433,,returning_guest,event_or_wedding,7280,0.915,false,false,2026-07-19
CRM001434,guest_key_01434,,new_guest,event_or_wedding,850,0.947,false,false,2026-01-03
CRM001435,guest_key_01435,,new_guest,local_staycation,2240,0.884,false,true,2026-08-10
CRM001436,guest_key_01436,,new_guest,event_or_wedding,,0.795,false,true,2026-07-27
CRM001437,guest_key_01437,guest001437@example.invalid,returning_guest,wellness_getaway,10430,0.946,false,true,2026-05-01
CRM001437_DUP,guest_key_01437,,returning_guest,wellness_getaway,,0.672,true,false,2026-03-11
CRM001438,guest_key_01438,,new_guest,business_traveler,4250,0.968,false,false,2025-10-29
CRM001439,guest_key_01439,guest001439@example.invalid,returning_guest,business_traveler,3080,0.8,false,true,2026-05-13
CRM001440,guest_key_01440,,returning_guest,wellness_getaway,2840,0.972,false,true,2025-11-10
CRM001441,guest_key_01441,,new_guest,wellness_getaway,4730,0.77,false,false,2026-03-27
CRM001441_DUP,guest_key_01441,,new_guest,wellness_getaway,,0.386,true,false,2025-01-27
CRM001442,guest_key_01442,guest001442@example.invalid,new_guest,wellness_getaway,,0.867,false,true,2025-10-25
CRM001443,guest_key_01443,,new_guest,coastal_weekend,7590,0.783,false,false,2025-12-18
CRM001444,guest_key_01444,guest001444@example.invalid,new_guest,event_or_wedding,770,0.734,false,true,2026-08-07
CRM001445,guest_key_01445,,event_or_suite_guest,design_leisure,42560,0.816,false,false,2026-06-29
CRM001445_DUP,guest_key_01445,,new_guest,design_leisure,,0.522,true,false,2026-05-24
CRM001446,guest_key_01446,guest001446@example.invalid,new_guest,design_leisure,,0.818,false,true,2026-02-02
CRM001447,guest_key_01447,guest001447@example.invalid,new_guest,business_traveler,3800,0.933,false,true,2025-08-08
CRM001448,guest_key_01448,guest001448@example.invalid,loyalty_guest,wellness_getaway,3710,0.722,false,true,2025-10-21
CRM001449,guest_key_01449,,new_guest,business_traveler,4200,0.893,false,false,2026-09-26
CRM001450,guest_key_01450,guest001450@example.invalid,loyalty_guest,wellness_getaway,13880,0.878,false,true,2026-05-05
CRM001451,guest_key_01451,guest001451@example.invalid,returning_guest,business_traveler,16070,0.903,false,true,2026-08-28
CRM001452,guest_key_01452,guest001452@example.invalid,returning_guest,business_traveler,4220,0.817,false,true,2025-11-28
CRM001453,guest_key_01453,guest001453@example.invalid,loyalty_guest,coastal_weekend,2850,0.986,false,true,2026-07-15
CRM001454,guest_key_01454,guest001454@example.invalid,new_guest,design_leisure,4800,0.735,false,true,2026-02-01
CRM001455,guest_key_01455,,new_guest,business_traveler,5260,0.778,false,true,2026-04-06
CRM001456,guest_key_01456,guest001456@example.invalid,returning_guest,family_beach_trip,13210,0.728,false,true,2026-01-04
CRM001457,guest_key_01457,guest001457@example.invalid,returning_guest,coastal_weekend,13550,0.739,false,true,2026-06-03
CRM001458,guest_key_01458,guest001458@example.invalid,returning_guest,family_beach_trip,,0.954,false,true,2026-10-21
CRM001459,guest_key_01459,,returning_guest,coastal_weekend,2460,0.944,false,false,2025-12-23
CRM001460,guest_key_01460,guest001460@example.invalid,returning_guest,wellness_getaway,5320,0.793,false,true,2026-04-06
CRM001461,guest_key_01461,guest001461@example.invalid,new_guest,event_or_wedding,2930,0.884,false,true,2025-11-02
CRM001462,guest_key_01462,guest001462@example.invalid,new_guest,business_traveler,1490,0.965,false,true,2026-05-23
CRM001463,guest_key_01463,guest001463@example.invalid,new_guest,coastal_weekend,870,0.855,false,true,2026-01-27
CRM001464,guest_key_01464,guest001464@example.invalid,new_guest,local_staycation,1480,0.943,false,true,2026-04-20
CRM001465,guest_key_01465,,new_guest,local_staycation,,0.729,false,false,2025-11-05
CRM001466,guest_key_01466,guest001466@example.invalid,new_guest,business_traveler,1570,0.732,false,true,2026-02-12
CRM001467,guest_key_01467,guest001467@example.invalid,new_guest,wellness_getaway,1480,0.847,false,true,2026-07-20
CRM001467_DUP,guest_key_01467,,loyalty_guest,wellness_getaway,,0.539,true,false,2025-08-26
CRM001468,guest_key_01468,,new_guest,business_traveler,1930,0.749,false,false,2026-05-09
CRM001469,guest_key_01469,guest001469@example.invalid,new_guest,wellness_getaway,2120,0.962,false,true,2025-10-15
CRM001470,guest_key_01470,guest001470@example.invalid,new_guest,event_or_wedding,3290,0.984,false,true,2026-06-01
CRM001471,guest_key_01471,guest001471@example.invalid,new_guest,event_or_wedding,2570,0.797,false,true,2026-02-18
CRM001472,guest_key_01472,guest001472@example.invalid,loyalty_guest,local_staycation,16940,0.865,false,true,2025-10-14
CRM001473,guest_key_01473,,new_guest,business_traveler,2900,0.789,false,false,2026-03-15
CRM001474,guest_key_01474,guest001474@example.invalid,new_guest,local_staycation,960,0.906,false,true,2026-02-22
CRM001475,guest_key_01475,,new_guest,wellness_getaway,2330,0.808,false,false,2026-09-15
CRM001476,guest_key_01476,,new_guest,coastal_weekend,,0.955,false,false,2025-09-24
CRM001477,guest_key_01477,guest001477@example.invalid,returning_guest,wellness_getaway,2350,0.819,false,true,2025-10-17
CRM001478,guest_key_01478,guest001478@example.invalid,returning_guest,coastal_weekend,12320,0.969,false,true,2026-08-12
CRM001479,guest_key_01479,guest001479@example.invalid,vip_guest,business_traveler,34500,0.859,false,true,2026-02-15
CRM001480,guest_key_01480,guest001480@example.invalid,vip_guest,business_traveler,17020,0.817,false,true,2026-04-29
CRM001481,guest_key_01481,,new_guest,business_traveler,,0.835,false,false,2026-08-13
CRM001482,guest_key_01482,guest001482@example.invalid,new_guest,local_staycation,2560,0.982,false,true,2026-01-23
CRM001482_DUP,guest_key_01482,,new_guest,local_staycation,,0.637,true,false,2025-11-03
CRM001483,guest_key_01483,guest001483@example.invalid,returning_guest,coastal_weekend,8650,0.901,false,true,2026-08-21
CRM001484,guest_key_01484,guest001484@example.invalid,returning_guest,business_traveler,6980,0.902,false,true,2026-06-06
CRM001485,guest_key_01485,guest001485@example.invalid,new_guest,event_or_wedding,5060,0.961,false,true,2026-07-01
CRM001486,guest_key_01486,guest001486@example.invalid,new_guest,design_leisure,7740,0.852,false,true,2025-09-26
CRM001487,guest_key_01487,guest001487@example.invalid,vip_guest,design_leisure,8140,0.955,false,true,2026-10-24
CRM001488,guest_key_01488,,new_guest,local_staycation,7920,0.869,false,false,2026-07-20
CRM001489,guest_key_01489,guest001489@example.invalid,new_guest,coastal_weekend,4550,0.787,false,true,2026-04-19
CRM001490,guest_key_01490,,new_guest,family_beach_trip,,0.989,false,false,2026-08-19
CRM001491,guest_key_01491,guest001491@example.invalid,returning_guest,wellness_getaway,5250,0.857,false,true,2026-09-02
CRM001492,guest_key_01492,,new_guest,business_traveler,3120,0.872,false,true,2026-08-19
CRM001493,guest_key_01493,guest001493@example.invalid,new_guest,design_leisure,2670,0.749,false,true,2026-04-25
CRM001494,guest_key_01494,guest001494@example.invalid,new_guest,business_traveler,1340,0.858,false,true,2026-10-02
CRM001495,guest_key_01495,,new_guest,business_traveler,770,0.897,false,true,2025-10-01
CRM001496,guest_key_01496,,new_guest,business_traveler,1440,0.858,false,true,2026-05-17
CRM001497,guest_key_01497,guest001497@example.invalid,new_guest,design_leisure,980,0.757,false,true,2026-01-11
CRM001498,guest_key_01498,guest001498@example.invalid,new_guest,coastal_weekend,4320,0.839,false,true,2026-04-01
CRM001499,guest_key_01499,,new_guest,coastal_weekend,3210,0.789,false,false,2026-04-01
CRM001500,guest_key_01500,,vip_guest,design_leisure,41620,0.812,false,false,2026-02-28
CRM001501,guest_key_01501,guest001501@example.invalid,new_guest,wellness_getaway,3670,0.984,false,true,2025-11-17
CRM001502,guest_key_01502,guest001502@example.invalid,new_guest,event_or_wedding,1040,0.891,false,true,2025-09-25
CRM001503,guest_key_01503,,new_guest,business_traveler,3590,0.733,false,true,2025-12-30
CRM001504,guest_key_01504,,new_guest,wellness_getaway,1130,0.833,false,false,2025-12-14
CRM001505,guest_key_01505,guest001505@example.invalid,new_guest,local_staycation,1960,0.845,false,true,2026-03-05
CRM001506,guest_key_01506,,vip_guest,local_staycation,5370,0.777,false,true,2026-06-14
CRM001507,guest_key_01507,guest001507@example.invalid,loyalty_guest,coastal_weekend,5040,0.974,false,true,2025-11-28
CRM001508,guest_key_01508,guest001508@example.invalid,returning_guest,wellness_getaway,6030,0.891,false,true,2026-08-10
CRM001509,guest_key_01509,guest001509@example.invalid,new_guest,design_leisure,,0.944,false,true,2026-11-23
CRM001510,guest_key_01510,guest001510@example.invalid,new_guest,design_leisure,10690,0.846,false,true,2026-01-10
CRM001511,guest_key_01511,guest001511@example.invalid,returning_guest,business_traveler,2670,0.803,false,true,2026-05-01
CRM001512,guest_key_01512,,returning_guest,coastal_weekend,8970,0.807,false,false,2025-12-21
CRM001513,guest_key_01513,guest001513@example.invalid,new_guest,wellness_getaway,1170,0.811,false,true,2025-12-09
CRM001514,guest_key_01514,guest001514@example.invalid,loyalty_guest,business_traveler,5570,0.836,false,true,2026-06-22
CRM001515,guest_key_01515,guest001515@example.invalid,new_guest,coastal_weekend,5960,0.741,false,true,2026-03-04
CRM001516,guest_key_01516,guest001516@example.invalid,loyalty_guest,coastal_weekend,5630,0.753,false,true,2026-08-19
CRM001517,guest_key_01517,guest001517@example.invalid,vip_guest,coastal_weekend,18400,0.738,false,true,2026-05-26
CRM001518,guest_key_01518,guest001518@example.invalid,returning_guest,business_traveler,,0.789,false,true,2026-06-15
CRM001519,guest_key_01519,,new_guest,coastal_weekend,830,0.893,false,false,2026-05-01
CRM001520,guest_key_01520,,returning_guest,wellness_getaway,2270,0.944,false,false,2025-12-29
CRM001520_DUP,guest_key_01520,,vip_guest,wellness_getaway,,0.572,true,false,2025-07-31
CRM001521,guest_key_01521,guest001521@example.invalid,returning_guest,wellness_getaway,7880,0.802,false,true,2026-07-07
CRM001522,guest_key_01522,guest001522@example.invalid,new_guest,design_leisure,1440,0.86,false,true,2026-07-09
CRM001523,guest_key_01523,guest001523@example.invalid,new_guest,coastal_weekend,1570,0.836,false,true,2026-07-01
CRM001524,guest_key_01524,guest001524@example.invalid,returning_guest,wellness_getaway,2360,0.733,false,true,2026-03-26
CRM001525,guest_key_01525,,new_guest,coastal_weekend,1850,0.923,false,false,2025-08-23
CRM001526,guest_key_01526,,vip_guest,wellness_getaway,13020,0.737,false,false,2025-08-08
CRM001527,guest_key_01527,guest001527@example.invalid,event_or_suite_guest,coastal_weekend,7770,0.721,false,true,2026-02-13
CRM001528,guest_key_01528,,new_guest,local_staycation,,0.961,false,false,2026-07-24
CRM001529,guest_key_01529,guest001529@example.invalid,returning_guest,design_leisure,13380,0.92,false,true,2026-05-09
CRM001530,guest_key_01530,guest001530@example.invalid,returning_guest,business_traveler,7030,0.778,false,true,2026-04-22
CRM001531,guest_key_01531,guest001531@example.invalid,new_guest,wellness_getaway,2680,0.859,false,true,2026-05-10
CRM001532,guest_key_01532,guest001532@example.invalid,new_guest,business_traveler,5070,0.928,false,true,2026-08-16
CRM001532_DUP,guest_key_01532,,returning_guest,business_traveler,,0.661,true,false,2026-04-12
CRM001533,guest_key_01533,guest001533@example.invalid,new_guest,family_beach_trip,3880,0.902,false,true,2025-12-13
CRM001534,guest_key_01534,,returning_guest,local_staycation,2710,0.777,false,false,2026-05-14
CRM001535,guest_key_01535,,new_guest,event_or_wedding,740,0.942,false,false,2026-07-08
CRM001536,guest_key_01536,guest001536@example.invalid,new_guest,business_traveler,5360,0.828,false,true,2026-03-14
CRM001537,guest_key_01537,guest001537@example.invalid,loyalty_guest,event_or_wedding,3630,0.751,false,true,2026-04-13
CRM001538,guest_key_01538,guest001538@example.invalid,new_guest,business_traveler,1390,0.799,false,true,2026-05-21
CRM001539,guest_key_01539,guest001539@example.invalid,returning_guest,family_beach_trip,1710,0.863,false,true,2025-11-18
CRM001540,guest_key_01540,,returning_guest,design_leisure,10810,0.948,false,true,2026-07-19
CRM001541,guest_key_01541,,loyalty_guest,coastal_weekend,6060,0.967,false,true,2025-09-27
CRM001541_DUP,guest_key_01541,,new_guest,coastal_weekend,,0.517,true,false,2025-02-06
CRM001542,guest_key_01542,,new_guest,design_leisure,2390,0.737,false,true,2026-10-05
CRM001543,guest_key_01543,guest001543@example.invalid,returning_guest,event_or_wedding,1930,0.727,false,true,2026-10-26
CRM001544,guest_key_01544,,new_guest,coastal_weekend,1040,0.939,false,false,2026-11-03
CRM001545,guest_key_01545,guest001545@example.invalid,returning_guest,coastal_weekend,16180,0.937,false,true,2026-10-01
CRM001546,guest_key_01546,,vip_guest,local_staycation,6630,0.966,false,false,2026-11-09
CRM001547,guest_key_01547,guest001547@example.invalid,event_or_suite_guest,wellness_getaway,16840,0.813,false,true,2026-01-08
CRM001547_DUP,guest_key_01547,,returning_guest,wellness_getaway,,0.583,true,false,2026-02-24
CRM001548,guest_key_01548,guest001548@example.invalid,new_guest,local_staycation,1060,0.769,false,true,2026-04-15
CRM001549,guest_key_01549,,new_guest,family_beach_trip,,0.784,false,false,2026-05-09
CRM001550,guest_key_01550,,loyalty_guest,local_staycation,13820,0.982,false,true,2026-07-06
CRM001551,guest_key_01551,guest001551@example.invalid,loyalty_guest,wellness_getaway,24410,0.8,false,true,2026-03-09
CRM001552,guest_key_01552,guest001552@example.invalid,vip_guest,wellness_getaway,43320,0.878,false,true,2026-08-17
CRM001553,guest_key_01553,,loyalty_guest,coastal_weekend,6820,0.961,false,false,2025-11-06
CRM001554,guest_key_01554,guest001554@example.invalid,new_guest,coastal_weekend,4520,0.763,false,true,2026-01-24
CRM001555,guest_key_01555,guest001555@example.invalid,new_guest,coastal_weekend,5530,0.955,false,true,2026-12-05
CRM001556,guest_key_01556,guest001556@example.invalid,loyalty_guest,coastal_weekend,,0.749,false,true,2026-06-05
CRM001557,guest_key_01557,guest001557@example.invalid,returning_guest,design_leisure,4330,0.77,false,true,2026-10-07
CRM001558,guest_key_01558,,new_guest,wellness_getaway,1070,0.756,false,false,2026-02-26
CRM001559,guest_key_01559,guest001559@example.invalid,new_guest,business_traveler,1290,0.831,false,true,2025-08-04
CRM001560,guest_key_01560,guest001560@example.invalid,returning_guest,coastal_weekend,2230,0.801,false,true,2025-12-18
CRM001560_DUP,guest_key_01560,,new_guest,coastal_weekend,,0.455,true,false,2025-09-28
CRM001561,guest_key_01561,guest001561@example.invalid,new_guest,design_leisure,1470,0.793,false,true,2026-03-05
CRM001562,guest_key_01562,,new_guest,design_leisure,2000,0.91,false,false,2026-08-26
CRM001563,guest_key_01563,guest001563@example.invalid,loyalty_guest,business_traveler,2110,0.779,false,true,2026-04-08
CRM001564,guest_key_01564,guest001564@example.invalid,new_guest,design_leisure,3160,0.897,false,true,2026-08-14
CRM001565,guest_key_01565,,new_guest,local_staycation,2850,0.959,false,true,2026-03-23
CRM001566,guest_key_01566,,new_guest,design_leisure,2180,0.79,false,true,2026-06-05
CRM001567,guest_key_01567,guest001567@example.invalid,returning_guest,business_traveler,,0.827,false,true,2026-06-22
CRM001568,guest_key_01568,,new_guest,coastal_weekend,1460,0.947,false,false,2026-01-22
CRM001569,guest_key_01569,guest001569@example.invalid,vip_guest,business_traveler,40930,0.95,false,true,2026-05-02
CRM001570,guest_key_01570,guest001570@example.invalid,returning_guest,business_traveler,,0.724,false,true,2026-02-21
CRM001571,guest_key_01571,guest001571@example.invalid,new_guest,design_leisure,2620,0.953,false,true,2026-05-05
CRM001572,guest_key_01572,guest001572@example.invalid,new_guest,wellness_getaway,5810,0.755,false,true,2026-03-30
CRM001573,guest_key_01573,guest001573@example.invalid,new_guest,wellness_getaway,3590,0.794,false,true,2026-01-26
CRM001573_DUP,guest_key_01573,,returning_guest,wellness_getaway,,0.407,true,false,2026-01-05
CRM001574,guest_key_01574,guest001574@example.invalid,new_guest,business_traveler,2470,0.855,false,true,2025-09-30
CRM001575,guest_key_01575,,new_guest,event_or_wedding,8830,0.834,false,false,2025-09-08
CRM001576,guest_key_01576,guest001576@example.invalid,vip_guest,design_leisure,19020,0.726,false,true,2026-07-10
CRM001577,guest_key_01577,guest001577@example.invalid,new_guest,business_traveler,1920,0.735,false,true,2026-02-13
CRM001577_DUP,guest_key_01577,,new_guest,business_traveler,,0.521,true,false,2026-02-28
CRM001578,guest_key_01578,,new_guest,design_leisure,2070,0.942,false,false,2026-08-29
CRM001579,guest_key_01579,guest001579@example.invalid,new_guest,design_leisure,1880,0.834,false,true,2026-05-06
CRM001580,guest_key_01580,guest001580@example.invalid,returning_guest,design_leisure,8700,0.753,false,true,2025-11-20
CRM001580_DUP,guest_key_01580,,returning_guest,design_leisure,,0.612,true,false,2024-10-22
CRM001581,guest_key_01581,guest001581@example.invalid,new_guest,family_beach_trip,2630,0.944,false,true,2026-05-23
CRM001581_DUP,guest_key_01581,,vip_guest,family_beach_trip,,0.551,true,false,2025-06-08
CRM001582,guest_key_01582,guest001582@example.invalid,new_guest,family_beach_trip,1270,0.838,false,true,2026-04-02
CRM001582_DUP,guest_key_01582,,new_guest,family_beach_trip,,0.663,true,false,2025-11-22
CRM001583,guest_key_01583,guest001583@example.invalid,new_guest,wellness_getaway,1000,0.825,false,true,2025-12-06
CRM001584,guest_key_01584,,returning_guest,coastal_weekend,,0.819,false,false,2026-05-22
CRM001585,guest_key_01585,,loyalty_guest,business_traveler,46080,0.967,false,false,2025-12-18
CRM001586,guest_key_01586,guest001586@example.invalid,new_guest,coastal_weekend,1940,0.901,false,true,2025-12-16
CRM001586_DUP,guest_key_01586,,returning_guest,coastal_weekend,,0.398,true,false,2025-02-25
CRM001587,guest_key_01587,,new_guest,family_beach_trip,2640,0.893,false,false,2026-06-22
CRM001588,guest_key_01588,guest001588@example.invalid,new_guest,design_leisure,3900,0.731,false,true,2026-04-19
CRM001589,guest_key_01589,,returning_guest,design_leisure,4340,0.853,false,false,2026-03-01
CRM001590,guest_key_01590,guest001590@example.invalid,loyalty_guest,design_leisure,4520,0.738,false,true,2026-07-22
CRM001591,guest_key_01591,guest001591@example.invalid,returning_guest,coastal_weekend,8680,0.973,false,true,2026-11-03
CRM001592,guest_key_01592,guest001592@example.invalid,new_guest,business_traveler,8070,0.812,false,true,2026-11-04
CRM001593,guest_key_01593,guest001593@example.invalid,returning_guest,design_leisure,4200,0.784,false,true,2026-03-16
CRM001593_DUP,guest_key_01593,,returning_guest,design_leisure,,0.394,true,false,2025-07-03
CRM001594,guest_key_01594,guest001594@example.invalid,new_guest,wellness_getaway,,0.958,false,true,2026-03-14
CRM001595,guest_key_01595,,returning_guest,design_leisure,3470,0.957,false,false,2025-09-19
CRM001596,guest_key_01596,guest001596@example.invalid,new_guest,wellness_getaway,1680,0.792,false,true,2026-06-27
CRM001597,guest_key_01597,guest001597@example.invalid,new_guest,coastal_weekend,4400,0.913,false,true,2025-10-25
CRM001598,guest_key_01598,guest001598@example.invalid,new_guest,event_or_wedding,,0.94,false,true,2026-10-18
CRM001599,guest_key_01599,guest001599@example.invalid,returning_guest,local_staycation,16670,0.745,false,true,2026-04-16
CRM001600,guest_key_01600,guest001600@example.invalid,new_guest,business_traveler,6440,0.933,false,true,2025-12-02
