pos_charge_id,pms_reservation_id,guest_lookup_key,outlet,charge_amount,charge_timestamp,void_or_adjustment_flag
POS0000001,PMS000001,guest_key_00001,calabra_rooftop,170,2026-10-24,false
POS0000002,PMS000001,guest_key_00001,valet_parking,105,2026-10-25,false
POS0000003,PMS000001,guest_key_00001,calabra_rooftop,155,2026-10-25,false
POS0000004,PMS000002,guest_key_00002,calabra_rooftop,115,2026-01-28,false
POS0000005,PMS000002,guest_key_00002,calabra_rooftop,90,2026-01-27,false
POS0000006,PMS000003,guest_key_00003,mini_bar_amenity,25,2026-01-05,false
POS0000007,PMS000003,guest_key_00003,spa_wellness,315,2026-01-06,false
POS0000008,PMS000003,guest_key_00003,spa_wellness,270,2026-01-07,false
POS0000009,PMS000003,guest_key_00003,palma_lobby_lounge,25,2026-01-06,false
POS0000010,PMS000004,guest_key_00004,in_room_dining,240,2026-07-10,false
POS0000011,PMS000004,guest_key_00004,palma_lobby_lounge,45,2026-07-09,false
POS0000012,PMS000006,guest_key_00006,in_room_dining,120,2026-07-25,false
POS0000013,PMS000006,guest_key_00006,in_room_dining,155,2026-07-25,false
POS0000014,PMS000007,guest_key_00007,valet_parking,50,2026-02-11,false
POS0000015,PMS000009,guest_key_00009,in_room_dining,160,2026-01-23,false
POS0000016,PMS000009,guest_key_00009,calabra_rooftop,120,2026-01-21,false
POS0000017,PMS000009,guest_key_00009,calabra_rooftop,460,2026-01-20,false
POS0000018,PMS000010,guest_key_00010,valet_parking,190,2026-03-12,false
POS0000019,PMS000011,,calabra_rooftop,100,2026-08-21,false
POS0000020,PMS000011,guest_key_00011,spa_wellness,355,2026-08-21,false
POS0000021,PMS000011,,calabra_rooftop,535,2026-08-21,false
POS0000022,PMS000012,guest_key_00012,in_room_dining,355,2026-07-07,false
POS0000023,PMS000012,guest_key_00012,palma_lobby_lounge,80,2026-07-07,false
POS0000024,PMS000014,guest_key_00014,valet_parking,205,2026-09-08,false
POS0000025,PMS000014,guest_key_00014,palma_lobby_lounge,25,2026-09-07,false
POS0000026,PMS000015,,palma_lobby_lounge,130,2026-12-25,false
POS0000027,PMS000015,guest_key_00015,calabra_rooftop,180,2026-12-27,false
POS0000028,PMS000015,guest_key_00015,palma_lobby_lounge,140,2026-12-25,false
POS0000029,PMS000018,guest_key_00018,calabra_rooftop,290,2026-09-05,false
POS0000030,PMS000018,guest_key_00018,in_room_dining,305,2026-09-05,false
POS0000031,PMS000018,guest_key_00018,valet_parking,130,2026-09-05,true
POS0000032,PMS000019,guest_key_00019,in_room_dining,165,2026-10-30,false
POS0000033,PMS000019,guest_key_00019,mini_bar_amenity,50,2026-10-31,false
POS0000034,PMS000019,guest_key_00019,in_room_dining,95,2026-10-31,false
POS0000035,PMS000020,,valet_parking,85,2026-02-09,false
POS0000036,PMS000021,guest_key_00021,calabra_rooftop,210,2026-09-30,false
POS0000037,PMS000023,guest_key_00023,valet_parking,245,2026-01-06,false
POS0000038,PMS000024,guest_key_00024,calabra_rooftop,200,2026-12-25,false
POS0000039,PMS000024,guest_key_00024,palma_lobby_lounge,85,2026-12-24,false
POS0000040,PMS000024,,spa_wellness,165,2026-12-24,false
POS0000041,PMS000025,guest_key_00025,calabra_rooftop,350,2026-04-25,false
POS0000042,PMS000025,guest_key_00025,valet_parking,35,2026-04-23,false
POS0000043,PMS000025,,calabra_rooftop,230,2026-04-23,false
POS0000044,PMS000025,guest_key_00025,in_room_dining,90,2026-04-24,false
POS0000045,PMS000026,guest_key_00026,calabra_rooftop,125,2026-02-09,false
POS0000046,PMS000026,guest_key_00026,calabra_rooftop,370,2026-02-09,false
POS0000047,PMS000026,guest_key_00026,mini_bar_amenity,80,2026-02-10,false
POS0000048,PMS000026,guest_key_00026,palma_lobby_lounge,60,2026-02-09,false
POS0000049,PMS000027,guest_key_00027,palma_lobby_lounge,105,2026-12-29,false
POS0000050,PMS000027,guest_key_00027,calabra_rooftop,150,2026-12-29,false
POS0000051,PMS000027,guest_key_00027,in_room_dining,195,2026-12-29,false
POS0000052,PMS000029,guest_key_00029,calabra_rooftop,890,2026-07-14,false
POS0000053,PMS000029,guest_key_00029,calabra_rooftop,100,2026-07-14,true
POS0000054,PMS000030,guest_key_00030,valet_parking,80,2026-11-21,false
POS0000055,PMS000030,guest_key_00030,valet_parking,70,2026-11-21,false
POS0000056,PMS000030,guest_key_00030,calabra_rooftop,170,2026-11-21,false
POS0000057,PMS000031,guest_key_00031,calabra_rooftop,520,2026-06-05,false
POS0000058,PMS000031,guest_key_00031,palma_lobby_lounge,55,2026-06-07,false
POS0000059,PMS000031,guest_key_00031,in_room_dining,460,2026-06-05,false
POS0000060,PMS000031,guest_key_00031,calabra_rooftop,100,2026-06-05,false
POS0000061,,,palma_lobby_lounge,115,2026-09-21,false
POS0000062,PMS000032,guest_key_00032,in_room_dining,95,2026-09-21,false
POS0000063,PMS000032,guest_key_00032,spa_wellness,250,2026-09-21,false
POS0000064,PMS000032,guest_key_00032,calabra_rooftop,215,2026-09-22,false
POS0000065,PMS000033,guest_key_00033,calabra_rooftop,165,2026-07-22,false
POS0000066,PMS000033,guest_key_00033,mini_bar_amenity,45,2026-07-22,false
POS0000067,PMS000033,guest_key_00033,in_room_dining,180,2026-07-21,false
POS0000068,PMS000034,guest_key_00034,calabra_rooftop,60,2026-02-21,false
POS0000069,PMS000034,guest_key_00034,calabra_rooftop,280,2026-02-21,true
POS0000070,PMS000035,guest_key_00035,valet_parking,100,2026-06-29,false
POS0000071,PMS000036,,calabra_rooftop,105,2026-02-23,false
POS0000072,PMS000036,guest_key_00036,spa_wellness,385,2026-02-23,false
POS0000073,PMS000036,guest_key_00036,palma_lobby_lounge,105,2026-02-23,false
POS0000074,PMS000037,guest_key_00037,palma_lobby_lounge,115,2026-10-31,false
POS0000075,PMS000037,guest_key_00037,spa_wellness,405,2026-11-02,false
POS0000076,PMS000037,guest_key_00037,calabra_rooftop,85,2026-11-03,false
POS0000077,PMS000037,guest_key_00037,calabra_rooftop,170,2026-10-31,false
POS0000078,PMS000038,guest_key_00038,palma_lobby_lounge,205,2026-02-19,false
POS0000079,PMS000038,guest_key_00038,palma_lobby_lounge,120,2026-02-21,false
POS0000080,PMS000038,guest_key_00038,calabra_rooftop,250,2026-02-21,false
POS0000081,PMS000039,,mini_bar_amenity,70,2026-12-30,false
POS0000082,PMS000039,guest_key_00039,spa_wellness,230,2026-12-28,false
POS0000083,PMS000040,guest_key_00040,valet_parking,50,2026-07-19,false
POS0000084,,guest_key_00040,palma_lobby_lounge,90,2026-07-18,false
POS0000085,,,spa_wellness,145,2026-07-18,false
POS0000086,PMS000042,guest_key_00042,calabra_rooftop,280,2026-11-01,false
POS0000087,PMS000042,guest_key_00042,valet_parking,205,2026-11-02,false
POS0000088,PMS000042,,calabra_rooftop,255,2026-11-02,false
POS0000089,PMS000042,guest_key_00042,calabra_rooftop,260,2026-11-01,false
POS0000090,PMS000043,guest_key_00043,valet_parking,30,2026-12-10,false
POS0000091,PMS000043,guest_key_00043,in_room_dining,60,2026-12-12,false
POS0000092,PMS000044,,palma_lobby_lounge,105,2026-11-07,false
POS0000093,PMS000045,guest_key_00045,mini_bar_amenity,75,2026-04-19,false
POS0000094,PMS000045,guest_key_00045,mini_bar_amenity,35,2026-04-19,false
POS0000095,PMS000045,guest_key_00045,palma_lobby_lounge,135,2026-04-20,false
POS0000096,PMS000045,guest_key_00045,mini_bar_amenity,110,2026-04-19,false
POS0000097,PMS000046,guest_key_00046,palma_lobby_lounge,60,2026-10-31,false
POS0000098,,guest_key_00046,spa_wellness,665,2026-10-29,false
POS0000099,PMS000047,guest_key_00047,mini_bar_amenity,155,2026-03-13,false
POS0000100,PMS000048,guest_key_00048,palma_lobby_lounge,215,2026-11-14,false
POS0000101,PMS000049,guest_key_00049,valet_parking,190,2026-05-18,false
POS0000102,PMS000049,guest_key_00049,calabra_rooftop,85,2026-05-18,false
POS0000103,PMS000049,guest_key_00049,calabra_rooftop,365,2026-05-20,false
POS0000104,PMS000049,guest_key_00049,spa_wellness,470,2026-05-20,false
POS0000105,PMS000050,guest_key_00050,calabra_rooftop,610,2026-11-28,false
POS0000106,PMS000050,guest_key_00050,calabra_rooftop,105,2026-11-28,false
POS0000107,PMS000051,guest_key_00051,in_room_dining,665,2026-11-17,false
POS0000108,PMS000051,guest_key_00051,calabra_rooftop,315,2026-11-16,true
POS0000109,PMS000052,guest_key_00052,calabra_rooftop,330,2026-09-28,false
POS0000110,PMS000052,,calabra_rooftop,120,2026-09-29,false
POS0000111,PMS000052,guest_key_00052,palma_lobby_lounge,70,2026-10-01,false
POS0000112,PMS000053,,palma_lobby_lounge,120,2026-11-05,false
POS0000113,PMS000053,guest_key_00053,calabra_rooftop,65,2026-11-05,false
POS0000114,PMS000053,guest_key_00053,in_room_dining,225,2026-11-05,false
POS0000115,PMS000054,guest_key_00054,in_room_dining,75,2026-06-21,false
POS0000116,PMS000054,guest_key_00054,palma_lobby_lounge,80,2026-06-21,false
POS0000117,PMS000054,guest_key_00054,valet_parking,110,2026-06-20,false
POS0000118,PMS000054,,calabra_rooftop,110,2026-06-21,true
POS0000119,PMS000056,guest_key_00056,calabra_rooftop,335,2026-05-30,false
POS0000120,PMS000056,,mini_bar_amenity,25,2026-05-29,false
POS0000121,PMS000056,guest_key_00056,spa_wellness,560,2026-05-28,false
POS0000122,PMS000056,guest_key_00056,valet_parking,20,2026-05-29,false
POS0000123,PMS000057,guest_key_00057,calabra_rooftop,215,2026-08-13,false
POS0000124,PMS000058,guest_key_00058,calabra_rooftop,95,2026-11-17,false
POS0000125,PMS000058,guest_key_00058,calabra_rooftop,350,2026-11-19,false
POS0000126,PMS000058,guest_key_00058,in_room_dining,145,2026-11-18,false
POS0000127,PMS000058,guest_key_00058,spa_wellness,470,2026-11-19,false
POS0000128,PMS000060,guest_key_00060,calabra_rooftop,295,2026-03-08,false
POS0000129,PMS000060,guest_key_00060,calabra_rooftop,655,2026-03-06,false
POS0000130,PMS000060,guest_key_00060,calabra_rooftop,185,2026-03-08,false
POS0000131,PMS000061,guest_key_00061,calabra_rooftop,160,2026-12-04,false
POS0000132,PMS000061,guest_key_00061,calabra_rooftop,355,2026-12-04,false
POS0000133,PMS000061,guest_key_00061,calabra_rooftop,900,2026-12-04,false
POS0000134,PMS000062,guest_key_00062,calabra_rooftop,210,2026-07-08,false
POS0000135,PMS000062,guest_key_00062,spa_wellness,295,2026-07-09,false
POS0000136,PMS000062,guest_key_00062,calabra_rooftop,190,2026-07-09,false
POS0000137,PMS000063,guest_key_00063,calabra_rooftop,210,2026-04-06,false
POS0000138,PMS000064,guest_key_00064,calabra_rooftop,180,2026-03-24,false
POS0000139,,guest_key_00064,mini_bar_amenity,35,2026-03-24,false
POS0000140,PMS000064,,in_room_dining,120,2026-03-24,false
POS0000141,PMS000065,guest_key_00065,valet_parking,65,2026-08-18,false
POS0000142,PMS000065,guest_key_00065,calabra_rooftop,215,2026-08-16,false
POS0000143,PMS000066,guest_key_00066,calabra_rooftop,95,2026-08-02,false
POS0000144,PMS000066,guest_key_00066,palma_lobby_lounge,90,2026-08-02,false
POS0000145,PMS000066,guest_key_00066,valet_parking,65,2026-08-02,false
POS0000146,PMS000067,guest_key_00067,mini_bar_amenity,30,2026-06-04,false
POS0000147,PMS000067,guest_key_00067,mini_bar_amenity,125,2026-06-06,false
POS0000148,PMS000068,guest_key_00068,palma_lobby_lounge,110,2026-12-09,false
POS0000149,PMS000071,guest_key_00071,in_room_dining,115,2026-05-22,false
POS0000150,PMS000072,,spa_wellness,445,2026-02-26,false
POS0000151,PMS000072,guest_key_00072,spa_wellness,290,2026-02-26,false
POS0000152,PMS000072,guest_key_00072,palma_lobby_lounge,120,2026-02-26,false
POS0000153,PMS000072,guest_key_00072,calabra_rooftop,255,2026-02-26,true
POS0000154,PMS000073,guest_key_00073,valet_parking,105,2026-08-02,false
POS0000155,PMS000073,guest_key_00073,mini_bar_amenity,20,2026-07-31,false
POS0000156,PMS000073,guest_key_00073,in_room_dining,145,2026-08-05,false
POS0000157,PMS000073,guest_key_00073,calabra_rooftop,340,2026-07-30,false
POS0000158,PMS000074,guest_key_00074,spa_wellness,560,2026-09-07,false
POS0000159,PMS000074,guest_key_00074,calabra_rooftop,200,2026-09-06,false
POS0000160,PMS000074,,palma_lobby_lounge,20,2026-09-07,false
POS0000161,PMS000074,guest_key_00074,calabra_rooftop,90,2026-09-06,false
POS0000162,PMS000076,guest_key_00076,spa_wellness,275,2026-12-26,false
POS0000163,,guest_key_00076,in_room_dining,80,2026-12-26,false
POS0000164,PMS000076,guest_key_00076,spa_wellness,375,2026-12-27,false
POS0000165,PMS000077,guest_key_00077,in_room_dining,125,2026-10-14,false
POS0000166,PMS000077,guest_key_00077,mini_bar_amenity,80,2026-10-18,true
POS0000167,PMS000077,guest_key_00077,palma_lobby_lounge,70,2026-10-13,false
POS0000168,PMS000078,guest_key_00078,palma_lobby_lounge,50,2026-11-26,false
POS0000169,PMS000078,guest_key_00078,calabra_rooftop,130,2026-11-25,false
POS0000170,PMS000079,guest_key_00079,palma_lobby_lounge,55,2026-08-14,false
POS0000171,PMS000081,,spa_wellness,290,2026-08-01,false
POS0000172,PMS000081,guest_key_00081,spa_wellness,215,2026-08-01,true
POS0000173,PMS000081,guest_key_00081,spa_wellness,240,2026-08-01,false
POS0000174,PMS000081,guest_key_00081,palma_lobby_lounge,355,2026-08-01,false
POS0000175,PMS000082,guest_key_00082,palma_lobby_lounge,120,2026-07-29,false
POS0000176,PMS000083,,spa_wellness,235,2026-09-16,false
POS0000177,PMS000083,guest_key_00083,calabra_rooftop,150,2026-09-16,false
POS0000178,PMS000083,guest_key_00083,palma_lobby_lounge,185,2026-09-16,false
POS0000179,PMS000083,guest_key_00083,spa_wellness,120,2026-09-16,false
POS0000180,PMS000084,guest_key_00084,calabra_rooftop,135,2026-01-28,false
POS0000181,PMS000085,guest_key_00085,palma_lobby_lounge,50,2026-05-23,false
POS0000182,PMS000085,guest_key_00085,calabra_rooftop,290,2026-05-22,false
POS0000183,PMS000085,guest_key_00085,calabra_rooftop,160,2026-05-22,false
POS0000184,PMS000086,guest_key_00086,calabra_rooftop,320,2026-02-10,false
POS0000185,PMS000086,guest_key_00086,in_room_dining,80,2026-02-07,false
POS0000186,PMS000088,guest_key_00088,mini_bar_amenity,20,2026-02-11,false
POS0000187,PMS000088,guest_key_00088,calabra_rooftop,180,2026-02-12,false
POS0000188,PMS000089,guest_key_00089,calabra_rooftop,165,2026-07-23,false
POS0000189,PMS000089,guest_key_00089,in_room_dining,185,2026-07-24,false
POS0000190,PMS000089,guest_key_00089,in_room_dining,65,2026-07-24,false
POS0000191,PMS000090,,calabra_rooftop,135,2026-10-09,false
POS0000192,PMS000090,guest_key_00090,valet_parking,55,2026-10-09,false
POS0000193,PMS000090,guest_key_00090,valet_parking,35,2026-10-09,false
POS0000194,PMS000090,guest_key_00090,in_room_dining,60,2026-10-09,false
POS0000195,PMS000091,,calabra_rooftop,250,2026-12-24,false
POS0000196,PMS000091,guest_key_00091,palma_lobby_lounge,75,2026-12-25,false
POS0000197,PMS000091,guest_key_00091,in_room_dining,125,2026-12-25,false
POS0000198,PMS000091,guest_key_00091,in_room_dining,110,2026-12-25,false
POS0000199,PMS000092,guest_key_00092,spa_wellness,225,2026-01-25,true
POS0000200,PMS000092,guest_key_00092,in_room_dining,330,2026-01-24,false
POS0000201,PMS000092,guest_key_00092,calabra_rooftop,240,2026-01-25,false
POS0000202,PMS000093,guest_key_00093,palma_lobby_lounge,95,2026-08-13,false
POS0000203,PMS000093,guest_key_00093,in_room_dining,95,2026-08-13,false
POS0000204,PMS000094,guest_key_00094,calabra_rooftop,135,2026-01-19,false
POS0000205,PMS000094,guest_key_00094,calabra_rooftop,530,2026-01-19,false
POS0000206,PMS000096,guest_key_00096,calabra_rooftop,105,2026-08-20,false
POS0000207,PMS000096,guest_key_00096,spa_wellness,685,2026-08-20,false
POS0000208,PMS000096,guest_key_00096,in_room_dining,145,2026-08-21,false
POS0000209,PMS000096,guest_key_00096,in_room_dining,170,2026-08-20,false
POS0000210,PMS000097,guest_key_00097,spa_wellness,525,2026-02-06,false
POS0000211,PMS000098,guest_key_00098,in_room_dining,70,2026-07-25,true
POS0000212,PMS000098,guest_key_00098,calabra_rooftop,50,2026-07-24,false
POS0000213,PMS000099,guest_key_00099,spa_wellness,115,2026-09-17,false
POS0000214,PMS000099,,calabra_rooftop,300,2026-09-17,false
POS0000215,PMS000099,guest_key_00099,palma_lobby_lounge,85,2026-09-19,false
POS0000216,PMS000100,guest_key_00100,mini_bar_amenity,25,2026-01-20,false
POS0000217,PMS000101,guest_key_00101,calabra_rooftop,190,2026-12-27,false
POS0000218,PMS000101,guest_key_00101,calabra_rooftop,415,2026-12-26,true
POS0000219,PMS000101,guest_key_00101,calabra_rooftop,115,2026-12-28,false
POS0000220,PMS000101,guest_key_00101,valet_parking,55,2026-12-26,false
POS0000221,PMS000102,guest_key_00102,calabra_rooftop,265,2026-05-08,false
POS0000222,PMS000103,guest_key_00103,calabra_rooftop,145,2026-08-06,false
POS0000223,PMS000104,guest_key_00104,in_room_dining,75,2026-02-01,false
POS0000224,PMS000104,guest_key_00104,valet_parking,125,2026-02-01,false
POS0000225,,guest_key_00104,calabra_rooftop,180,2026-02-01,false
POS0000226,PMS000104,guest_key_00104,valet_parking,50,2026-02-01,false
POS0000227,PMS000106,guest_key_00106,palma_lobby_lounge,165,2026-05-15,false
POS0000228,PMS000107,guest_key_00107,in_room_dining,155,2026-11-27,false
POS0000229,PMS000107,guest_key_00107,in_room_dining,100,2026-11-29,false
POS0000230,PMS000107,guest_key_00107,palma_lobby_lounge,115,2026-11-29,false
POS0000231,PMS000108,guest_key_00108,spa_wellness,265,2026-12-16,false
POS0000232,PMS000109,guest_key_00109,calabra_rooftop,650,2026-06-26,false
POS0000233,PMS000110,guest_key_00110,mini_bar_amenity,30,2026-04-13,false
POS0000234,PMS000110,guest_key_00110,palma_lobby_lounge,190,2026-04-12,false
POS0000235,PMS000111,guest_key_00111,palma_lobby_lounge,130,2026-04-06,false
POS0000236,PMS000111,guest_key_00111,spa_wellness,660,2026-04-07,false
POS0000237,PMS000111,guest_key_00111,calabra_rooftop,100,2026-04-06,false
POS0000238,PMS000112,guest_key_00112,calabra_rooftop,185,2027-01-03,false
POS0000239,PMS000113,guest_key_00113,palma_lobby_lounge,150,2026-12-13,false
POS0000240,PMS000113,guest_key_00113,calabra_rooftop,390,2026-12-11,false
POS0000241,PMS000113,guest_key_00113,valet_parking,50,2026-12-15,false
POS0000242,PMS000113,guest_key_00113,palma_lobby_lounge,55,2026-12-15,false
POS0000243,PMS000114,guest_key_00114,mini_bar_amenity,60,2026-11-19,false
POS0000244,PMS000115,guest_key_00115,palma_lobby_lounge,125,2026-11-06,false
POS0000245,PMS000115,guest_key_00115,spa_wellness,70,2026-11-05,false
POS0000246,PMS000115,guest_key_00115,valet_parking,495,2026-11-06,false
POS0000247,PMS000116,guest_key_00116,calabra_rooftop,460,2026-06-02,false
POS0000248,PMS000117,guest_key_00117,spa_wellness,900,2026-02-15,false
POS0000249,,guest_key_00117,calabra_rooftop,145,2026-02-13,false
POS0000250,PMS000117,guest_key_00117,palma_lobby_lounge,120,2026-02-14,false
POS0000251,PMS000118,guest_key_00118,valet_parking,150,2026-06-27,false
POS0000252,PMS000118,guest_key_00118,calabra_rooftop,160,2026-06-29,true
POS0000253,PMS000118,guest_key_00118,valet_parking,65,2026-06-29,false
POS0000254,PMS000119,guest_key_00119,palma_lobby_lounge,285,2026-07-27,true
POS0000255,PMS000119,guest_key_00119,in_room_dining,150,2026-07-25,false
POS0000256,PMS000119,guest_key_00119,calabra_rooftop,95,2026-07-25,false
POS0000257,PMS000122,guest_key_00122,calabra_rooftop,130,2026-06-29,false
POS0000258,PMS000124,guest_key_00124,spa_wellness,105,2026-04-29,false
POS0000259,PMS000125,guest_key_00125,mini_bar_amenity,30,2026-01-11,false
POS0000260,PMS000125,guest_key_00125,calabra_rooftop,115,2026-01-12,false
POS0000261,PMS000125,guest_key_00125,calabra_rooftop,240,2026-01-12,false
POS0000262,PMS000125,guest_key_00125,calabra_rooftop,95,2026-01-12,false
POS0000263,PMS000127,guest_key_00127,in_room_dining,145,2026-12-26,false
POS0000264,PMS000128,guest_key_00128,calabra_rooftop,200,2026-10-05,false
POS0000265,PMS000128,guest_key_00128,palma_lobby_lounge,70,2026-10-05,false
POS0000266,PMS000129,guest_key_00129,calabra_rooftop,460,2026-11-09,false
POS0000267,,guest_key_00129,mini_bar_amenity,20,2026-11-10,false
POS0000268,PMS000129,guest_key_00129,palma_lobby_lounge,90,2026-11-10,false
POS0000269,PMS000130,guest_key_00130,calabra_rooftop,155,2026-12-05,false
POS0000270,PMS000130,guest_key_00130,calabra_rooftop,190,2026-12-05,false
POS0000271,PMS000132,guest_key_00132,calabra_rooftop,165,2026-04-27,false
POS0000272,PMS000133,guest_key_00133,calabra_rooftop,290,2026-12-25,false
POS0000273,,guest_key_00133,spa_wellness,160,2026-12-24,false
POS0000274,PMS000133,guest_key_00133,calabra_rooftop,685,2026-12-24,false
POS0000275,PMS000133,guest_key_00133,palma_lobby_lounge,60,2026-12-24,false
POS0000276,PMS000134,guest_key_00134,valet_parking,130,2026-11-28,false
POS0000277,PMS000134,,palma_lobby_lounge,65,2026-11-29,false
POS0000278,PMS000134,guest_key_00134,mini_bar_amenity,85,2026-11-29,false
POS0000279,PMS000135,guest_key_00135,calabra_rooftop,90,2026-12-01,false
POS0000280,PMS000136,guest_key_00136,valet_parking,85,2026-09-07,false
POS0000281,PMS000136,guest_key_00136,palma_lobby_lounge,45,2026-09-09,false
POS0000282,PMS000136,guest_key_00136,calabra_rooftop,195,2026-09-09,true
POS0000283,PMS000136,,calabra_rooftop,110,2026-09-07,false
POS0000284,PMS000137,,palma_lobby_lounge,130,2026-08-06,false
POS0000285,PMS000137,guest_key_00137,spa_wellness,260,2026-08-06,false
POS0000286,PMS000137,,calabra_rooftop,185,2026-08-07,false
POS0000287,PMS000137,guest_key_00137,calabra_rooftop,155,2026-08-05,true
POS0000288,PMS000138,guest_key_00138,valet_parking,40,2026-07-21,true
POS0000289,PMS000139,,mini_bar_amenity,40,2026-08-05,false
POS0000290,PMS000139,guest_key_00139,calabra_rooftop,185,2026-08-05,true
POS0000291,PMS000139,guest_key_00139,calabra_rooftop,465,2026-08-05,false
POS0000292,PMS000139,guest_key_00139,palma_lobby_lounge,135,2026-08-05,false
POS0000293,PMS000140,guest_key_00140,calabra_rooftop,210,2026-04-12,false
POS0000294,PMS000140,guest_key_00140,palma_lobby_lounge,60,2026-04-18,false
POS0000295,PMS000140,guest_key_00140,calabra_rooftop,95,2026-04-14,false
POS0000296,PMS000142,guest_key_00142,in_room_dining,80,2026-04-26,false
POS0000297,PMS000142,guest_key_00142,palma_lobby_lounge,105,2026-04-27,false
POS0000298,PMS000142,guest_key_00142,valet_parking,65,2026-04-26,false
POS0000299,PMS000143,guest_key_00143,mini_bar_amenity,65,2026-06-17,true
POS0000300,PMS000143,guest_key_00143,calabra_rooftop,160,2026-06-16,false
POS0000301,PMS000143,guest_key_00143,calabra_rooftop,205,2026-06-15,false
POS0000302,PMS000144,guest_key_00144,palma_lobby_lounge,150,2026-07-14,false
POS0000303,PMS000144,guest_key_00144,calabra_rooftop,150,2026-07-14,false
POS0000304,PMS000145,guest_key_00145,palma_lobby_lounge,45,2026-07-29,false
POS0000305,PMS000145,,in_room_dining,70,2026-07-29,false
POS0000306,PMS000145,guest_key_00145,in_room_dining,145,2026-07-29,false
POS0000307,PMS000145,guest_key_00145,calabra_rooftop,130,2026-07-29,false
POS0000308,PMS000146,guest_key_00146,spa_wellness,260,2026-01-29,false
POS0000309,PMS000146,guest_key_00146,palma_lobby_lounge,70,2026-01-30,false
POS0000310,PMS000146,guest_key_00146,valet_parking,100,2026-01-28,false
POS0000311,PMS000146,guest_key_00146,spa_wellness,555,2026-01-30,false
POS0000312,PMS000147,guest_key_00147,spa_wellness,170,2026-12-05,false
POS0000313,PMS000148,guest_key_00148,spa_wellness,775,2026-03-18,true
POS0000314,PMS000149,guest_key_00149,palma_lobby_lounge,75,2026-05-11,false
POS0000315,PMS000149,guest_key_00149,calabra_rooftop,115,2026-05-08,false
POS0000316,PMS000149,guest_key_00149,in_room_dining,60,2026-05-08,false
POS0000317,PMS000149,guest_key_00149,in_room_dining,515,2026-05-09,false
POS0000318,PMS000150,guest_key_00150,palma_lobby_lounge,40,2026-05-05,false
POS0000319,PMS000150,guest_key_00150,calabra_rooftop,130,2026-05-04,false
POS0000320,PMS000151,guest_key_00151,spa_wellness,55,2026-06-28,false
POS0000321,PMS000151,,calabra_rooftop,90,2026-06-23,false
POS0000322,PMS000151,guest_key_00151,valet_parking,105,2026-06-23,true
POS0000323,PMS000153,guest_key_00153,in_room_dining,290,2026-11-18,false
POS0000324,PMS000153,,calabra_rooftop,160,2026-11-19,false
POS0000325,PMS000155,guest_key_00155,calabra_rooftop,75,2026-02-03,false
POS0000326,PMS000156,guest_key_00156,palma_lobby_lounge,70,2026-02-11,false
POS0000327,PMS000156,guest_key_00156,valet_parking,65,2026-02-11,false
POS0000328,PMS000156,guest_key_00156,calabra_rooftop,225,2026-02-11,false
POS0000329,PMS000156,guest_key_00156,calabra_rooftop,90,2026-02-11,false
POS0000330,PMS000158,guest_key_00158,calabra_rooftop,235,2026-06-02,false
POS0000331,PMS000158,guest_key_00158,valet_parking,35,2026-06-02,false
POS0000332,PMS000159,guest_key_00159,calabra_rooftop,135,2026-08-06,false
POS0000333,PMS000159,guest_key_00159,palma_lobby_lounge,70,2026-08-06,false
POS0000334,PMS000159,guest_key_00159,valet_parking,145,2026-08-07,false
POS0000335,PMS000160,guest_key_00160,calabra_rooftop,120,2026-11-02,false
POS0000336,PMS000160,guest_key_00160,in_room_dining,405,2026-11-02,false
POS0000337,,guest_key_00161,palma_lobby_lounge,145,2026-07-02,false
POS0000338,PMS000162,guest_key_00162,calabra_rooftop,210,2026-06-12,false
POS0000339,PMS000162,guest_key_00162,in_room_dining,80,2026-06-12,false
POS0000340,PMS000163,guest_key_00163,spa_wellness,125,2026-10-30,false
POS0000341,PMS000164,guest_key_00164,in_room_dining,145,2026-02-20,false
POS0000342,PMS000164,guest_key_00164,palma_lobby_lounge,50,2026-02-20,false
POS0000343,,guest_key_00164,calabra_rooftop,170,2026-02-19,false
POS0000344,PMS000165,guest_key_00165,spa_wellness,95,2026-03-19,false
POS0000345,PMS000165,guest_key_00165,palma_lobby_lounge,70,2026-03-19,false
POS0000346,PMS000168,guest_key_00168,in_room_dining,300,2026-12-21,false
POS0000347,PMS000169,guest_key_00169,palma_lobby_lounge,105,2026-06-03,false
POS0000348,PMS000169,,in_room_dining,50,2026-06-03,false
POS0000349,PMS000169,guest_key_00169,palma_lobby_lounge,140,2026-06-03,false
POS0000350,PMS000170,guest_key_00170,calabra_rooftop,100,2026-03-31,false
POS0000351,PMS000170,guest_key_00170,palma_lobby_lounge,80,2026-04-01,false
POS0000352,PMS000170,guest_key_00170,spa_wellness,150,2026-04-01,false
POS0000353,PMS000171,guest_key_00171,calabra_rooftop,415,2026-12-26,false
POS0000354,PMS000171,guest_key_00171,spa_wellness,550,2026-12-27,false
POS0000355,PMS000172,guest_key_00172,calabra_rooftop,175,2026-07-14,false
POS0000356,,guest_key_00172,spa_wellness,155,2026-07-14,false
POS0000357,PMS000174,guest_key_00174,calabra_rooftop,75,2026-05-21,false
POS0000358,PMS000175,guest_key_00175,spa_wellness,240,2026-11-16,false
POS0000359,PMS000175,guest_key_00175,spa_wellness,585,2026-11-16,false
POS0000360,PMS000175,guest_key_00175,calabra_rooftop,170,2026-11-16,false
POS0000361,PMS000176,guest_key_00176,palma_lobby_lounge,120,2026-02-19,false
POS0000362,PMS000176,guest_key_00176,calabra_rooftop,315,2026-02-19,false
POS0000363,PMS000176,guest_key_00176,calabra_rooftop,115,2026-02-16,false
POS0000364,PMS000180,guest_key_00180,palma_lobby_lounge,155,2026-05-28,false
POS0000365,PMS000180,guest_key_00180,spa_wellness,285,2026-05-28,true
POS0000366,PMS000180,,calabra_rooftop,275,2026-05-28,true
POS0000367,PMS000181,guest_key_00181,calabra_rooftop,230,2026-08-31,false
POS0000368,PMS000182,guest_key_00182,calabra_rooftop,150,2026-04-03,false
POS0000369,PMS000182,guest_key_00182,in_room_dining,215,2026-04-02,false
POS0000370,PMS000182,,valet_parking,65,2026-04-04,false
POS0000371,PMS000182,guest_key_00182,palma_lobby_lounge,55,2026-04-02,false
POS0000372,PMS000183,guest_key_00183,calabra_rooftop,155,2026-10-18,false
POS0000373,PMS000183,guest_key_00183,valet_parking,90,2026-10-18,false
POS0000374,PMS000183,guest_key_00183,in_room_dining,270,2026-10-18,false
POS0000375,PMS000184,guest_key_00184,in_room_dining,375,2026-02-07,false
POS0000376,PMS000184,guest_key_00184,calabra_rooftop,135,2026-02-08,false
POS0000377,PMS000184,guest_key_00184,in_room_dining,95,2026-02-07,false
POS0000378,PMS000184,guest_key_00184,in_room_dining,90,2026-02-08,false
POS0000379,PMS000185,guest_key_00185,calabra_rooftop,85,2026-09-09,false
POS0000380,PMS000186,guest_key_00186,calabra_rooftop,245,2026-06-20,false
POS0000381,PMS000189,guest_key_00189,in_room_dining,100,2026-01-12,false
POS0000382,,guest_key_00189,calabra_rooftop,140,2026-01-11,false
POS0000383,PMS000189,guest_key_00189,calabra_rooftop,345,2026-01-10,false
POS0000384,PMS000189,guest_key_00189,calabra_rooftop,235,2026-01-11,false
POS0000385,PMS000190,guest_key_00190,calabra_rooftop,235,2026-09-14,false
POS0000386,PMS000192,guest_key_00192,calabra_rooftop,140,2026-01-31,false
POS0000387,PMS000193,guest_key_00193,calabra_rooftop,210,2026-07-23,false
POS0000388,PMS000193,guest_key_00193,calabra_rooftop,220,2026-07-24,false
POS0000389,PMS000194,guest_key_00194,mini_bar_amenity,20,2026-07-31,false
POS0000390,PMS000194,guest_key_00194,valet_parking,100,2026-08-02,true
POS0000391,PMS000194,guest_key_00194,in_room_dining,240,2026-07-31,false
POS0000392,PMS000195,,spa_wellness,380,2026-05-04,false
POS0000393,PMS000195,guest_key_00195,valet_parking,65,2026-05-03,false
POS0000394,PMS000195,,valet_parking,110,2026-05-03,false
POS0000395,PMS000197,guest_key_00197,palma_lobby_lounge,80,2026-02-04,false
POS0000396,PMS000198,guest_key_00198,calabra_rooftop,400,2026-02-14,false
POS0000397,PMS000198,guest_key_00198,calabra_rooftop,65,2026-02-14,false
POS0000398,PMS000199,guest_key_00199,in_room_dining,110,2026-05-18,false
POS0000399,PMS000199,guest_key_00199,in_room_dining,130,2026-05-18,false
POS0000400,PMS000199,guest_key_00199,mini_bar_amenity,20,2026-05-20,false
POS0000401,PMS000200,guest_key_00200,calabra_rooftop,130,2026-11-07,false
POS0000402,PMS000201,guest_key_00201,palma_lobby_lounge,70,2026-04-29,false
POS0000403,PMS000201,guest_key_00201,calabra_rooftop,195,2026-04-30,false
POS0000404,PMS000202,guest_key_00202,palma_lobby_lounge,160,2026-05-08,false
POS0000405,PMS000203,guest_key_00203,valet_parking,115,2026-11-30,false
POS0000406,PMS000203,guest_key_00203,calabra_rooftop,165,2026-11-30,false
POS0000407,PMS000204,guest_key_00204,palma_lobby_lounge,50,2026-09-16,false
POS0000408,PMS000205,guest_key_00205,in_room_dining,65,2026-04-17,false
POS0000409,PMS000205,guest_key_00205,spa_wellness,305,2026-04-17,false
POS0000410,PMS000205,guest_key_00205,calabra_rooftop,300,2026-04-17,false
POS0000411,PMS000206,guest_key_00206,valet_parking,160,2026-10-29,false
POS0000412,PMS000206,guest_key_00206,palma_lobby_lounge,80,2026-10-29,false
POS0000413,PMS000206,guest_key_00206,valet_parking,110,2026-10-28,false
POS0000414,PMS000207,guest_key_00207,calabra_rooftop,125,2026-04-05,false
POS0000415,PMS000208,guest_key_00208,in_room_dining,505,2026-12-28,false
POS0000416,PMS000208,guest_key_00208,palma_lobby_lounge,80,2026-12-28,false
POS0000417,PMS000208,guest_key_00208,palma_lobby_lounge,45,2026-12-28,false
POS0000418,PMS000209,guest_key_00209,valet_parking,50,2026-12-18,false
POS0000419,PMS000209,guest_key_00209,mini_bar_amenity,20,2026-12-17,false
POS0000420,PMS000209,,palma_lobby_lounge,105,2026-12-17,false
POS0000421,PMS000210,guest_key_00210,palma_lobby_lounge,290,2026-06-03,false
POS0000422,PMS000210,guest_key_00210,calabra_rooftop,505,2026-06-03,false
POS0000423,PMS000210,guest_key_00210,calabra_rooftop,165,2026-06-03,true
POS0000424,PMS000211,guest_key_00211,in_room_dining,90,2026-09-11,false
POS0000425,,,valet_parking,85,2026-09-11,false
POS0000426,PMS000211,guest_key_00211,palma_lobby_lounge,110,2026-09-11,false
POS0000427,PMS000212,guest_key_00212,valet_parking,55,2026-07-15,false
POS0000428,PMS000212,guest_key_00212,valet_parking,30,2026-07-15,false
POS0000429,PMS000214,guest_key_00214,calabra_rooftop,125,2026-05-25,false
POS0000430,PMS000214,guest_key_00214,calabra_rooftop,245,2026-05-25,false
POS0000431,PMS000215,guest_key_00215,calabra_rooftop,140,2026-07-22,false
POS0000432,PMS000216,,palma_lobby_lounge,75,2026-03-13,false
POS0000433,PMS000216,guest_key_00216,palma_lobby_lounge,60,2026-03-13,false
POS0000434,PMS000217,guest_key_00217,calabra_rooftop,255,2026-08-08,false
POS0000435,,guest_key_00217,calabra_rooftop,110,2026-08-08,false
POS0000436,PMS000217,guest_key_00217,calabra_rooftop,210,2026-08-08,false
POS0000437,PMS000219,guest_key_00219,mini_bar_amenity,95,2026-02-05,false
POS0000438,PMS000219,guest_key_00219,spa_wellness,205,2026-02-02,false
POS0000439,PMS000219,guest_key_00219,calabra_rooftop,900,2026-02-01,false
POS0000440,PMS000220,guest_key_00220,palma_lobby_lounge,115,2026-01-28,false
POS0000441,PMS000220,guest_key_00220,palma_lobby_lounge,180,2026-01-31,false
POS0000442,PMS000221,guest_key_00221,palma_lobby_lounge,150,2026-01-21,false
POS0000443,PMS000221,,calabra_rooftop,900,2026-01-21,true
POS0000444,PMS000222,guest_key_00222,palma_lobby_lounge,85,2026-03-08,false
POS0000445,PMS000224,guest_key_00224,in_room_dining,215,2026-07-01,false
POS0000446,PMS000225,guest_key_00225,calabra_rooftop,175,2026-01-14,false
POS0000447,PMS000226,guest_key_00226,palma_lobby_lounge,130,2026-07-24,false
POS0000448,PMS000226,guest_key_00226,calabra_rooftop,100,2026-07-25,false
POS0000449,PMS000228,guest_key_00228,calabra_rooftop,85,2026-11-16,false
POS0000450,PMS000228,guest_key_00228,calabra_rooftop,645,2026-11-16,false
POS0000451,PMS000228,guest_key_00228,spa_wellness,215,2026-11-13,false
POS0000452,PMS000228,guest_key_00228,valet_parking,60,2026-11-17,false
POS0000453,PMS000230,guest_key_00230,in_room_dining,45,2026-07-05,false
POS0000454,PMS000230,guest_key_00230,calabra_rooftop,235,2026-07-05,false
POS0000455,PMS000230,guest_key_00230,mini_bar_amenity,70,2026-07-05,false
POS0000456,PMS000231,guest_key_00231,calabra_rooftop,50,2026-09-07,false
POS0000457,PMS000231,guest_key_00231,spa_wellness,235,2026-09-01,false
POS0000458,PMS000231,guest_key_00231,palma_lobby_lounge,135,2026-09-07,false
POS0000459,PMS000231,guest_key_00231,calabra_rooftop,205,2026-09-02,false
POS0000460,PMS000232,guest_key_00232,valet_parking,120,2026-07-30,false
POS0000461,PMS000232,,palma_lobby_lounge,55,2026-07-31,false
POS0000462,PMS000232,guest_key_00232,calabra_rooftop,250,2026-07-28,false
POS0000463,PMS000232,,in_room_dining,65,2026-07-31,false
POS0000464,PMS000233,guest_key_00233,calabra_rooftop,300,2026-10-18,false
POS0000465,PMS000233,guest_key_00233,calabra_rooftop,285,2026-10-18,false
POS0000466,PMS000233,guest_key_00233,spa_wellness,200,2026-10-19,false
POS0000467,PMS000233,guest_key_00233,spa_wellness,140,2026-10-19,false
POS0000468,,guest_key_00235,palma_lobby_lounge,40,2026-05-27,false
POS0000469,PMS000235,guest_key_00235,valet_parking,25,2026-05-27,false
POS0000470,PMS000235,guest_key_00235,calabra_rooftop,240,2026-05-27,false
POS0000471,PMS000235,guest_key_00235,valet_parking,25,2026-05-27,false
POS0000472,PMS000237,guest_key_00237,palma_lobby_lounge,165,2026-03-03,false
POS0000473,PMS000238,guest_key_00238,calabra_rooftop,335,2026-01-04,false
POS0000474,PMS000239,guest_key_00239,calabra_rooftop,260,2026-04-03,false
POS0000475,PMS000239,,calabra_rooftop,425,2026-04-03,false
POS0000476,PMS000240,,palma_lobby_lounge,110,2026-03-12,false
POS0000477,PMS000241,guest_key_00241,calabra_rooftop,420,2026-08-02,false
POS0000478,PMS000241,guest_key_00241,valet_parking,85,2026-08-03,true
POS0000479,PMS000241,guest_key_00241,palma_lobby_lounge,75,2026-08-02,false
POS0000480,PMS000242,guest_key_00242,palma_lobby_lounge,75,2026-08-03,false
POS0000481,PMS000242,guest_key_00242,in_room_dining,110,2026-08-03,false
POS0000482,PMS000242,,valet_parking,25,2026-08-02,false
POS0000483,PMS000242,guest_key_00242,calabra_rooftop,140,2026-08-02,false
POS0000484,PMS000244,guest_key_00244,in_room_dining,70,2026-11-08,false
POS0000485,PMS000244,guest_key_00244,valet_parking,60,2026-11-08,false
POS0000486,PMS000244,guest_key_00244,spa_wellness,225,2026-11-08,false
POS0000487,PMS000246,guest_key_00246,palma_lobby_lounge,125,2026-07-25,false
POS0000488,PMS000246,guest_key_00246,calabra_rooftop,80,2026-07-27,false
POS0000489,PMS000246,,palma_lobby_lounge,55,2026-07-26,false
POS0000490,PMS000248,guest_key_00248,palma_lobby_lounge,70,2026-03-26,false
POS0000491,PMS000248,guest_key_00248,valet_parking,95,2026-03-26,false
POS0000492,PMS000249,guest_key_00249,in_room_dining,70,2026-10-01,false
POS0000493,PMS000250,guest_key_00250,spa_wellness,295,2026-03-09,false
POS0000494,PMS000250,guest_key_00250,in_room_dining,260,2026-03-10,false
POS0000495,PMS000250,,spa_wellness,165,2026-03-10,false
POS0000496,PMS000250,guest_key_00250,palma_lobby_lounge,50,2026-03-07,false
POS0000497,PMS000251,guest_key_00251,calabra_rooftop,110,2026-03-27,false
POS0000498,PMS000251,guest_key_00251,calabra_rooftop,275,2026-03-27,true
POS0000499,PMS000251,guest_key_00251,calabra_rooftop,180,2026-03-27,false
POS0000500,PMS000251,guest_key_00251,calabra_rooftop,180,2026-03-27,false
POS0000501,PMS000252,guest_key_00252,palma_lobby_lounge,175,2026-05-29,false
POS0000502,PMS000252,guest_key_00252,palma_lobby_lounge,220,2026-05-28,false
POS0000503,PMS000253,guest_key_00253,mini_bar_amenity,40,2026-06-30,false
POS0000504,PMS000254,guest_key_00254,valet_parking,155,2026-09-11,false
POS0000505,PMS000254,guest_key_00254,spa_wellness,220,2026-09-10,false
POS0000506,PMS000254,guest_key_00254,valet_parking,30,2026-09-08,false
POS0000507,PMS000256,guest_key_00256,calabra_rooftop,195,2026-11-28,false
POS0000508,PMS000256,guest_key_00256,spa_wellness,305,2026-11-28,false
POS0000509,PMS000257,guest_key_00257,calabra_rooftop,345,2026-10-11,false
POS0000510,PMS000257,guest_key_00257,palma_lobby_lounge,60,2026-10-11,false
POS0000511,PMS000257,guest_key_00257,calabra_rooftop,155,2026-10-11,false
POS0000512,,,palma_lobby_lounge,95,2026-10-10,false
POS0000513,PMS000258,guest_key_00258,palma_lobby_lounge,45,2026-06-21,false
POS0000514,PMS000258,guest_key_00258,calabra_rooftop,115,2026-06-19,false
POS0000515,PMS000258,guest_key_00258,in_room_dining,195,2026-06-21,false
POS0000516,PMS000259,guest_key_00259,calabra_rooftop,285,2026-03-05,false
POS0000517,PMS000259,,calabra_rooftop,260,2026-03-05,false
POS0000518,PMS000259,guest_key_00259,valet_parking,100,2026-03-05,false
POS0000519,PMS000259,,calabra_rooftop,140,2026-03-05,false
POS0000520,PMS000262,guest_key_00262,palma_lobby_lounge,85,2026-05-06,false
POS0000521,PMS000262,guest_key_00262,calabra_rooftop,120,2026-05-04,false
POS0000522,PMS000263,guest_key_00263,spa_wellness,205,2026-03-29,false
POS0000523,PMS000263,guest_key_00263,palma_lobby_lounge,140,2026-03-29,false
POS0000524,PMS000263,guest_key_00263,calabra_rooftop,70,2026-03-27,false
POS0000525,PMS000264,guest_key_00264,spa_wellness,135,2026-04-06,false
POS0000526,PMS000265,guest_key_00265,spa_wellness,355,2026-01-14,false
POS0000527,,guest_key_00265,palma_lobby_lounge,95,2026-01-14,false
POS0000528,PMS000266,guest_key_00266,palma_lobby_lounge,85,2026-09-20,false
POS0000529,PMS000266,guest_key_00266,palma_lobby_lounge,155,2026-09-20,false
POS0000530,PMS000266,guest_key_00266,calabra_rooftop,175,2026-09-18,false
POS0000531,PMS000268,guest_key_00268,valet_parking,90,2026-02-23,false
POS0000532,PMS000268,guest_key_00268,in_room_dining,60,2026-02-23,false
POS0000533,PMS000270,guest_key_00270,valet_parking,130,2026-10-19,false
POS0000534,PMS000270,guest_key_00270,calabra_rooftop,70,2026-10-19,false
POS0000535,PMS000270,guest_key_00270,spa_wellness,165,2026-10-19,false
POS0000536,PMS000271,,mini_bar_amenity,45,2026-09-29,false
POS0000537,PMS000271,guest_key_00271,calabra_rooftop,130,2026-09-29,false
POS0000538,PMS000271,guest_key_00271,palma_lobby_lounge,65,2026-09-27,false
POS0000539,PMS000271,guest_key_00271,palma_lobby_lounge,100,2026-09-27,false
POS0000540,,,in_room_dining,105,2026-04-26,false
POS0000541,PMS000272,guest_key_00272,calabra_rooftop,145,2026-04-26,false
POS0000542,PMS000272,guest_key_00272,in_room_dining,30,2026-04-26,false
POS0000543,,guest_key_00272,calabra_rooftop,150,2026-04-26,false
POS0000544,PMS000273,guest_key_00273,in_room_dining,170,2026-10-15,false
POS0000545,PMS000273,guest_key_00273,palma_lobby_lounge,45,2026-10-15,false
POS0000546,PMS000273,guest_key_00273,palma_lobby_lounge,275,2026-10-15,false
POS0000547,PMS000274,guest_key_00274,calabra_rooftop,180,2026-03-27,false
POS0000548,PMS000275,guest_key_00275,mini_bar_amenity,55,2026-12-02,false
POS0000549,PMS000275,guest_key_00275,valet_parking,30,2026-12-02,false
POS0000550,PMS000275,guest_key_00275,in_room_dining,105,2026-12-02,false
POS0000551,,guest_key_00276,palma_lobby_lounge,40,2026-03-21,false
POS0000552,PMS000276,guest_key_00276,palma_lobby_lounge,80,2026-03-23,false
POS0000553,PMS000276,guest_key_00276,valet_parking,55,2026-03-22,false
POS0000554,PMS000276,guest_key_00276,valet_parking,105,2026-03-22,false
POS0000555,PMS000277,guest_key_00277,calabra_rooftop,270,2026-07-20,false
POS0000556,PMS000277,guest_key_00277,mini_bar_amenity,60,2026-07-19,false
POS0000557,PMS000277,guest_key_00277,spa_wellness,900,2026-07-20,false
POS0000558,PMS000278,guest_key_00278,valet_parking,55,2026-07-11,false
POS0000559,PMS000278,guest_key_00278,calabra_rooftop,265,2026-07-11,false
POS0000560,PMS000278,guest_key_00278,calabra_rooftop,205,2026-07-10,false
POS0000561,PMS000278,guest_key_00278,in_room_dining,70,2026-07-08,false
POS0000562,PMS000279,guest_key_00279,calabra_rooftop,205,2026-04-17,false
POS0000563,PMS000279,guest_key_00279,palma_lobby_lounge,35,2026-04-15,false
POS0000564,PMS000279,,calabra_rooftop,190,2026-04-17,false
POS0000565,PMS000279,guest_key_00279,mini_bar_amenity,25,2026-04-15,false
POS0000566,PMS000280,guest_key_00280,in_room_dining,260,2026-10-03,false
POS0000567,PMS000280,guest_key_00280,palma_lobby_lounge,85,2026-10-03,false
POS0000568,PMS000281,guest_key_00281,valet_parking,110,2026-08-14,false
POS0000569,PMS000281,guest_key_00281,valet_parking,105,2026-08-14,false
POS0000570,PMS000282,guest_key_00282,palma_lobby_lounge,90,2026-01-10,false
POS0000571,PMS000282,,calabra_rooftop,290,2026-01-09,false
POS0000572,PMS000282,,spa_wellness,250,2026-01-09,false
POS0000573,PMS000282,guest_key_00282,calabra_rooftop,225,2026-01-09,false
POS0000574,PMS000283,guest_key_00283,spa_wellness,160,2026-02-19,false
POS0000575,PMS000283,,calabra_rooftop,260,2026-02-18,false
POS0000576,PMS000283,guest_key_00283,spa_wellness,270,2026-02-19,false
POS0000577,PMS000284,guest_key_00284,in_room_dining,150,2026-01-10,true
POS0000578,PMS000285,guest_key_00285,calabra_rooftop,480,2026-08-24,false
POS0000579,PMS000286,guest_key_00286,valet_parking,135,2026-05-11,false
POS0000580,PMS000286,guest_key_00286,calabra_rooftop,255,2026-05-11,false
POS0000581,PMS000286,guest_key_00286,spa_wellness,230,2026-05-10,false
POS0000582,PMS000286,guest_key_00286,calabra_rooftop,220,2026-05-10,false
POS0000583,PMS000287,,valet_parking,70,2026-06-01,false
POS0000584,PMS000288,guest_key_00288,calabra_rooftop,300,2026-12-12,false
POS0000585,PMS000289,guest_key_00289,calabra_rooftop,210,2026-08-20,false
POS0000586,PMS000289,guest_key_00289,valet_parking,100,2026-08-21,false
POS0000587,PMS000289,guest_key_00289,valet_parking,65,2026-08-21,false
POS0000588,PMS000290,guest_key_00290,valet_parking,25,2026-07-21,false
POS0000589,PMS000290,,valet_parking,30,2026-07-23,false
POS0000590,PMS000290,guest_key_00290,valet_parking,110,2026-07-23,false
POS0000591,PMS000292,guest_key_00292,mini_bar_amenity,25,2026-01-24,false
POS0000592,PMS000292,,valet_parking,120,2026-01-24,false
POS0000593,PMS000293,guest_key_00293,calabra_rooftop,260,2026-02-16,false
POS0000594,PMS000293,guest_key_00293,calabra_rooftop,205,2026-02-17,true
POS0000595,PMS000293,guest_key_00293,calabra_rooftop,330,2026-02-18,false
POS0000596,PMS000293,guest_key_00293,calabra_rooftop,120,2026-02-16,false
POS0000597,PMS000294,guest_key_00294,palma_lobby_lounge,80,2026-10-07,false
POS0000598,PMS000294,guest_key_00294,palma_lobby_lounge,45,2026-10-08,false
POS0000599,PMS000294,guest_key_00294,mini_bar_amenity,30,2026-10-13,false
POS0000600,PMS000296,,valet_parking,150,2026-05-28,false
POS0000601,PMS000297,guest_key_00297,in_room_dining,250,2026-09-24,false
POS0000602,PMS000297,guest_key_00297,in_room_dining,90,2026-09-24,false
POS0000603,PMS000297,guest_key_00297,calabra_rooftop,345,2026-09-24,false
POS0000604,PMS000297,guest_key_00297,in_room_dining,110,2026-09-24,false
POS0000605,PMS000298,guest_key_00298,calabra_rooftop,90,2026-09-03,false
POS0000606,PMS000298,guest_key_00298,palma_lobby_lounge,105,2026-09-03,false
POS0000607,PMS000298,guest_key_00298,valet_parking,75,2026-09-05,false
POS0000608,PMS000298,guest_key_00298,calabra_rooftop,80,2026-09-04,false
POS0000609,PMS000299,guest_key_00299,valet_parking,40,2026-04-26,false
POS0000610,PMS000299,guest_key_00299,palma_lobby_lounge,55,2026-04-25,false
POS0000611,PMS000300,guest_key_00300,calabra_rooftop,170,2026-08-02,true
POS0000612,PMS000300,guest_key_00300,valet_parking,90,2026-08-02,true
POS0000613,PMS000300,guest_key_00300,palma_lobby_lounge,145,2026-08-02,false
POS0000614,PMS000301,guest_key_00301,calabra_rooftop,145,2026-05-13,false
POS0000615,PMS000302,guest_key_00302,palma_lobby_lounge,480,2026-04-09,false
POS0000616,PMS000302,guest_key_00302,mini_bar_amenity,35,2026-04-08,false
POS0000617,PMS000302,guest_key_00302,palma_lobby_lounge,155,2026-04-07,false
POS0000618,PMS000302,guest_key_00302,calabra_rooftop,130,2026-04-09,false
POS0000619,PMS000304,,palma_lobby_lounge,80,2026-02-25,false
POS0000620,,guest_key_00304,valet_parking,100,2026-02-25,false
POS0000621,,guest_key_00307,palma_lobby_lounge,20,2026-10-24,false
POS0000622,PMS000307,guest_key_00307,spa_wellness,415,2026-10-23,false
POS0000623,PMS000310,guest_key_00310,palma_lobby_lounge,50,2026-02-05,false
POS0000624,PMS000310,guest_key_00310,calabra_rooftop,410,2026-02-06,false
POS0000625,PMS000310,guest_key_00310,calabra_rooftop,900,2026-02-05,false
POS0000626,PMS000311,guest_key_00311,mini_bar_amenity,50,2026-12-27,false
POS0000627,PMS000312,guest_key_00312,spa_wellness,160,2026-12-06,false
POS0000628,PMS000312,guest_key_00312,in_room_dining,900,2026-12-08,false
POS0000629,PMS000312,guest_key_00312,in_room_dining,100,2026-12-08,false
POS0000630,PMS000313,guest_key_00313,in_room_dining,145,2026-07-06,false
POS0000631,PMS000313,guest_key_00313,in_room_dining,175,2026-07-05,false
POS0000632,PMS000313,,calabra_rooftop,45,2026-07-06,false
POS0000633,PMS000314,guest_key_00314,palma_lobby_lounge,130,2026-08-12,false
POS0000634,PMS000314,guest_key_00314,spa_wellness,295,2026-08-12,false
POS0000635,PMS000314,guest_key_00314,valet_parking,40,2026-08-12,false
POS0000636,PMS000314,guest_key_00314,palma_lobby_lounge,165,2026-08-12,false
POS0000637,PMS000316,,calabra_rooftop,165,2026-06-05,false
POS0000638,PMS000316,guest_key_00316,palma_lobby_lounge,20,2026-06-08,false
POS0000639,PMS000317,guest_key_00317,palma_lobby_lounge,205,2026-07-16,false
POS0000640,PMS000317,guest_key_00317,palma_lobby_lounge,75,2026-07-16,false
POS0000641,PMS000317,guest_key_00317,valet_parking,225,2026-07-16,false
POS0000642,PMS000318,guest_key_00318,valet_parking,60,2026-10-29,false
POS0000643,PMS000319,guest_key_00319,calabra_rooftop,90,2026-09-22,false
POS0000644,PMS000320,,spa_wellness,195,2026-02-26,false
POS0000645,PMS000320,guest_key_00320,calabra_rooftop,695,2026-02-26,false
POS0000646,PMS000322,guest_key_00322,mini_bar_amenity,40,2026-03-24,false
POS0000647,PMS000322,guest_key_00322,valet_parking,120,2026-03-27,false
POS0000648,PMS000323,guest_key_00323,calabra_rooftop,505,2026-05-25,false
POS0000649,PMS000323,guest_key_00323,calabra_rooftop,245,2026-05-24,false
POS0000650,PMS000323,guest_key_00323,palma_lobby_lounge,125,2026-05-23,false
POS0000651,PMS000324,guest_key_00324,valet_parking,60,2026-09-07,false
POS0000652,PMS000324,guest_key_00324,valet_parking,80,2026-09-07,false
POS0000653,PMS000326,guest_key_00326,valet_parking,40,2026-05-04,false
POS0000654,PMS000327,guest_key_00327,calabra_rooftop,110,2026-02-27,false
POS0000655,PMS000328,guest_key_00328,valet_parking,135,2026-04-06,false
POS0000656,PMS000328,guest_key_00328,calabra_rooftop,170,2026-04-07,false
POS0000657,PMS000328,guest_key_00328,mini_bar_amenity,80,2026-04-06,false
POS0000658,PMS000328,guest_key_00328,palma_lobby_lounge,55,2026-04-07,false
POS0000659,PMS000329,guest_key_00329,spa_wellness,85,2026-12-27,false
POS0000660,PMS000329,guest_key_00329,palma_lobby_lounge,130,2026-12-26,false
POS0000661,PMS000329,guest_key_00329,in_room_dining,145,2026-12-25,false
POS0000662,PMS000330,guest_key_00330,calabra_rooftop,295,2026-07-06,false
POS0000663,PMS000330,,calabra_rooftop,185,2026-07-08,false
POS0000664,PMS000330,guest_key_00330,calabra_rooftop,65,2026-07-06,false
POS0000665,PMS000330,guest_key_00330,palma_lobby_lounge,315,2026-07-09,false
POS0000666,PMS000331,guest_key_00331,in_room_dining,50,2026-11-16,false
POS0000667,PMS000331,guest_key_00331,valet_parking,55,2026-11-12,true
POS0000668,PMS000332,guest_key_00332,valet_parking,90,2026-09-18,false
POS0000669,PMS000332,guest_key_00332,palma_lobby_lounge,180,2026-09-20,false
POS0000670,PMS000333,guest_key_00333,valet_parking,35,2026-06-16,false
POS0000671,PMS000334,guest_key_00334,calabra_rooftop,145,2026-03-07,false
POS0000672,,guest_key_00335,in_room_dining,185,2026-09-06,false
POS0000673,PMS000335,guest_key_00335,spa_wellness,220,2026-09-05,false
POS0000674,PMS000335,guest_key_00335,valet_parking,55,2026-09-07,false
POS0000675,PMS000336,guest_key_00336,palma_lobby_lounge,165,2026-05-22,false
POS0000676,PMS000336,guest_key_00336,calabra_rooftop,205,2026-05-22,false
POS0000677,,guest_key_00338,spa_wellness,245,2026-05-11,false
POS0000678,PMS000338,guest_key_00338,palma_lobby_lounge,140,2026-05-10,false
POS0000679,PMS000338,guest_key_00338,valet_parking,145,2026-05-10,false
POS0000680,PMS000339,guest_key_00339,spa_wellness,220,2026-06-21,false
POS0000681,PMS000339,guest_key_00339,palma_lobby_lounge,75,2026-06-20,false
POS0000682,PMS000340,guest_key_00340,calabra_rooftop,105,2026-04-27,false
POS0000683,PMS000340,guest_key_00340,mini_bar_amenity,20,2026-04-27,false
POS0000684,PMS000340,guest_key_00340,spa_wellness,430,2026-04-27,false
POS0000685,PMS000341,guest_key_00341,palma_lobby_lounge,105,2026-12-03,false
POS0000686,PMS000341,guest_key_00341,valet_parking,70,2026-12-02,false
POS0000687,PMS000342,guest_key_00342,palma_lobby_lounge,25,2026-05-17,false
POS0000688,PMS000342,guest_key_00342,in_room_dining,90,2026-05-17,false
POS0000689,,guest_key_00342,calabra_rooftop,735,2026-05-17,false
POS0000690,PMS000342,guest_key_00342,in_room_dining,25,2026-05-17,false
POS0000691,PMS000343,,calabra_rooftop,140,2026-02-07,false
POS0000692,PMS000343,guest_key_00343,palma_lobby_lounge,135,2026-02-06,false
POS0000693,PMS000343,guest_key_00343,spa_wellness,60,2026-02-07,true
POS0000694,PMS000343,guest_key_00343,calabra_rooftop,165,2026-02-07,false
POS0000695,PMS000344,guest_key_00344,valet_parking,70,2026-12-12,false
POS0000696,PMS000344,guest_key_00344,calabra_rooftop,330,2026-12-11,false
POS0000697,PMS000345,guest_key_00345,palma_lobby_lounge,345,2026-03-01,false
POS0000698,PMS000346,guest_key_00346,valet_parking,75,2026-04-12,false
POS0000699,PMS000346,guest_key_00346,in_room_dining,150,2026-04-12,false
POS0000700,PMS000346,guest_key_00346,calabra_rooftop,170,2026-04-12,false
POS0000701,PMS000346,guest_key_00346,calabra_rooftop,130,2026-04-11,false
POS0000702,PMS000347,guest_key_00347,calabra_rooftop,100,2026-02-13,true
POS0000703,PMS000348,guest_key_00348,palma_lobby_lounge,85,2026-01-10,false
POS0000704,PMS000348,,mini_bar_amenity,40,2026-01-11,false
POS0000705,PMS000350,guest_key_00350,valet_parking,125,2026-09-26,false
POS0000706,PMS000350,guest_key_00350,in_room_dining,80,2026-09-27,false
POS0000707,PMS000351,guest_key_00351,palma_lobby_lounge,75,2026-05-28,false
POS0000708,,,palma_lobby_lounge,70,2026-05-26,false
POS0000709,PMS000351,guest_key_00351,mini_bar_amenity,35,2026-05-28,false
POS0000710,PMS000351,guest_key_00351,calabra_rooftop,205,2026-05-26,false
POS0000711,PMS000352,guest_key_00352,calabra_rooftop,290,2026-02-22,false
POS0000712,PMS000352,guest_key_00352,calabra_rooftop,275,2026-02-25,false
POS0000713,PMS000352,guest_key_00352,valet_parking,45,2026-02-25,false
POS0000714,PMS000352,guest_key_00352,palma_lobby_lounge,35,2026-02-25,false
POS0000715,PMS000355,guest_key_00355,calabra_rooftop,180,2026-09-15,false
POS0000716,PMS000356,guest_key_00356,calabra_rooftop,70,2026-05-03,false
POS0000717,PMS000356,guest_key_00356,valet_parking,70,2026-05-03,false
POS0000718,PMS000357,guest_key_00357,in_room_dining,435,2026-06-03,false
POS0000719,PMS000357,guest_key_00357,calabra_rooftop,705,2026-06-04,false
POS0000720,PMS000357,,valet_parking,60,2026-06-03,true
POS0000721,PMS000357,guest_key_00357,mini_bar_amenity,125,2026-06-03,false
POS0000722,PMS000358,guest_key_00358,palma_lobby_lounge,75,2026-08-20,false
POS0000723,PMS000358,guest_key_00358,spa_wellness,415,2026-08-19,false
POS0000724,PMS000360,guest_key_00360,calabra_rooftop,100,2026-06-13,false
POS0000725,PMS000361,guest_key_00361,mini_bar_amenity,60,2026-04-18,false
POS0000726,PMS000361,guest_key_00361,valet_parking,70,2026-04-18,false
POS0000727,PMS000361,guest_key_00361,palma_lobby_lounge,65,2026-04-17,false
POS0000728,PMS000362,guest_key_00362,mini_bar_amenity,65,2026-03-03,false
POS0000729,PMS000362,guest_key_00362,calabra_rooftop,55,2026-03-03,false
POS0000730,PMS000363,guest_key_00363,calabra_rooftop,120,2026-04-02,false
POS0000731,PMS000363,,palma_lobby_lounge,45,2026-04-02,false
POS0000732,PMS000363,,calabra_rooftop,60,2026-04-02,false
POS0000733,,guest_key_00365,palma_lobby_lounge,195,2026-05-29,false
POS0000734,PMS000365,guest_key_00365,palma_lobby_lounge,65,2026-05-28,false
POS0000735,PMS000365,guest_key_00365,palma_lobby_lounge,65,2026-05-29,false
POS0000736,PMS000365,guest_key_00365,in_room_dining,55,2026-05-28,false
POS0000737,PMS000366,,calabra_rooftop,90,2026-12-10,false
POS0000738,PMS000366,,mini_bar_amenity,45,2026-12-09,false
POS0000739,PMS000366,guest_key_00366,calabra_rooftop,60,2026-12-11,false
POS0000740,PMS000367,guest_key_00367,spa_wellness,160,2026-09-25,false
POS0000741,PMS000367,guest_key_00367,spa_wellness,210,2026-09-23,false
POS0000742,PMS000367,guest_key_00367,calabra_rooftop,150,2026-09-24,false
POS0000743,PMS000367,guest_key_00367,valet_parking,35,2026-09-25,false
POS0000744,PMS000368,guest_key_00368,palma_lobby_lounge,60,2026-10-27,false
POS0000745,PMS000369,guest_key_00369,spa_wellness,435,2026-10-04,false
POS0000746,PMS000369,guest_key_00369,mini_bar_amenity,55,2026-10-02,false
POS0000747,PMS000370,guest_key_00370,calabra_rooftop,330,2026-02-25,false
POS0000748,PMS000371,,mini_bar_amenity,75,2026-09-04,false
POS0000749,PMS000371,guest_key_00371,spa_wellness,280,2026-08-30,false
POS0000750,PMS000372,guest_key_00372,palma_lobby_lounge,30,2026-06-17,false
POS0000751,PMS000372,guest_key_00372,valet_parking,75,2026-06-17,false
POS0000752,PMS000372,guest_key_00372,palma_lobby_lounge,395,2026-06-17,false
POS0000753,PMS000373,guest_key_00373,valet_parking,125,2026-03-23,false
POS0000754,PMS000375,,calabra_rooftop,310,2026-09-07,false
POS0000755,PMS000376,guest_key_00376,palma_lobby_lounge,60,2026-07-16,false
POS0000756,PMS000376,guest_key_00376,calabra_rooftop,60,2026-07-13,false
POS0000757,PMS000377,guest_key_00377,calabra_rooftop,140,2026-09-23,false
POS0000758,PMS000377,guest_key_00377,spa_wellness,145,2026-09-25,false
POS0000759,PMS000377,guest_key_00377,valet_parking,155,2026-09-23,false
POS0000760,PMS000377,guest_key_00377,mini_bar_amenity,45,2026-09-24,false
POS0000761,PMS000380,guest_key_00380,spa_wellness,230,2026-02-02,false
POS0000762,PMS000380,guest_key_00380,calabra_rooftop,310,2026-02-02,false
POS0000763,PMS000380,guest_key_00380,spa_wellness,405,2026-02-04,false
POS0000764,PMS000381,guest_key_00381,spa_wellness,350,2026-10-20,false
POS0000765,PMS000382,guest_key_00382,calabra_rooftop,275,2026-07-14,false
POS0000766,PMS000382,guest_key_00382,spa_wellness,505,2026-07-14,false
POS0000767,PMS000382,guest_key_00382,palma_lobby_lounge,185,2026-07-14,false
POS0000768,PMS000382,guest_key_00382,palma_lobby_lounge,260,2026-07-14,false
POS0000769,PMS000384,guest_key_00384,in_room_dining,140,2026-12-19,false
POS0000770,PMS000384,guest_key_00384,calabra_rooftop,105,2026-12-25,false
POS0000771,PMS000384,,calabra_rooftop,155,2026-12-20,true
POS0000772,PMS000385,guest_key_00385,valet_parking,60,2026-10-10,false
POS0000773,PMS000385,guest_key_00385,palma_lobby_lounge,50,2026-10-06,false
POS0000774,PMS000385,guest_key_00385,palma_lobby_lounge,75,2026-10-10,false
POS0000775,PMS000386,,mini_bar_amenity,70,2026-09-25,false
POS0000776,PMS000386,guest_key_00386,in_room_dining,110,2026-09-25,false
POS0000777,PMS000387,guest_key_00387,mini_bar_amenity,35,2026-06-22,false
POS0000778,,guest_key_00388,palma_lobby_lounge,75,2026-08-21,false
POS0000779,PMS000388,guest_key_00388,calabra_rooftop,235,2026-08-21,false
POS0000780,PMS000388,guest_key_00388,valet_parking,30,2026-08-21,false
POS0000781,PMS000388,guest_key_00388,calabra_rooftop,580,2026-08-21,false
POS0000782,PMS000389,guest_key_00389,palma_lobby_lounge,165,2026-01-19,true
POS0000783,PMS000389,guest_key_00389,in_room_dining,160,2026-01-18,false
POS0000784,PMS000389,guest_key_00389,mini_bar_amenity,155,2026-01-19,false
POS0000785,PMS000389,,spa_wellness,200,2026-01-18,false
POS0000786,PMS000391,guest_key_00391,palma_lobby_lounge,30,2026-09-12,false
POS0000787,PMS000391,guest_key_00391,mini_bar_amenity,35,2026-09-10,false
POS0000788,PMS000392,guest_key_00392,palma_lobby_lounge,115,2026-03-19,false
POS0000789,PMS000392,guest_key_00392,palma_lobby_lounge,105,2026-03-20,false
POS0000790,PMS000392,guest_key_00392,palma_lobby_lounge,80,2026-03-20,false
POS0000791,PMS000392,guest_key_00392,palma_lobby_lounge,100,2026-03-20,false
POS0000792,PMS000393,,in_room_dining,115,2026-01-20,false
POS0000793,PMS000393,guest_key_00393,valet_parking,155,2026-01-19,false
POS0000794,PMS000394,guest_key_00394,mini_bar_amenity,110,2026-08-19,false
POS0000795,PMS000394,guest_key_00394,palma_lobby_lounge,85,2026-08-18,false
POS0000796,PMS000394,guest_key_00394,calabra_rooftop,615,2026-08-17,false
POS0000797,PMS000394,,palma_lobby_lounge,225,2026-08-14,false
POS0000798,PMS000395,guest_key_00395,valet_parking,60,2026-11-06,false
POS0000799,PMS000397,guest_key_00397,calabra_rooftop,115,2026-07-28,false
POS0000800,PMS000397,,valet_parking,25,2026-07-27,true
POS0000801,PMS000398,guest_key_00398,mini_bar_amenity,60,2026-07-08,false
POS0000802,PMS000398,guest_key_00398,spa_wellness,245,2026-07-05,false
POS0000803,PMS000398,guest_key_00398,calabra_rooftop,165,2026-07-10,false
POS0000804,,guest_key_00399,valet_parking,115,2026-07-28,false
POS0000805,PMS000399,,in_room_dining,265,2026-07-27,false
POS0000806,PMS000399,guest_key_00399,calabra_rooftop,190,2026-07-28,false
POS0000807,,guest_key_00400,palma_lobby_lounge,105,2026-08-22,false
POS0000808,PMS000401,guest_key_00401,calabra_rooftop,195,2026-01-09,false
POS0000809,PMS000401,guest_key_00401,valet_parking,55,2026-01-10,false
POS0000810,PMS000401,guest_key_00401,valet_parking,70,2026-01-09,false
POS0000811,PMS000402,guest_key_00402,valet_parking,120,2026-02-20,false
POS0000812,PMS000402,guest_key_00402,calabra_rooftop,270,2026-02-18,false
POS0000813,PMS000402,guest_key_00402,mini_bar_amenity,205,2026-02-20,false
POS0000814,PMS000402,,calabra_rooftop,145,2026-02-18,false
POS0000815,PMS000403,guest_key_00403,palma_lobby_lounge,115,2026-07-08,false
POS0000816,PMS000403,guest_key_00403,in_room_dining,210,2026-07-09,false
POS0000817,PMS000404,guest_key_00404,spa_wellness,115,2026-11-05,false
POS0000818,PMS000404,guest_key_00404,calabra_rooftop,215,2026-11-05,false
POS0000819,PMS000404,guest_key_00404,calabra_rooftop,330,2026-11-05,false
POS0000820,PMS000404,guest_key_00404,palma_lobby_lounge,100,2026-11-05,false
POS0000821,PMS000406,guest_key_00406,in_room_dining,175,2026-05-12,false
POS0000822,PMS000406,,calabra_rooftop,415,2026-05-12,false
POS0000823,PMS000407,guest_key_00407,in_room_dining,70,2026-05-16,false
POS0000824,PMS000408,guest_key_00408,spa_wellness,560,2026-11-18,false
POS0000825,PMS000408,guest_key_00408,mini_bar_amenity,30,2026-11-18,false
POS0000826,PMS000408,guest_key_00408,in_room_dining,55,2026-11-20,true
POS0000827,PMS000408,guest_key_00408,valet_parking,25,2026-11-20,false
POS0000828,PMS000409,guest_key_00409,spa_wellness,695,2026-08-04,false
POS0000829,PMS000409,guest_key_00409,calabra_rooftop,150,2026-08-05,false
POS0000830,PMS000410,guest_key_00410,calabra_rooftop,175,2026-11-13,false
POS0000831,PMS000410,guest_key_00410,calabra_rooftop,200,2026-11-13,false
POS0000832,PMS000412,guest_key_00412,valet_parking,175,2026-11-06,false
POS0000833,PMS000412,guest_key_00412,palma_lobby_lounge,45,2026-11-06,false
POS0000834,PMS000413,guest_key_00413,mini_bar_amenity,35,2026-06-18,false
POS0000835,PMS000413,guest_key_00413,palma_lobby_lounge,130,2026-06-17,false
POS0000836,PMS000413,guest_key_00413,calabra_rooftop,250,2026-06-18,false
POS0000837,PMS000413,guest_key_00413,palma_lobby_lounge,205,2026-06-18,false
POS0000838,PMS000414,guest_key_00414,calabra_rooftop,110,2026-02-07,false
POS0000839,PMS000415,guest_key_00415,spa_wellness,535,2026-04-23,false
POS0000840,PMS000415,guest_key_00415,mini_bar_amenity,65,2026-04-21,false
POS0000841,PMS000415,guest_key_00415,calabra_rooftop,290,2026-04-22,false
POS0000842,PMS000415,guest_key_00415,palma_lobby_lounge,140,2026-04-23,false
POS0000843,PMS000416,guest_key_00416,palma_lobby_lounge,45,2026-03-01,true
POS0000844,PMS000417,,palma_lobby_lounge,170,2026-03-19,false
POS0000845,PMS000417,guest_key_00417,calabra_rooftop,130,2026-03-17,false
POS0000846,PMS000417,guest_key_00417,palma_lobby_lounge,70,2026-03-20,false
POS0000847,PMS000417,guest_key_00417,spa_wellness,170,2026-03-20,false
POS0000848,PMS000418,guest_key_00418,palma_lobby_lounge,40,2026-05-08,false
POS0000849,PMS000419,guest_key_00419,palma_lobby_lounge,55,2026-12-11,false
POS0000850,PMS000420,guest_key_00420,palma_lobby_lounge,130,2026-01-08,false
POS0000851,PMS000420,guest_key_00420,calabra_rooftop,345,2026-01-08,false
POS0000852,PMS000421,guest_key_00421,calabra_rooftop,95,2026-07-14,false
POS0000853,PMS000421,guest_key_00421,spa_wellness,350,2026-07-12,false
POS0000854,PMS000421,guest_key_00421,calabra_rooftop,80,2026-07-10,false
POS0000855,PMS000421,guest_key_00421,calabra_rooftop,205,2026-07-10,false
POS0000856,PMS000422,guest_key_00422,palma_lobby_lounge,115,2026-05-21,false
POS0000857,PMS000423,guest_key_00423,palma_lobby_lounge,130,2026-10-08,false
POS0000858,PMS000423,guest_key_00423,palma_lobby_lounge,90,2026-10-07,false
POS0000859,PMS000423,guest_key_00423,in_room_dining,105,2026-10-07,false
POS0000860,PMS000424,guest_key_00424,calabra_rooftop,45,2026-01-27,false
POS0000861,PMS000424,guest_key_00424,valet_parking,170,2026-01-28,false
POS0000862,PMS000426,guest_key_00426,valet_parking,85,2026-11-03,false
POS0000863,PMS000426,guest_key_00426,spa_wellness,165,2026-11-03,false
POS0000864,PMS000427,guest_key_00427,mini_bar_amenity,70,2026-11-24,false
POS0000865,PMS000427,guest_key_00427,calabra_rooftop,340,2026-11-24,false
POS0000866,PMS000429,guest_key_00429,spa_wellness,225,2026-05-22,false
POS0000867,PMS000429,guest_key_00429,calabra_rooftop,160,2026-05-23,false
POS0000868,PMS000430,guest_key_00430,calabra_rooftop,150,2026-12-25,false
POS0000869,PMS000430,guest_key_00430,valet_parking,115,2026-12-25,false
POS0000870,PMS000430,guest_key_00430,calabra_rooftop,235,2026-12-26,false
POS0000871,PMS000430,guest_key_00430,calabra_rooftop,115,2026-12-26,false
POS0000872,PMS000431,guest_key_00431,valet_parking,75,2026-05-13,false
POS0000873,PMS000431,guest_key_00431,calabra_rooftop,140,2026-05-13,false
POS0000874,PMS000431,guest_key_00431,palma_lobby_lounge,190,2026-05-13,false
POS0000875,PMS000432,guest_key_00432,spa_wellness,315,2026-08-24,false
POS0000876,PMS000432,guest_key_00432,calabra_rooftop,135,2026-08-24,false
POS0000877,PMS000432,guest_key_00432,calabra_rooftop,480,2026-08-21,false
POS0000878,PMS000432,guest_key_00432,valet_parking,30,2026-08-20,false
POS0000879,PMS000433,guest_key_00433,calabra_rooftop,185,2026-11-23,false
POS0000880,PMS000433,guest_key_00433,palma_lobby_lounge,170,2026-11-23,false
POS0000881,PMS000433,guest_key_00433,spa_wellness,225,2026-11-23,false
POS0000882,PMS000434,guest_key_00434,valet_parking,70,2026-06-28,false
POS0000883,PMS000434,guest_key_00434,palma_lobby_lounge,75,2026-06-28,false
POS0000884,PMS000434,guest_key_00434,in_room_dining,435,2026-06-28,false
POS0000885,PMS000434,guest_key_00434,palma_lobby_lounge,35,2026-06-28,false
POS0000886,PMS000435,guest_key_00435,calabra_rooftop,295,2026-10-09,false
POS0000887,,,valet_parking,55,2026-10-09,true
POS0000888,PMS000435,guest_key_00435,in_room_dining,110,2026-10-09,false
POS0000889,PMS000436,guest_key_00436,calabra_rooftop,95,2026-10-07,false
POS0000890,PMS000437,guest_key_00437,palma_lobby_lounge,80,2026-10-30,false
POS0000891,PMS000437,guest_key_00437,mini_bar_amenity,115,2026-10-31,false
POS0000892,PMS000439,guest_key_00439,mini_bar_amenity,25,2026-08-15,false
POS0000893,PMS000439,guest_key_00439,calabra_rooftop,195,2026-08-14,false
POS0000894,PMS000439,guest_key_00439,in_room_dining,90,2026-08-14,false
POS0000895,PMS000439,guest_key_00439,in_room_dining,265,2026-08-13,false
POS0000896,PMS000440,guest_key_00440,spa_wellness,160,2026-09-26,false
POS0000897,PMS000440,guest_key_00440,in_room_dining,165,2026-09-26,false
POS0000898,PMS000440,guest_key_00440,spa_wellness,125,2026-09-26,false
POS0000899,PMS000441,guest_key_00441,valet_parking,70,2026-12-16,false
POS0000900,PMS000441,guest_key_00441,calabra_rooftop,220,2026-12-15,false
POS0000901,PMS000442,guest_key_00442,calabra_rooftop,105,2026-06-02,false
POS0000902,PMS000442,guest_key_00442,in_room_dining,185,2026-06-04,false
POS0000903,PMS000442,guest_key_00442,calabra_rooftop,255,2026-06-02,false
POS0000904,PMS000443,guest_key_00443,palma_lobby_lounge,50,2026-03-18,false
POS0000905,PMS000443,guest_key_00443,palma_lobby_lounge,75,2026-03-16,false
POS0000906,PMS000444,guest_key_00444,calabra_rooftop,65,2026-09-20,true
POS0000907,PMS000445,guest_key_00445,in_room_dining,125,2026-08-07,false
POS0000908,PMS000447,guest_key_00447,calabra_rooftop,85,2026-03-14,false
POS0000909,PMS000447,guest_key_00447,calabra_rooftop,295,2026-03-17,false
POS0000910,PMS000448,guest_key_00448,spa_wellness,155,2026-04-26,false
POS0000911,PMS000449,guest_key_00449,valet_parking,160,2026-05-19,false
POS0000912,PMS000449,guest_key_00449,spa_wellness,200,2026-05-21,false
POS0000913,PMS000449,guest_key_00449,spa_wellness,410,2026-05-21,false
POS0000914,PMS000450,guest_key_00450,valet_parking,40,2026-07-13,false
POS0000915,PMS000450,guest_key_00450,valet_parking,40,2026-07-13,false
POS0000916,PMS000450,guest_key_00450,calabra_rooftop,445,2026-07-13,false
POS0000917,PMS000452,guest_key_00452,palma_lobby_lounge,55,2026-02-06,false
POS0000918,PMS000452,guest_key_00452,in_room_dining,190,2026-02-05,false
POS0000919,PMS000452,guest_key_00452,valet_parking,215,2026-02-05,false
POS0000920,PMS000452,,in_room_dining,100,2026-02-05,false
POS0000921,PMS000453,guest_key_00453,palma_lobby_lounge,110,2026-09-05,true
POS0000922,PMS000453,guest_key_00453,palma_lobby_lounge,150,2026-09-05,false
POS0000923,PMS000453,guest_key_00453,valet_parking,145,2026-09-05,false
POS0000924,PMS000453,guest_key_00453,palma_lobby_lounge,40,2026-09-05,false
POS0000925,PMS000455,guest_key_00455,valet_parking,90,2026-09-17,false
POS0000926,PMS000455,guest_key_00455,palma_lobby_lounge,100,2026-09-17,false
POS0000927,PMS000456,guest_key_00456,spa_wellness,260,2026-10-13,false
POS0000928,PMS000456,guest_key_00456,mini_bar_amenity,40,2026-10-15,false
POS0000929,PMS000456,,palma_lobby_lounge,85,2026-10-15,false
POS0000930,,guest_key_00456,calabra_rooftop,245,2026-10-11,false
POS0000931,PMS000457,guest_key_00457,valet_parking,100,2026-11-14,false
POS0000932,PMS000457,guest_key_00457,calabra_rooftop,75,2026-11-14,false
POS0000933,PMS000459,guest_key_00459,valet_parking,55,2026-10-31,false
POS0000934,PMS000459,guest_key_00459,in_room_dining,40,2026-11-01,false
POS0000935,PMS000460,guest_key_00460,calabra_rooftop,215,2026-01-31,false
POS0000936,PMS000460,guest_key_00460,calabra_rooftop,135,2026-01-31,false
POS0000937,PMS000461,guest_key_00461,calabra_rooftop,730,2026-07-01,false
POS0000938,PMS000461,guest_key_00461,valet_parking,60,2026-07-01,false
POS0000939,PMS000461,guest_key_00461,calabra_rooftop,315,2026-07-01,false
POS0000940,PMS000461,guest_key_00461,spa_wellness,565,2026-07-01,false
POS0000941,PMS000462,guest_key_00462,calabra_rooftop,295,2026-05-04,false
POS0000942,PMS000462,,spa_wellness,110,2026-05-03,false
POS0000943,PMS000462,guest_key_00462,in_room_dining,215,2026-05-07,false
POS0000944,PMS000462,guest_key_00462,calabra_rooftop,150,2026-05-04,true
POS0000945,PMS000463,,mini_bar_amenity,60,2026-05-26,false
POS0000946,PMS000463,guest_key_00463,spa_wellness,645,2026-05-24,false
POS0000947,,guest_key_00463,spa_wellness,270,2026-05-28,false
POS0000948,,,mini_bar_amenity,70,2026-05-26,false
POS0000949,PMS000464,guest_key_00464,calabra_rooftop,540,2026-02-08,false
POS0000950,,guest_key_00464,calabra_rooftop,185,2026-02-07,false
POS0000951,PMS000466,guest_key_00466,calabra_rooftop,265,2026-07-28,false
POS0000952,PMS000466,guest_key_00466,calabra_rooftop,195,2026-07-28,false
POS0000953,PMS000466,guest_key_00466,calabra_rooftop,160,2026-07-28,false
POS0000954,PMS000467,guest_key_00467,palma_lobby_lounge,45,2026-01-28,false
POS0000955,PMS000468,,spa_wellness,310,2026-09-10,false
POS0000956,PMS000468,guest_key_00468,palma_lobby_lounge,50,2026-09-11,false
POS0000957,PMS000468,guest_key_00468,valet_parking,125,2026-09-10,false
POS0000958,PMS000468,guest_key_00468,calabra_rooftop,225,2026-09-11,false
POS0000959,PMS000469,guest_key_00469,calabra_rooftop,160,2026-04-16,false
POS0000960,PMS000469,guest_key_00469,valet_parking,150,2026-04-12,false
POS0000961,PMS000469,guest_key_00469,in_room_dining,325,2026-04-11,false
POS0000962,PMS000469,guest_key_00469,palma_lobby_lounge,150,2026-04-13,false
POS0000963,PMS000470,guest_key_00470,palma_lobby_lounge,60,2026-07-19,false
POS0000964,PMS000471,guest_key_00471,valet_parking,50,2026-10-11,false
POS0000965,PMS000471,guest_key_00471,calabra_rooftop,360,2026-10-13,false
POS0000966,PMS000471,guest_key_00471,calabra_rooftop,130,2026-10-11,false
POS0000967,PMS000472,,palma_lobby_lounge,30,2026-01-21,false
POS0000968,PMS000472,guest_key_00472,calabra_rooftop,150,2026-01-26,false
POS0000969,PMS000472,guest_key_00472,palma_lobby_lounge,65,2026-01-21,false
POS0000970,PMS000473,guest_key_00473,spa_wellness,280,2026-03-10,false
POS0000971,PMS000473,guest_key_00473,calabra_rooftop,195,2026-03-10,false
POS0000972,PMS000473,guest_key_00473,spa_wellness,130,2026-03-10,false
POS0000973,PMS000474,guest_key_00474,calabra_rooftop,95,2026-04-10,false
POS0000974,PMS000474,guest_key_00474,calabra_rooftop,240,2026-04-10,false
POS0000975,,guest_key_00474,palma_lobby_lounge,95,2026-04-10,false
POS0000976,PMS000474,guest_key_00474,mini_bar_amenity,20,2026-04-12,false
POS0000977,PMS000475,guest_key_00475,calabra_rooftop,160,2026-02-06,false
POS0000978,PMS000475,guest_key_00475,valet_parking,80,2026-02-06,false
POS0000979,PMS000476,guest_key_00476,mini_bar_amenity,45,2026-11-13,false
POS0000980,PMS000476,,valet_parking,150,2026-11-13,false
POS0000981,PMS000477,guest_key_00477,palma_lobby_lounge,60,2026-02-03,false
POS0000982,PMS000477,guest_key_00477,spa_wellness,160,2026-02-03,false
POS0000983,PMS000477,,calabra_rooftop,170,2026-02-04,false
POS0000984,PMS000477,guest_key_00477,palma_lobby_lounge,185,2026-02-04,false
POS0000985,,guest_key_00478,in_room_dining,100,2026-11-04,false
POS0000986,PMS000478,guest_key_00478,in_room_dining,130,2026-11-03,false
POS0000987,PMS000478,guest_key_00478,palma_lobby_lounge,60,2026-11-06,false
POS0000988,PMS000479,guest_key_00479,valet_parking,115,2026-02-24,false
POS0000989,PMS000479,guest_key_00479,valet_parking,145,2026-02-24,false
POS0000990,PMS000479,guest_key_00479,palma_lobby_lounge,100,2026-02-24,false
POS0000991,PMS000480,guest_key_00480,in_room_dining,515,2026-12-24,false
POS0000992,PMS000480,guest_key_00480,in_room_dining,175,2026-12-24,false
POS0000993,PMS000480,guest_key_00480,palma_lobby_lounge,200,2026-12-26,false
POS0000994,PMS000480,guest_key_00480,spa_wellness,270,2026-12-25,false
POS0000995,PMS000481,guest_key_00481,palma_lobby_lounge,45,2026-11-30,false
POS0000996,PMS000481,guest_key_00481,calabra_rooftop,120,2026-11-29,false
POS0000997,PMS000481,,mini_bar_amenity,25,2026-11-29,false
POS0000998,PMS000481,guest_key_00481,in_room_dining,50,2026-11-29,false
POS0000999,PMS000482,guest_key_00482,calabra_rooftop,335,2026-09-08,false
POS0001000,PMS000482,guest_key_00482,in_room_dining,85,2026-09-08,false
POS0001001,PMS000482,guest_key_00482,valet_parking,85,2026-09-08,false
POS0001002,PMS000482,,palma_lobby_lounge,90,2026-09-08,false
POS0001003,PMS000483,guest_key_00483,calabra_rooftop,300,2026-11-07,false
POS0001004,PMS000483,guest_key_00483,in_room_dining,50,2026-11-06,false
POS0001005,PMS000483,guest_key_00483,valet_parking,70,2026-11-06,false
POS0001006,PMS000485,guest_key_00485,calabra_rooftop,550,2026-12-18,false
POS0001007,PMS000485,guest_key_00485,palma_lobby_lounge,90,2026-12-18,false
POS0001008,PMS000486,guest_key_00486,calabra_rooftop,75,2026-02-27,false
POS0001009,PMS000487,guest_key_00487,calabra_rooftop,355,2026-10-09,false
POS0001010,PMS000487,guest_key_00487,palma_lobby_lounge,65,2026-10-10,false
POS0001011,PMS000487,guest_key_00487,in_room_dining,200,2026-10-08,false
POS0001012,PMS000488,guest_key_00488,calabra_rooftop,90,2026-12-06,false
POS0001013,PMS000489,guest_key_00489,spa_wellness,315,2026-01-28,false
POS0001014,PMS000489,guest_key_00489,calabra_rooftop,180,2026-01-28,false
POS0001015,PMS000490,guest_key_00490,calabra_rooftop,240,2026-02-26,false
POS0001016,PMS000490,guest_key_00490,calabra_rooftop,135,2026-02-26,false
POS0001017,PMS000490,guest_key_00490,in_room_dining,285,2026-02-27,false
POS0001018,PMS000490,guest_key_00490,calabra_rooftop,130,2026-02-27,false
POS0001019,PMS000491,guest_key_00491,calabra_rooftop,185,2026-07-26,false
POS0001020,PMS000491,guest_key_00491,valet_parking,55,2026-07-26,false
POS0001021,PMS000491,guest_key_00491,spa_wellness,190,2026-07-27,false
POS0001022,PMS000491,guest_key_00491,valet_parking,105,2026-07-24,false
POS0001023,PMS000492,guest_key_00492,in_room_dining,320,2026-07-22,false
POS0001024,PMS000492,guest_key_00492,palma_lobby_lounge,165,2026-07-20,false
POS0001025,PMS000492,guest_key_00492,palma_lobby_lounge,120,2026-07-22,false
POS0001026,PMS000493,guest_key_00493,mini_bar_amenity,30,2026-07-15,false
POS0001027,PMS000493,guest_key_00493,in_room_dining,105,2026-07-15,false
POS0001028,PMS000495,guest_key_00495,valet_parking,60,2026-07-29,false
POS0001029,PMS000495,guest_key_00495,mini_bar_amenity,20,2026-07-29,false
POS0001030,PMS000498,guest_key_00498,in_room_dining,240,2026-01-01,false
POS0001031,PMS000498,guest_key_00498,calabra_rooftop,40,2026-01-04,false
POS0001032,PMS000498,guest_key_00498,valet_parking,65,2026-01-01,false
POS0001033,PMS000499,guest_key_00499,calabra_rooftop,300,2026-02-25,false
POS0001034,PMS000499,guest_key_00499,in_room_dining,155,2026-02-26,false
POS0001035,PMS000499,guest_key_00499,spa_wellness,220,2026-02-26,false
POS0001036,PMS000500,guest_key_00500,calabra_rooftop,145,2026-11-12,false
POS0001037,PMS000500,,palma_lobby_lounge,160,2026-11-13,false
POS0001038,PMS000501,guest_key_00501,palma_lobby_lounge,55,2026-11-30,false
POS0001039,PMS000501,guest_key_00501,calabra_rooftop,295,2026-11-30,false
POS0001040,PMS000501,guest_key_00501,mini_bar_amenity,75,2026-11-29,false
POS0001041,PMS000501,guest_key_00501,calabra_rooftop,220,2026-11-29,false
POS0001042,PMS000502,guest_key_00502,valet_parking,125,2026-01-24,false
POS0001043,PMS000502,guest_key_00502,palma_lobby_lounge,70,2026-01-23,true
POS0001044,PMS000502,guest_key_00502,calabra_rooftop,340,2026-01-22,false
POS0001045,PMS000503,guest_key_00503,palma_lobby_lounge,20,2026-05-24,false
POS0001046,PMS000504,guest_key_00504,mini_bar_amenity,25,2026-12-05,false
POS0001047,PMS000504,guest_key_00504,calabra_rooftop,200,2026-12-05,false
POS0001048,PMS000504,guest_key_00504,spa_wellness,100,2026-12-05,false
POS0001049,PMS000504,guest_key_00504,calabra_rooftop,235,2026-12-05,false
POS0001050,PMS000505,guest_key_00505,calabra_rooftop,100,2026-12-10,false
POS0001051,PMS000505,guest_key_00505,palma_lobby_lounge,90,2026-12-10,false
POS0001052,PMS000505,guest_key_00505,valet_parking,40,2026-12-10,false
POS0001053,PMS000505,guest_key_00505,calabra_rooftop,85,2026-12-10,false
POS0001054,PMS000506,,calabra_rooftop,195,2026-09-09,false
POS0001055,,guest_key_00506,spa_wellness,265,2026-09-09,false
POS0001056,PMS000507,guest_key_00507,calabra_rooftop,130,2026-05-09,false
POS0001057,PMS000507,guest_key_00507,calabra_rooftop,215,2026-05-09,false
POS0001058,PMS000512,guest_key_00512,calabra_rooftop,145,2026-03-13,false
POS0001059,PMS000512,,valet_parking,150,2026-03-12,false
POS0001060,PMS000512,guest_key_00512,calabra_rooftop,240,2026-03-12,false
POS0001061,PMS000512,,palma_lobby_lounge,170,2026-03-13,false
POS0001062,PMS000513,guest_key_00513,calabra_rooftop,45,2026-10-14,false
POS0001063,PMS000514,guest_key_00514,palma_lobby_lounge,210,2026-01-23,false
POS0001064,PMS000516,guest_key_00516,palma_lobby_lounge,165,2026-10-29,false
POS0001065,PMS000516,guest_key_00516,mini_bar_amenity,70,2026-10-31,false
POS0001066,PMS000516,guest_key_00516,mini_bar_amenity,75,2026-10-30,false
POS0001067,PMS000516,guest_key_00516,palma_lobby_lounge,60,2026-10-29,true
POS0001068,PMS000518,guest_key_00518,palma_lobby_lounge,75,2026-01-16,false
POS0001069,PMS000518,guest_key_00518,palma_lobby_lounge,60,2026-01-16,false
POS0001070,PMS000518,guest_key_00518,calabra_rooftop,150,2026-01-16,false
POS0001071,PMS000519,guest_key_00519,palma_lobby_lounge,20,2026-08-17,false
POS0001072,,guest_key_00519,palma_lobby_lounge,360,2026-08-17,false
POS0001073,PMS000519,,in_room_dining,195,2026-08-17,true
POS0001074,PMS000520,guest_key_00520,calabra_rooftop,505,2026-03-17,false
POS0001075,PMS000523,guest_key_00523,calabra_rooftop,95,2026-07-20,false
POS0001076,PMS000523,guest_key_00523,calabra_rooftop,110,2026-07-20,true
POS0001077,PMS000523,,palma_lobby_lounge,385,2026-07-20,false
POS0001078,PMS000523,guest_key_00523,calabra_rooftop,70,2026-07-20,false
POS0001079,PMS000524,guest_key_00524,in_room_dining,215,2026-03-08,true
POS0001080,PMS000525,guest_key_00525,calabra_rooftop,300,2026-03-13,false
POS0001081,PMS000525,guest_key_00525,calabra_rooftop,80,2026-03-11,false
POS0001082,PMS000526,guest_key_00526,palma_lobby_lounge,65,2026-06-25,false
POS0001083,PMS000526,,calabra_rooftop,370,2026-06-25,false
POS0001084,PMS000526,guest_key_00526,calabra_rooftop,265,2026-06-24,false
POS0001085,PMS000526,guest_key_00526,calabra_rooftop,240,2026-06-22,false
POS0001086,PMS000528,guest_key_00528,mini_bar_amenity,25,2026-11-03,false
POS0001087,PMS000528,guest_key_00528,palma_lobby_lounge,125,2026-11-05,false
POS0001088,PMS000528,guest_key_00528,calabra_rooftop,270,2026-11-05,false
POS0001089,PMS000529,guest_key_00529,palma_lobby_lounge,175,2026-06-13,false
POS0001090,PMS000529,guest_key_00529,calabra_rooftop,190,2026-06-14,false
POS0001091,PMS000529,guest_key_00529,palma_lobby_lounge,95,2026-06-13,false
POS0001092,PMS000529,guest_key_00529,palma_lobby_lounge,115,2026-06-14,false
POS0001093,PMS000530,,valet_parking,105,2026-12-26,false
POS0001094,PMS000530,guest_key_00530,calabra_rooftop,165,2026-12-27,false
POS0001095,PMS000530,guest_key_00530,in_room_dining,50,2026-12-28,false
POS0001096,PMS000531,guest_key_00531,in_room_dining,270,2026-08-31,false
POS0001097,PMS000531,guest_key_00531,mini_bar_amenity,75,2026-08-31,false
POS0001098,PMS000531,guest_key_00531,in_room_dining,250,2026-08-31,false
POS0001099,PMS000531,guest_key_00531,palma_lobby_lounge,100,2026-08-31,false
POS0001100,PMS000532,guest_key_00532,spa_wellness,445,2026-06-16,false
POS0001101,PMS000534,guest_key_00534,spa_wellness,190,2026-04-21,false
POS0001102,PMS000534,guest_key_00534,palma_lobby_lounge,110,2026-04-21,false
POS0001103,PMS000536,guest_key_00536,calabra_rooftop,215,2026-05-22,false
POS0001104,PMS000536,guest_key_00536,calabra_rooftop,50,2026-05-22,false
POS0001105,PMS000536,,calabra_rooftop,95,2026-05-22,false
POS0001106,PMS000536,guest_key_00536,valet_parking,145,2026-05-19,false
POS0001107,PMS000537,guest_key_00537,palma_lobby_lounge,135,2026-05-19,false
POS0001108,PMS000537,,valet_parking,50,2026-05-21,false
POS0001109,PMS000537,guest_key_00537,palma_lobby_lounge,70,2026-05-19,true
POS0001110,PMS000537,guest_key_00537,calabra_rooftop,240,2026-05-21,false
POS0001111,PMS000538,guest_key_00538,calabra_rooftop,260,2026-06-21,false
POS0001112,PMS000538,guest_key_00538,palma_lobby_lounge,105,2026-06-24,false
POS0001113,PMS000538,,mini_bar_amenity,20,2026-06-24,false
POS0001114,PMS000539,guest_key_00539,palma_lobby_lounge,125,2026-05-04,false
POS0001115,PMS000539,guest_key_00539,valet_parking,30,2026-05-05,false
POS0001116,PMS000540,guest_key_00540,valet_parking,125,2026-12-27,false
POS0001117,PMS000540,guest_key_00540,palma_lobby_lounge,100,2026-12-23,false
POS0001118,PMS000540,guest_key_00540,mini_bar_amenity,65,2026-12-24,false
POS0001119,PMS000540,guest_key_00540,in_room_dining,70,2026-12-27,false
POS0001120,PMS000541,guest_key_00541,in_room_dining,95,2026-10-28,false
POS0001121,PMS000541,guest_key_00541,valet_parking,40,2026-10-28,false
POS0001122,PMS000541,guest_key_00541,palma_lobby_lounge,190,2026-10-28,false
POS0001123,PMS000542,,calabra_rooftop,335,2026-08-07,false
POS0001124,PMS000542,guest_key_00542,in_room_dining,25,2026-08-07,false
POS0001125,PMS000543,guest_key_00543,in_room_dining,535,2026-10-28,false
POS0001126,PMS000543,guest_key_00543,palma_lobby_lounge,140,2026-10-30,false
POS0001127,PMS000543,guest_key_00543,spa_wellness,135,2026-10-27,true
POS0001128,PMS000543,guest_key_00543,spa_wellness,385,2026-10-29,false
POS0001129,,guest_key_00544,calabra_rooftop,285,2026-07-20,false
POS0001130,PMS000545,guest_key_00545,mini_bar_amenity,45,2026-03-22,false
POS0001131,PMS000545,guest_key_00545,mini_bar_amenity,90,2026-03-22,false
POS0001132,PMS000545,,calabra_rooftop,180,2026-03-19,false
POS0001133,PMS000546,guest_key_00546,palma_lobby_lounge,235,2026-07-26,false
POS0001134,PMS000547,,calabra_rooftop,70,2026-11-19,false
POS0001135,PMS000548,guest_key_00548,palma_lobby_lounge,85,2026-04-28,false
POS0001136,PMS000548,guest_key_00548,mini_bar_amenity,45,2026-04-28,false
POS0001137,PMS000548,guest_key_00548,calabra_rooftop,225,2026-04-28,false
POS0001138,PMS000549,guest_key_00549,valet_parking,100,2026-05-04,false
POS0001139,PMS000550,guest_key_00550,calabra_rooftop,235,2026-04-09,false
POS0001140,PMS000551,guest_key_00551,valet_parking,75,2026-01-14,false
POS0001141,PMS000551,guest_key_00551,calabra_rooftop,350,2026-01-14,false
POS0001142,PMS000551,guest_key_00551,palma_lobby_lounge,155,2026-01-14,false
POS0001143,PMS000551,,calabra_rooftop,200,2026-01-14,false
POS0001144,PMS000552,guest_key_00552,calabra_rooftop,290,2026-06-20,false
POS0001145,PMS000552,guest_key_00552,spa_wellness,310,2026-06-22,true
POS0001146,PMS000553,guest_key_00553,mini_bar_amenity,45,2026-06-24,false
POS0001147,PMS000553,guest_key_00553,palma_lobby_lounge,115,2026-06-24,false
POS0001148,PMS000553,guest_key_00553,valet_parking,105,2026-06-23,false
POS0001149,PMS000553,,calabra_rooftop,80,2026-06-22,false
POS0001150,PMS000555,guest_key_00555,valet_parking,75,2026-12-21,false
POS0001151,PMS000555,guest_key_00555,spa_wellness,450,2026-12-22,false
POS0001152,PMS000556,guest_key_00556,palma_lobby_lounge,155,2026-07-03,false
POS0001153,PMS000556,guest_key_00556,valet_parking,65,2026-07-03,false
POS0001154,PMS000557,guest_key_00557,calabra_rooftop,410,2026-01-28,false
POS0001155,PMS000557,guest_key_00557,calabra_rooftop,230,2026-01-28,false
POS0001156,PMS000557,guest_key_00557,mini_bar_amenity,60,2026-01-27,false
POS0001157,PMS000557,guest_key_00557,calabra_rooftop,115,2026-01-27,false
POS0001158,PMS000558,guest_key_00558,in_room_dining,225,2026-09-08,false
POS0001159,PMS000558,guest_key_00558,valet_parking,30,2026-09-07,false
POS0001160,PMS000558,guest_key_00558,in_room_dining,60,2026-09-06,false
POS0001161,PMS000558,guest_key_00558,valet_parking,20,2026-09-08,false
POS0001162,PMS000559,guest_key_00559,in_room_dining,260,2026-07-09,false
POS0001163,PMS000559,guest_key_00559,calabra_rooftop,285,2026-07-05,false
POS0001164,PMS000559,guest_key_00559,in_room_dining,115,2026-07-08,false
POS0001165,PMS000559,guest_key_00559,in_room_dining,190,2026-07-05,false
POS0001166,PMS000560,guest_key_00560,palma_lobby_lounge,55,2026-06-08,false
POS0001167,PMS000560,guest_key_00560,valet_parking,55,2026-06-06,false
POS0001168,PMS000560,guest_key_00560,valet_parking,30,2026-06-09,false
POS0001169,PMS000561,guest_key_00561,in_room_dining,70,2026-12-07,true
POS0001170,PMS000562,guest_key_00562,calabra_rooftop,235,2026-09-17,false
POS0001171,PMS000564,,in_room_dining,170,2026-04-18,false
POS0001172,PMS000565,guest_key_00565,calabra_rooftop,465,2026-02-07,false
POS0001173,PMS000565,guest_key_00565,palma_lobby_lounge,75,2026-02-03,false
POS0001174,PMS000565,guest_key_00565,spa_wellness,305,2026-02-03,false
POS0001175,PMS000565,guest_key_00565,palma_lobby_lounge,85,2026-02-07,true
POS0001176,PMS000566,guest_key_00566,palma_lobby_lounge,100,2026-05-10,false
POS0001177,PMS000566,,calabra_rooftop,345,2026-05-10,false
POS0001178,PMS000566,guest_key_00566,valet_parking,70,2026-05-12,false
POS0001179,PMS000566,guest_key_00566,palma_lobby_lounge,155,2026-05-10,false
POS0001180,PMS000567,guest_key_00567,palma_lobby_lounge,45,2026-09-16,false
POS0001181,PMS000567,guest_key_00567,spa_wellness,185,2026-09-18,false
POS0001182,PMS000569,guest_key_00569,calabra_rooftop,165,2026-01-17,false
POS0001183,PMS000569,guest_key_00569,spa_wellness,275,2026-01-23,false
POS0001184,PMS000569,guest_key_00569,spa_wellness,575,2026-01-19,false
POS0001185,PMS000570,guest_key_00570,spa_wellness,370,2026-02-17,false
POS0001186,PMS000570,guest_key_00570,in_room_dining,130,2026-02-16,false
POS0001187,PMS000570,guest_key_00570,palma_lobby_lounge,35,2026-02-17,false
POS0001188,PMS000570,guest_key_00570,palma_lobby_lounge,105,2026-02-17,false
POS0001189,PMS000571,guest_key_00571,calabra_rooftop,370,2026-05-23,false
POS0001190,PMS000572,guest_key_00572,calabra_rooftop,130,2026-09-02,false
POS0001191,PMS000572,,palma_lobby_lounge,80,2026-09-02,false
POS0001192,PMS000572,,palma_lobby_lounge,50,2026-09-02,false
POS0001193,PMS000572,guest_key_00572,valet_parking,45,2026-09-01,false
POS0001194,PMS000573,guest_key_00573,in_room_dining,220,2026-03-03,false
POS0001195,PMS000575,guest_key_00575,palma_lobby_lounge,40,2026-02-24,false
POS0001196,PMS000575,guest_key_00575,mini_bar_amenity,100,2026-02-24,false
POS0001197,PMS000575,guest_key_00575,mini_bar_amenity,50,2026-02-19,false
POS0001198,PMS000576,guest_key_00576,in_room_dining,295,2026-01-20,false
POS0001199,PMS000576,guest_key_00576,spa_wellness,175,2026-01-18,false
POS0001200,PMS000577,guest_key_00577,calabra_rooftop,900,2026-08-27,false
POS0001201,PMS000578,guest_key_00578,calabra_rooftop,335,2026-11-07,false
POS0001202,PMS000579,guest_key_00579,valet_parking,40,2026-07-21,false
POS0001203,PMS000579,guest_key_00579,calabra_rooftop,560,2026-07-22,false
POS0001204,PMS000581,,palma_lobby_lounge,80,2026-07-19,false
POS0001205,PMS000581,guest_key_00581,valet_parking,70,2026-07-21,false
POS0001206,PMS000581,guest_key_00581,calabra_rooftop,120,2026-07-19,false
POS0001207,PMS000583,guest_key_00583,palma_lobby_lounge,50,2026-05-22,false
POS0001208,PMS000583,guest_key_00583,calabra_rooftop,125,2026-05-22,false
POS0001209,,guest_key_00583,calabra_rooftop,300,2026-05-20,false
POS0001210,PMS000583,,valet_parking,85,2026-05-22,false
POS0001211,PMS000584,guest_key_00584,valet_parking,100,2026-12-23,false
POS0001212,PMS000584,guest_key_00584,valet_parking,40,2026-12-23,false
POS0001213,PMS000584,guest_key_00584,spa_wellness,175,2026-12-23,false
POS0001214,PMS000584,guest_key_00584,palma_lobby_lounge,60,2026-12-23,false
POS0001215,PMS000585,guest_key_00585,spa_wellness,320,2026-07-03,false
POS0001216,,guest_key_00586,in_room_dining,95,2026-02-01,false
POS0001217,PMS000586,guest_key_00586,in_room_dining,160,2026-01-31,false
POS0001218,PMS000586,,calabra_rooftop,420,2026-01-31,false
POS0001219,PMS000588,guest_key_00588,calabra_rooftop,105,2026-11-24,false
POS0001220,,guest_key_00588,spa_wellness,385,2026-11-24,false
POS0001221,PMS000588,guest_key_00588,palma_lobby_lounge,65,2026-11-25,false
POS0001222,PMS000589,guest_key_00589,calabra_rooftop,170,2026-05-15,false
POS0001223,PMS000589,guest_key_00589,mini_bar_amenity,30,2026-05-18,false
POS0001224,PMS000589,guest_key_00589,spa_wellness,885,2026-05-18,false
POS0001225,PMS000589,guest_key_00589,calabra_rooftop,380,2026-05-19,false
POS0001226,PMS000590,guest_key_00590,calabra_rooftop,125,2026-06-14,true
POS0001227,PMS000590,guest_key_00590,valet_parking,40,2026-06-15,false
POS0001228,PMS000590,guest_key_00590,palma_lobby_lounge,200,2026-06-13,false
POS0001229,PMS000590,guest_key_00590,spa_wellness,445,2026-06-13,false
POS0001230,PMS000591,guest_key_00591,calabra_rooftop,400,2026-07-11,false
POS0001231,PMS000592,guest_key_00592,calabra_rooftop,335,2026-03-12,true
POS0001232,PMS000592,guest_key_00592,valet_parking,70,2026-03-14,false
POS0001233,PMS000592,guest_key_00592,palma_lobby_lounge,35,2026-03-13,false
POS0001234,PMS000592,guest_key_00592,palma_lobby_lounge,105,2026-03-14,false
POS0001235,PMS000593,guest_key_00593,mini_bar_amenity,70,2026-10-20,false
POS0001236,PMS000594,guest_key_00594,calabra_rooftop,165,2026-12-25,false
POS0001237,PMS000596,guest_key_00596,mini_bar_amenity,95,2026-12-13,false
POS0001238,PMS000596,guest_key_00596,in_room_dining,290,2026-12-14,false
POS0001239,PMS000596,guest_key_00596,mini_bar_amenity,35,2026-12-14,false
POS0001240,PMS000596,guest_key_00596,palma_lobby_lounge,105,2026-12-15,false
POS0001241,PMS000597,guest_key_00597,valet_parking,95,2026-03-29,true
POS0001242,PMS000597,guest_key_00597,spa_wellness,440,2026-03-29,false
POS0001243,PMS000597,guest_key_00597,calabra_rooftop,140,2026-03-29,false
POS0001244,PMS000597,guest_key_00597,palma_lobby_lounge,135,2026-03-27,false
POS0001245,PMS000598,guest_key_00598,calabra_rooftop,75,2026-11-13,false
POS0001246,PMS000600,guest_key_00600,spa_wellness,240,2026-11-28,false
POS0001247,PMS000600,guest_key_00600,in_room_dining,115,2026-11-24,false
POS0001248,PMS000600,guest_key_00600,valet_parking,50,2026-11-29,false
POS0001249,PMS000600,guest_key_00600,calabra_rooftop,285,2026-11-28,false
POS0001250,PMS000601,guest_key_00601,spa_wellness,195,2026-06-09,false
POS0001251,PMS000601,guest_key_00601,in_room_dining,190,2026-06-07,false
POS0001252,PMS000602,guest_key_00602,calabra_rooftop,170,2026-02-02,false
POS0001253,PMS000602,guest_key_00602,in_room_dining,350,2026-02-02,false
POS0001254,PMS000602,guest_key_00602,calabra_rooftop,70,2026-02-02,false
POS0001255,PMS000603,guest_key_00603,in_room_dining,75,2026-08-11,false
POS0001256,PMS000603,guest_key_00603,valet_parking,90,2026-08-11,false
POS0001257,PMS000603,guest_key_00603,in_room_dining,65,2026-08-10,false
POS0001258,PMS000605,,palma_lobby_lounge,110,2026-02-04,false
POS0001259,PMS000605,guest_key_00605,in_room_dining,70,2026-02-04,false
POS0001260,PMS000606,guest_key_00606,in_room_dining,235,2026-01-13,false
POS0001261,PMS000606,guest_key_00606,in_room_dining,90,2026-01-13,false
POS0001262,PMS000606,guest_key_00606,valet_parking,45,2026-01-14,true
POS0001263,PMS000608,guest_key_00608,calabra_rooftop,240,2026-08-05,false
POS0001264,PMS000608,guest_key_00608,calabra_rooftop,245,2026-08-04,true
POS0001265,PMS000609,guest_key_00609,mini_bar_amenity,60,2026-04-10,false
POS0001266,PMS000609,guest_key_00609,palma_lobby_lounge,110,2026-04-11,false
POS0001267,PMS000609,guest_key_00609,mini_bar_amenity,50,2026-04-11,false
POS0001268,PMS000609,guest_key_00609,valet_parking,90,2026-04-10,false
POS0001269,PMS000610,guest_key_00610,palma_lobby_lounge,65,2026-08-28,false
POS0001270,PMS000610,guest_key_00610,valet_parking,125,2026-08-28,false
POS0001271,PMS000611,,in_room_dining,85,2026-05-19,true
POS0001272,PMS000611,guest_key_00611,calabra_rooftop,155,2026-05-21,false
POS0001273,PMS000611,guest_key_00611,palma_lobby_lounge,90,2026-05-21,false
POS0001274,PMS000611,guest_key_00611,calabra_rooftop,115,2026-05-19,false
POS0001275,PMS000613,guest_key_00613,mini_bar_amenity,90,2026-01-07,false
POS0001276,PMS000614,guest_key_00614,calabra_rooftop,240,2026-09-02,false
POS0001277,PMS000614,guest_key_00614,calabra_rooftop,225,2026-09-05,false
POS0001278,PMS000614,guest_key_00614,spa_wellness,235,2026-09-03,false
POS0001279,PMS000617,guest_key_00617,spa_wellness,175,2026-07-06,true
POS0001280,PMS000617,guest_key_00617,palma_lobby_lounge,85,2026-07-02,false
POS0001281,PMS000617,guest_key_00617,palma_lobby_lounge,150,2026-07-04,false
POS0001282,,guest_key_00617,spa_wellness,325,2026-07-04,false
POS0001283,PMS000618,guest_key_00618,palma_lobby_lounge,135,2026-07-12,false
POS0001284,PMS000618,guest_key_00618,mini_bar_amenity,25,2026-07-12,true
POS0001285,PMS000618,guest_key_00618,valet_parking,35,2026-07-13,false
POS0001286,PMS000619,,mini_bar_amenity,35,2026-08-27,false
POS0001287,PMS000619,guest_key_00619,spa_wellness,555,2026-08-27,false
POS0001288,PMS000620,guest_key_00620,valet_parking,230,2026-01-03,false
POS0001289,PMS000620,guest_key_00620,valet_parking,45,2026-01-04,false
POS0001290,PMS000620,guest_key_00620,spa_wellness,190,2026-01-04,true
POS0001291,PMS000621,,calabra_rooftop,350,2026-10-16,false
POS0001292,PMS000621,guest_key_00621,spa_wellness,110,2026-10-16,false
POS0001293,PMS000621,guest_key_00621,in_room_dining,80,2026-10-15,false
POS0001294,PMS000621,guest_key_00621,in_room_dining,290,2026-10-16,false
POS0001295,PMS000623,guest_key_00623,palma_lobby_lounge,80,2026-02-17,false
POS0001296,PMS000623,guest_key_00623,palma_lobby_lounge,205,2026-02-18,false
POS0001297,PMS000624,guest_key_00624,palma_lobby_lounge,395,2026-09-11,false
POS0001298,PMS000624,guest_key_00624,spa_wellness,710,2026-09-09,false
POS0001299,PMS000624,guest_key_00624,in_room_dining,400,2026-09-09,true
POS0001300,PMS000624,guest_key_00624,spa_wellness,235,2026-09-11,false
POS0001301,PMS000625,guest_key_00625,calabra_rooftop,95,2026-11-16,false
POS0001302,PMS000625,guest_key_00625,calabra_rooftop,380,2026-11-15,true
POS0001303,PMS000625,guest_key_00625,calabra_rooftop,175,2026-11-16,false
POS0001304,PMS000633,guest_key_00633,calabra_rooftop,675,2026-03-01,false
POS0001305,PMS000633,guest_key_00633,spa_wellness,420,2026-03-01,false
POS0001306,PMS000633,guest_key_00633,valet_parking,85,2026-03-01,false
POS0001307,PMS000634,guest_key_00634,palma_lobby_lounge,155,2026-12-19,false
POS0001308,PMS000635,guest_key_00635,calabra_rooftop,130,2026-11-02,true
POS0001309,PMS000635,guest_key_00635,mini_bar_amenity,100,2026-10-31,false
POS0001310,PMS000635,guest_key_00635,calabra_rooftop,285,2026-10-31,false
POS0001311,PMS000637,guest_key_00637,mini_bar_amenity,55,2026-10-04,false
POS0001312,PMS000637,guest_key_00637,palma_lobby_lounge,30,2026-10-03,false
POS0001313,PMS000637,guest_key_00637,valet_parking,70,2026-10-05,false
POS0001314,PMS000637,guest_key_00637,in_room_dining,60,2026-10-05,false
POS0001315,PMS000639,guest_key_00639,palma_lobby_lounge,30,2026-10-21,false
POS0001316,PMS000639,guest_key_00639,calabra_rooftop,330,2026-10-22,false
POS0001317,PMS000640,guest_key_00640,valet_parking,30,2026-02-06,false
POS0001318,PMS000640,guest_key_00640,calabra_rooftop,100,2026-02-05,false
POS0001319,PMS000640,guest_key_00640,valet_parking,75,2026-02-07,false
POS0001320,PMS000640,guest_key_00640,calabra_rooftop,175,2026-02-07,false
POS0001321,PMS000641,guest_key_00641,calabra_rooftop,85,2026-04-11,true
POS0001322,PMS000641,guest_key_00641,calabra_rooftop,115,2026-04-16,true
POS0001323,PMS000641,guest_key_00641,calabra_rooftop,385,2026-04-10,false
POS0001324,PMS000642,guest_key_00642,mini_bar_amenity,35,2026-09-20,false
POS0001325,PMS000642,guest_key_00642,calabra_rooftop,555,2026-09-19,false
POS0001326,PMS000643,guest_key_00643,palma_lobby_lounge,180,2026-12-21,false
POS0001327,PMS000645,,calabra_rooftop,250,2026-04-13,false
POS0001328,PMS000645,guest_key_00645,palma_lobby_lounge,90,2026-04-14,false
POS0001329,PMS000645,guest_key_00645,calabra_rooftop,330,2026-04-15,false
POS0001330,PMS000648,guest_key_00648,palma_lobby_lounge,70,2026-07-17,false
POS0001331,PMS000648,guest_key_00648,spa_wellness,255,2026-07-17,true
POS0001332,PMS000648,guest_key_00648,mini_bar_amenity,215,2026-07-18,false
POS0001333,PMS000649,,in_room_dining,105,2026-08-22,false
POS0001334,PMS000650,guest_key_00650,in_room_dining,250,2026-11-02,false
POS0001335,PMS000650,guest_key_00650,calabra_rooftop,170,2026-11-02,false
POS0001336,PMS000651,guest_key_00651,mini_bar_amenity,35,2026-07-27,false
POS0001337,PMS000652,guest_key_00652,palma_lobby_lounge,55,2026-03-28,false
POS0001338,PMS000652,guest_key_00652,palma_lobby_lounge,255,2026-03-26,false
POS0001339,PMS000653,guest_key_00653,calabra_rooftop,145,2026-02-13,false
POS0001340,,guest_key_00653,palma_lobby_lounge,85,2026-02-16,false
POS0001341,PMS000653,guest_key_00653,calabra_rooftop,145,2026-02-13,false
POS0001342,PMS000654,guest_key_00654,mini_bar_amenity,65,2026-10-02,false
POS0001343,PMS000655,guest_key_00655,calabra_rooftop,485,2026-06-20,false
POS0001344,,guest_key_00658,palma_lobby_lounge,195,2026-09-18,false
POS0001345,PMS000658,guest_key_00658,calabra_rooftop,165,2026-09-19,false
POS0001346,PMS000658,guest_key_00658,palma_lobby_lounge,100,2026-09-18,true
POS0001347,PMS000659,guest_key_00659,calabra_rooftop,80,2026-12-09,false
POS0001348,PMS000659,guest_key_00659,in_room_dining,215,2026-12-04,false
POS0001349,PMS000659,guest_key_00659,calabra_rooftop,445,2026-12-04,true
POS0001350,PMS000660,guest_key_00660,calabra_rooftop,455,2026-12-06,false
POS0001351,PMS000660,,palma_lobby_lounge,135,2026-12-06,false
POS0001352,PMS000660,guest_key_00660,spa_wellness,155,2026-12-06,false
POS0001353,PMS000661,guest_key_00661,in_room_dining,130,2026-08-19,false
POS0001354,PMS000661,guest_key_00661,mini_bar_amenity,50,2026-08-19,false
POS0001355,,guest_key_00661,calabra_rooftop,265,2026-08-16,false
POS0001356,PMS000662,guest_key_00662,valet_parking,190,2026-06-21,false
POS0001357,PMS000662,guest_key_00662,valet_parking,80,2026-06-20,false
POS0001358,PMS000662,guest_key_00662,palma_lobby_lounge,95,2026-06-20,false
POS0001359,PMS000662,guest_key_00662,mini_bar_amenity,35,2026-06-23,false
POS0001360,PMS000663,guest_key_00663,calabra_rooftop,125,2026-10-10,false
POS0001361,PMS000665,guest_key_00665,palma_lobby_lounge,115,2026-06-30,false
POS0001362,PMS000665,guest_key_00665,mini_bar_amenity,50,2026-06-30,false
POS0001363,PMS000665,guest_key_00665,in_room_dining,45,2026-06-30,false
POS0001364,PMS000666,guest_key_00666,in_room_dining,125,2026-10-23,false
POS0001365,PMS000668,guest_key_00668,calabra_rooftop,495,2026-05-29,false
POS0001366,PMS000668,guest_key_00668,calabra_rooftop,230,2026-05-30,false
POS0001367,PMS000668,guest_key_00668,calabra_rooftop,120,2026-05-28,false
POS0001368,PMS000669,guest_key_00669,calabra_rooftop,100,2026-04-24,false
POS0001369,PMS000669,guest_key_00669,calabra_rooftop,405,2026-04-24,false
POS0001370,PMS000673,guest_key_00673,valet_parking,110,2026-07-30,false
POS0001371,PMS000673,guest_key_00673,calabra_rooftop,720,2026-07-29,false
POS0001372,PMS000674,guest_key_00674,spa_wellness,280,2026-05-19,false
POS0001373,PMS000674,guest_key_00674,in_room_dining,70,2026-05-19,true
POS0001374,PMS000674,guest_key_00674,calabra_rooftop,210,2026-05-19,false
POS0001375,PMS000674,guest_key_00674,palma_lobby_lounge,185,2026-05-19,false
POS0001376,PMS000675,guest_key_00675,palma_lobby_lounge,285,2026-04-07,false
POS0001377,PMS000676,guest_key_00676,palma_lobby_lounge,40,2026-12-01,false
POS0001378,PMS000676,guest_key_00676,calabra_rooftop,135,2026-11-29,false
POS0001379,PMS000677,guest_key_00677,palma_lobby_lounge,45,2026-10-29,false
POS0001380,PMS000677,guest_key_00677,valet_parking,360,2026-10-30,true
POS0001381,PMS000678,guest_key_00678,calabra_rooftop,140,2026-09-17,true
POS0001382,PMS000678,guest_key_00678,calabra_rooftop,135,2026-09-18,false
POS0001383,PMS000678,guest_key_00678,calabra_rooftop,70,2026-09-18,false
POS0001384,PMS000678,guest_key_00678,calabra_rooftop,210,2026-09-18,false
POS0001385,PMS000680,guest_key_00680,spa_wellness,285,2026-02-09,false
POS0001386,PMS000681,,valet_parking,210,2026-03-24,false
POS0001387,PMS000681,guest_key_00681,valet_parking,55,2026-03-25,true
POS0001388,PMS000681,guest_key_00681,spa_wellness,415,2026-03-26,false
POS0001389,PMS000681,guest_key_00681,calabra_rooftop,115,2026-03-26,false
POS0001390,PMS000682,guest_key_00682,calabra_rooftop,75,2026-11-06,false
POS0001391,PMS000683,guest_key_00683,spa_wellness,275,2026-04-16,false
POS0001392,PMS000685,guest_key_00685,spa_wellness,555,2026-08-06,true
POS0001393,PMS000685,guest_key_00685,calabra_rooftop,175,2026-08-05,false
POS0001394,PMS000685,guest_key_00685,palma_lobby_lounge,120,2026-08-05,false
POS0001395,PMS000685,guest_key_00685,mini_bar_amenity,65,2026-08-05,false
POS0001396,PMS000686,guest_key_00686,in_room_dining,455,2026-03-28,false
POS0001397,PMS000687,,palma_lobby_lounge,180,2026-11-14,false
POS0001398,PMS000687,,in_room_dining,165,2026-11-15,false
POS0001399,PMS000687,guest_key_00687,calabra_rooftop,120,2026-11-14,false
POS0001400,PMS000687,,mini_bar_amenity,70,2026-11-14,false
POS0001401,PMS000689,guest_key_00689,calabra_rooftop,150,2026-07-21,false
POS0001402,PMS000689,guest_key_00689,palma_lobby_lounge,50,2026-07-21,false
POS0001403,PMS000690,,mini_bar_amenity,30,2026-08-06,false
POS0001404,PMS000690,guest_key_00690,calabra_rooftop,175,2026-08-07,false
POS0001405,PMS000692,guest_key_00692,calabra_rooftop,230,2026-06-11,false
POS0001406,PMS000692,guest_key_00692,calabra_rooftop,265,2026-06-09,false
POS0001407,PMS000692,,in_room_dining,495,2026-06-11,false
POS0001408,PMS000693,guest_key_00693,palma_lobby_lounge,145,2026-08-07,false
POS0001409,PMS000693,guest_key_00693,in_room_dining,85,2026-08-07,false
POS0001410,PMS000693,guest_key_00693,valet_parking,135,2026-08-06,true
POS0001411,PMS000693,guest_key_00693,mini_bar_amenity,70,2026-08-06,false
POS0001412,PMS000695,guest_key_00695,valet_parking,25,2026-04-28,false
POS0001413,PMS000695,guest_key_00695,in_room_dining,75,2026-04-29,false
POS0001414,PMS000695,guest_key_00695,palma_lobby_lounge,120,2026-04-28,false
POS0001415,PMS000695,guest_key_00695,calabra_rooftop,115,2026-04-28,false
POS0001416,PMS000696,guest_key_00696,calabra_rooftop,240,2026-03-08,false
POS0001417,PMS000696,guest_key_00696,palma_lobby_lounge,145,2026-03-08,false
POS0001418,PMS000696,guest_key_00696,calabra_rooftop,130,2026-03-08,false
POS0001419,PMS000696,guest_key_00696,palma_lobby_lounge,115,2026-03-08,false
POS0001420,PMS000697,guest_key_00697,valet_parking,40,2026-04-16,false
POS0001421,PMS000697,guest_key_00697,calabra_rooftop,60,2026-04-12,false
POS0001422,PMS000698,guest_key_00698,valet_parking,80,2026-02-23,false
POS0001423,PMS000698,guest_key_00698,valet_parking,55,2026-02-25,false
POS0001424,PMS000698,guest_key_00698,calabra_rooftop,140,2026-02-26,false
POS0001425,PMS000698,guest_key_00698,valet_parking,45,2026-02-21,false
POS0001426,PMS000699,guest_key_00699,calabra_rooftop,115,2026-11-01,false
POS0001427,,guest_key_00699,spa_wellness,280,2026-11-01,false
POS0001428,PMS000700,guest_key_00700,valet_parking,210,2026-01-30,false
POS0001429,PMS000700,guest_key_00700,calabra_rooftop,365,2026-01-31,false
POS0001430,PMS000700,guest_key_00700,calabra_rooftop,95,2026-01-29,false
POS0001431,PMS000700,guest_key_00700,calabra_rooftop,115,2026-01-30,false
POS0001432,PMS000702,guest_key_00702,mini_bar_amenity,60,2026-12-31,false
POS0001433,PMS000702,guest_key_00702,palma_lobby_lounge,160,2026-12-31,false
POS0001434,PMS000702,guest_key_00702,valet_parking,170,2026-12-31,false
POS0001435,PMS000702,guest_key_00702,valet_parking,25,2026-12-31,false
POS0001436,PMS000704,guest_key_00704,valet_parking,40,2026-04-29,false
POS0001437,PMS000704,guest_key_00704,palma_lobby_lounge,90,2026-04-28,false
POS0001438,PMS000704,guest_key_00704,calabra_rooftop,195,2026-04-29,false
POS0001439,PMS000704,guest_key_00704,palma_lobby_lounge,40,2026-04-28,false
POS0001440,PMS000706,guest_key_00706,in_room_dining,125,2026-11-21,false
POS0001441,PMS000706,guest_key_00706,in_room_dining,280,2026-11-21,false
POS0001442,PMS000706,guest_key_00706,palma_lobby_lounge,45,2026-11-22,false
POS0001443,PMS000708,guest_key_00708,in_room_dining,45,2026-07-17,false
POS0001444,PMS000708,,calabra_rooftop,205,2026-07-17,false
POS0001445,PMS000708,guest_key_00708,valet_parking,45,2026-07-17,false
POS0001446,PMS000708,guest_key_00708,spa_wellness,740,2026-07-16,false
POS0001447,PMS000709,guest_key_00709,in_room_dining,185,2026-10-11,false
POS0001448,PMS000709,guest_key_00709,palma_lobby_lounge,50,2026-10-11,false
POS0001449,PMS000709,,spa_wellness,295,2026-10-10,false
POS0001450,PMS000710,guest_key_00710,in_room_dining,105,2026-11-18,false
POS0001451,PMS000711,guest_key_00711,valet_parking,70,2026-09-04,false
POS0001452,PMS000712,guest_key_00712,valet_parking,35,2026-04-07,false
POS0001453,PMS000712,guest_key_00712,palma_lobby_lounge,110,2026-04-07,false
POS0001454,PMS000712,guest_key_00712,in_room_dining,245,2026-04-08,false
POS0001455,PMS000713,guest_key_00713,in_room_dining,100,2026-08-03,false
POS0001456,PMS000713,guest_key_00713,calabra_rooftop,250,2026-08-04,false
POS0001457,PMS000713,guest_key_00713,in_room_dining,30,2026-08-05,false
POS0001458,PMS000713,guest_key_00713,spa_wellness,235,2026-08-05,false
POS0001459,PMS000715,guest_key_00715,calabra_rooftop,260,2026-09-04,false
POS0001460,PMS000717,guest_key_00717,palma_lobby_lounge,80,2026-08-13,false
POS0001461,PMS000718,guest_key_00718,in_room_dining,60,2026-02-25,false
POS0001462,PMS000718,guest_key_00718,valet_parking,235,2026-02-25,false
POS0001463,PMS000718,guest_key_00718,in_room_dining,100,2026-02-25,false
POS0001464,PMS000718,guest_key_00718,spa_wellness,120,2026-02-25,false
POS0001465,PMS000720,guest_key_00720,palma_lobby_lounge,100,2026-12-19,false
POS0001466,PMS000720,guest_key_00720,mini_bar_amenity,70,2026-12-21,false
POS0001467,PMS000720,guest_key_00720,valet_parking,175,2026-12-19,false
POS0001468,PMS000720,guest_key_00720,calabra_rooftop,180,2026-12-19,false
POS0001469,PMS000722,guest_key_00722,calabra_rooftop,235,2026-07-06,false
POS0001470,PMS000722,guest_key_00722,valet_parking,30,2026-07-06,false
POS0001471,PMS000722,guest_key_00722,in_room_dining,265,2026-07-05,false
POS0001472,PMS000723,guest_key_00723,palma_lobby_lounge,205,2026-12-12,false
POS0001473,PMS000725,guest_key_00725,mini_bar_amenity,90,2027-01-01,false
POS0001474,PMS000725,guest_key_00725,in_room_dining,115,2027-01-02,false
POS0001475,PMS000725,,palma_lobby_lounge,90,2027-01-04,false
POS0001476,PMS000725,,palma_lobby_lounge,295,2027-01-03,true
POS0001477,PMS000726,guest_key_00726,palma_lobby_lounge,35,2026-04-17,false
POS0001478,PMS000727,guest_key_00727,calabra_rooftop,150,2026-09-01,false
POS0001479,PMS000728,guest_key_00728,palma_lobby_lounge,175,2026-12-13,false
POS0001480,PMS000728,guest_key_00728,calabra_rooftop,80,2026-12-14,false
POS0001481,,,calabra_rooftop,390,2026-12-13,false
POS0001482,PMS000728,guest_key_00728,calabra_rooftop,650,2026-12-14,false
POS0001483,PMS000730,,valet_parking,85,2026-10-12,false
POS0001484,PMS000730,guest_key_00730,calabra_rooftop,260,2026-10-13,false
POS0001485,PMS000730,guest_key_00730,valet_parking,50,2026-10-14,false
POS0001486,PMS000731,guest_key_00731,palma_lobby_lounge,45,2026-02-10,false
POS0001487,PMS000731,guest_key_00731,calabra_rooftop,120,2026-02-13,false
POS0001488,PMS000731,guest_key_00731,palma_lobby_lounge,85,2026-02-10,false
POS0001489,PMS000732,guest_key_00732,in_room_dining,160,2026-06-22,false
POS0001490,PMS000733,,palma_lobby_lounge,115,2026-08-20,false
POS0001491,PMS000733,guest_key_00733,calabra_rooftop,120,2026-08-20,false
POS0001492,PMS000733,guest_key_00733,in_room_dining,280,2026-08-20,false
POS0001493,PMS000733,guest_key_00733,valet_parking,60,2026-08-19,false
POS0001494,PMS000734,guest_key_00734,palma_lobby_lounge,90,2026-02-18,false
POS0001495,PMS000734,guest_key_00734,calabra_rooftop,440,2026-02-15,false
POS0001496,PMS000734,,valet_parking,110,2026-02-16,false
POS0001497,PMS000734,guest_key_00734,valet_parking,85,2026-02-16,false
POS0001498,PMS000737,guest_key_00737,palma_lobby_lounge,30,2026-11-21,false
POS0001499,PMS000737,,palma_lobby_lounge,90,2026-11-22,false
POS0001500,PMS000737,guest_key_00737,in_room_dining,160,2026-11-22,true
POS0001501,PMS000738,guest_key_00738,valet_parking,95,2026-08-21,false
POS0001502,PMS000738,guest_key_00738,mini_bar_amenity,70,2026-08-21,false
POS0001503,PMS000738,guest_key_00738,spa_wellness,120,2026-08-20,false
POS0001504,PMS000741,guest_key_00741,calabra_rooftop,105,2026-08-02,false
POS0001505,PMS000741,guest_key_00741,valet_parking,85,2026-08-02,false
POS0001506,PMS000742,,palma_lobby_lounge,350,2026-05-19,false
POS0001507,PMS000742,guest_key_00742,palma_lobby_lounge,90,2026-05-22,false
POS0001508,PMS000742,guest_key_00742,valet_parking,30,2026-05-22,false
POS0001509,PMS000743,guest_key_00743,in_room_dining,160,2026-01-18,false
POS0001510,PMS000743,,palma_lobby_lounge,65,2026-01-20,false
POS0001511,PMS000744,guest_key_00744,palma_lobby_lounge,95,2026-02-16,false
POS0001512,PMS000744,guest_key_00744,spa_wellness,275,2026-02-15,false
POS0001513,PMS000744,guest_key_00744,in_room_dining,75,2026-02-16,false
POS0001514,PMS000744,guest_key_00744,valet_parking,105,2026-02-15,false
POS0001515,PMS000745,guest_key_00745,palma_lobby_lounge,90,2026-04-13,false
POS0001516,PMS000745,guest_key_00745,calabra_rooftop,145,2026-04-13,false
POS0001517,PMS000746,guest_key_00746,palma_lobby_lounge,130,2026-10-13,false
POS0001518,PMS000746,guest_key_00746,valet_parking,65,2026-10-12,false
POS0001519,PMS000746,guest_key_00746,palma_lobby_lounge,180,2026-10-13,false
POS0001520,PMS000746,guest_key_00746,calabra_rooftop,140,2026-10-13,false
POS0001521,PMS000748,guest_key_00748,valet_parking,110,2026-04-02,false
POS0001522,PMS000748,guest_key_00748,valet_parking,220,2026-04-05,false
POS0001523,PMS000748,guest_key_00748,valet_parking,55,2026-04-02,false
POS0001524,PMS000748,guest_key_00748,mini_bar_amenity,20,2026-04-07,false
POS0001525,PMS000750,guest_key_00750,in_room_dining,100,2026-07-22,false
POS0001526,,guest_key_00751,calabra_rooftop,140,2026-07-05,false
POS0001527,PMS000751,guest_key_00751,valet_parking,65,2026-07-04,false
POS0001528,,guest_key_00751,spa_wellness,355,2026-07-06,false
POS0001529,PMS000752,guest_key_00752,calabra_rooftop,115,2026-05-17,false
POS0001530,PMS000752,guest_key_00752,in_room_dining,280,2026-05-17,false
POS0001531,PMS000752,guest_key_00752,palma_lobby_lounge,125,2026-05-16,false
POS0001532,PMS000753,guest_key_00753,in_room_dining,150,2026-05-13,false
POS0001533,PMS000753,guest_key_00753,calabra_rooftop,100,2026-05-11,false
POS0001534,PMS000755,guest_key_00755,palma_lobby_lounge,225,2026-06-22,false
POS0001535,PMS000755,guest_key_00755,palma_lobby_lounge,50,2026-06-21,false
POS0001536,PMS000755,guest_key_00755,valet_parking,90,2026-06-21,false
POS0001537,PMS000755,guest_key_00755,calabra_rooftop,180,2026-06-21,false
POS0001538,PMS000757,guest_key_00757,calabra_rooftop,320,2026-07-30,false
POS0001539,PMS000757,guest_key_00757,calabra_rooftop,110,2026-07-30,false
POS0001540,PMS000757,guest_key_00757,palma_lobby_lounge,65,2026-07-30,false
POS0001541,PMS000757,guest_key_00757,calabra_rooftop,205,2026-07-30,true
POS0001542,PMS000758,guest_key_00758,in_room_dining,60,2026-11-20,false
POS0001543,PMS000758,guest_key_00758,spa_wellness,185,2026-11-20,false
POS0001544,PMS000761,,calabra_rooftop,175,2026-09-20,false
POS0001545,PMS000761,guest_key_00761,spa_wellness,750,2026-09-19,false
POS0001546,PMS000762,guest_key_00762,calabra_rooftop,130,2026-01-16,false
POS0001547,PMS000762,guest_key_00762,mini_bar_amenity,80,2026-01-16,true
POS0001548,PMS000763,guest_key_00763,valet_parking,85,2026-12-22,false
POS0001549,PMS000764,guest_key_00764,in_room_dining,135,2026-04-02,false
POS0001550,PMS000764,guest_key_00764,mini_bar_amenity,160,2026-04-01,false
POS0001551,PMS000765,guest_key_00765,valet_parking,55,2026-06-12,false
POS0001552,PMS000765,guest_key_00765,calabra_rooftop,380,2026-06-12,false
POS0001553,PMS000765,guest_key_00765,valet_parking,45,2026-06-12,true
POS0001554,PMS000766,guest_key_00766,mini_bar_amenity,35,2026-04-23,false
POS0001555,PMS000766,guest_key_00766,calabra_rooftop,335,2026-04-22,true
POS0001556,PMS000766,guest_key_00766,calabra_rooftop,70,2026-04-22,false
POS0001557,PMS000766,guest_key_00766,calabra_rooftop,355,2026-04-23,false
POS0001558,PMS000767,guest_key_00767,valet_parking,100,2026-08-01,false
POS0001559,PMS000767,guest_key_00767,spa_wellness,150,2026-08-01,false
POS0001560,PMS000767,guest_key_00767,calabra_rooftop,150,2026-08-01,false
POS0001561,PMS000768,guest_key_00768,valet_parking,50,2026-02-21,false
POS0001562,PMS000768,,spa_wellness,385,2026-02-21,true
POS0001563,PMS000768,guest_key_00768,in_room_dining,180,2026-02-21,false
POS0001564,PMS000769,guest_key_00769,calabra_rooftop,125,2026-04-20,false
POS0001565,PMS000769,guest_key_00769,spa_wellness,880,2026-04-21,false
POS0001566,PMS000770,guest_key_00770,calabra_rooftop,280,2026-05-07,false
POS0001567,PMS000770,guest_key_00770,mini_bar_amenity,70,2026-05-08,false
POS0001568,PMS000770,guest_key_00770,spa_wellness,40,2026-05-07,false
POS0001569,PMS000770,guest_key_00770,calabra_rooftop,95,2026-05-08,false
POS0001570,PMS000771,guest_key_00771,valet_parking,65,2026-02-20,false
POS0001571,PMS000771,guest_key_00771,valet_parking,25,2026-02-20,false
POS0001572,PMS000772,guest_key_00772,valet_parking,125,2026-01-15,false
POS0001573,PMS000772,guest_key_00772,valet_parking,30,2026-01-15,false
POS0001574,PMS000773,guest_key_00773,palma_lobby_lounge,110,2026-09-21,false
POS0001575,PMS000773,,in_room_dining,95,2026-09-22,false
POS0001576,PMS000773,guest_key_00773,valet_parking,90,2026-09-22,true
POS0001577,PMS000774,guest_key_00774,in_room_dining,180,2026-01-30,false
POS0001578,PMS000775,guest_key_00775,in_room_dining,240,2026-05-26,false
POS0001579,PMS000775,guest_key_00775,valet_parking,55,2026-05-26,false
POS0001580,PMS000775,guest_key_00775,in_room_dining,185,2026-05-26,false
POS0001581,PMS000775,guest_key_00775,in_room_dining,240,2026-05-27,false
POS0001582,PMS000777,guest_key_00777,calabra_rooftop,140,2026-04-17,false
POS0001583,PMS000778,guest_key_00778,spa_wellness,155,2026-08-24,false
POS0001584,PMS000779,guest_key_00779,valet_parking,40,2026-08-29,false
POS0001585,PMS000779,guest_key_00779,calabra_rooftop,50,2026-08-29,false
POS0001586,PMS000779,guest_key_00779,palma_lobby_lounge,160,2026-08-29,true
POS0001587,PMS000780,guest_key_00780,palma_lobby_lounge,85,2026-06-18,false
POS0001588,PMS000780,guest_key_00780,valet_parking,40,2026-06-17,false
POS0001589,PMS000780,guest_key_00780,valet_parking,55,2026-06-17,false
POS0001590,PMS000780,guest_key_00780,mini_bar_amenity,50,2026-06-18,false
POS0001591,PMS000782,guest_key_00782,palma_lobby_lounge,115,2026-10-23,false
POS0001592,PMS000783,guest_key_00783,calabra_rooftop,170,2026-09-11,false
POS0001593,PMS000783,guest_key_00783,palma_lobby_lounge,125,2026-09-11,false
POS0001594,PMS000784,guest_key_00784,calabra_rooftop,390,2026-01-03,false
POS0001595,PMS000784,guest_key_00784,palma_lobby_lounge,40,2026-01-03,false
POS0001596,PMS000784,guest_key_00784,palma_lobby_lounge,50,2026-01-03,false
POS0001597,PMS000785,guest_key_00785,palma_lobby_lounge,90,2026-06-06,false
POS0001598,PMS000785,guest_key_00785,spa_wellness,80,2026-06-05,false
POS0001599,PMS000786,guest_key_00786,palma_lobby_lounge,60,2026-08-25,false
POS0001600,PMS000787,guest_key_00787,palma_lobby_lounge,160,2026-01-23,false
POS0001601,PMS000788,guest_key_00788,mini_bar_amenity,105,2026-02-25,false
POS0001602,PMS000789,guest_key_00789,calabra_rooftop,300,2026-08-22,false
POS0001603,PMS000789,guest_key_00789,spa_wellness,185,2026-08-22,false
POS0001604,PMS000789,guest_key_00789,valet_parking,75,2026-08-22,true
POS0001605,PMS000791,guest_key_00791,valet_parking,55,2026-09-19,false
POS0001606,PMS000791,guest_key_00791,calabra_rooftop,80,2026-09-18,false
POS0001607,PMS000793,guest_key_00793,spa_wellness,130,2026-08-01,false
POS0001608,PMS000793,guest_key_00793,palma_lobby_lounge,80,2026-07-29,false
POS0001609,PMS000794,guest_key_00794,calabra_rooftop,155,2026-07-16,false
POS0001610,PMS000794,guest_key_00794,mini_bar_amenity,70,2026-07-17,false
POS0001611,PMS000794,guest_key_00794,calabra_rooftop,70,2026-07-16,false
POS0001612,PMS000795,guest_key_00795,valet_parking,45,2026-06-13,false
POS0001613,PMS000796,guest_key_00796,in_room_dining,170,2026-03-10,false
POS0001614,PMS000797,guest_key_00797,valet_parking,375,2026-04-11,false
POS0001615,PMS000798,guest_key_00798,mini_bar_amenity,55,2026-08-06,false
POS0001616,PMS000798,guest_key_00798,in_room_dining,145,2026-08-07,false
POS0001617,PMS000798,guest_key_00798,in_room_dining,60,2026-08-02,false
POS0001618,PMS000798,guest_key_00798,calabra_rooftop,635,2026-08-08,true
POS0001619,PMS000800,guest_key_00800,calabra_rooftop,240,2026-05-24,false
POS0001620,PMS000800,guest_key_00800,valet_parking,95,2026-05-24,false
POS0001621,PMS000800,guest_key_00800,palma_lobby_lounge,125,2026-05-24,true
POS0001622,PMS000801,guest_key_00801,in_room_dining,265,2026-10-25,false
POS0001623,PMS000801,guest_key_00801,in_room_dining,50,2026-10-23,false
POS0001624,PMS000801,guest_key_00801,mini_bar_amenity,110,2026-10-25,false
POS0001625,PMS000802,guest_key_00802,in_room_dining,105,2026-02-28,false
POS0001626,PMS000803,guest_key_00803,palma_lobby_lounge,150,2026-09-30,false
POS0001627,PMS000803,guest_key_00803,calabra_rooftop,125,2026-09-29,false
POS0001628,PMS000804,guest_key_00804,palma_lobby_lounge,35,2026-09-26,false
POS0001629,PMS000805,guest_key_00805,spa_wellness,380,2026-08-24,false
POS0001630,PMS000805,guest_key_00805,in_room_dining,60,2026-08-23,false
POS0001631,PMS000806,guest_key_00806,palma_lobby_lounge,40,2026-03-13,false
POS0001632,PMS000806,guest_key_00806,palma_lobby_lounge,150,2026-03-14,false
POS0001633,PMS000807,guest_key_00807,calabra_rooftop,110,2026-02-20,false
POS0001634,PMS000807,guest_key_00807,palma_lobby_lounge,165,2026-02-20,false
POS0001635,,guest_key_00807,calabra_rooftop,360,2026-02-20,true
POS0001636,PMS000807,guest_key_00807,spa_wellness,615,2026-02-19,false
POS0001637,PMS000808,,calabra_rooftop,305,2026-08-25,false
POS0001638,PMS000808,guest_key_00808,valet_parking,240,2026-08-25,false
POS0001639,PMS000808,guest_key_00808,in_room_dining,85,2026-08-25,false
POS0001640,PMS000808,guest_key_00808,valet_parking,75,2026-08-25,false
POS0001641,PMS000809,guest_key_00809,mini_bar_amenity,20,2026-11-04,false
POS0001642,PMS000809,guest_key_00809,calabra_rooftop,125,2026-11-04,false
POS0001643,PMS000809,guest_key_00809,in_room_dining,240,2026-11-04,false
POS0001644,PMS000812,guest_key_00812,calabra_rooftop,130,2026-08-22,false
POS0001645,PMS000812,guest_key_00812,valet_parking,65,2026-08-23,false
POS0001646,PMS000813,guest_key_00813,calabra_rooftop,360,2026-03-26,false
POS0001647,PMS000814,guest_key_00814,valet_parking,155,2026-09-07,false
POS0001648,PMS000814,guest_key_00814,valet_parking,130,2026-09-08,false
POS0001649,PMS000815,guest_key_00815,calabra_rooftop,120,2026-06-27,false
POS0001650,PMS000816,guest_key_00816,valet_parking,75,2026-09-26,false
POS0001651,PMS000818,guest_key_00818,calabra_rooftop,250,2026-08-28,false
POS0001652,PMS000818,,calabra_rooftop,300,2026-08-26,false
POS0001653,PMS000818,guest_key_00818,palma_lobby_lounge,65,2026-08-26,true
POS0001654,PMS000819,guest_key_00819,calabra_rooftop,670,2026-02-27,false
POS0001655,PMS000819,guest_key_00819,in_room_dining,90,2026-02-28,false
POS0001656,PMS000819,guest_key_00819,in_room_dining,170,2026-02-27,true
POS0001657,PMS000819,,calabra_rooftop,200,2026-02-27,true
POS0001658,PMS000820,guest_key_00820,palma_lobby_lounge,30,2026-10-10,false
POS0001659,,guest_key_00820,palma_lobby_lounge,150,2026-10-10,false
POS0001660,PMS000820,guest_key_00820,in_room_dining,80,2026-10-10,false
POS0001661,PMS000820,,spa_wellness,110,2026-10-10,false
POS0001662,,guest_key_00821,palma_lobby_lounge,170,2026-01-29,false
POS0001663,PMS000821,guest_key_00821,calabra_rooftop,210,2026-01-28,false
POS0001664,PMS000822,guest_key_00822,in_room_dining,240,2026-05-20,false
POS0001665,PMS000822,guest_key_00822,valet_parking,80,2026-05-22,false
POS0001666,PMS000824,,spa_wellness,520,2026-07-16,false
POS0001667,PMS000824,guest_key_00824,mini_bar_amenity,35,2026-07-15,false
POS0001668,PMS000825,guest_key_00825,valet_parking,25,2026-11-06,false
POS0001669,PMS000825,guest_key_00825,spa_wellness,285,2026-11-06,false
POS0001670,PMS000825,guest_key_00825,in_room_dining,65,2026-11-06,false
POS0001671,PMS000825,guest_key_00825,mini_bar_amenity,65,2026-11-06,false
POS0001672,PMS000826,guest_key_00826,valet_parking,70,2026-10-07,false
POS0001673,PMS000826,guest_key_00826,palma_lobby_lounge,75,2026-10-06,true
POS0001674,PMS000826,guest_key_00826,palma_lobby_lounge,130,2026-10-07,false
POS0001675,PMS000826,guest_key_00826,calabra_rooftop,280,2026-10-06,true
POS0001676,PMS000827,guest_key_00827,in_room_dining,40,2026-08-06,true
POS0001677,PMS000827,guest_key_00827,calabra_rooftop,260,2026-08-06,false
POS0001678,PMS000827,,valet_parking,70,2026-08-06,true
POS0001679,PMS000828,guest_key_00828,palma_lobby_lounge,70,2026-08-14,false
POS0001680,PMS000828,guest_key_00828,palma_lobby_lounge,135,2026-08-13,false
POS0001681,PMS000828,guest_key_00828,palma_lobby_lounge,50,2026-08-15,false
POS0001682,PMS000829,,palma_lobby_lounge,115,2026-04-26,false
POS0001683,PMS000830,guest_key_00830,calabra_rooftop,160,2026-01-07,false
POS0001684,PMS000830,guest_key_00830,valet_parking,40,2026-01-07,false
POS0001685,PMS000830,guest_key_00830,calabra_rooftop,180,2026-01-07,false
POS0001686,PMS000831,guest_key_00831,calabra_rooftop,330,2026-10-15,true
POS0001687,PMS000831,guest_key_00831,palma_lobby_lounge,120,2026-10-16,false
POS0001688,PMS000832,,calabra_rooftop,155,2026-01-28,false
POS0001689,PMS000833,guest_key_00833,in_room_dining,50,2026-07-09,false
POS0001690,PMS000834,,in_room_dining,190,2026-06-17,false
POS0001691,PMS000834,guest_key_00834,palma_lobby_lounge,155,2026-06-17,false
POS0001692,PMS000834,guest_key_00834,mini_bar_amenity,35,2026-06-18,false
POS0001693,PMS000834,guest_key_00834,palma_lobby_lounge,85,2026-06-17,false
POS0001694,PMS000835,guest_key_00835,valet_parking,60,2026-03-23,false
POS0001695,PMS000835,guest_key_00835,calabra_rooftop,160,2026-03-22,false
POS0001696,PMS000835,guest_key_00835,in_room_dining,145,2026-03-23,false
POS0001697,PMS000835,guest_key_00835,valet_parking,70,2026-03-22,false
POS0001698,PMS000837,guest_key_00837,palma_lobby_lounge,95,2026-10-23,false
POS0001699,PMS000837,guest_key_00837,valet_parking,150,2026-10-23,false
POS0001700,PMS000837,guest_key_00837,spa_wellness,290,2026-10-24,false
POS0001701,PMS000837,,spa_wellness,85,2026-10-24,false
POS0001702,PMS000838,guest_key_00838,valet_parking,40,2026-02-11,false
POS0001703,PMS000839,guest_key_00839,spa_wellness,465,2026-02-20,false
POS0001704,PMS000839,guest_key_00839,in_room_dining,130,2026-02-19,false
POS0001705,PMS000840,guest_key_00840,valet_parking,20,2026-06-17,false
POS0001706,PMS000840,guest_key_00840,calabra_rooftop,115,2026-06-17,false
POS0001707,,guest_key_00840,calabra_rooftop,220,2026-06-17,false
POS0001708,PMS000840,guest_key_00840,calabra_rooftop,215,2026-06-19,false
POS0001709,PMS000841,guest_key_00841,spa_wellness,290,2026-11-07,false
POS0001710,PMS000842,,valet_parking,20,2026-11-19,false
POS0001711,PMS000842,guest_key_00842,calabra_rooftop,205,2026-11-22,false
POS0001712,PMS000842,guest_key_00842,in_room_dining,340,2026-11-19,false
POS0001713,PMS000844,guest_key_00844,calabra_rooftop,160,2026-09-04,false
POS0001714,PMS000844,guest_key_00844,in_room_dining,180,2026-09-02,false
POS0001715,PMS000844,,calabra_rooftop,410,2026-09-04,false
POS0001716,PMS000844,guest_key_00844,calabra_rooftop,80,2026-09-04,false
POS0001717,PMS000845,guest_key_00845,spa_wellness,230,2026-05-26,false
POS0001718,PMS000847,guest_key_00847,valet_parking,75,2026-12-21,false
POS0001719,PMS000848,guest_key_00848,spa_wellness,135,2026-07-13,false
POS0001720,PMS000848,guest_key_00848,valet_parking,65,2026-07-13,false
POS0001721,PMS000848,guest_key_00848,calabra_rooftop,255,2026-07-13,false
POS0001722,PMS000849,guest_key_00849,valet_parking,105,2026-01-27,false
POS0001723,,guest_key_00849,in_room_dining,125,2026-01-26,false
POS0001724,PMS000849,guest_key_00849,calabra_rooftop,180,2026-01-25,false
POS0001725,PMS000849,guest_key_00849,calabra_rooftop,95,2026-01-25,false
POS0001726,PMS000850,,palma_lobby_lounge,125,2026-02-12,false
POS0001727,PMS000850,guest_key_00850,calabra_rooftop,360,2026-02-08,false
POS0001728,PMS000851,guest_key_00851,calabra_rooftop,270,2026-05-03,false
POS0001729,PMS000851,,spa_wellness,285,2026-05-04,false
POS0001730,PMS000851,,calabra_rooftop,150,2026-05-04,false
POS0001731,PMS000852,guest_key_00852,valet_parking,40,2026-02-16,false
POS0001732,PMS000852,guest_key_00852,calabra_rooftop,355,2026-02-16,false
POS0001733,PMS000853,guest_key_00853,calabra_rooftop,290,2026-06-03,false
POS0001734,PMS000853,guest_key_00853,valet_parking,30,2026-06-03,false
POS0001735,PMS000853,guest_key_00853,calabra_rooftop,130,2026-06-03,false
POS0001736,PMS000853,guest_key_00853,palma_lobby_lounge,175,2026-06-04,false
POS0001737,,guest_key_00855,in_room_dining,260,2026-12-19,false
POS0001738,PMS000855,guest_key_00855,in_room_dining,95,2026-12-19,false
POS0001739,PMS000855,guest_key_00855,calabra_rooftop,445,2026-12-19,false
POS0001740,PMS000857,guest_key_00857,in_room_dining,210,2026-05-19,false
POS0001741,PMS000857,guest_key_00857,in_room_dining,70,2026-05-15,false
POS0001742,PMS000857,,valet_parking,40,2026-05-18,false
POS0001743,,guest_key_00860,valet_parking,200,2026-08-12,false
POS0001744,PMS000861,guest_key_00861,palma_lobby_lounge,75,2026-08-29,false
POS0001745,PMS000861,guest_key_00861,valet_parking,115,2026-08-29,false
POS0001746,PMS000861,guest_key_00861,calabra_rooftop,95,2026-08-29,false
POS0001747,PMS000861,guest_key_00861,valet_parking,75,2026-08-30,false
POS0001748,PMS000863,guest_key_00863,in_room_dining,85,2026-02-03,false
POS0001749,PMS000863,guest_key_00863,in_room_dining,165,2026-02-02,false
POS0001750,PMS000864,guest_key_00864,valet_parking,40,2026-06-20,false
POS0001751,PMS000864,guest_key_00864,in_room_dining,435,2026-06-20,false
POS0001752,PMS000865,,spa_wellness,175,2026-05-18,false
POS0001753,PMS000865,,valet_parking,145,2026-05-15,false
POS0001754,PMS000865,,in_room_dining,495,2026-05-16,false
POS0001755,PMS000865,guest_key_00865,palma_lobby_lounge,60,2026-05-17,false
POS0001756,,guest_key_00866,calabra_rooftop,390,2026-02-18,false
POS0001757,PMS000866,guest_key_00866,mini_bar_amenity,175,2026-02-17,true
POS0001758,PMS000866,,palma_lobby_lounge,290,2026-02-18,false
POS0001759,PMS000867,guest_key_00867,palma_lobby_lounge,130,2026-10-08,false
POS0001760,PMS000868,guest_key_00868,in_room_dining,75,2026-01-22,false
POS0001761,PMS000868,guest_key_00868,valet_parking,35,2026-01-21,false
POS0001762,PMS000870,guest_key_00870,valet_parking,105,2026-10-19,false
POS0001763,PMS000870,guest_key_00870,palma_lobby_lounge,50,2026-10-19,false
POS0001764,PMS000870,,in_room_dining,130,2026-10-19,false
POS0001765,,,palma_lobby_lounge,60,2026-07-08,false
POS0001766,PMS000871,,valet_parking,65,2026-07-09,false
POS0001767,PMS000871,guest_key_00871,in_room_dining,45,2026-07-08,false
POS0001768,PMS000872,guest_key_00872,calabra_rooftop,155,2026-11-14,false
POS0001769,PMS000872,guest_key_00872,spa_wellness,470,2026-11-14,false
POS0001770,PMS000872,guest_key_00872,valet_parking,55,2026-11-14,false
POS0001771,PMS000872,guest_key_00872,palma_lobby_lounge,130,2026-11-15,false
POS0001772,PMS000873,guest_key_00873,valet_parking,100,2026-11-28,false
POS0001773,PMS000873,guest_key_00873,in_room_dining,450,2026-11-26,false
POS0001774,PMS000873,guest_key_00873,spa_wellness,260,2026-11-26,false
POS0001775,PMS000874,guest_key_00874,palma_lobby_lounge,145,2026-05-27,false
POS0001776,PMS000874,guest_key_00874,palma_lobby_lounge,110,2026-05-27,false
POS0001777,PMS000874,guest_key_00874,calabra_rooftop,135,2026-05-28,false
POS0001778,PMS000875,guest_key_00875,in_room_dining,45,2026-01-05,false
POS0001779,PMS000875,guest_key_00875,in_room_dining,140,2026-01-06,false
POS0001780,PMS000875,guest_key_00875,spa_wellness,675,2026-01-06,false
POS0001781,PMS000876,,spa_wellness,365,2026-06-26,false
POS0001782,PMS000877,guest_key_00877,valet_parking,75,2026-01-21,false
POS0001783,PMS000877,guest_key_00877,palma_lobby_lounge,60,2026-01-22,false
POS0001784,PMS000878,guest_key_00878,in_room_dining,145,2026-07-10,false
POS0001785,PMS000878,guest_key_00878,calabra_rooftop,300,2026-07-09,false
POS0001786,PMS000878,guest_key_00878,palma_lobby_lounge,80,2026-07-11,false
POS0001787,PMS000879,guest_key_00879,calabra_rooftop,135,2026-06-04,false
POS0001788,PMS000879,guest_key_00879,spa_wellness,350,2026-06-03,false
POS0001789,PMS000879,guest_key_00879,palma_lobby_lounge,80,2026-06-04,false
POS0001790,PMS000879,guest_key_00879,spa_wellness,150,2026-06-03,false
POS0001791,PMS000880,guest_key_00880,calabra_rooftop,95,2026-08-21,false
POS0001792,PMS000881,guest_key_00881,valet_parking,85,2026-07-27,false
POS0001793,PMS000881,guest_key_00881,calabra_rooftop,515,2026-07-27,false
POS0001794,PMS000881,guest_key_00881,calabra_rooftop,305,2026-07-27,false
POS0001795,,guest_key_00882,calabra_rooftop,240,2026-03-18,false
POS0001796,PMS000883,guest_key_00883,calabra_rooftop,160,2026-09-21,false
POS0001797,PMS000883,guest_key_00883,in_room_dining,130,2026-09-20,false
POS0001798,PMS000884,guest_key_00884,calabra_rooftop,245,2026-04-12,false
POS0001799,PMS000885,guest_key_00885,palma_lobby_lounge,85,2026-03-23,false
POS0001800,PMS000885,guest_key_00885,spa_wellness,300,2026-03-23,false
POS0001801,PMS000886,guest_key_00886,spa_wellness,345,2026-05-27,false
POS0001802,PMS000888,guest_key_00888,valet_parking,210,2026-04-25,false
POS0001803,PMS000888,guest_key_00888,calabra_rooftop,180,2026-04-25,false
POS0001804,,,in_room_dining,65,2026-12-24,false
POS0001805,PMS000889,guest_key_00889,valet_parking,30,2026-12-22,false
POS0001806,PMS000890,guest_key_00890,valet_parking,60,2026-03-29,false
POS0001807,PMS000891,guest_key_00891,valet_parking,95,2026-10-17,false
POS0001808,PMS000891,,palma_lobby_lounge,65,2026-10-17,false
POS0001809,PMS000891,guest_key_00891,in_room_dining,65,2026-10-18,false
POS0001810,PMS000891,,spa_wellness,310,2026-10-17,false
POS0001811,PMS000892,guest_key_00892,in_room_dining,150,2026-10-13,false
POS0001812,PMS000892,guest_key_00892,palma_lobby_lounge,55,2026-10-13,false
POS0001813,PMS000893,guest_key_00893,calabra_rooftop,155,2026-12-23,false
POS0001814,PMS000894,guest_key_00894,in_room_dining,90,2026-02-12,false
POS0001815,PMS000895,guest_key_00895,spa_wellness,475,2026-03-01,false
POS0001816,PMS000895,guest_key_00895,calabra_rooftop,65,2026-03-01,false
POS0001817,PMS000896,guest_key_00896,calabra_rooftop,145,2026-11-15,false
POS0001818,PMS000896,guest_key_00896,valet_parking,40,2026-11-15,false
POS0001819,PMS000897,guest_key_00897,mini_bar_amenity,30,2026-09-15,false
POS0001820,PMS000899,guest_key_00899,spa_wellness,590,2026-06-20,false
POS0001821,PMS000899,guest_key_00899,spa_wellness,900,2026-06-20,false
POS0001822,PMS000901,guest_key_00901,calabra_rooftop,465,2026-11-20,false
POS0001823,PMS000902,,valet_parking,30,2026-09-27,false
POS0001824,PMS000902,guest_key_00902,palma_lobby_lounge,70,2026-10-03,false
POS0001825,PMS000902,,spa_wellness,175,2026-09-29,false
POS0001826,PMS000903,guest_key_00903,mini_bar_amenity,40,2026-03-31,false
POS0001827,PMS000903,guest_key_00903,palma_lobby_lounge,140,2026-03-31,false
POS0001828,PMS000903,guest_key_00903,calabra_rooftop,140,2026-04-01,false
POS0001829,PMS000903,guest_key_00903,calabra_rooftop,160,2026-03-30,false
POS0001830,PMS000906,guest_key_00906,palma_lobby_lounge,90,2026-08-18,false
POS0001831,PMS000906,guest_key_00906,in_room_dining,65,2026-08-19,false
POS0001832,PMS000907,guest_key_00907,spa_wellness,740,2026-03-04,false
POS0001833,PMS000907,guest_key_00907,palma_lobby_lounge,100,2026-03-04,false
POS0001834,PMS000907,guest_key_00907,calabra_rooftop,455,2026-03-04,false
POS0001835,PMS000907,guest_key_00907,palma_lobby_lounge,125,2026-03-04,false
POS0001836,PMS000908,guest_key_00908,valet_parking,60,2026-10-17,false
POS0001837,PMS000908,guest_key_00908,in_room_dining,115,2026-10-17,false
POS0001838,PMS000908,guest_key_00908,palma_lobby_lounge,40,2026-10-18,false
POS0001839,PMS000908,,palma_lobby_lounge,75,2026-10-18,true
POS0001840,PMS000909,guest_key_00909,calabra_rooftop,125,2026-04-15,false
POS0001841,PMS000910,guest_key_00910,calabra_rooftop,230,2026-04-19,false
POS0001842,PMS000910,guest_key_00910,valet_parking,65,2026-04-18,false
POS0001843,PMS000910,guest_key_00910,calabra_rooftop,65,2026-04-18,false
POS0001844,PMS000910,guest_key_00910,valet_parking,60,2026-04-19,false
POS0001845,PMS000911,guest_key_00911,palma_lobby_lounge,190,2026-10-14,false
POS0001846,PMS000913,guest_key_00913,palma_lobby_lounge,100,2026-11-05,false
POS0001847,PMS000913,guest_key_00913,in_room_dining,45,2026-11-06,false
POS0001848,PMS000913,guest_key_00913,valet_parking,85,2026-11-05,false
POS0001849,PMS000913,guest_key_00913,calabra_rooftop,425,2026-11-06,false
POS0001850,PMS000914,,calabra_rooftop,215,2026-04-10,false
POS0001851,PMS000914,guest_key_00914,in_room_dining,200,2026-04-13,false
POS0001852,PMS000915,,palma_lobby_lounge,80,2026-03-24,false
POS0001853,PMS000916,,palma_lobby_lounge,70,2026-04-11,false
POS0001854,PMS000916,guest_key_00916,mini_bar_amenity,55,2026-04-12,false
POS0001855,PMS000916,guest_key_00916,calabra_rooftop,165,2026-04-12,false
POS0001856,PMS000916,guest_key_00916,calabra_rooftop,60,2026-04-12,false
POS0001857,,guest_key_00917,spa_wellness,205,2026-01-30,false
POS0001858,PMS000918,guest_key_00918,spa_wellness,80,2026-01-23,true
POS0001859,PMS000919,guest_key_00919,valet_parking,155,2026-10-23,false
POS0001860,PMS000919,guest_key_00919,calabra_rooftop,520,2026-10-23,false
POS0001861,PMS000920,guest_key_00920,palma_lobby_lounge,65,2026-02-24,false
POS0001862,PMS000921,guest_key_00921,valet_parking,145,2026-01-20,false
POS0001863,PMS000921,guest_key_00921,calabra_rooftop,355,2026-01-20,false
POS0001864,,guest_key_00922,in_room_dining,310,2026-06-03,false
POS0001865,PMS000922,guest_key_00922,palma_lobby_lounge,100,2026-06-02,false
POS0001866,PMS000922,guest_key_00922,calabra_rooftop,595,2026-06-03,false
POS0001867,PMS000923,guest_key_00923,in_room_dining,300,2026-01-09,false
POS0001868,PMS000923,guest_key_00923,spa_wellness,135,2026-01-08,false
POS0001869,PMS000924,guest_key_00924,valet_parking,35,2026-05-10,false
POS0001870,PMS000924,guest_key_00924,calabra_rooftop,175,2026-05-11,false
POS0001871,PMS000926,guest_key_00926,in_room_dining,165,2026-05-31,false
POS0001872,PMS000926,,calabra_rooftop,125,2026-05-29,false
POS0001873,PMS000927,guest_key_00927,spa_wellness,555,2026-03-22,false
POS0001874,PMS000927,guest_key_00927,spa_wellness,145,2026-03-22,false
POS0001875,PMS000927,guest_key_00927,palma_lobby_lounge,160,2026-03-22,false
POS0001876,PMS000927,guest_key_00927,mini_bar_amenity,35,2026-03-20,false
POS0001877,PMS000928,guest_key_00928,calabra_rooftop,215,2026-06-18,true
POS0001878,PMS000928,guest_key_00928,spa_wellness,170,2026-06-18,false
POS0001879,PMS000929,guest_key_00929,palma_lobby_lounge,140,2026-07-21,false
POS0001880,PMS000929,guest_key_00929,palma_lobby_lounge,105,2026-07-21,false
POS0001881,PMS000929,guest_key_00929,calabra_rooftop,145,2026-07-21,false
POS0001882,PMS000930,guest_key_00930,mini_bar_amenity,60,2026-06-21,false
POS0001883,PMS000930,guest_key_00930,palma_lobby_lounge,245,2026-06-19,false
POS0001884,,guest_key_00930,calabra_rooftop,900,2026-06-19,false
POS0001885,PMS000931,guest_key_00931,palma_lobby_lounge,95,2026-07-11,false
POS0001886,PMS000931,guest_key_00931,calabra_rooftop,100,2026-07-10,false
POS0001887,PMS000931,guest_key_00931,calabra_rooftop,145,2026-07-10,false
POS0001888,PMS000932,guest_key_00932,palma_lobby_lounge,40,2026-04-10,false
POS0001889,PMS000932,guest_key_00932,calabra_rooftop,80,2026-04-11,false
POS0001890,PMS000934,guest_key_00934,calabra_rooftop,120,2026-11-27,false
POS0001891,PMS000934,guest_key_00934,in_room_dining,170,2026-11-26,false
POS0001892,PMS000934,,in_room_dining,585,2026-11-28,false
POS0001893,PMS000935,guest_key_00935,valet_parking,80,2026-05-19,false
POS0001894,PMS000936,guest_key_00936,spa_wellness,455,2026-08-05,false
POS0001895,PMS000936,guest_key_00936,palma_lobby_lounge,55,2026-08-05,false
POS0001896,PMS000937,guest_key_00937,calabra_rooftop,50,2026-03-25,false
POS0001897,PMS000937,,calabra_rooftop,275,2026-03-24,false
POS0001898,PMS000938,guest_key_00938,valet_parking,165,2026-06-16,false
POS0001899,,guest_key_00938,calabra_rooftop,195,2026-06-16,false
POS0001900,PMS000940,,spa_wellness,900,2026-11-16,false
POS0001901,PMS000940,guest_key_00940,calabra_rooftop,190,2026-11-17,false
POS0001902,PMS000940,guest_key_00940,calabra_rooftop,900,2026-11-16,false
POS0001903,PMS000941,guest_key_00941,calabra_rooftop,85,2026-11-10,false
POS0001904,PMS000942,guest_key_00942,mini_bar_amenity,55,2026-10-20,false
POS0001905,PMS000944,guest_key_00944,in_room_dining,160,2026-01-04,false
POS0001906,PMS000944,guest_key_00944,mini_bar_amenity,105,2026-01-08,true
POS0001907,PMS000945,guest_key_00945,in_room_dining,130,2026-09-30,false
POS0001908,PMS000945,guest_key_00945,calabra_rooftop,220,2026-10-03,false
POS0001909,PMS000945,guest_key_00945,spa_wellness,185,2026-10-01,false
POS0001910,PMS000947,guest_key_00947,mini_bar_amenity,40,2026-12-21,false
POS0001911,PMS000947,guest_key_00947,in_room_dining,65,2026-12-21,false
POS0001912,PMS000947,guest_key_00947,palma_lobby_lounge,135,2026-12-21,false
POS0001913,PMS000948,guest_key_00948,palma_lobby_lounge,210,2026-10-04,false
POS0001914,PMS000948,guest_key_00948,palma_lobby_lounge,45,2026-10-03,false
POS0001915,PMS000948,guest_key_00948,spa_wellness,235,2026-10-03,false
POS0001916,PMS000950,guest_key_00950,calabra_rooftop,205,2026-04-13,false
POS0001917,PMS000950,guest_key_00950,valet_parking,50,2026-04-13,false
POS0001918,PMS000950,guest_key_00950,palma_lobby_lounge,95,2026-04-13,false
POS0001919,PMS000951,guest_key_00951,calabra_rooftop,495,2026-07-19,false
POS0001920,PMS000953,guest_key_00953,calabra_rooftop,190,2026-01-26,false
POS0001921,PMS000954,guest_key_00954,in_room_dining,65,2026-01-07,false
POS0001922,PMS000956,guest_key_00956,valet_parking,150,2026-12-04,false
POS0001923,PMS000956,guest_key_00956,valet_parking,145,2026-12-07,false
POS0001924,PMS000956,guest_key_00956,mini_bar_amenity,90,2026-12-06,false
POS0001925,PMS000957,guest_key_00957,palma_lobby_lounge,110,2026-10-16,false
POS0001926,PMS000957,guest_key_00957,palma_lobby_lounge,60,2026-10-16,false
POS0001927,PMS000957,guest_key_00957,in_room_dining,90,2026-10-13,false
POS0001928,PMS000958,,palma_lobby_lounge,50,2026-08-12,false
POS0001929,PMS000958,guest_key_00958,mini_bar_amenity,135,2026-08-13,false
POS0001930,PMS000958,guest_key_00958,palma_lobby_lounge,140,2026-08-12,false
POS0001931,PMS000961,guest_key_00961,calabra_rooftop,320,2026-10-28,false
POS0001932,PMS000961,guest_key_00961,mini_bar_amenity,130,2026-10-30,false
POS0001933,PMS000961,guest_key_00961,mini_bar_amenity,25,2026-10-28,true
POS0001934,PMS000962,guest_key_00962,valet_parking,45,2026-12-12,false
POS0001935,PMS000962,guest_key_00962,in_room_dining,80,2026-12-13,false
POS0001936,PMS000965,guest_key_00965,mini_bar_amenity,55,2026-09-20,false
POS0001937,PMS000965,guest_key_00965,calabra_rooftop,215,2026-09-20,false
POS0001938,PMS000966,guest_key_00966,palma_lobby_lounge,315,2026-09-28,false
POS0001939,PMS000967,guest_key_00967,valet_parking,85,2026-07-08,false
POS0001940,PMS000967,guest_key_00967,mini_bar_amenity,45,2026-07-08,false
POS0001941,PMS000967,guest_key_00967,calabra_rooftop,300,2026-07-08,false
POS0001942,PMS000969,guest_key_00969,palma_lobby_lounge,225,2026-04-08,true
POS0001943,PMS000969,,palma_lobby_lounge,155,2026-04-06,false
POS0001944,PMS000969,guest_key_00969,calabra_rooftop,220,2026-04-07,true
POS0001945,PMS000970,guest_key_00970,calabra_rooftop,115,2026-04-20,true
POS0001946,PMS000970,guest_key_00970,valet_parking,90,2026-04-20,false
POS0001947,PMS000971,guest_key_00971,in_room_dining,80,2026-02-16,false
POS0001948,PMS000971,guest_key_00971,palma_lobby_lounge,105,2026-02-16,false
POS0001949,PMS000971,,in_room_dining,125,2026-02-15,false
POS0001950,PMS000971,guest_key_00971,calabra_rooftop,155,2026-02-15,false
POS0001951,PMS000972,,calabra_rooftop,230,2026-05-13,false
POS0001952,PMS000972,guest_key_00972,calabra_rooftop,210,2026-05-11,false
POS0001953,PMS000972,guest_key_00972,spa_wellness,325,2026-05-11,false
POS0001954,PMS000973,guest_key_00973,palma_lobby_lounge,110,2026-12-19,false
POS0001955,PMS000974,guest_key_00974,calabra_rooftop,665,2026-03-22,false
POS0001956,PMS000974,guest_key_00974,palma_lobby_lounge,275,2026-03-21,false
POS0001957,PMS000975,guest_key_00975,palma_lobby_lounge,60,2026-12-05,false
POS0001958,PMS000976,guest_key_00976,valet_parking,120,2026-02-07,false
POS0001959,PMS000976,guest_key_00976,calabra_rooftop,135,2026-02-07,false
POS0001960,PMS000976,guest_key_00976,calabra_rooftop,140,2026-02-07,false
POS0001961,PMS000977,guest_key_00977,valet_parking,90,2026-03-04,false
POS0001962,PMS000978,guest_key_00978,valet_parking,115,2026-07-04,false
POS0001963,PMS000978,guest_key_00978,spa_wellness,325,2026-07-04,false
POS0001964,PMS000978,guest_key_00978,calabra_rooftop,85,2026-07-03,true
POS0001965,PMS000979,guest_key_00979,palma_lobby_lounge,110,2026-04-02,false
POS0001966,PMS000981,,palma_lobby_lounge,115,2026-09-10,false
POS0001967,PMS000982,guest_key_00982,palma_lobby_lounge,40,2026-09-13,false
POS0001968,PMS000982,guest_key_00982,mini_bar_amenity,105,2026-09-10,false
POS0001969,PMS000983,guest_key_00983,spa_wellness,270,2026-10-17,false
POS0001970,PMS000983,guest_key_00983,palma_lobby_lounge,145,2026-10-18,false
POS0001971,PMS000984,guest_key_00984,calabra_rooftop,35,2026-06-10,false
POS0001972,PMS000984,guest_key_00984,valet_parking,20,2026-06-11,false
POS0001973,PMS000984,guest_key_00984,palma_lobby_lounge,70,2026-06-10,true
POS0001974,PMS000984,guest_key_00984,calabra_rooftop,95,2026-06-10,false
POS0001975,PMS000985,guest_key_00985,valet_parking,190,2026-04-20,false
POS0001976,PMS000985,,calabra_rooftop,100,2026-04-20,true
POS0001977,PMS000986,guest_key_00986,calabra_rooftop,75,2026-08-14,false
POS0001978,PMS000987,guest_key_00987,palma_lobby_lounge,195,2026-06-23,false
POS0001979,,guest_key_00987,in_room_dining,175,2026-06-28,false
POS0001980,PMS000988,guest_key_00988,spa_wellness,160,2026-06-11,false
POS0001981,PMS000988,guest_key_00988,spa_wellness,255,2026-06-11,false
POS0001982,PMS000988,guest_key_00988,in_room_dining,140,2026-06-11,false
POS0001983,PMS000989,,calabra_rooftop,410,2026-02-22,false
POS0001984,PMS000990,guest_key_00990,calabra_rooftop,245,2026-04-19,false
POS0001985,PMS000991,guest_key_00991,palma_lobby_lounge,55,2026-12-02,false
POS0001986,PMS000994,guest_key_00994,in_room_dining,135,2026-05-27,false
POS0001987,PMS000996,,palma_lobby_lounge,90,2026-10-04,false
POS0001988,,guest_key_00996,calabra_rooftop,515,2026-09-30,false
POS0001989,PMS000997,guest_key_00997,calabra_rooftop,230,2026-03-12,false
POS0001990,PMS000997,guest_key_00997,calabra_rooftop,225,2026-03-11,false
POS0001991,PMS000998,guest_key_00998,calabra_rooftop,150,2026-02-13,false
POS0001992,PMS000998,guest_key_00998,spa_wellness,485,2026-02-13,false
POS0001993,PMS001000,guest_key_01000,in_room_dining,85,2026-02-10,true
POS0001994,PMS001001,guest_key_01001,palma_lobby_lounge,80,2026-04-30,false
POS0001995,PMS001002,guest_key_01002,valet_parking,30,2026-06-04,false
POS0001996,PMS001002,guest_key_01002,valet_parking,55,2026-06-03,false
POS0001997,PMS001002,guest_key_01002,in_room_dining,50,2026-06-04,false
POS0001998,PMS001003,guest_key_01003,palma_lobby_lounge,150,2026-12-27,false
POS0001999,PMS001004,guest_key_01004,spa_wellness,900,2026-07-09,false
POS0002000,PMS001004,guest_key_01004,mini_bar_amenity,105,2026-07-09,false
POS0002001,PMS001004,guest_key_01004,mini_bar_amenity,20,2026-07-09,false
POS0002002,PMS001005,guest_key_01005,palma_lobby_lounge,145,2026-02-14,false
POS0002003,PMS001006,,in_room_dining,170,2026-10-10,false
POS0002004,PMS001006,guest_key_01006,in_room_dining,150,2026-10-10,false
POS0002005,PMS001006,guest_key_01006,calabra_rooftop,555,2026-10-10,false
POS0002006,PMS001006,guest_key_01006,valet_parking,105,2026-10-10,true
POS0002007,PMS001007,guest_key_01007,calabra_rooftop,140,2026-05-18,false
POS0002008,PMS001007,,palma_lobby_lounge,110,2026-05-16,false
POS0002009,PMS001007,,in_room_dining,145,2026-05-18,false
POS0002010,PMS001007,guest_key_01007,valet_parking,45,2026-05-17,false
POS0002011,PMS001008,guest_key_01008,mini_bar_amenity,35,2026-12-24,false
POS0002012,PMS001010,guest_key_01010,mini_bar_amenity,30,2026-11-04,false
POS0002013,PMS001011,guest_key_01011,palma_lobby_lounge,180,2026-07-09,false
POS0002014,PMS001012,guest_key_01012,calabra_rooftop,65,2026-12-06,false
POS0002015,PMS001012,guest_key_01012,in_room_dining,275,2026-12-07,false
POS0002016,PMS001012,guest_key_01012,spa_wellness,175,2026-12-07,false
POS0002017,PMS001012,guest_key_01012,in_room_dining,265,2026-12-06,false
POS0002018,PMS001013,,spa_wellness,155,2026-04-20,false
POS0002019,PMS001013,guest_key_01013,spa_wellness,225,2026-04-19,false
POS0002020,,guest_key_01013,spa_wellness,250,2026-04-21,false
POS0002021,PMS001014,guest_key_01014,spa_wellness,200,2026-01-20,false
POS0002022,PMS001014,guest_key_01014,palma_lobby_lounge,290,2026-01-20,false
POS0002023,PMS001014,guest_key_01014,palma_lobby_lounge,35,2026-01-20,false
POS0002024,PMS001014,guest_key_01014,spa_wellness,140,2026-01-20,false
POS0002025,PMS001015,guest_key_01015,palma_lobby_lounge,90,2026-07-10,false
POS0002026,PMS001015,guest_key_01015,palma_lobby_lounge,25,2026-07-09,false
POS0002027,PMS001015,guest_key_01015,in_room_dining,160,2026-07-08,false
POS0002028,PMS001015,guest_key_01015,spa_wellness,215,2026-07-08,false
POS0002029,PMS001016,guest_key_01016,palma_lobby_lounge,115,2026-11-22,false
POS0002030,PMS001016,guest_key_01016,in_room_dining,70,2026-11-23,false
POS0002031,PMS001016,guest_key_01016,palma_lobby_lounge,50,2026-11-23,false
POS0002032,PMS001016,guest_key_01016,in_room_dining,275,2026-11-22,false
POS0002033,PMS001018,guest_key_01018,calabra_rooftop,205,2026-04-16,false
POS0002034,PMS001018,guest_key_01018,palma_lobby_lounge,50,2026-04-16,false
POS0002035,PMS001018,guest_key_01018,palma_lobby_lounge,145,2026-04-16,false
POS0002036,PMS001019,guest_key_01019,calabra_rooftop,110,2026-03-04,false
POS0002037,PMS001019,guest_key_01019,palma_lobby_lounge,110,2026-03-04,false
POS0002038,PMS001019,guest_key_01019,spa_wellness,595,2026-03-05,false
POS0002039,PMS001019,guest_key_01019,calabra_rooftop,560,2026-03-05,false
POS0002040,PMS001020,guest_key_01020,palma_lobby_lounge,40,2026-05-07,false
POS0002041,PMS001020,guest_key_01020,calabra_rooftop,535,2026-05-07,false
POS0002042,,guest_key_01021,valet_parking,25,2026-11-10,false
POS0002043,PMS001022,,in_room_dining,165,2026-09-30,false
POS0002044,PMS001022,guest_key_01022,calabra_rooftop,290,2026-09-29,false
POS0002045,PMS001022,guest_key_01022,mini_bar_amenity,40,2026-09-29,false
POS0002046,PMS001023,guest_key_01023,valet_parking,110,2026-03-10,true
POS0002047,PMS001023,guest_key_01023,palma_lobby_lounge,125,2026-03-11,false
POS0002048,PMS001023,guest_key_01023,valet_parking,110,2026-03-10,false
POS0002049,PMS001023,,in_room_dining,45,2026-03-10,false
POS0002050,PMS001024,guest_key_01024,valet_parking,50,2026-09-05,false
POS0002051,PMS001025,guest_key_01025,calabra_rooftop,635,2026-01-09,false
POS0002052,PMS001025,guest_key_01025,palma_lobby_lounge,290,2026-01-11,false
POS0002053,PMS001025,guest_key_01025,calabra_rooftop,185,2026-01-11,false
POS0002054,PMS001025,guest_key_01025,calabra_rooftop,250,2026-01-11,false
POS0002055,PMS001026,guest_key_01026,spa_wellness,120,2026-03-27,false
POS0002056,PMS001026,,spa_wellness,140,2026-03-27,false
POS0002057,PMS001027,guest_key_01027,palma_lobby_lounge,120,2026-01-05,false
POS0002058,PMS001027,,calabra_rooftop,415,2026-01-06,false
POS0002059,PMS001028,guest_key_01028,calabra_rooftop,130,2026-05-15,false
POS0002060,PMS001028,guest_key_01028,valet_parking,115,2026-05-15,false
POS0002061,PMS001029,guest_key_01029,in_room_dining,120,2026-07-20,false
POS0002062,PMS001029,guest_key_01029,mini_bar_amenity,45,2026-07-20,false
POS0002063,PMS001029,guest_key_01029,valet_parking,65,2026-07-20,false
POS0002064,PMS001029,,calabra_rooftop,115,2026-07-21,false
POS0002065,PMS001031,guest_key_01031,in_room_dining,65,2026-08-10,false
POS0002066,PMS001031,guest_key_01031,palma_lobby_lounge,65,2026-08-10,false
POS0002067,PMS001031,guest_key_01031,spa_wellness,275,2026-08-10,false
POS0002068,PMS001031,guest_key_01031,palma_lobby_lounge,75,2026-08-10,false
POS0002069,PMS001032,guest_key_01032,valet_parking,45,2026-06-27,false
POS0002070,PMS001032,guest_key_01032,valet_parking,70,2026-06-27,false
POS0002071,PMS001033,guest_key_01033,mini_bar_amenity,40,2026-10-23,false
POS0002072,PMS001033,guest_key_01033,palma_lobby_lounge,35,2026-10-23,false
POS0002073,PMS001033,guest_key_01033,calabra_rooftop,355,2026-10-23,false
POS0002074,PMS001034,guest_key_01034,spa_wellness,85,2026-02-17,false
POS0002075,PMS001034,guest_key_01034,calabra_rooftop,255,2026-02-15,false
POS0002076,PMS001035,guest_key_01035,calabra_rooftop,85,2026-06-02,true
POS0002077,PMS001037,,mini_bar_amenity,35,2026-04-01,false
POS0002078,PMS001037,guest_key_01037,spa_wellness,185,2026-04-02,false
POS0002079,PMS001037,guest_key_01037,palma_lobby_lounge,130,2026-04-02,false
POS0002080,PMS001037,guest_key_01037,palma_lobby_lounge,70,2026-04-01,false
POS0002081,PMS001038,guest_key_01038,calabra_rooftop,75,2026-05-02,false
POS0002082,PMS001039,guest_key_01039,calabra_rooftop,430,2026-05-01,false
POS0002083,PMS001039,guest_key_01039,calabra_rooftop,105,2026-05-02,false
POS0002084,PMS001039,guest_key_01039,palma_lobby_lounge,50,2026-05-02,false
POS0002085,PMS001039,guest_key_01039,palma_lobby_lounge,70,2026-05-02,false
POS0002086,PMS001040,guest_key_01040,spa_wellness,435,2026-01-16,false
POS0002087,PMS001040,guest_key_01040,calabra_rooftop,60,2026-01-17,false
POS0002088,PMS001040,guest_key_01040,valet_parking,65,2026-01-17,true
POS0002089,PMS001040,guest_key_01040,calabra_rooftop,270,2026-01-17,false
POS0002090,PMS001041,,in_room_dining,135,2026-09-01,false
POS0002091,PMS001042,guest_key_01042,palma_lobby_lounge,90,2026-07-08,false
POS0002092,PMS001042,guest_key_01042,calabra_rooftop,140,2026-07-05,false
POS0002093,PMS001042,guest_key_01042,palma_lobby_lounge,75,2026-07-04,false
POS0002094,PMS001042,guest_key_01042,valet_parking,85,2026-07-08,false
POS0002095,PMS001043,guest_key_01043,palma_lobby_lounge,40,2026-11-17,false
POS0002096,PMS001043,guest_key_01043,in_room_dining,65,2026-11-14,false
POS0002097,PMS001043,guest_key_01043,palma_lobby_lounge,180,2026-11-11,false
POS0002098,PMS001044,guest_key_01044,palma_lobby_lounge,70,2026-04-30,false
POS0002099,PMS001045,guest_key_01045,spa_wellness,430,2026-04-03,false
POS0002100,PMS001045,guest_key_01045,palma_lobby_lounge,110,2026-04-03,false
POS0002101,PMS001045,guest_key_01045,valet_parking,65,2026-04-02,false
POS0002102,PMS001046,guest_key_01046,palma_lobby_lounge,110,2026-08-14,false
POS0002103,,guest_key_01046,spa_wellness,380,2026-08-16,false
POS0002104,,guest_key_01047,valet_parking,40,2026-06-17,false
POS0002105,PMS001048,guest_key_01048,calabra_rooftop,135,2026-04-08,false
POS0002106,PMS001048,guest_key_01048,calabra_rooftop,225,2026-04-10,false
POS0002107,PMS001050,guest_key_01050,in_room_dining,130,2026-02-06,false
POS0002108,,guest_key_01050,valet_parking,70,2026-02-07,false
POS0002109,PMS001050,guest_key_01050,spa_wellness,150,2026-02-06,false
POS0002110,PMS001052,guest_key_01052,calabra_rooftop,140,2026-05-15,false
POS0002111,PMS001053,guest_key_01053,spa_wellness,315,2026-06-20,false
POS0002112,PMS001053,guest_key_01053,spa_wellness,370,2026-06-20,true
POS0002113,PMS001055,guest_key_01055,spa_wellness,285,2026-10-04,false
POS0002114,PMS001055,guest_key_01055,palma_lobby_lounge,110,2026-10-09,false
POS0002115,PMS001055,guest_key_01055,calabra_rooftop,175,2026-10-05,false
POS0002116,PMS001055,guest_key_01055,valet_parking,300,2026-10-04,true
POS0002117,PMS001056,guest_key_01056,calabra_rooftop,145,2026-09-15,true
POS0002118,PMS001056,guest_key_01056,calabra_rooftop,175,2026-09-16,false
POS0002119,PMS001056,guest_key_01056,valet_parking,75,2026-09-12,false
POS0002120,PMS001056,guest_key_01056,valet_parking,125,2026-09-15,false
POS0002121,PMS001057,,palma_lobby_lounge,180,2026-08-02,false
POS0002122,PMS001058,guest_key_01058,in_room_dining,220,2026-04-01,true
POS0002123,PMS001058,guest_key_01058,spa_wellness,140,2026-03-30,false
POS0002124,PMS001058,guest_key_01058,palma_lobby_lounge,65,2026-04-01,false
POS0002125,PMS001058,guest_key_01058,palma_lobby_lounge,140,2026-04-04,true
POS0002126,PMS001059,guest_key_01059,calabra_rooftop,90,2026-01-07,false
POS0002127,PMS001059,guest_key_01059,palma_lobby_lounge,25,2026-01-02,false
POS0002128,PMS001059,guest_key_01059,mini_bar_amenity,160,2026-01-02,false
POS0002129,PMS001059,guest_key_01059,mini_bar_amenity,30,2026-01-03,false
POS0002130,PMS001060,,palma_lobby_lounge,60,2026-08-30,false
POS0002131,PMS001063,guest_key_01063,valet_parking,70,2026-05-24,false
POS0002132,PMS001064,guest_key_01064,calabra_rooftop,195,2026-06-09,false
POS0002133,PMS001064,guest_key_01064,spa_wellness,225,2026-06-07,false
POS0002134,PMS001065,guest_key_01065,calabra_rooftop,235,2026-05-15,false
POS0002135,PMS001065,guest_key_01065,calabra_rooftop,120,2026-05-16,false
POS0002136,,guest_key_01065,in_room_dining,155,2026-05-15,false
POS0002137,PMS001066,guest_key_01066,palma_lobby_lounge,95,2026-06-01,false
POS0002138,PMS001066,,calabra_rooftop,205,2026-05-31,false
POS0002139,PMS001066,guest_key_01066,palma_lobby_lounge,50,2026-05-31,true
POS0002140,PMS001069,guest_key_01069,palma_lobby_lounge,45,2026-10-16,false
POS0002141,PMS001072,guest_key_01072,mini_bar_amenity,25,2026-07-16,false
POS0002142,PMS001072,guest_key_01072,palma_lobby_lounge,95,2026-07-10,false
POS0002143,PMS001072,guest_key_01072,spa_wellness,200,2026-07-15,false
POS0002144,PMS001073,guest_key_01073,palma_lobby_lounge,105,2026-07-17,false
POS0002145,PMS001074,guest_key_01074,valet_parking,80,2026-05-21,false
POS0002146,PMS001074,guest_key_01074,calabra_rooftop,75,2026-05-20,false
POS0002147,,guest_key_01074,in_room_dining,290,2026-05-20,false
POS0002148,PMS001074,guest_key_01074,in_room_dining,215,2026-05-21,false
POS0002149,PMS001075,guest_key_01075,valet_parking,60,2026-06-09,false
POS0002150,PMS001078,guest_key_01078,calabra_rooftop,220,2026-06-02,false
POS0002151,PMS001078,,palma_lobby_lounge,40,2026-06-02,false
POS0002152,PMS001078,,valet_parking,160,2026-06-02,false
POS0002153,PMS001079,guest_key_01079,valet_parking,135,2026-07-30,false
POS0002154,PMS001079,guest_key_01079,in_room_dining,195,2026-07-30,false
POS0002155,PMS001080,,calabra_rooftop,340,2026-05-02,false
POS0002156,PMS001080,guest_key_01080,in_room_dining,140,2026-05-03,false
POS0002157,PMS001081,guest_key_01081,in_room_dining,90,2026-11-24,false
POS0002158,PMS001081,guest_key_01081,in_room_dining,245,2026-11-23,false
POS0002159,PMS001081,guest_key_01081,in_room_dining,175,2026-11-24,false
POS0002160,PMS001081,guest_key_01081,mini_bar_amenity,65,2026-11-24,false
POS0002161,PMS001082,guest_key_01082,calabra_rooftop,485,2026-09-10,false
POS0002162,PMS001082,guest_key_01082,calabra_rooftop,145,2026-09-08,false
POS0002163,PMS001082,guest_key_01082,calabra_rooftop,275,2026-09-10,false
POS0002164,,guest_key_01083,calabra_rooftop,755,2026-12-12,false
POS0002165,PMS001083,guest_key_01083,mini_bar_amenity,30,2026-12-12,false
POS0002166,PMS001083,guest_key_01083,valet_parking,20,2026-12-12,false
POS0002167,PMS001083,guest_key_01083,palma_lobby_lounge,395,2026-12-12,false
POS0002168,PMS001085,guest_key_01085,palma_lobby_lounge,265,2026-12-12,false
POS0002169,PMS001085,guest_key_01085,valet_parking,45,2026-12-12,false
POS0002170,PMS001086,guest_key_01086,spa_wellness,170,2026-03-07,false
POS0002171,PMS001086,guest_key_01086,valet_parking,160,2026-03-07,false
POS0002172,PMS001087,guest_key_01087,palma_lobby_lounge,85,2026-01-01,false
POS0002173,PMS001087,,calabra_rooftop,155,2026-01-01,false
POS0002174,PMS001087,guest_key_01087,spa_wellness,630,2026-01-01,false
POS0002175,,guest_key_01087,palma_lobby_lounge,130,2026-01-01,false
POS0002176,PMS001088,,valet_parking,70,2026-10-26,true
POS0002177,,guest_key_01088,spa_wellness,335,2026-10-26,false
POS0002178,PMS001089,guest_key_01089,spa_wellness,590,2026-06-15,false
POS0002179,PMS001089,guest_key_01089,calabra_rooftop,520,2026-06-16,false
POS0002180,PMS001090,guest_key_01090,calabra_rooftop,185,2026-12-29,false
POS0002181,PMS001090,guest_key_01090,valet_parking,50,2026-12-31,true
POS0002182,PMS001090,guest_key_01090,calabra_rooftop,375,2026-12-31,false
POS0002183,PMS001091,guest_key_01091,valet_parking,50,2026-06-27,false
POS0002184,PMS001091,guest_key_01091,calabra_rooftop,390,2026-06-30,false
POS0002185,PMS001091,guest_key_01091,mini_bar_amenity,30,2026-06-28,false
POS0002186,PMS001091,guest_key_01091,calabra_rooftop,185,2026-07-02,false
POS0002187,PMS001092,guest_key_01092,calabra_rooftop,375,2026-09-02,false
POS0002188,PMS001092,guest_key_01092,mini_bar_amenity,45,2026-09-02,false
POS0002189,PMS001094,guest_key_01094,palma_lobby_lounge,80,2026-09-05,false
POS0002190,PMS001094,guest_key_01094,mini_bar_amenity,265,2026-09-04,false
POS0002191,PMS001094,guest_key_01094,valet_parking,40,2026-09-05,false
POS0002192,PMS001095,guest_key_01095,palma_lobby_lounge,65,2026-04-11,false
POS0002193,PMS001095,guest_key_01095,palma_lobby_lounge,40,2026-04-11,false
POS0002194,PMS001095,,palma_lobby_lounge,185,2026-04-11,false
POS0002195,PMS001096,guest_key_01096,in_room_dining,70,2026-06-18,false
POS0002196,PMS001096,guest_key_01096,spa_wellness,270,2026-06-18,false
POS0002197,PMS001096,guest_key_01096,palma_lobby_lounge,305,2026-06-16,false
POS0002198,PMS001098,guest_key_01098,calabra_rooftop,195,2026-03-27,false
POS0002199,PMS001098,guest_key_01098,palma_lobby_lounge,95,2026-03-24,false
POS0002200,PMS001098,guest_key_01098,palma_lobby_lounge,95,2026-03-25,false
POS0002201,PMS001099,guest_key_01099,valet_parking,75,2026-04-18,false
POS0002202,PMS001099,guest_key_01099,in_room_dining,65,2026-04-15,false
POS0002203,PMS001101,,valet_parking,195,2026-09-26,true
POS0002204,PMS001101,guest_key_01101,calabra_rooftop,180,2026-09-26,false
POS0002205,,,valet_parking,100,2026-11-03,false
POS0002206,PMS001102,,valet_parking,270,2026-11-07,false
POS0002207,PMS001102,,valet_parking,80,2026-11-05,false
POS0002208,PMS001103,guest_key_01103,valet_parking,75,2026-10-05,false
POS0002209,PMS001106,guest_key_01106,mini_bar_amenity,60,2026-08-16,false
POS0002210,PMS001106,guest_key_01106,spa_wellness,335,2026-08-16,false
POS0002211,PMS001108,guest_key_01108,in_room_dining,225,2026-08-27,false
POS0002212,PMS001108,guest_key_01108,valet_parking,75,2026-08-28,false
POS0002213,PMS001108,guest_key_01108,spa_wellness,305,2026-08-25,false
POS0002214,PMS001108,guest_key_01108,palma_lobby_lounge,80,2026-08-29,true
POS0002215,PMS001110,guest_key_01110,palma_lobby_lounge,95,2026-05-01,false
POS0002216,PMS001110,guest_key_01110,valet_parking,150,2026-04-30,false
POS0002217,PMS001110,guest_key_01110,calabra_rooftop,65,2026-05-02,false
POS0002218,PMS001110,guest_key_01110,calabra_rooftop,65,2026-05-01,false
POS0002219,PMS001111,guest_key_01111,in_room_dining,160,2026-01-22,false
POS0002220,PMS001111,guest_key_01111,calabra_rooftop,115,2026-01-22,false
POS0002221,PMS001112,guest_key_01112,palma_lobby_lounge,80,2026-01-24,false
POS0002222,PMS001112,guest_key_01112,mini_bar_amenity,65,2026-01-24,false
POS0002223,PMS001112,guest_key_01112,calabra_rooftop,150,2026-01-24,false
POS0002224,PMS001113,guest_key_01113,spa_wellness,520,2026-05-25,true
POS0002225,PMS001113,guest_key_01113,calabra_rooftop,215,2026-05-25,false
POS0002226,PMS001114,guest_key_01114,calabra_rooftop,160,2026-03-12,false
POS0002227,PMS001114,guest_key_01114,mini_bar_amenity,30,2026-03-15,false
POS0002228,PMS001115,guest_key_01115,palma_lobby_lounge,60,2026-08-12,false
POS0002229,PMS001115,,palma_lobby_lounge,170,2026-08-12,true
POS0002230,PMS001116,guest_key_01116,in_room_dining,160,2026-02-02,false
POS0002231,PMS001118,guest_key_01118,in_room_dining,225,2026-11-15,true
POS0002232,PMS001120,guest_key_01120,calabra_rooftop,365,2026-03-18,false
POS0002233,PMS001120,guest_key_01120,valet_parking,65,2026-03-16,false
POS0002234,PMS001120,guest_key_01120,palma_lobby_lounge,155,2026-03-17,false
POS0002235,PMS001120,guest_key_01120,in_room_dining,70,2026-03-17,false
POS0002236,PMS001121,guest_key_01121,palma_lobby_lounge,125,2026-12-24,false
POS0002237,PMS001122,guest_key_01122,calabra_rooftop,485,2026-11-15,false
POS0002238,PMS001122,guest_key_01122,calabra_rooftop,105,2026-11-15,false
POS0002239,PMS001122,guest_key_01122,valet_parking,80,2026-11-15,false
POS0002240,PMS001124,guest_key_01124,in_room_dining,260,2026-03-18,false
POS0002241,PMS001124,guest_key_01124,in_room_dining,230,2026-03-18,false
POS0002242,PMS001124,guest_key_01124,in_room_dining,70,2026-03-18,false
POS0002243,PMS001125,guest_key_01125,calabra_rooftop,230,2026-06-20,false
POS0002244,PMS001125,,palma_lobby_lounge,140,2026-06-21,false
POS0002245,PMS001125,guest_key_01125,mini_bar_amenity,30,2026-06-20,false
POS0002246,PMS001125,guest_key_01125,calabra_rooftop,210,2026-06-22,false
POS0002247,PMS001126,guest_key_01126,mini_bar_amenity,90,2026-12-18,false
POS0002248,PMS001126,guest_key_01126,calabra_rooftop,150,2026-12-17,false
POS0002249,PMS001126,,calabra_rooftop,80,2026-12-18,false
POS0002250,PMS001127,guest_key_01127,calabra_rooftop,485,2026-10-19,true
POS0002251,PMS001127,guest_key_01127,palma_lobby_lounge,30,2026-10-18,false
POS0002252,PMS001128,guest_key_01128,spa_wellness,195,2026-11-02,false
POS0002253,PMS001129,guest_key_01129,in_room_dining,95,2026-06-22,false
POS0002254,PMS001129,guest_key_01129,valet_parking,50,2026-06-20,false
POS0002255,PMS001129,guest_key_01129,palma_lobby_lounge,40,2026-06-20,false
POS0002256,PMS001130,guest_key_01130,valet_parking,70,2026-09-18,false
POS0002257,PMS001130,,palma_lobby_lounge,50,2026-09-20,false
POS0002258,PMS001131,guest_key_01131,spa_wellness,85,2026-01-24,false
POS0002259,PMS001131,guest_key_01131,palma_lobby_lounge,55,2026-01-24,false
POS0002260,PMS001132,guest_key_01132,palma_lobby_lounge,135,2026-02-28,false
POS0002261,PMS001132,guest_key_01132,calabra_rooftop,700,2026-02-28,false
POS0002262,PMS001132,guest_key_01132,palma_lobby_lounge,120,2026-02-28,false
POS0002263,PMS001133,,palma_lobby_lounge,50,2026-04-08,false
POS0002264,PMS001133,guest_key_01133,mini_bar_amenity,50,2026-04-08,true
POS0002265,PMS001135,guest_key_01135,valet_parking,20,2026-01-17,false
POS0002266,PMS001136,guest_key_01136,valet_parking,35,2026-02-18,false
POS0002267,PMS001136,guest_key_01136,palma_lobby_lounge,90,2026-02-18,false
POS0002268,PMS001137,guest_key_01137,calabra_rooftop,85,2026-12-25,false
POS0002269,PMS001138,guest_key_01138,in_room_dining,100,2026-06-28,false
POS0002270,PMS001138,guest_key_01138,valet_parking,65,2026-06-28,false
POS0002271,PMS001138,,palma_lobby_lounge,105,2026-06-28,false
POS0002272,PMS001139,guest_key_01139,palma_lobby_lounge,85,2026-06-07,false
POS0002273,PMS001139,guest_key_01139,valet_parking,50,2026-06-08,false
POS0002274,PMS001140,guest_key_01140,palma_lobby_lounge,30,2026-09-24,false
POS0002275,PMS001140,guest_key_01140,valet_parking,95,2026-09-21,false
POS0002276,PMS001140,guest_key_01140,mini_bar_amenity,60,2026-09-22,false
POS0002277,PMS001142,guest_key_01142,spa_wellness,300,2026-04-15,false
POS0002278,PMS001142,guest_key_01142,calabra_rooftop,390,2026-04-15,false
POS0002279,PMS001142,guest_key_01142,valet_parking,50,2026-04-13,false
POS0002280,PMS001143,,spa_wellness,125,2026-08-18,false
POS0002281,PMS001144,,in_room_dining,285,2026-01-08,false
POS0002282,PMS001144,guest_key_01144,palma_lobby_lounge,165,2026-01-06,false
POS0002283,PMS001144,guest_key_01144,calabra_rooftop,65,2026-01-07,false
POS0002284,PMS001145,guest_key_01145,palma_lobby_lounge,100,2026-10-13,false
POS0002285,PMS001146,guest_key_01146,calabra_rooftop,155,2026-08-02,false
POS0002286,PMS001146,guest_key_01146,calabra_rooftop,750,2026-08-02,true
POS0002287,PMS001146,,calabra_rooftop,295,2026-08-02,false
POS0002288,PMS001147,guest_key_01147,calabra_rooftop,230,2026-12-11,false
POS0002289,PMS001147,guest_key_01147,calabra_rooftop,85,2026-12-11,false
POS0002290,PMS001148,guest_key_01148,valet_parking,85,2026-11-29,false
POS0002291,,guest_key_01149,mini_bar_amenity,45,2026-06-23,false
POS0002292,PMS001149,guest_key_01149,valet_parking,185,2026-06-23,false
POS0002293,PMS001149,guest_key_01149,calabra_rooftop,280,2026-06-22,false
POS0002294,PMS001150,guest_key_01150,valet_parking,120,2026-04-29,false
POS0002295,PMS001150,guest_key_01150,calabra_rooftop,355,2026-04-27,false
POS0002296,PMS001150,guest_key_01150,spa_wellness,390,2026-04-26,false
POS0002297,,guest_key_01150,calabra_rooftop,695,2026-04-27,false
POS0002298,PMS001151,guest_key_01151,valet_parking,135,2026-09-26,false
POS0002299,PMS001151,guest_key_01151,calabra_rooftop,700,2026-09-23,false
POS0002300,PMS001151,guest_key_01151,palma_lobby_lounge,50,2026-09-26,false
POS0002301,PMS001151,guest_key_01151,palma_lobby_lounge,90,2026-09-25,true
POS0002302,PMS001152,guest_key_01152,calabra_rooftop,310,2026-07-04,false
POS0002303,PMS001152,guest_key_01152,mini_bar_amenity,20,2026-07-05,false
POS0002304,PMS001152,guest_key_01152,mini_bar_amenity,20,2026-07-07,false
POS0002305,PMS001154,guest_key_01154,in_room_dining,65,2026-11-30,false
POS0002306,PMS001156,guest_key_01156,valet_parking,85,2026-12-09,false
POS0002307,PMS001156,guest_key_01156,spa_wellness,110,2026-12-10,false
POS0002308,PMS001157,guest_key_01157,calabra_rooftop,90,2026-01-01,false
POS0002309,PMS001157,guest_key_01157,calabra_rooftop,245,2026-01-02,false
POS0002310,PMS001157,guest_key_01157,calabra_rooftop,125,2026-01-03,false
POS0002311,PMS001159,guest_key_01159,calabra_rooftop,50,2026-01-08,false
POS0002312,PMS001159,,mini_bar_amenity,45,2026-01-09,false
POS0002313,PMS001160,guest_key_01160,palma_lobby_lounge,25,2026-01-01,false
POS0002314,PMS001160,guest_key_01160,palma_lobby_lounge,35,2026-01-01,false
POS0002315,PMS001160,,calabra_rooftop,515,2026-01-01,false
POS0002316,PMS001160,guest_key_01160,palma_lobby_lounge,90,2026-01-01,false
POS0002317,PMS001161,guest_key_01161,calabra_rooftop,285,2026-01-07,false
POS0002318,PMS001161,guest_key_01161,palma_lobby_lounge,135,2026-01-06,false
POS0002319,PMS001162,,valet_parking,75,2026-05-03,true
POS0002320,PMS001162,guest_key_01162,palma_lobby_lounge,210,2026-05-04,false
POS0002321,PMS001162,guest_key_01162,valet_parking,45,2026-05-03,false
POS0002322,PMS001162,guest_key_01162,valet_parking,50,2026-05-04,false
POS0002323,PMS001163,guest_key_01163,palma_lobby_lounge,470,2026-11-01,false
POS0002324,,guest_key_01163,palma_lobby_lounge,245,2026-11-01,false
POS0002325,PMS001163,guest_key_01163,valet_parking,40,2026-11-02,false
POS0002326,PMS001163,guest_key_01163,in_room_dining,165,2026-10-31,false
POS0002327,PMS001164,guest_key_01164,palma_lobby_lounge,105,2026-09-19,false
POS0002328,PMS001165,guest_key_01165,in_room_dining,110,2026-01-15,true
POS0002329,PMS001165,guest_key_01165,palma_lobby_lounge,130,2026-01-12,false
POS0002330,PMS001167,guest_key_01167,calabra_rooftop,245,2026-11-11,false
POS0002331,PMS001167,guest_key_01167,spa_wellness,170,2026-11-12,false
POS0002332,PMS001167,guest_key_01167,palma_lobby_lounge,120,2026-11-13,true
POS0002333,PMS001167,guest_key_01167,palma_lobby_lounge,100,2026-11-12,false
POS0002334,PMS001168,guest_key_01168,calabra_rooftop,175,2026-05-08,false
POS0002335,PMS001168,guest_key_01168,spa_wellness,430,2026-05-08,false
POS0002336,PMS001168,guest_key_01168,calabra_rooftop,155,2026-05-08,false
POS0002337,PMS001168,guest_key_01168,calabra_rooftop,175,2026-05-08,false
POS0002338,PMS001169,guest_key_01169,calabra_rooftop,470,2026-03-31,false
POS0002339,PMS001170,guest_key_01170,calabra_rooftop,90,2026-07-31,false
POS0002340,PMS001170,guest_key_01170,calabra_rooftop,85,2026-07-31,false
POS0002341,PMS001170,guest_key_01170,in_room_dining,375,2026-07-31,false
POS0002342,PMS001170,,spa_wellness,290,2026-07-31,false
POS0002343,PMS001171,guest_key_01171,spa_wellness,230,2026-12-18,false
POS0002344,PMS001172,guest_key_01172,spa_wellness,685,2026-05-08,false
POS0002345,PMS001173,guest_key_01173,palma_lobby_lounge,55,2026-04-19,false
POS0002346,PMS001173,guest_key_01173,valet_parking,80,2026-04-22,false
POS0002347,PMS001173,guest_key_01173,spa_wellness,425,2026-04-21,true
POS0002348,PMS001175,guest_key_01175,calabra_rooftop,165,2026-06-13,false
POS0002349,PMS001175,guest_key_01175,spa_wellness,90,2026-06-14,false
POS0002350,PMS001176,guest_key_01176,valet_parking,170,2026-11-03,false
POS0002351,PMS001178,guest_key_01178,calabra_rooftop,205,2026-03-14,false
POS0002352,,guest_key_01178,calabra_rooftop,250,2026-03-14,false
POS0002353,PMS001178,,palma_lobby_lounge,110,2026-03-13,false
POS0002354,PMS001178,,calabra_rooftop,125,2026-03-13,false
POS0002355,PMS001180,guest_key_01180,palma_lobby_lounge,65,2026-12-26,false
POS0002356,PMS001182,guest_key_01182,valet_parking,90,2026-07-12,false
POS0002357,PMS001182,guest_key_01182,palma_lobby_lounge,185,2026-07-13,false
POS0002358,PMS001182,guest_key_01182,calabra_rooftop,390,2026-07-12,false
POS0002359,PMS001182,,calabra_rooftop,465,2026-07-13,false
POS0002360,PMS001183,guest_key_01183,spa_wellness,445,2026-05-06,false
POS0002361,PMS001184,guest_key_01184,spa_wellness,355,2026-07-29,false
POS0002362,PMS001184,guest_key_01184,valet_parking,145,2026-07-29,false
POS0002363,PMS001184,guest_key_01184,valet_parking,35,2026-07-28,false
POS0002364,PMS001184,guest_key_01184,calabra_rooftop,240,2026-07-28,false
POS0002365,PMS001185,guest_key_01185,palma_lobby_lounge,140,2026-01-28,true
POS0002366,PMS001185,guest_key_01185,palma_lobby_lounge,75,2026-02-03,false
POS0002367,PMS001185,guest_key_01185,palma_lobby_lounge,125,2026-02-02,false
POS0002368,PMS001186,guest_key_01186,palma_lobby_lounge,155,2026-04-24,false
POS0002369,PMS001187,guest_key_01187,spa_wellness,265,2026-06-04,false
POS0002370,PMS001187,guest_key_01187,calabra_rooftop,125,2026-06-03,false
POS0002371,PMS001187,,palma_lobby_lounge,90,2026-06-03,false
POS0002372,PMS001187,guest_key_01187,calabra_rooftop,245,2026-06-03,false
POS0002373,PMS001188,guest_key_01188,spa_wellness,505,2026-05-25,false
POS0002374,PMS001188,guest_key_01188,calabra_rooftop,225,2026-05-25,false
POS0002375,PMS001189,,calabra_rooftop,185,2026-12-15,false
POS0002376,PMS001189,guest_key_01189,palma_lobby_lounge,160,2026-12-15,false
POS0002377,PMS001189,guest_key_01189,mini_bar_amenity,45,2026-12-14,false
POS0002378,PMS001191,,in_room_dining,120,2026-02-01,false
POS0002379,PMS001192,,calabra_rooftop,195,2026-03-29,false
POS0002380,PMS001192,guest_key_01192,palma_lobby_lounge,40,2026-03-29,false
POS0002381,PMS001192,guest_key_01192,in_room_dining,175,2026-03-29,false
POS0002382,PMS001193,guest_key_01193,valet_parking,95,2026-10-21,false
POS0002383,PMS001194,guest_key_01194,palma_lobby_lounge,110,2026-10-06,false
POS0002384,PMS001194,guest_key_01194,valet_parking,45,2026-10-06,false
POS0002385,PMS001194,guest_key_01194,palma_lobby_lounge,60,2026-10-06,false
POS0002386,PMS001194,guest_key_01194,valet_parking,70,2026-10-06,false
POS0002387,PMS001195,,in_room_dining,115,2026-09-15,false
POS0002388,PMS001195,guest_key_01195,spa_wellness,300,2026-09-15,false
POS0002389,PMS001195,guest_key_01195,valet_parking,55,2026-09-16,false
POS0002390,PMS001195,guest_key_01195,calabra_rooftop,210,2026-09-15,false
POS0002391,PMS001196,guest_key_01196,palma_lobby_lounge,145,2026-10-20,false
POS0002392,PMS001196,guest_key_01196,calabra_rooftop,65,2026-10-20,false
POS0002393,PMS001196,guest_key_01196,calabra_rooftop,100,2026-10-20,false
POS0002394,PMS001196,guest_key_01196,palma_lobby_lounge,105,2026-10-21,false
POS0002395,PMS001197,guest_key_01197,in_room_dining,40,2026-08-02,false
POS0002396,PMS001197,guest_key_01197,calabra_rooftop,220,2026-08-02,true
POS0002397,PMS001198,guest_key_01198,spa_wellness,80,2026-03-31,false
POS0002398,PMS001198,guest_key_01198,palma_lobby_lounge,105,2026-04-03,false
POS0002399,PMS001198,guest_key_01198,palma_lobby_lounge,125,2026-03-29,false
POS0002400,PMS001198,guest_key_01198,in_room_dining,50,2026-03-31,false
POS0002401,PMS001199,guest_key_01199,mini_bar_amenity,20,2026-08-12,false
POS0002402,PMS001199,,valet_parking,40,2026-08-10,false
POS0002403,PMS001199,guest_key_01199,in_room_dining,105,2026-08-11,false
POS0002404,PMS001199,,spa_wellness,795,2026-08-12,false
POS0002405,PMS001200,guest_key_01200,in_room_dining,200,2026-05-06,false
POS0002406,PMS001200,guest_key_01200,valet_parking,150,2026-05-06,false
POS0002407,PMS001200,guest_key_01200,in_room_dining,70,2026-05-06,true
POS0002408,,guest_key_01201,calabra_rooftop,150,2026-12-31,false
POS0002409,PMS001203,guest_key_01203,valet_parking,120,2026-01-19,false
POS0002410,PMS001204,guest_key_01204,valet_parking,115,2026-05-26,false
POS0002411,PMS001204,guest_key_01204,calabra_rooftop,195,2026-05-26,false
POS0002412,PMS001204,guest_key_01204,calabra_rooftop,170,2026-05-26,false
POS0002413,PMS001205,,palma_lobby_lounge,225,2026-01-20,false
POS0002414,PMS001206,guest_key_01206,valet_parking,80,2026-09-16,false
POS0002415,PMS001206,guest_key_01206,valet_parking,195,2026-09-16,false
POS0002416,PMS001206,guest_key_01206,spa_wellness,380,2026-09-16,false
POS0002417,PMS001207,guest_key_01207,palma_lobby_lounge,135,2026-08-02,false
POS0002418,PMS001207,guest_key_01207,valet_parking,60,2026-08-02,false
POS0002419,PMS001207,guest_key_01207,valet_parking,100,2026-08-01,false
POS0002420,PMS001207,,mini_bar_amenity,20,2026-08-02,false
POS0002421,PMS001208,guest_key_01208,in_room_dining,40,2026-01-14,false
POS0002422,PMS001208,guest_key_01208,valet_parking,65,2026-01-12,false
POS0002423,PMS001208,guest_key_01208,palma_lobby_lounge,90,2026-01-14,false
POS0002424,PMS001208,guest_key_01208,in_room_dining,140,2026-01-12,true
POS0002425,PMS001209,,in_room_dining,210,2026-11-15,false
POS0002426,PMS001209,guest_key_01209,valet_parking,90,2026-11-13,false
POS0002427,PMS001209,guest_key_01209,in_room_dining,75,2026-11-15,false
POS0002428,PMS001209,guest_key_01209,calabra_rooftop,145,2026-11-15,false
POS0002429,PMS001211,guest_key_01211,calabra_rooftop,105,2026-11-11,false
POS0002430,PMS001211,guest_key_01211,mini_bar_amenity,35,2026-11-11,false
POS0002431,,guest_key_01211,calabra_rooftop,400,2026-11-11,false
POS0002432,PMS001211,guest_key_01211,spa_wellness,325,2026-11-11,true
POS0002433,PMS001213,guest_key_01213,palma_lobby_lounge,210,2026-06-05,false
POS0002434,PMS001213,guest_key_01213,valet_parking,75,2026-06-05,false
POS0002435,PMS001213,,in_room_dining,155,2026-06-06,false
POS0002436,PMS001214,guest_key_01214,palma_lobby_lounge,105,2026-02-01,false
POS0002437,PMS001214,guest_key_01214,valet_parking,45,2026-02-02,false
POS0002438,PMS001214,guest_key_01214,mini_bar_amenity,25,2026-02-02,false
POS0002439,PMS001214,guest_key_01214,spa_wellness,510,2026-01-30,false
POS0002440,PMS001215,guest_key_01215,calabra_rooftop,275,2026-11-28,false
POS0002441,PMS001215,guest_key_01215,palma_lobby_lounge,85,2026-11-29,false
POS0002442,PMS001215,guest_key_01215,spa_wellness,75,2026-11-29,false
POS0002443,PMS001215,guest_key_01215,palma_lobby_lounge,50,2026-11-28,false
POS0002444,PMS001219,guest_key_01219,calabra_rooftop,420,2026-11-28,false
POS0002445,PMS001219,guest_key_01219,calabra_rooftop,130,2026-11-28,false
POS0002446,PMS001220,guest_key_01220,mini_bar_amenity,20,2026-10-02,false
POS0002447,PMS001220,guest_key_01220,calabra_rooftop,75,2026-10-04,false
POS0002448,PMS001220,guest_key_01220,spa_wellness,155,2026-10-03,false
POS0002449,PMS001221,guest_key_01221,calabra_rooftop,265,2026-05-16,false
POS0002450,PMS001221,guest_key_01221,valet_parking,105,2026-05-16,false
POS0002451,PMS001221,guest_key_01221,calabra_rooftop,95,2026-05-16,false
POS0002452,PMS001222,guest_key_01222,in_room_dining,160,2026-05-18,false
POS0002453,PMS001222,guest_key_01222,valet_parking,40,2026-05-19,false
POS0002454,PMS001222,guest_key_01222,palma_lobby_lounge,215,2026-05-19,false
POS0002455,PMS001222,guest_key_01222,spa_wellness,145,2026-05-18,false
POS0002456,PMS001223,guest_key_01223,valet_parking,40,2026-06-06,false
POS0002457,PMS001223,guest_key_01223,calabra_rooftop,135,2026-06-06,false
POS0002458,PMS001223,guest_key_01223,palma_lobby_lounge,140,2026-06-07,false
POS0002459,PMS001225,guest_key_01225,palma_lobby_lounge,105,2026-10-21,false
POS0002460,,guest_key_01225,calabra_rooftop,155,2026-10-25,false
POS0002461,PMS001225,,in_room_dining,170,2026-10-21,false
POS0002462,PMS001225,guest_key_01225,palma_lobby_lounge,200,2026-10-22,true
POS0002463,PMS001226,guest_key_01226,calabra_rooftop,255,2026-12-30,true
POS0002464,PMS001226,guest_key_01226,calabra_rooftop,305,2026-12-30,false
POS0002465,PMS001228,guest_key_01228,mini_bar_amenity,115,2026-01-08,false
POS0002466,PMS001228,guest_key_01228,palma_lobby_lounge,115,2026-01-08,false
POS0002467,PMS001229,guest_key_01229,spa_wellness,145,2026-06-13,false
POS0002468,PMS001229,guest_key_01229,valet_parking,65,2026-06-16,false
POS0002469,PMS001231,guest_key_01231,palma_lobby_lounge,185,2026-11-28,false
POS0002470,PMS001231,guest_key_01231,palma_lobby_lounge,130,2026-11-26,false
POS0002471,PMS001231,guest_key_01231,calabra_rooftop,125,2026-11-26,false
POS0002472,PMS001233,guest_key_01233,calabra_rooftop,350,2026-08-15,false
POS0002473,PMS001233,guest_key_01233,palma_lobby_lounge,65,2026-08-19,false
POS0002474,PMS001234,guest_key_01234,spa_wellness,45,2026-08-30,false
POS0002475,PMS001234,guest_key_01234,in_room_dining,160,2026-08-26,false
POS0002476,PMS001235,guest_key_01235,calabra_rooftop,140,2026-12-31,false
POS0002477,PMS001236,guest_key_01236,calabra_rooftop,235,2026-06-19,false
POS0002478,PMS001237,guest_key_01237,mini_bar_amenity,30,2026-11-23,false
POS0002479,PMS001237,,palma_lobby_lounge,280,2026-11-22,false
POS0002480,PMS001238,guest_key_01238,calabra_rooftop,235,2026-07-10,false
POS0002481,PMS001238,guest_key_01238,valet_parking,85,2026-07-10,false
POS0002482,PMS001238,guest_key_01238,calabra_rooftop,50,2026-07-10,false
POS0002483,PMS001238,guest_key_01238,mini_bar_amenity,45,2026-07-10,false
POS0002484,PMS001239,guest_key_01239,valet_parking,75,2026-01-19,false
POS0002485,PMS001239,guest_key_01239,mini_bar_amenity,50,2026-01-19,false
POS0002486,PMS001239,guest_key_01239,valet_parking,20,2026-01-19,false
POS0002487,PMS001240,guest_key_01240,calabra_rooftop,70,2026-01-21,false
POS0002488,PMS001242,guest_key_01242,palma_lobby_lounge,110,2026-05-21,false
POS0002489,PMS001242,guest_key_01242,calabra_rooftop,150,2026-05-21,false
POS0002490,PMS001242,guest_key_01242,spa_wellness,235,2026-05-22,false
POS0002491,PMS001243,guest_key_01243,valet_parking,40,2026-09-07,false
POS0002492,PMS001244,guest_key_01244,in_room_dining,175,2026-08-11,false
POS0002493,PMS001244,guest_key_01244,calabra_rooftop,50,2026-08-12,false
POS0002494,PMS001244,guest_key_01244,valet_parking,30,2026-08-11,false
POS0002495,PMS001244,guest_key_01244,valet_parking,180,2026-08-12,false
POS0002496,PMS001245,guest_key_01245,valet_parking,140,2026-08-20,false
POS0002497,,guest_key_01245,spa_wellness,315,2026-08-20,false
POS0002498,PMS001245,guest_key_01245,valet_parking,65,2026-08-20,false
POS0002499,PMS001245,guest_key_01245,in_room_dining,100,2026-08-20,false
POS0002500,PMS001246,guest_key_01246,valet_parking,70,2026-12-21,false
POS0002501,PMS001247,guest_key_01247,calabra_rooftop,90,2026-07-29,false
POS0002502,PMS001247,guest_key_01247,spa_wellness,110,2026-07-31,false
POS0002503,PMS001249,guest_key_01249,mini_bar_amenity,75,2026-11-28,false
POS0002504,PMS001249,guest_key_01249,spa_wellness,230,2026-11-27,false
POS0002505,PMS001250,guest_key_01250,mini_bar_amenity,30,2026-11-13,false
POS0002506,PMS001250,guest_key_01250,palma_lobby_lounge,35,2026-11-12,false
POS0002507,PMS001250,guest_key_01250,calabra_rooftop,100,2026-11-13,false
POS0002508,PMS001251,,calabra_rooftop,130,2026-01-06,false
POS0002509,PMS001251,guest_key_01251,mini_bar_amenity,65,2026-01-06,false
POS0002510,PMS001251,guest_key_01251,mini_bar_amenity,60,2026-01-06,false
POS0002511,PMS001251,guest_key_01251,mini_bar_amenity,20,2026-01-06,false
POS0002512,PMS001253,guest_key_01253,calabra_rooftop,190,2026-11-27,false
POS0002513,PMS001253,guest_key_01253,calabra_rooftop,325,2026-11-26,false
POS0002514,PMS001254,guest_key_01254,palma_lobby_lounge,130,2026-08-21,false
POS0002515,PMS001254,guest_key_01254,spa_wellness,410,2026-08-20,false
POS0002516,PMS001254,guest_key_01254,valet_parking,50,2026-08-24,false
POS0002517,PMS001254,guest_key_01254,calabra_rooftop,280,2026-08-25,false
POS0002518,PMS001255,guest_key_01255,calabra_rooftop,175,2026-10-09,false
POS0002519,PMS001255,guest_key_01255,palma_lobby_lounge,125,2026-10-09,false
POS0002520,PMS001256,guest_key_01256,mini_bar_amenity,135,2026-04-01,false
POS0002521,PMS001257,guest_key_01257,spa_wellness,225,2026-06-05,false
POS0002522,PMS001258,guest_key_01258,calabra_rooftop,305,2026-06-13,false
POS0002523,PMS001258,,in_room_dining,120,2026-06-13,false
POS0002524,,guest_key_01258,calabra_rooftop,200,2026-06-14,false
POS0002525,PMS001258,guest_key_01258,calabra_rooftop,435,2026-06-11,false
POS0002526,PMS001260,guest_key_01260,spa_wellness,90,2026-09-17,false
POS0002527,PMS001260,guest_key_01260,palma_lobby_lounge,105,2026-09-15,false
POS0002528,PMS001261,guest_key_01261,calabra_rooftop,250,2026-04-24,false
POS0002529,PMS001261,guest_key_01261,in_room_dining,70,2026-04-27,false
POS0002530,PMS001261,guest_key_01261,spa_wellness,125,2026-04-26,false
POS0002531,PMS001261,guest_key_01261,mini_bar_amenity,50,2026-04-24,false
POS0002532,PMS001262,guest_key_01262,calabra_rooftop,220,2026-09-18,false
POS0002533,PMS001262,guest_key_01262,in_room_dining,70,2026-09-17,false
POS0002534,PMS001262,guest_key_01262,calabra_rooftop,355,2026-09-18,true
POS0002535,PMS001262,guest_key_01262,palma_lobby_lounge,100,2026-09-17,false
POS0002536,PMS001263,guest_key_01263,calabra_rooftop,205,2026-09-20,false
POS0002537,PMS001263,guest_key_01263,spa_wellness,450,2026-09-21,false
POS0002538,PMS001263,guest_key_01263,palma_lobby_lounge,85,2026-09-20,false
POS0002539,PMS001263,guest_key_01263,palma_lobby_lounge,55,2026-09-21,false
POS0002540,PMS001264,,palma_lobby_lounge,135,2026-03-10,false
POS0002541,PMS001265,guest_key_01265,palma_lobby_lounge,110,2026-12-27,false
POS0002542,PMS001265,,palma_lobby_lounge,130,2026-12-27,false
POS0002543,PMS001266,guest_key_01266,valet_parking,40,2026-01-14,false
POS0002544,PMS001266,guest_key_01266,calabra_rooftop,590,2026-01-15,false
POS0002545,PMS001267,guest_key_01267,calabra_rooftop,100,2026-04-17,false
POS0002546,PMS001268,guest_key_01268,valet_parking,60,2026-02-03,false
POS0002547,PMS001268,guest_key_01268,calabra_rooftop,185,2026-02-02,false
POS0002548,PMS001268,guest_key_01268,calabra_rooftop,190,2026-02-06,false
POS0002549,PMS001268,guest_key_01268,calabra_rooftop,100,2026-02-05,false
POS0002550,,guest_key_01269,mini_bar_amenity,35,2026-11-03,false
POS0002551,PMS001271,guest_key_01271,valet_parking,60,2026-12-09,false
POS0002552,PMS001271,guest_key_01271,calabra_rooftop,250,2026-12-10,false
POS0002553,PMS001271,guest_key_01271,in_room_dining,245,2026-12-05,false
POS0002554,PMS001271,guest_key_01271,mini_bar_amenity,55,2026-12-06,false
POS0002555,PMS001272,guest_key_01272,spa_wellness,185,2026-01-25,false
POS0002556,PMS001272,guest_key_01272,valet_parking,130,2026-01-25,false
POS0002557,PMS001272,guest_key_01272,in_room_dining,140,2026-01-24,false
POS0002558,PMS001272,guest_key_01272,calabra_rooftop,60,2026-01-26,false
POS0002559,PMS001274,,calabra_rooftop,65,2026-12-13,true
POS0002560,PMS001275,guest_key_01275,in_room_dining,45,2026-12-15,false
POS0002561,PMS001275,guest_key_01275,valet_parking,35,2026-12-16,false
POS0002562,PMS001275,guest_key_01275,valet_parking,85,2026-12-15,false
POS0002563,PMS001276,guest_key_01276,valet_parking,60,2026-06-22,false
POS0002564,PMS001276,guest_key_01276,spa_wellness,145,2026-06-23,false
POS0002565,PMS001276,guest_key_01276,palma_lobby_lounge,140,2026-06-23,false
POS0002566,PMS001277,guest_key_01277,calabra_rooftop,145,2026-10-30,false
POS0002567,PMS001277,guest_key_01277,mini_bar_amenity,20,2026-10-28,false
POS0002568,PMS001277,guest_key_01277,in_room_dining,195,2026-10-29,false
POS0002569,PMS001279,guest_key_01279,valet_parking,80,2026-05-25,false
POS0002570,PMS001279,guest_key_01279,mini_bar_amenity,40,2026-05-23,false
POS0002571,PMS001281,guest_key_01281,palma_lobby_lounge,165,2026-02-25,false
POS0002572,PMS001281,,palma_lobby_lounge,140,2026-02-26,false
POS0002573,PMS001282,guest_key_01282,calabra_rooftop,190,2026-02-15,false
POS0002574,PMS001282,guest_key_01282,in_room_dining,120,2026-02-14,false
POS0002575,PMS001282,guest_key_01282,in_room_dining,175,2026-02-16,false
POS0002576,PMS001282,guest_key_01282,palma_lobby_lounge,20,2026-02-15,false
POS0002577,PMS001283,guest_key_01283,palma_lobby_lounge,110,2026-04-07,false
POS0002578,PMS001283,guest_key_01283,palma_lobby_lounge,80,2026-04-06,false
POS0002579,PMS001284,guest_key_01284,palma_lobby_lounge,365,2026-11-01,false
POS0002580,PMS001284,guest_key_01284,mini_bar_amenity,75,2026-10-30,false
POS0002581,PMS001285,guest_key_01285,calabra_rooftop,230,2026-12-28,false
POS0002582,PMS001285,guest_key_01285,valet_parking,60,2026-12-30,false
POS0002583,PMS001285,guest_key_01285,calabra_rooftop,90,2026-12-28,false
POS0002584,PMS001285,,palma_lobby_lounge,105,2026-12-29,false
POS0002585,PMS001286,guest_key_01286,palma_lobby_lounge,95,2026-12-03,false
POS0002586,PMS001287,guest_key_01287,palma_lobby_lounge,255,2026-02-27,false
POS0002587,,guest_key_01287,calabra_rooftop,260,2026-02-28,false
POS0002588,PMS001287,guest_key_01287,valet_parking,110,2026-03-01,false
POS0002589,PMS001287,guest_key_01287,mini_bar_amenity,40,2026-02-28,false
POS0002590,PMS001288,guest_key_01288,calabra_rooftop,180,2026-10-13,false
POS0002591,PMS001288,guest_key_01288,mini_bar_amenity,35,2026-10-09,false
POS0002592,PMS001288,guest_key_01288,calabra_rooftop,90,2026-10-09,false
POS0002593,PMS001289,guest_key_01289,palma_lobby_lounge,85,2026-06-23,false
POS0002594,PMS001289,guest_key_01289,valet_parking,135,2026-06-21,false
POS0002595,PMS001289,,calabra_rooftop,180,2026-06-18,false
POS0002596,PMS001290,guest_key_01290,palma_lobby_lounge,140,2026-11-22,false
POS0002597,PMS001291,guest_key_01291,valet_parking,210,2026-03-05,true
POS0002598,,,palma_lobby_lounge,70,2026-07-09,false
POS0002599,PMS001293,guest_key_01293,in_room_dining,260,2026-05-31,false
POS0002600,PMS001293,guest_key_01293,palma_lobby_lounge,130,2026-05-31,false
POS0002601,PMS001294,guest_key_01294,in_room_dining,190,2026-06-15,false
POS0002602,PMS001294,guest_key_01294,palma_lobby_lounge,130,2026-06-16,false
POS0002603,PMS001294,guest_key_01294,calabra_rooftop,585,2026-06-16,false
POS0002604,,guest_key_01294,palma_lobby_lounge,65,2026-06-15,false
POS0002605,PMS001295,guest_key_01295,palma_lobby_lounge,55,2026-03-31,false
POS0002606,PMS001295,,calabra_rooftop,270,2026-04-01,false
POS0002607,PMS001295,guest_key_01295,palma_lobby_lounge,220,2026-04-01,false
POS0002608,PMS001296,guest_key_01296,spa_wellness,260,2026-05-22,false
POS0002609,PMS001297,guest_key_01297,palma_lobby_lounge,185,2026-12-19,false
POS0002610,PMS001298,guest_key_01298,calabra_rooftop,80,2026-07-12,false
POS0002611,PMS001298,guest_key_01298,calabra_rooftop,60,2026-07-11,false
POS0002612,PMS001299,guest_key_01299,palma_lobby_lounge,155,2026-03-01,false
POS0002613,PMS001299,guest_key_01299,mini_bar_amenity,75,2026-03-01,false
POS0002614,PMS001300,guest_key_01300,palma_lobby_lounge,40,2026-07-11,false
POS0002615,PMS001300,guest_key_01300,mini_bar_amenity,35,2026-07-12,false
POS0002616,PMS001300,guest_key_01300,calabra_rooftop,410,2026-07-09,false
POS0002617,PMS001300,guest_key_01300,palma_lobby_lounge,105,2026-07-09,false
POS0002618,PMS001301,guest_key_01301,valet_parking,25,2026-01-04,false
POS0002619,PMS001301,guest_key_01301,palma_lobby_lounge,150,2026-01-04,true
POS0002620,PMS001301,guest_key_01301,palma_lobby_lounge,110,2026-01-06,false
POS0002621,PMS001302,guest_key_01302,palma_lobby_lounge,165,2026-04-20,false
POS0002622,PMS001302,guest_key_01302,valet_parking,140,2026-04-21,false
POS0002623,PMS001302,guest_key_01302,valet_parking,25,2026-04-19,false
POS0002624,PMS001304,guest_key_01304,calabra_rooftop,345,2026-06-23,true
POS0002625,PMS001304,guest_key_01304,calabra_rooftop,125,2026-06-25,true
POS0002626,PMS001305,guest_key_01305,calabra_rooftop,90,2026-04-24,false
POS0002627,PMS001306,guest_key_01306,calabra_rooftop,150,2026-10-25,false
POS0002628,PMS001306,guest_key_01306,valet_parking,70,2026-10-25,false
POS0002629,PMS001307,guest_key_01307,calabra_rooftop,55,2026-07-01,false
POS0002630,,guest_key_01307,mini_bar_amenity,45,2026-06-29,false
POS0002631,PMS001308,guest_key_01308,in_room_dining,80,2026-10-11,false
POS0002632,PMS001308,,calabra_rooftop,110,2026-10-11,false
POS0002633,,guest_key_01308,mini_bar_amenity,40,2026-10-10,false
POS0002634,,guest_key_01308,palma_lobby_lounge,60,2026-10-12,false
POS0002635,PMS001309,,in_room_dining,120,2026-04-05,false
POS0002636,PMS001310,guest_key_01310,palma_lobby_lounge,115,2026-12-22,false
POS0002637,PMS001310,guest_key_01310,spa_wellness,280,2026-12-22,false
POS0002638,PMS001310,,valet_parking,55,2026-12-22,false
POS0002639,PMS001311,guest_key_01311,palma_lobby_lounge,45,2026-09-23,false
POS0002640,PMS001311,guest_key_01311,valet_parking,90,2026-09-21,false
POS0002641,PMS001312,guest_key_01312,calabra_rooftop,600,2026-10-04,false
POS0002642,PMS001313,guest_key_01313,palma_lobby_lounge,55,2026-08-31,false
POS0002643,PMS001313,guest_key_01313,spa_wellness,100,2026-08-30,false
POS0002644,PMS001313,,palma_lobby_lounge,105,2026-08-30,true
POS0002645,,,palma_lobby_lounge,75,2026-12-08,false
POS0002646,PMS001314,,in_room_dining,305,2026-12-09,false
POS0002647,PMS001315,,valet_parking,105,2026-03-30,false
POS0002648,PMS001316,,in_room_dining,80,2026-11-05,false
POS0002649,PMS001316,guest_key_01316,mini_bar_amenity,190,2026-11-05,false
POS0002650,PMS001317,guest_key_01317,in_room_dining,150,2026-10-01,false
POS0002651,PMS001317,guest_key_01317,calabra_rooftop,170,2026-09-29,false
POS0002652,PMS001319,guest_key_01319,mini_bar_amenity,25,2026-08-29,false
POS0002653,PMS001319,guest_key_01319,mini_bar_amenity,30,2026-08-29,false
POS0002654,PMS001319,guest_key_01319,calabra_rooftop,80,2026-08-29,false
POS0002655,PMS001319,guest_key_01319,valet_parking,155,2026-08-29,false
POS0002656,,guest_key_01320,in_room_dining,100,2026-09-03,false
POS0002657,PMS001320,guest_key_01320,valet_parking,85,2026-09-03,false
POS0002658,PMS001320,guest_key_01320,calabra_rooftop,310,2026-09-03,false
POS0002659,PMS001321,guest_key_01321,palma_lobby_lounge,180,2026-09-09,false
POS0002660,PMS001321,guest_key_01321,calabra_rooftop,130,2026-09-09,false
POS0002661,PMS001321,guest_key_01321,valet_parking,50,2026-09-09,false
POS0002662,PMS001321,guest_key_01321,valet_parking,170,2026-09-09,false
POS0002663,PMS001322,guest_key_01322,valet_parking,110,2026-07-26,false
POS0002664,PMS001322,guest_key_01322,calabra_rooftop,640,2026-07-25,false
POS0002665,PMS001322,guest_key_01322,palma_lobby_lounge,75,2026-07-24,false
POS0002666,PMS001323,guest_key_01323,spa_wellness,265,2026-06-07,false
POS0002667,PMS001325,guest_key_01325,calabra_rooftop,220,2026-02-23,false
POS0002668,PMS001325,guest_key_01325,palma_lobby_lounge,55,2026-02-25,false
POS0002669,PMS001325,guest_key_01325,calabra_rooftop,170,2026-02-24,false
POS0002670,PMS001326,guest_key_01326,valet_parking,95,2026-01-27,false
POS0002671,PMS001326,guest_key_01326,palma_lobby_lounge,165,2026-01-29,false
POS0002672,PMS001326,guest_key_01326,calabra_rooftop,200,2026-01-27,false
POS0002673,PMS001326,guest_key_01326,calabra_rooftop,175,2026-01-29,false
POS0002674,PMS001327,guest_key_01327,palma_lobby_lounge,225,2026-12-21,false
POS0002675,PMS001327,guest_key_01327,in_room_dining,480,2026-12-22,false
POS0002676,PMS001327,guest_key_01327,calabra_rooftop,250,2026-12-20,false
POS0002677,PMS001327,guest_key_01327,palma_lobby_lounge,30,2026-12-22,true
POS0002678,PMS001328,guest_key_01328,valet_parking,205,2026-12-10,false
POS0002679,PMS001328,guest_key_01328,valet_parking,45,2026-12-09,false
POS0002680,PMS001329,guest_key_01329,calabra_rooftop,245,2026-08-21,false
POS0002681,PMS001329,guest_key_01329,calabra_rooftop,195,2026-08-21,false
POS0002682,PMS001329,guest_key_01329,in_room_dining,110,2026-08-21,false
POS0002683,PMS001329,guest_key_01329,valet_parking,80,2026-08-21,false
POS0002684,PMS001330,guest_key_01330,calabra_rooftop,165,2026-11-03,false
POS0002685,PMS001330,,calabra_rooftop,265,2026-11-03,false
POS0002686,PMS001331,guest_key_01331,calabra_rooftop,55,2026-06-22,false
POS0002687,PMS001331,guest_key_01331,palma_lobby_lounge,55,2026-06-20,false
POS0002688,,guest_key_01331,palma_lobby_lounge,75,2026-06-16,false
POS0002689,PMS001331,guest_key_01331,palma_lobby_lounge,215,2026-06-17,false
POS0002690,PMS001332,guest_key_01332,palma_lobby_lounge,270,2026-04-24,false
POS0002691,PMS001332,,in_room_dining,100,2026-04-22,false
POS0002692,PMS001332,guest_key_01332,palma_lobby_lounge,80,2026-04-24,false
POS0002693,PMS001332,guest_key_01332,calabra_rooftop,160,2026-04-23,false
POS0002694,PMS001333,,calabra_rooftop,260,2026-01-26,false
POS0002695,PMS001333,,calabra_rooftop,305,2026-01-27,false
POS0002696,PMS001336,guest_key_01336,palma_lobby_lounge,110,2026-05-25,false
POS0002697,PMS001336,,palma_lobby_lounge,185,2026-05-25,false
POS0002698,PMS001336,guest_key_01336,valet_parking,60,2026-05-24,false
POS0002699,PMS001336,guest_key_01336,calabra_rooftop,215,2026-05-24,false
POS0002700,PMS001337,guest_key_01337,valet_parking,40,2026-08-07,false
POS0002701,PMS001337,guest_key_01337,calabra_rooftop,300,2026-08-07,false
POS0002702,PMS001337,guest_key_01337,palma_lobby_lounge,40,2026-08-07,false
POS0002703,PMS001337,guest_key_01337,palma_lobby_lounge,90,2026-08-07,false
POS0002704,PMS001338,guest_key_01338,palma_lobby_lounge,100,2026-05-23,false
POS0002705,PMS001338,,calabra_rooftop,70,2026-05-24,false
POS0002706,PMS001338,guest_key_01338,valet_parking,125,2026-05-23,false
POS0002707,PMS001338,guest_key_01338,valet_parking,20,2026-05-21,false
POS0002708,PMS001340,guest_key_01340,palma_lobby_lounge,110,2026-04-20,false
POS0002709,PMS001340,guest_key_01340,valet_parking,90,2026-04-20,false
POS0002710,PMS001340,,spa_wellness,315,2026-04-20,false
POS0002711,PMS001340,guest_key_01340,calabra_rooftop,270,2026-04-20,false
POS0002712,PMS001341,guest_key_01341,valet_parking,35,2026-01-29,false
POS0002713,PMS001341,guest_key_01341,in_room_dining,290,2026-01-29,false
POS0002714,PMS001341,guest_key_01341,mini_bar_amenity,45,2026-02-01,false
POS0002715,PMS001342,guest_key_01342,mini_bar_amenity,25,2026-03-18,false
POS0002716,PMS001342,guest_key_01342,palma_lobby_lounge,70,2026-03-16,false
POS0002717,PMS001342,guest_key_01342,calabra_rooftop,60,2026-03-17,false
POS0002718,PMS001342,guest_key_01342,mini_bar_amenity,45,2026-03-18,false
POS0002719,PMS001343,guest_key_01343,mini_bar_amenity,25,2026-09-20,false
POS0002720,PMS001343,guest_key_01343,calabra_rooftop,270,2026-09-19,false
POS0002721,PMS001343,guest_key_01343,calabra_rooftop,260,2026-09-18,false
POS0002722,PMS001344,guest_key_01344,mini_bar_amenity,50,2026-12-07,false
POS0002723,PMS001345,guest_key_01345,palma_lobby_lounge,75,2026-12-01,false
POS0002724,PMS001345,guest_key_01345,palma_lobby_lounge,105,2026-11-30,false
POS0002725,PMS001345,,valet_parking,70,2026-12-03,false
POS0002726,PMS001345,guest_key_01345,valet_parking,80,2026-11-30,false
POS0002727,PMS001346,guest_key_01346,palma_lobby_lounge,140,2026-04-25,false
POS0002728,PMS001347,guest_key_01347,palma_lobby_lounge,105,2026-09-06,false
POS0002729,PMS001348,guest_key_01348,valet_parking,45,2026-08-18,false
POS0002730,PMS001348,guest_key_01348,palma_lobby_lounge,155,2026-08-18,false
POS0002731,PMS001348,guest_key_01348,mini_bar_amenity,50,2026-08-18,false
POS0002732,PMS001350,,calabra_rooftop,205,2026-02-01,false
POS0002733,PMS001350,guest_key_01350,calabra_rooftop,510,2026-02-01,false
POS0002734,PMS001350,guest_key_01350,calabra_rooftop,310,2026-02-01,false
POS0002735,,guest_key_01350,spa_wellness,425,2026-02-01,false
POS0002736,PMS001353,guest_key_01353,calabra_rooftop,135,2026-04-29,false
POS0002737,PMS001353,guest_key_01353,in_room_dining,130,2026-04-29,false
POS0002738,PMS001353,guest_key_01353,spa_wellness,240,2026-04-29,false
POS0002739,PMS001353,guest_key_01353,calabra_rooftop,125,2026-04-29,false
POS0002740,PMS001355,guest_key_01355,in_room_dining,115,2026-07-24,false
POS0002741,PMS001356,guest_key_01356,in_room_dining,105,2026-12-29,false
POS0002742,PMS001357,guest_key_01357,in_room_dining,135,2026-02-02,false
POS0002743,PMS001357,guest_key_01357,in_room_dining,160,2026-02-07,false
POS0002744,PMS001357,guest_key_01357,in_room_dining,165,2026-02-03,false
POS0002745,PMS001362,,valet_parking,115,2026-05-13,false
POS0002746,PMS001362,guest_key_01362,in_room_dining,120,2026-05-13,false
POS0002747,PMS001363,guest_key_01363,palma_lobby_lounge,215,2026-12-02,false
POS0002748,PMS001363,guest_key_01363,mini_bar_amenity,30,2026-12-03,false
POS0002749,PMS001363,guest_key_01363,calabra_rooftop,75,2026-12-07,false
POS0002750,PMS001363,guest_key_01363,spa_wellness,360,2026-12-05,false
POS0002751,PMS001364,guest_key_01364,palma_lobby_lounge,130,2026-07-13,false
POS0002752,PMS001364,guest_key_01364,calabra_rooftop,140,2026-07-13,false
POS0002753,PMS001364,guest_key_01364,calabra_rooftop,150,2026-07-15,false
POS0002754,PMS001365,guest_key_01365,palma_lobby_lounge,50,2026-12-03,false
POS0002755,PMS001365,guest_key_01365,calabra_rooftop,230,2026-12-02,false
POS0002756,PMS001367,guest_key_01367,palma_lobby_lounge,65,2026-04-26,false
POS0002757,PMS001367,,valet_parking,90,2026-04-26,false
POS0002758,PMS001368,guest_key_01368,spa_wellness,110,2026-01-07,false
POS0002759,PMS001368,guest_key_01368,palma_lobby_lounge,340,2026-01-08,false
POS0002760,PMS001368,guest_key_01368,calabra_rooftop,95,2026-01-09,false
POS0002761,PMS001368,guest_key_01368,valet_parking,150,2026-01-04,false
POS0002762,PMS001372,guest_key_01372,in_room_dining,85,2026-11-04,false
POS0002763,PMS001372,guest_key_01372,valet_parking,35,2026-11-07,false
POS0002764,PMS001372,guest_key_01372,palma_lobby_lounge,110,2026-11-06,false
POS0002765,PMS001373,guest_key_01373,spa_wellness,325,2026-02-04,false
POS0002766,PMS001373,guest_key_01373,valet_parking,80,2026-02-04,false
POS0002767,PMS001373,guest_key_01373,calabra_rooftop,150,2026-02-04,false
POS0002768,,guest_key_01375,in_room_dining,145,2026-11-25,false
POS0002769,PMS001375,guest_key_01375,calabra_rooftop,395,2026-11-24,false
POS0002770,PMS001375,,calabra_rooftop,235,2026-11-25,false
POS0002771,,guest_key_01375,in_room_dining,90,2026-11-24,false
POS0002772,PMS001377,guest_key_01377,calabra_rooftop,115,2026-10-14,false
POS0002773,PMS001377,guest_key_01377,in_room_dining,50,2026-10-14,false
POS0002774,PMS001379,guest_key_01379,in_room_dining,100,2026-11-04,false
POS0002775,PMS001380,,valet_parking,100,2026-03-15,false
POS0002776,PMS001380,guest_key_01380,spa_wellness,85,2026-03-17,true
POS0002777,PMS001380,guest_key_01380,calabra_rooftop,150,2026-03-15,false
POS0002778,PMS001380,guest_key_01380,valet_parking,130,2026-03-17,true
POS0002779,PMS001381,guest_key_01381,palma_lobby_lounge,175,2026-02-25,false
POS0002780,PMS001382,guest_key_01382,calabra_rooftop,45,2026-11-30,false
POS0002781,PMS001382,guest_key_01382,palma_lobby_lounge,55,2026-11-30,false
POS0002782,PMS001383,guest_key_01383,calabra_rooftop,300,2026-08-19,false
POS0002783,PMS001383,guest_key_01383,palma_lobby_lounge,55,2026-08-20,false
POS0002784,PMS001384,guest_key_01384,spa_wellness,210,2026-09-26,false
POS0002785,PMS001384,guest_key_01384,calabra_rooftop,170,2026-09-26,false
POS0002786,PMS001384,guest_key_01384,mini_bar_amenity,40,2026-09-26,false
POS0002787,PMS001385,,in_room_dining,145,2026-03-04,false
POS0002788,PMS001387,guest_key_01387,calabra_rooftop,130,2026-10-24,false
POS0002789,PMS001387,guest_key_01387,mini_bar_amenity,20,2026-10-23,false
POS0002790,PMS001388,guest_key_01388,palma_lobby_lounge,230,2026-09-19,false
POS0002791,PMS001388,guest_key_01388,spa_wellness,125,2026-09-18,false
POS0002792,PMS001388,guest_key_01388,calabra_rooftop,100,2026-09-18,false
POS0002793,PMS001388,guest_key_01388,palma_lobby_lounge,180,2026-09-19,false
POS0002794,PMS001389,guest_key_01389,palma_lobby_lounge,55,2026-02-20,false
POS0002795,PMS001389,,palma_lobby_lounge,215,2026-02-18,false
POS0002796,PMS001390,guest_key_01390,valet_parking,120,2026-10-11,false
POS0002797,PMS001390,guest_key_01390,calabra_rooftop,395,2026-10-12,false
POS0002798,PMS001391,guest_key_01391,palma_lobby_lounge,80,2026-09-11,false
POS0002799,PMS001392,guest_key_01392,palma_lobby_lounge,330,2026-11-15,false
POS0002800,PMS001392,guest_key_01392,calabra_rooftop,410,2026-11-16,false
POS0002801,PMS001392,guest_key_01392,valet_parking,40,2026-11-18,false
POS0002802,PMS001393,guest_key_01393,calabra_rooftop,180,2026-08-10,false
POS0002803,PMS001394,guest_key_01394,palma_lobby_lounge,140,2026-11-01,false
POS0002804,PMS001394,guest_key_01394,calabra_rooftop,210,2026-10-31,false
POS0002805,PMS001394,guest_key_01394,calabra_rooftop,120,2026-11-02,false
POS0002806,PMS001395,guest_key_01395,calabra_rooftop,210,2026-06-19,false
POS0002807,PMS001395,guest_key_01395,palma_lobby_lounge,165,2026-06-19,false
POS0002808,PMS001395,guest_key_01395,palma_lobby_lounge,60,2026-06-19,false
POS0002809,PMS001395,,palma_lobby_lounge,50,2026-06-19,false
POS0002810,PMS001396,guest_key_01396,calabra_rooftop,230,2026-04-05,true
POS0002811,PMS001396,guest_key_01396,in_room_dining,145,2026-04-06,false
POS0002812,PMS001397,guest_key_01397,palma_lobby_lounge,55,2026-02-25,false
POS0002813,,guest_key_01397,palma_lobby_lounge,115,2026-02-27,false
POS0002814,PMS001397,guest_key_01397,palma_lobby_lounge,50,2026-02-25,false
POS0002815,PMS001397,guest_key_01397,calabra_rooftop,325,2026-02-26,false
POS0002816,PMS001398,guest_key_01398,palma_lobby_lounge,30,2026-09-29,false
POS0002817,PMS001399,guest_key_01399,spa_wellness,40,2026-04-08,false
POS0002818,PMS001399,guest_key_01399,in_room_dining,155,2026-04-08,false
POS0002819,PMS001400,guest_key_01400,in_room_dining,180,2026-10-01,false
POS0002820,PMS001400,guest_key_01400,spa_wellness,345,2026-10-02,false
POS0002821,PMS001400,guest_key_01400,palma_lobby_lounge,125,2026-10-03,false
POS0002822,PMS001400,guest_key_01400,spa_wellness,190,2026-10-02,false
POS0002823,,guest_key_01402,calabra_rooftop,430,2026-05-03,false
POS0002824,PMS001402,,palma_lobby_lounge,150,2026-04-30,false
POS0002825,PMS001402,guest_key_01402,palma_lobby_lounge,200,2026-05-03,false
POS0002826,PMS001402,guest_key_01402,palma_lobby_lounge,55,2026-05-02,false
POS0002827,PMS001404,,valet_parking,55,2026-06-21,false
POS0002828,PMS001405,guest_key_01405,palma_lobby_lounge,110,2026-09-13,false
POS0002829,PMS001405,guest_key_01405,palma_lobby_lounge,60,2026-09-11,false
POS0002830,PMS001405,guest_key_01405,in_room_dining,55,2026-09-11,false
POS0002831,PMS001405,,in_room_dining,65,2026-09-10,false
POS0002832,,,calabra_rooftop,620,2026-03-29,false
POS0002833,PMS001406,guest_key_01406,valet_parking,110,2026-04-01,false
POS0002834,PMS001407,guest_key_01407,in_room_dining,80,2026-06-13,false
POS0002835,PMS001407,guest_key_01407,valet_parking,35,2026-06-13,false
POS0002836,PMS001407,guest_key_01407,valet_parking,60,2026-06-13,false
POS0002837,PMS001407,guest_key_01407,calabra_rooftop,200,2026-06-13,false
POS0002838,PMS001408,guest_key_01408,spa_wellness,350,2026-03-11,true
POS0002839,PMS001408,guest_key_01408,calabra_rooftop,100,2026-03-11,false
POS0002840,PMS001409,guest_key_01409,spa_wellness,260,2026-11-29,false
POS0002841,PMS001409,guest_key_01409,calabra_rooftop,170,2026-11-29,false
POS0002842,PMS001409,guest_key_01409,calabra_rooftop,125,2026-11-29,false
POS0002843,PMS001412,guest_key_01412,calabra_rooftop,165,2026-01-23,false
POS0002844,PMS001412,guest_key_01412,valet_parking,70,2026-01-25,false
POS0002845,PMS001413,guest_key_01413,valet_parking,95,2026-02-05,false
POS0002846,PMS001413,guest_key_01413,palma_lobby_lounge,65,2026-02-03,false
POS0002847,PMS001416,guest_key_01416,calabra_rooftop,150,2026-11-05,false
POS0002848,PMS001417,guest_key_01417,in_room_dining,80,2026-04-27,false
POS0002849,PMS001417,guest_key_01417,spa_wellness,350,2026-04-27,false
POS0002850,PMS001421,guest_key_01421,valet_parking,30,2026-11-15,false
POS0002851,PMS001423,guest_key_01423,calabra_rooftop,105,2026-01-27,false
POS0002852,PMS001423,guest_key_01423,palma_lobby_lounge,70,2026-01-27,false
POS0002853,PMS001424,,palma_lobby_lounge,30,2026-08-24,false
POS0002854,PMS001424,,spa_wellness,220,2026-08-24,false
POS0002855,PMS001424,guest_key_01424,spa_wellness,245,2026-08-24,false
POS0002856,PMS001424,guest_key_01424,palma_lobby_lounge,85,2026-08-26,false
POS0002857,PMS001426,,in_room_dining,120,2026-04-24,false
POS0002858,PMS001426,guest_key_01426,mini_bar_amenity,95,2026-04-24,false
POS0002859,PMS001426,guest_key_01426,calabra_rooftop,180,2026-04-24,true
POS0002860,PMS001426,guest_key_01426,valet_parking,60,2026-04-24,false
POS0002861,PMS001427,guest_key_01427,valet_parking,30,2026-03-26,false
POS0002862,PMS001428,guest_key_01428,calabra_rooftop,135,2026-05-31,false
POS0002863,PMS001428,guest_key_01428,valet_parking,55,2026-05-30,false
POS0002864,PMS001428,guest_key_01428,palma_lobby_lounge,70,2026-05-29,false
POS0002865,PMS001428,guest_key_01428,calabra_rooftop,225,2026-05-31,false
POS0002866,PMS001429,guest_key_01429,palma_lobby_lounge,50,2026-06-09,false
POS0002867,PMS001429,guest_key_01429,calabra_rooftop,190,2026-06-10,false
POS0002868,PMS001430,guest_key_01430,palma_lobby_lounge,130,2026-10-27,false
POS0002869,PMS001430,guest_key_01430,valet_parking,130,2026-10-27,false
POS0002870,PMS001430,guest_key_01430,calabra_rooftop,285,2026-10-27,false
POS0002871,PMS001430,guest_key_01430,in_room_dining,150,2026-10-27,false
POS0002872,PMS001431,guest_key_01431,mini_bar_amenity,20,2026-01-21,false
POS0002873,PMS001431,guest_key_01431,calabra_rooftop,60,2026-01-22,false
POS0002874,PMS001432,guest_key_01432,calabra_rooftop,95,2026-01-05,false
POS0002875,PMS001432,guest_key_01432,calabra_rooftop,185,2026-01-04,false
POS0002876,PMS001433,guest_key_01433,calabra_rooftop,125,2026-11-12,false
POS0002877,PMS001433,guest_key_01433,spa_wellness,205,2026-11-12,false
POS0002878,PMS001435,guest_key_01435,valet_parking,60,2026-11-23,false
POS0002879,PMS001437,guest_key_01437,palma_lobby_lounge,115,2026-08-02,false
POS0002880,PMS001437,guest_key_01437,valet_parking,30,2026-08-01,false
POS0002881,PMS001437,guest_key_01437,in_room_dining,80,2026-08-05,false
POS0002882,PMS001437,guest_key_01437,valet_parking,105,2026-08-05,false
POS0002883,PMS001438,guest_key_01438,calabra_rooftop,105,2026-02-23,false
POS0002884,PMS001438,guest_key_01438,palma_lobby_lounge,65,2026-02-24,false
POS0002885,PMS001439,guest_key_01439,calabra_rooftop,250,2026-10-25,false
POS0002886,PMS001440,guest_key_01440,calabra_rooftop,550,2026-03-24,false
POS0002887,PMS001441,guest_key_01441,palma_lobby_lounge,175,2026-06-05,false
POS0002888,PMS001441,,spa_wellness,125,2026-06-05,false
POS0002889,PMS001441,guest_key_01441,palma_lobby_lounge,135,2026-06-07,false
POS0002890,PMS001441,guest_key_01441,valet_parking,140,2026-06-05,false
POS0002891,PMS001442,guest_key_01442,spa_wellness,100,2026-02-12,true
POS0002892,PMS001442,guest_key_01442,valet_parking,100,2026-02-12,false
POS0002893,PMS001443,guest_key_01443,palma_lobby_lounge,70,2026-04-16,false
POS0002894,PMS001444,guest_key_01444,palma_lobby_lounge,45,2026-12-30,false
POS0002895,PMS001444,guest_key_01444,palma_lobby_lounge,230,2026-12-30,false
POS0002896,PMS001444,guest_key_01444,calabra_rooftop,285,2026-12-30,true
POS0002897,PMS001445,guest_key_01445,palma_lobby_lounge,280,2026-12-20,false
POS0002898,PMS001445,guest_key_01445,palma_lobby_lounge,75,2026-12-21,false
POS0002899,PMS001445,guest_key_01445,in_room_dining,315,2026-12-22,false
POS0002900,PMS001447,guest_key_01447,spa_wellness,305,2026-01-07,false
POS0002901,PMS001447,guest_key_01447,palma_lobby_lounge,55,2026-01-05,false
POS0002902,PMS001447,,calabra_rooftop,900,2026-01-05,false
POS0002903,PMS001448,guest_key_01448,palma_lobby_lounge,180,2026-01-10,false
POS0002904,PMS001448,guest_key_01448,calabra_rooftop,130,2026-01-10,false
POS0002905,PMS001448,guest_key_01448,valet_parking,80,2026-01-10,true
POS0002906,PMS001449,guest_key_01449,palma_lobby_lounge,80,2026-12-30,false
POS0002907,PMS001449,guest_key_01449,spa_wellness,180,2027-01-01,false
POS0002908,PMS001450,guest_key_01450,spa_wellness,270,2026-09-18,false
POS0002909,PMS001450,,calabra_rooftop,555,2026-09-17,false
POS0002910,PMS001451,guest_key_01451,calabra_rooftop,230,2026-11-24,false
POS0002911,PMS001451,guest_key_01451,mini_bar_amenity,45,2026-11-27,false
POS0002912,PMS001451,guest_key_01451,valet_parking,125,2026-11-26,false
POS0002913,PMS001452,guest_key_01452,spa_wellness,245,2026-04-10,false
POS0002914,PMS001453,guest_key_01453,spa_wellness,320,2026-10-10,false
POS0002915,PMS001454,guest_key_01454,calabra_rooftop,300,2026-05-08,false
POS0002916,PMS001454,guest_key_01454,palma_lobby_lounge,70,2026-05-07,false
POS0002917,PMS001454,guest_key_01454,palma_lobby_lounge,30,2026-05-06,false
POS0002918,PMS001456,guest_key_01456,spa_wellness,235,2026-06-22,false
POS0002919,PMS001457,,spa_wellness,205,2026-07-12,false
POS0002920,PMS001457,guest_key_01457,spa_wellness,155,2026-07-12,false
POS0002921,PMS001457,guest_key_01457,calabra_rooftop,45,2026-07-14,false
POS0002922,PMS001458,,valet_parking,35,2026-12-12,false
POS0002923,PMS001458,guest_key_01458,in_room_dining,85,2026-12-08,false
POS0002924,PMS001458,guest_key_01458,mini_bar_amenity,55,2026-12-11,false
POS0002925,PMS001458,guest_key_01458,calabra_rooftop,190,2026-12-11,false
POS0002926,PMS001459,guest_key_01459,in_room_dining,145,2026-04-27,false
POS0002927,PMS001459,guest_key_01459,palma_lobby_lounge,190,2026-04-27,false
POS0002928,PMS001459,guest_key_01459,palma_lobby_lounge,190,2026-04-28,false
POS0002929,PMS001460,guest_key_01460,palma_lobby_lounge,155,2026-06-01,false
POS0002930,PMS001460,guest_key_01460,valet_parking,115,2026-06-01,true
POS0002931,,guest_key_01461,valet_parking,35,2026-01-26,false
POS0002932,PMS001462,,spa_wellness,145,2026-06-12,false
POS0002933,PMS001462,guest_key_01462,palma_lobby_lounge,105,2026-06-12,false
POS0002934,PMS001462,guest_key_01462,calabra_rooftop,385,2026-06-12,false
POS0002935,PMS001462,guest_key_01462,palma_lobby_lounge,395,2026-06-12,false
POS0002936,PMS001463,guest_key_01463,valet_parking,50,2026-02-19,false
POS0002937,PMS001463,,spa_wellness,390,2026-02-19,false
POS0002938,PMS001463,guest_key_01463,calabra_rooftop,325,2026-02-19,false
POS0002939,PMS001463,guest_key_01463,valet_parking,165,2026-02-19,false
POS0002940,PMS001465,guest_key_01465,in_room_dining,100,2026-04-13,false
POS0002941,PMS001467,guest_key_01467,spa_wellness,285,2026-12-02,false
POS0002942,PMS001467,guest_key_01467,palma_lobby_lounge,125,2026-12-01,false
POS0002943,PMS001468,guest_key_01468,calabra_rooftop,265,2026-06-20,false
POS0002944,PMS001469,guest_key_01469,valet_parking,30,2026-02-14,false
POS0002945,PMS001469,,valet_parking,105,2026-02-13,false
POS0002946,PMS001470,guest_key_01470,valet_parking,35,2026-10-03,false
POS0002947,PMS001470,guest_key_01470,spa_wellness,215,2026-10-03,false
POS0002948,PMS001471,guest_key_01471,spa_wellness,225,2026-02-27,false
POS0002949,PMS001471,guest_key_01471,spa_wellness,70,2026-02-27,false
POS0002950,PMS001471,guest_key_01471,valet_parking,185,2026-02-26,false
POS0002951,PMS001472,guest_key_01472,calabra_rooftop,220,2026-02-01,false
POS0002952,PMS001474,guest_key_01474,calabra_rooftop,255,2026-05-01,false
POS0002953,PMS001475,guest_key_01475,calabra_rooftop,235,2026-11-14,false
POS0002954,PMS001475,guest_key_01475,spa_wellness,235,2026-11-14,false
POS0002955,PMS001476,guest_key_01476,mini_bar_amenity,110,2026-02-08,false
POS0002956,PMS001476,guest_key_01476,valet_parking,185,2026-02-04,false
POS0002957,PMS001476,guest_key_01476,in_room_dining,85,2026-02-06,false
POS0002958,PMS001477,guest_key_01477,calabra_rooftop,215,2026-02-08,false
POS0002959,PMS001477,guest_key_01477,spa_wellness,330,2026-02-08,true
POS0002960,PMS001479,guest_key_01479,calabra_rooftop,470,2026-07-22,false
POS0002961,PMS001479,guest_key_01479,calabra_rooftop,120,2026-07-24,false
POS0002962,PMS001479,guest_key_01479,palma_lobby_lounge,70,2026-07-23,false
POS0002963,,,valet_parking,55,2026-06-08,false
POS0002964,PMS001480,guest_key_01480,calabra_rooftop,175,2026-06-07,false
POS0002965,PMS001481,guest_key_01481,calabra_rooftop,260,2026-09-05,false
POS0002966,PMS001481,guest_key_01481,in_room_dining,335,2026-09-08,false
POS0002967,PMS001481,guest_key_01481,calabra_rooftop,355,2026-09-06,false
POS0002968,PMS001482,guest_key_01482,palma_lobby_lounge,30,2026-03-08,false
POS0002969,PMS001484,guest_key_01484,calabra_rooftop,270,2026-08-27,true
POS0002970,PMS001484,guest_key_01484,spa_wellness,230,2026-08-28,false
POS0002971,PMS001484,guest_key_01484,palma_lobby_lounge,70,2026-08-29,false
POS0002972,PMS001485,guest_key_01485,calabra_rooftop,45,2026-11-01,false
POS0002973,PMS001486,guest_key_01486,valet_parking,50,2026-03-06,false
POS0002974,PMS001486,guest_key_01486,spa_wellness,365,2026-03-11,false
POS0002975,PMS001486,guest_key_01486,calabra_rooftop,600,2026-03-05,false
POS0002976,PMS001486,guest_key_01486,palma_lobby_lounge,95,2026-03-08,false
POS0002977,PMS001487,guest_key_01487,valet_parking,20,2026-10-24,false
POS0002978,PMS001487,guest_key_01487,calabra_rooftop,190,2026-10-24,false
POS0002979,PMS001488,guest_key_01488,calabra_rooftop,600,2026-09-19,false
POS0002980,PMS001488,guest_key_01488,spa_wellness,250,2026-09-15,false
POS0002981,PMS001489,,valet_parking,95,2026-05-04,false
POS0002982,PMS001489,guest_key_01489,calabra_rooftop,180,2026-05-04,false
POS0002983,PMS001489,guest_key_01489,valet_parking,35,2026-05-04,false
POS0002984,PMS001490,guest_key_01490,in_room_dining,370,2026-11-28,false
POS0002985,PMS001490,guest_key_01490,in_room_dining,210,2026-11-27,false
POS0002986,PMS001490,guest_key_01490,calabra_rooftop,190,2026-11-27,false
POS0002987,PMS001492,guest_key_01492,palma_lobby_lounge,20,2026-09-07,false
POS0002988,PMS001492,guest_key_01492,in_room_dining,520,2026-09-09,false
POS0002989,PMS001492,,mini_bar_amenity,55,2026-09-06,false
POS0002990,PMS001492,guest_key_01492,calabra_rooftop,115,2026-09-07,false
POS0002991,PMS001493,,calabra_rooftop,120,2026-08-09,false
POS0002992,PMS001494,guest_key_01494,valet_parking,85,2026-12-28,false
POS0002993,PMS001494,guest_key_01494,in_room_dining,55,2026-12-28,false
POS0002994,PMS001494,guest_key_01494,valet_parking,70,2026-12-28,false
POS0002995,PMS001494,guest_key_01494,palma_lobby_lounge,30,2026-12-28,false
POS0002996,PMS001495,guest_key_01495,palma_lobby_lounge,50,2026-01-07,false
POS0002997,PMS001495,guest_key_01495,in_room_dining,130,2026-01-07,false
POS0002998,PMS001496,guest_key_01496,valet_parking,155,2026-06-18,false
POS0002999,PMS001496,guest_key_01496,palma_lobby_lounge,110,2026-06-17,false
POS0003000,PMS001496,guest_key_01496,calabra_rooftop,90,2026-06-17,false
POS0003001,PMS001496,guest_key_01496,spa_wellness,280,2026-06-17,true
POS0003002,PMS001499,guest_key_01499,palma_lobby_lounge,70,2026-04-18,false
POS0003003,PMS001499,guest_key_01499,spa_wellness,155,2026-04-18,false
POS0003004,PMS001499,guest_key_01499,calabra_rooftop,340,2026-04-17,false
POS0003005,PMS001500,guest_key_01500,palma_lobby_lounge,70,2026-06-20,false
POS0003006,PMS001500,guest_key_01500,palma_lobby_lounge,65,2026-06-22,false
POS0003007,PMS001500,guest_key_01500,spa_wellness,900,2026-06-22,false
POS0003008,PMS001500,guest_key_01500,calabra_rooftop,170,2026-06-21,false
POS0003009,PMS001503,guest_key_01503,calabra_rooftop,170,2026-05-11,false
POS0003010,PMS001504,guest_key_01504,palma_lobby_lounge,180,2026-02-04,false
POS0003011,PMS001504,guest_key_01504,mini_bar_amenity,100,2026-02-03,false
POS0003012,PMS001504,guest_key_01504,palma_lobby_lounge,70,2026-02-03,false
POS0003013,PMS001505,guest_key_01505,calabra_rooftop,320,2026-05-23,false
POS0003014,,guest_key_01505,palma_lobby_lounge,115,2026-05-23,false
POS0003015,PMS001505,guest_key_01505,in_room_dining,50,2026-05-24,false
POS0003016,PMS001505,,calabra_rooftop,165,2026-05-24,false
POS0003017,PMS001506,guest_key_01506,valet_parking,100,2026-07-04,false
POS0003018,PMS001506,guest_key_01506,palma_lobby_lounge,70,2026-07-04,false
POS0003019,PMS001506,guest_key_01506,calabra_rooftop,560,2026-07-04,false
POS0003020,PMS001507,,in_room_dining,160,2026-03-02,false
POS0003021,PMS001508,guest_key_01508,spa_wellness,320,2026-10-27,false
POS0003022,PMS001509,guest_key_01509,valet_parking,60,2026-12-01,false
POS0003023,PMS001509,,palma_lobby_lounge,130,2026-12-04,false
POS0003024,PMS001509,guest_key_01509,calabra_rooftop,285,2026-12-04,false
POS0003025,PMS001509,guest_key_01509,calabra_rooftop,150,2026-12-02,false
POS0003026,PMS001510,guest_key_01510,valet_parking,95,2026-05-09,true
POS0003027,PMS001511,guest_key_01511,calabra_rooftop,130,2026-06-23,false
POS0003028,,,mini_bar_amenity,55,2026-06-23,false
POS0003029,PMS001511,guest_key_01511,calabra_rooftop,220,2026-06-23,false
POS0003030,PMS001511,guest_key_01511,palma_lobby_lounge,95,2026-06-23,false
POS0003031,PMS001512,guest_key_01512,in_room_dining,35,2026-05-28,false
POS0003032,PMS001512,guest_key_01512,calabra_rooftop,110,2026-05-28,false
POS0003033,PMS001513,guest_key_01513,palma_lobby_lounge,75,2026-05-06,false
POS0003034,PMS001513,guest_key_01513,calabra_rooftop,210,2026-05-06,false
POS0003035,PMS001514,guest_key_01514,calabra_rooftop,270,2026-07-28,false
POS0003036,PMS001516,,palma_lobby_lounge,110,2026-12-26,false
POS0003037,PMS001516,guest_key_01516,palma_lobby_lounge,225,2026-12-26,false
POS0003038,PMS001516,guest_key_01516,palma_lobby_lounge,110,2026-12-26,false
POS0003039,PMS001516,guest_key_01516,spa_wellness,320,2026-12-25,false
POS0003040,PMS001517,guest_key_01517,palma_lobby_lounge,40,2026-10-10,false
POS0003041,PMS001517,guest_key_01517,in_room_dining,115,2026-10-10,false
POS0003042,PMS001517,guest_key_01517,palma_lobby_lounge,120,2026-10-08,false
POS0003043,PMS001517,guest_key_01517,calabra_rooftop,290,2026-10-08,false
POS0003044,PMS001519,guest_key_01519,spa_wellness,285,2026-10-25,false
POS0003045,PMS001519,guest_key_01519,palma_lobby_lounge,145,2026-10-25,false
POS0003046,PMS001519,guest_key_01519,calabra_rooftop,575,2026-10-25,false
POS0003047,PMS001520,guest_key_01520,calabra_rooftop,100,2026-01-18,false
POS0003048,PMS001521,,spa_wellness,265,2026-11-20,false
POS0003049,PMS001521,guest_key_01521,valet_parking,85,2026-11-21,false
POS0003050,PMS001523,guest_key_01523,in_room_dining,265,2026-11-10,false
POS0003051,,guest_key_01523,palma_lobby_lounge,45,2026-11-09,false
POS0003052,PMS001524,guest_key_01524,valet_parking,50,2026-09-06,false
POS0003053,PMS001524,guest_key_01524,spa_wellness,245,2026-09-06,false
POS0003054,PMS001524,guest_key_01524,in_room_dining,170,2026-09-06,false
POS0003055,PMS001525,guest_key_01525,mini_bar_amenity,40,2026-01-18,false
POS0003056,PMS001525,guest_key_01525,palma_lobby_lounge,35,2026-01-19,false
POS0003057,PMS001525,guest_key_01525,mini_bar_amenity,80,2026-01-19,false
POS0003058,PMS001525,guest_key_01525,mini_bar_amenity,75,2026-01-19,false
POS0003059,PMS001526,guest_key_01526,calabra_rooftop,445,2026-01-22,false
POS0003060,,guest_key_01526,spa_wellness,640,2026-01-21,false
POS0003061,PMS001526,guest_key_01526,palma_lobby_lounge,140,2026-01-21,false
POS0003062,PMS001526,guest_key_01526,in_room_dining,130,2026-01-21,false
POS0003063,PMS001527,,calabra_rooftop,300,2026-05-14,false
POS0003064,PMS001527,guest_key_01527,calabra_rooftop,150,2026-05-14,false
POS0003065,PMS001528,guest_key_01528,calabra_rooftop,250,2026-07-30,false
POS0003066,PMS001528,guest_key_01528,palma_lobby_lounge,395,2026-07-31,false
POS0003067,PMS001529,guest_key_01529,calabra_rooftop,580,2026-10-09,false
POS0003068,PMS001529,guest_key_01529,in_room_dining,220,2026-10-08,false
POS0003069,PMS001529,guest_key_01529,palma_lobby_lounge,125,2026-10-07,false
POS0003070,PMS001529,guest_key_01529,valet_parking,25,2026-10-07,false
POS0003071,PMS001530,guest_key_01530,palma_lobby_lounge,75,2026-07-30,false
POS0003072,PMS001530,guest_key_01530,in_room_dining,195,2026-07-29,false
POS0003073,PMS001530,guest_key_01530,valet_parking,50,2026-07-31,false
POS0003074,PMS001532,,palma_lobby_lounge,175,2026-09-18,false
POS0003075,PMS001533,guest_key_01533,palma_lobby_lounge,245,2026-05-04,false
POS0003076,PMS001534,guest_key_01534,valet_parking,20,2026-09-28,false
POS0003077,PMS001534,guest_key_01534,palma_lobby_lounge,175,2026-09-28,false
POS0003078,,guest_key_01535,palma_lobby_lounge,65,2026-11-27,false
POS0003079,,,calabra_rooftop,70,2026-08-12,false
POS0003080,PMS001537,guest_key_01537,mini_bar_amenity,20,2026-09-05,false
POS0003081,PMS001539,guest_key_01539,calabra_rooftop,205,2026-04-19,false
POS0003082,PMS001539,guest_key_01539,calabra_rooftop,260,2026-04-19,false
POS0003083,PMS001539,guest_key_01539,calabra_rooftop,115,2026-04-19,false
POS0003084,PMS001539,guest_key_01539,in_room_dining,100,2026-04-19,false
POS0003085,PMS001540,guest_key_01540,calabra_rooftop,45,2026-10-11,false
POS0003086,PMS001540,guest_key_01540,spa_wellness,150,2026-10-10,false
POS0003087,PMS001541,guest_key_01541,calabra_rooftop,325,2026-02-05,false
POS0003088,PMS001542,guest_key_01542,spa_wellness,260,2026-11-01,false
POS0003089,PMS001542,guest_key_01542,in_room_dining,320,2026-10-30,false
POS0003090,PMS001542,,valet_parking,70,2026-10-29,false
POS0003091,PMS001542,guest_key_01542,palma_lobby_lounge,80,2026-10-30,false
POS0003092,PMS001544,guest_key_01544,calabra_rooftop,115,2026-11-28,false
POS0003093,PMS001544,,spa_wellness,340,2026-11-28,false
POS0003094,PMS001544,guest_key_01544,calabra_rooftop,235,2026-11-28,false
POS0003095,PMS001545,guest_key_01545,calabra_rooftop,230,2026-12-26,false
POS0003096,PMS001546,guest_key_01546,spa_wellness,225,2026-11-19,false
POS0003097,PMS001546,guest_key_01546,calabra_rooftop,700,2026-11-19,false
POS0003098,PMS001547,guest_key_01547,mini_bar_amenity,50,2026-06-19,false
POS0003099,PMS001548,guest_key_01548,palma_lobby_lounge,20,2026-06-02,false
POS0003100,PMS001549,guest_key_01549,valet_parking,105,2026-07-14,false
POS0003101,PMS001549,,calabra_rooftop,345,2026-07-14,true
POS0003102,PMS001549,guest_key_01549,calabra_rooftop,110,2026-07-14,false
POS0003103,PMS001549,guest_key_01549,palma_lobby_lounge,105,2026-07-14,true
POS0003104,PMS001551,guest_key_01551,palma_lobby_lounge,135,2026-08-01,false
POS0003105,PMS001551,guest_key_01551,calabra_rooftop,210,2026-08-03,false
POS0003106,PMS001552,guest_key_01552,valet_parking,90,2026-09-25,false
POS0003107,PMS001553,guest_key_01553,calabra_rooftop,120,2026-02-28,false
POS0003108,PMS001555,guest_key_01555,spa_wellness,260,2026-12-31,false
POS0003109,,guest_key_01555,in_room_dining,165,2027-01-03,false
POS0003110,PMS001555,guest_key_01555,calabra_rooftop,650,2027-01-02,false
POS0003111,PMS001555,guest_key_01555,calabra_rooftop,195,2027-01-03,false
POS0003112,PMS001556,guest_key_01556,valet_parking,65,2026-07-01,false
POS0003113,PMS001556,guest_key_01556,calabra_rooftop,145,2026-07-01,false
POS0003114,PMS001556,guest_key_01556,calabra_rooftop,405,2026-07-02,false
POS0003115,PMS001556,guest_key_01556,in_room_dining,100,2026-07-02,false
POS0003116,,guest_key_01557,calabra_rooftop,105,2026-10-29,false
POS0003117,PMS001557,guest_key_01557,valet_parking,85,2026-10-29,false
POS0003118,PMS001557,guest_key_01557,spa_wellness,510,2026-10-28,false
POS0003119,PMS001558,,spa_wellness,335,2026-08-06,false
POS0003120,PMS001559,guest_key_01559,calabra_rooftop,70,2026-01-21,false
POS0003121,PMS001559,guest_key_01559,palma_lobby_lounge,145,2026-01-21,false
POS0003122,PMS001560,,palma_lobby_lounge,135,2026-02-03,false
POS0003123,PMS001560,guest_key_01560,calabra_rooftop,225,2026-02-03,false
POS0003124,PMS001560,guest_key_01560,calabra_rooftop,235,2026-02-03,false
POS0003125,PMS001560,guest_key_01560,calabra_rooftop,145,2026-02-03,false
POS0003126,PMS001562,guest_key_01562,spa_wellness,155,2026-10-17,false
POS0003127,PMS001562,guest_key_01562,mini_bar_amenity,20,2026-10-19,false
POS0003128,PMS001562,guest_key_01562,spa_wellness,225,2026-10-19,false
POS0003129,PMS001562,guest_key_01562,palma_lobby_lounge,115,2026-10-17,false
POS0003130,PMS001565,guest_key_01565,valet_parking,30,2026-05-15,false
POS0003131,PMS001565,guest_key_01565,calabra_rooftop,100,2026-05-14,false
POS0003132,PMS001565,guest_key_01565,calabra_rooftop,120,2026-05-15,false
POS0003133,PMS001565,guest_key_01565,spa_wellness,195,2026-05-15,false
POS0003134,PMS001566,guest_key_01566,calabra_rooftop,345,2026-06-16,false
POS0003135,PMS001566,guest_key_01566,spa_wellness,50,2026-06-15,false
POS0003136,PMS001566,guest_key_01566,calabra_rooftop,160,2026-06-15,false
POS0003137,PMS001567,guest_key_01567,in_room_dining,35,2026-10-31,false
POS0003138,PMS001567,guest_key_01567,calabra_rooftop,265,2026-10-30,false
POS0003139,PMS001567,guest_key_01567,valet_parking,85,2026-10-30,false
POS0003140,PMS001568,guest_key_01568,palma_lobby_lounge,150,2026-02-18,false
POS0003141,PMS001568,guest_key_01568,palma_lobby_lounge,135,2026-02-17,false
POS0003142,PMS001568,guest_key_01568,mini_bar_amenity,70,2026-02-17,false
POS0003143,PMS001568,guest_key_01568,calabra_rooftop,135,2026-02-17,false
POS0003144,PMS001569,guest_key_01569,spa_wellness,110,2026-07-26,true
POS0003145,PMS001569,guest_key_01569,calabra_rooftop,140,2026-07-26,false
POS0003146,PMS001570,guest_key_01570,palma_lobby_lounge,100,2026-03-03,false
POS0003147,PMS001572,guest_key_01572,spa_wellness,170,2026-08-18,false
POS0003148,PMS001573,guest_key_01573,calabra_rooftop,260,2026-05-03,false
POS0003149,PMS001573,guest_key_01573,valet_parking,190,2026-05-02,false
POS0003150,PMS001573,guest_key_01573,spa_wellness,270,2026-05-03,false
POS0003151,PMS001573,guest_key_01573,valet_parking,175,2026-05-03,false
POS0003152,PMS001574,,palma_lobby_lounge,30,2026-03-28,false
POS0003153,PMS001574,guest_key_01574,calabra_rooftop,255,2026-03-28,false
POS0003154,PMS001574,guest_key_01574,mini_bar_amenity,40,2026-03-27,false
POS0003155,PMS001574,guest_key_01574,calabra_rooftop,285,2026-03-28,false
POS0003156,PMS001575,,palma_lobby_lounge,100,2026-01-16,false
POS0003157,PMS001576,guest_key_01576,calabra_rooftop,700,2026-10-30,false
POS0003158,PMS001576,guest_key_01576,palma_lobby_lounge,45,2026-11-02,false
POS0003159,PMS001576,guest_key_01576,palma_lobby_lounge,165,2026-11-01,false
POS0003160,PMS001578,guest_key_01578,in_room_dining,220,2026-12-28,false
POS0003161,PMS001578,guest_key_01578,in_room_dining,70,2026-12-28,false
POS0003162,PMS001581,guest_key_01581,calabra_rooftop,115,2026-09-21,false
POS0003163,PMS001581,guest_key_01581,mini_bar_amenity,50,2026-09-23,true
POS0003164,PMS001582,guest_key_01582,valet_parking,70,2026-06-30,true
POS0003165,PMS001582,guest_key_01582,in_room_dining,120,2026-06-30,false
POS0003166,PMS001582,guest_key_01582,calabra_rooftop,115,2026-06-30,false
POS0003167,PMS001582,guest_key_01582,calabra_rooftop,260,2026-06-30,false
POS0003168,,guest_key_01583,in_room_dining,560,2026-04-01,false
POS0003169,PMS001583,guest_key_01583,palma_lobby_lounge,40,2026-04-01,false
POS0003170,PMS001583,guest_key_01583,mini_bar_amenity,20,2026-04-01,false
POS0003171,PMS001583,guest_key_01583,mini_bar_amenity,30,2026-04-01,false
POS0003172,PMS001584,guest_key_01584,calabra_rooftop,80,2026-05-29,false
POS0003173,PMS001585,guest_key_01585,calabra_rooftop,170,2026-05-12,false
POS0003174,PMS001585,guest_key_01585,mini_bar_amenity,70,2026-05-17,false
POS0003175,PMS001585,guest_key_01585,calabra_rooftop,255,2026-05-11,false
POS0003176,,guest_key_01586,calabra_rooftop,135,2026-01-14,false
POS0003177,PMS001586,guest_key_01586,palma_lobby_lounge,240,2026-01-13,false
POS0003178,PMS001587,,valet_parking,45,2026-07-10,false
POS0003179,PMS001587,guest_key_01587,spa_wellness,190,2026-07-09,false
POS0003180,PMS001589,guest_key_01589,in_room_dining,85,2026-07-07,false
POS0003181,PMS001590,guest_key_01590,valet_parking,110,2026-07-22,false
POS0003182,PMS001590,guest_key_01590,calabra_rooftop,40,2026-07-22,false
POS0003183,PMS001590,guest_key_01590,valet_parking,40,2026-07-22,false
POS0003184,PMS001591,guest_key_01591,calabra_rooftop,340,2026-12-01,false
POS0003185,PMS001591,guest_key_01591,palma_lobby_lounge,130,2026-12-02,false
POS0003186,PMS001591,guest_key_01591,in_room_dining,75,2026-11-29,false
POS0003187,PMS001591,guest_key_01591,palma_lobby_lounge,70,2026-11-28,false
POS0003188,PMS001592,guest_key_01592,palma_lobby_lounge,90,2026-12-22,false
POS0003189,PMS001592,guest_key_01592,valet_parking,50,2026-12-21,false
POS0003190,PMS001594,guest_key_01594,spa_wellness,605,2026-05-14,false
POS0003191,,guest_key_01594,palma_lobby_lounge,135,2026-05-14,false
POS0003192,PMS001595,guest_key_01595,calabra_rooftop,240,2026-01-27,false
POS0003193,PMS001597,guest_key_01597,mini_bar_amenity,50,2026-01-26,false
POS0003194,PMS001598,guest_key_01598,spa_wellness,100,2026-12-21,false
