captured_at,context_date,event_pressure_index,weather_disruption_index,local_demand_pressure_index,high_local_demand_flag,event_count,primary_event_context,weather_signal,demand_context_confidence,provenance,public_context_use,demand_context_note
2026-07-10T20:04:23+00:00,2026-01-01,0.22,0.044,0.235,false,0,baseline_local_demand,normal_weather_proxy,0.32,sample_seed_local_demand_context,daily external demand-pressure modifier for room-comp opportunity-cost reasoning,Sample-seed event/weather pressure proxy; replace with observed Ticketmaster/NOAA or other public feeds for production-grade public context.
2026-07-10T20:04:23+00:00,2026-01-02,0.48,0.04,0.381,false,1,weekend_leisure_demand,normal_weather_proxy,0.32,sample_seed_local_demand_context,daily external demand-pressure modifier for room-comp opportunity-cost reasoning,Sample-seed event/weather pressure proxy; replace with observed Ticketmaster/NOAA or other public feeds for production-grade public context.
2026-07-10T20:04:23+00:00,2026-01-03,0.48,0.529,0.478,false,1,weekend_leisure_demand,coastal_rain_or_wind_proxy,0.32,sample_seed_local_demand_context,daily external demand-pressure modifier for room-comp opportunity-cost reasoning,Sample-seed event/weather pressure proxy; replace with observed Ticketmaster/NOAA or other public feeds for production-grade public context.
2026-07-10T20:04:23+00:00,2026-01-04,0.48,0.09,0.399,false,1,weekend_leisure_demand,normal_weather_proxy,0.32,sample_seed_local_demand_context,daily external demand-pressure modifier for room-comp opportunity-cost reasoning,Sample-seed event/weather pressure proxy; replace with observed Ticketmaster/NOAA or other public feeds for production-grade public context.
2026-07-10T20:04:23+00:00,2026-01-05,0.22,0.046,0.277,false,0,baseline_local_demand,normal_weather_proxy,0.32,sample_seed_local_demand_context,daily external demand-pressure modifier for room-comp opportunity-cost reasoning,Sample-seed event/weather pressure proxy; replace with observed Ticketmaster/NOAA or other public feeds for production-grade public context.
2026-07-10T20:04:23+00:00,2026-01-06,0.22,0.644,0.389,false,0,baseline_local_demand,coastal_rain_or_wind_proxy,0.32,sample_seed_local_demand_context,daily external demand-pressure modifier for room-comp opportunity-cost reasoning,Sample-seed event/weather pressure proxy; replace with observed Ticketmaster/NOAA or other public feeds for production-grade public context.
2026-07-10T20:04:23+00:00,2026-01-07,0.22,0.045,0.185,false,0,baseline_local_demand,normal_weather_proxy,0.32,sample_seed_local_demand_context,daily external demand-pressure modifier for room-comp opportunity-cost reasoning,Sample-seed event/weather pressure proxy; replace with observed Ticketmaster/NOAA or other public feeds for production-grade public context.
2026-07-10T20:04:23+00:00,2026-01-08,0.22,0.1,0.211,false,0,baseline_local_demand,normal_weather_proxy,0.32,sample_seed_local_demand_context,daily external demand-pressure modifier for room-comp opportunity-cost reasoning,Sample-seed event/weather pressure proxy; replace with observed Ticketmaster/NOAA or other public feeds for production-grade public context.
2026-07-10T20:04:23+00:00,2026-01-09,0.48,0.161,0.437,false,1,weekend_leisure_demand,normal_weather_proxy,0.32,sample_seed_local_demand_context,daily external demand-pressure modifier for room-comp opportunity-cost reasoning,Sample-seed event/weather pressure proxy; replace with observed Ticketmaster/NOAA or other public feeds for production-grade public context.
2026-07-10T20:04:23+00:00,2026-01-10,0.48,0.531,0.491,false,1,weekend_leisure_demand,coastal_rain_or_wind_proxy,0.32,sample_seed_local_demand_context,daily external demand-pressure modifier for room-comp opportunity-cost reasoning,Sample-seed event/weather pressure proxy; replace with observed Ticketmaster/NOAA or other public feeds for production-grade public context.
2026-07-10T20:04:23+00:00,2026-01-11,0.48,0.155,0.447,false,1,weekend_leisure_demand,normal_weather_proxy,0.32,sample_seed_local_demand_context,daily external demand-pressure modifier for room-comp opportunity-cost reasoning,Sample-seed event/weather pressure proxy; replace with observed Ticketmaster/NOAA or other public feeds for production-grade public context.
2026-07-10T20:04:23+00:00,2026-01-12,0.22,0.544,0.343,false,0,baseline_local_demand,coastal_rain_or_wind_proxy,0.32,sample_seed_local_demand_context,daily external demand-pressure modifier for room-comp opportunity-cost reasoning,Sample-seed event/weather pressure proxy; replace with observed Ticketmaster/NOAA or other public feeds for production-grade public context.
2026-07-10T20:04:23+00:00,2026-01-13,0.22,0.108,0.224,false,0,baseline_local_demand,normal_weather_proxy,0.32,sample_seed_local_demand_context,daily external demand-pressure modifier for room-comp opportunity-cost reasoning,Sample-seed event/weather pressure proxy; replace with observed Ticketmaster/NOAA or other public feeds for production-grade public context.
2026-07-10T20:04:23+00:00,2026-01-14,0.22,0.494,0.377,false,0,baseline_local_demand,coastal_rain_or_wind_proxy,0.32,sample_seed_local_demand_context,daily external demand-pressure modifier for room-comp opportunity-cost reasoning,Sample-seed event/weather pressure proxy; replace with observed Ticketmaster/NOAA or other public feeds for production-grade public context.
2026-07-10T20:04:23+00:00,2026-01-15,0.22,0.159,0.265,false,0,baseline_local_demand,normal_weather_proxy,0.32,sample_seed_local_demand_context,daily external demand-pressure modifier for room-comp opportunity-cost reasoning,Sample-seed event/weather pressure proxy; replace with observed Ticketmaster/NOAA or other public feeds for production-grade public context.
2026-07-10T20:04:23+00:00,2026-01-16,0.48,0.025,0.429,false,1,weekend_leisure_demand,normal_weather_proxy,0.32,sample_seed_local_demand_context,daily external demand-pressure modifier for room-comp opportunity-cost reasoning,Sample-seed event/weather pressure proxy; replace with observed Ticketmaster/NOAA or other public feeds for production-grade public context.
2026-07-10T20:04:23+00:00,2026-01-17,0.48,0.138,0.436,false,1,weekend_leisure_demand,normal_weather_proxy,0.32,sample_seed_local_demand_context,daily external demand-pressure modifier for room-comp opportunity-cost reasoning,Sample-seed event/weather pressure proxy; replace with observed Ticketmaster/NOAA or other public feeds for production-grade public context.
2026-07-10T20:04:23+00:00,2026-01-18,0.48,0.043,0.362,false,1,weekend_leisure_demand,normal_weather_proxy,0.32,sample_seed_local_demand_context,daily external demand-pressure modifier for room-comp opportunity-cost reasoning,Sample-seed event/weather pressure proxy; replace with observed Ticketmaster/NOAA or other public feeds for production-grade public context.
2026-07-10T20:04:23+00:00,2026-01-19,0.22,0.693,0.359,false,0,baseline_local_demand,coastal_rain_or_wind_proxy,0.32,sample_seed_local_demand_context,daily external demand-pressure modifier for room-comp opportunity-cost reasoning,Sample-seed event/weather pressure proxy; replace with observed Ticketmaster/NOAA or other public feeds for production-grade public context.
2026-07-10T20:04:23+00:00,2026-01-20,0.22,0.084,0.22,false,0,baseline_local_demand,normal_weather_proxy,0.32,sample_seed_local_demand_context,daily external demand-pressure modifier for room-comp opportunity-cost reasoning,Sample-seed event/weather pressure proxy; replace with observed Ticketmaster/NOAA or other public feeds for production-grade public context.
2026-07-10T20:04:23+00:00,2026-01-21,0.22,0.079,0.19,false,0,baseline_local_demand,normal_weather_proxy,0.32,sample_seed_local_demand_context,daily external demand-pressure modifier for room-comp opportunity-cost reasoning,Sample-seed event/weather pressure proxy; replace with observed Ticketmaster/NOAA or other public feeds for production-grade public context.
2026-07-10T20:04:23+00:00,2026-01-22,0.22,0.045,0.262,false,0,baseline_local_demand,normal_weather_proxy,0.32,sample_seed_local_demand_context,daily external demand-pressure modifier for room-comp opportunity-cost reasoning,Sample-seed event/weather pressure proxy; replace with observed Ticketmaster/NOAA or other public feeds for production-grade public context.
2026-07-10T20:04:23+00:00,2026-01-23,0.48,0.451,0.469,false,1,weekend_leisure_demand,coastal_rain_or_wind_proxy,0.32,sample_seed_local_demand_context,daily external demand-pressure modifier for room-comp opportunity-cost reasoning,Sample-seed event/weather pressure proxy; replace with observed Ticketmaster/NOAA or other public feeds for production-grade public context.
2026-07-10T20:04:23+00:00,2026-01-24,0.48,0.096,0.401,false,1,weekend_leisure_demand,normal_weather_proxy,0.32,sample_seed_local_demand_context,daily external demand-pressure modifier for room-comp opportunity-cost reasoning,Sample-seed event/weather pressure proxy; replace with observed Ticketmaster/NOAA or other public feeds for production-grade public context.
2026-07-10T20:04:23+00:00,2026-01-25,0.48,0.59,0.528,false,1,weekend_leisure_demand,coastal_rain_or_wind_proxy,0.32,sample_seed_local_demand_context,daily external demand-pressure modifier for room-comp opportunity-cost reasoning,Sample-seed event/weather pressure proxy; replace with observed Ticketmaster/NOAA or other public feeds for production-grade public context.
2026-07-10T20:04:23+00:00,2026-01-26,0.22,0.431,0.349,false,0,baseline_local_demand,coastal_rain_or_wind_proxy,0.32,sample_seed_local_demand_context,daily external demand-pressure modifier for room-comp opportunity-cost reasoning,Sample-seed event/weather pressure proxy; replace with observed Ticketmaster/NOAA or other public feeds for production-grade public context.
2026-07-10T20:04:23+00:00,2026-01-27,0.22,0.064,0.271,false,0,baseline_local_demand,normal_weather_proxy,0.32,sample_seed_local_demand_context,daily external demand-pressure modifier for room-comp opportunity-cost reasoning,Sample-seed event/weather pressure proxy; replace with observed Ticketmaster/NOAA or other public feeds for production-grade public context.
2026-07-10T20:04:23+00:00,2026-01-28,0.22,0.07,0.254,false,0,baseline_local_demand,normal_weather_proxy,0.32,sample_seed_local_demand_context,daily external demand-pressure modifier for room-comp opportunity-cost reasoning,Sample-seed event/weather pressure proxy; replace with observed Ticketmaster/NOAA or other public feeds for production-grade public context.
2026-07-10T20:04:23+00:00,2026-01-29,0.22,0.57,0.38,false,0,baseline_local_demand,coastal_rain_or_wind_proxy,0.32,sample_seed_local_demand_context,daily external demand-pressure modifier for room-comp opportunity-cost reasoning,Sample-seed event/weather pressure proxy; replace with observed Ticketmaster/NOAA or other public feeds for production-grade public context.
2026-07-10T20:04:23+00:00,2026-01-30,0.48,0.021,0.442,false,1,weekend_leisure_demand,normal_weather_proxy,0.32,sample_seed_local_demand_context,daily external demand-pressure modifier for room-comp opportunity-cost reasoning,Sample-seed event/weather pressure proxy; replace with observed Ticketmaster/NOAA or other public feeds for production-grade public context.
2026-07-10T20:04:23+00:00,2026-01-31,0.48,0.585,0.497,false,1,weekend_leisure_demand,coastal_rain_or_wind_proxy,0.32,sample_seed_local_demand_context,daily external demand-pressure modifier for room-comp opportunity-cost reasoning,Sample-seed event/weather pressure proxy; replace with observed Ticketmaster/NOAA or other public feeds for production-grade public context.
2026-07-10T20:04:23+00:00,2026-02-01,0.48,0.175,0.476,false,1,weekend_leisure_demand,normal_weather_proxy,0.32,sample_seed_local_demand_context,daily external demand-pressure modifier for room-comp opportunity-cost reasoning,Sample-seed event/weather pressure proxy; replace with observed Ticketmaster/NOAA or other public feeds for production-grade public context.
2026-07-10T20:04:23+00:00,2026-02-02,0.22,0.052,0.245,false,0,baseline_local_demand,normal_weather_proxy,0.32,sample_seed_local_demand_context,daily external demand-pressure modifier for room-comp opportunity-cost reasoning,Sample-seed event/weather pressure proxy; replace with observed Ticketmaster/NOAA or other public feeds for production-grade public context.
2026-07-10T20:04:23+00:00,2026-02-03,0.22,0.025,0.244,false,0,baseline_local_demand,normal_weather_proxy,0.32,sample_seed_local_demand_context,daily external demand-pressure modifier for room-comp opportunity-cost reasoning,Sample-seed event/weather pressure proxy; replace with observed Ticketmaster/NOAA or other public feeds for production-grade public context.
2026-07-10T20:04:23+00:00,2026-02-04,0.22,0.142,0.293,false,0,baseline_local_demand,normal_weather_proxy,0.32,sample_seed_local_demand_context,daily external demand-pressure modifier for room-comp opportunity-cost reasoning,Sample-seed event/weather pressure proxy; replace with observed Ticketmaster/NOAA or other public feeds for production-grade public context.
2026-07-10T20:04:23+00:00,2026-02-05,0.22,0.163,0.23,false,0,baseline_local_demand,normal_weather_proxy,0.32,sample_seed_local_demand_context,daily external demand-pressure modifier for room-comp opportunity-cost reasoning,Sample-seed event/weather pressure proxy; replace with observed Ticketmaster/NOAA or other public feeds for production-grade public context.
2026-07-10T20:04:23+00:00,2026-02-06,0.48,0.114,0.407,false,1,weekend_leisure_demand,normal_weather_proxy,0.32,sample_seed_local_demand_context,daily external demand-pressure modifier for room-comp opportunity-cost reasoning,Sample-seed event/weather pressure proxy; replace with observed Ticketmaster/NOAA or other public feeds for production-grade public context.
2026-07-10T20:04:23+00:00,2026-02-07,0.48,0.05,0.444,false,1,weekend_leisure_demand,normal_weather_proxy,0.32,sample_seed_local_demand_context,daily external demand-pressure modifier for room-comp opportunity-cost reasoning,Sample-seed event/weather pressure proxy; replace with observed Ticketmaster/NOAA or other public feeds for production-grade public context.
2026-07-10T20:04:23+00:00,2026-02-08,0.48,0.147,0.453,false,1,weekend_leisure_demand,normal_weather_proxy,0.32,sample_seed_local_demand_context,daily external demand-pressure modifier for room-comp opportunity-cost reasoning,Sample-seed event/weather pressure proxy; replace with observed Ticketmaster/NOAA or other public feeds for production-grade public context.
2026-07-10T20:04:23+00:00,2026-02-09,0.22,0.148,0.246,false,0,baseline_local_demand,normal_weather_proxy,0.32,sample_seed_local_demand_context,daily external demand-pressure modifier for room-comp opportunity-cost reasoning,Sample-seed event/weather pressure proxy; replace with observed Ticketmaster/NOAA or other public feeds for production-grade public context.
2026-07-10T20:04:23+00:00,2026-02-10,0.22,0.033,0.178,false,0,baseline_local_demand,normal_weather_proxy,0.32,sample_seed_local_demand_context,daily external demand-pressure modifier for room-comp opportunity-cost reasoning,Sample-seed event/weather pressure proxy; replace with observed Ticketmaster/NOAA or other public feeds for production-grade public context.
2026-07-10T20:04:23+00:00,2026-02-11,0.22,0.146,0.286,false,0,baseline_local_demand,normal_weather_proxy,0.32,sample_seed_local_demand_context,daily external demand-pressure modifier for room-comp opportunity-cost reasoning,Sample-seed event/weather pressure proxy; replace with observed Ticketmaster/NOAA or other public feeds for production-grade public context.
2026-07-10T20:04:23+00:00,2026-02-12,0.22,0.673,0.332,false,0,baseline_local_demand,coastal_rain_or_wind_proxy,0.32,sample_seed_local_demand_context,daily external demand-pressure modifier for room-comp opportunity-cost reasoning,Sample-seed event/weather pressure proxy; replace with observed Ticketmaster/NOAA or other public feeds for production-grade public context.
2026-07-10T20:04:23+00:00,2026-02-13,0.82,0.086,0.647,false,3,holiday_romance_weekend,normal_weather_proxy,0.32,sample_seed_local_demand_context,daily external demand-pressure modifier for room-comp opportunity-cost reasoning,Sample-seed event/weather pressure proxy; replace with observed Ticketmaster/NOAA or other public feeds for production-grade public context.
2026-07-10T20:04:23+00:00,2026-02-14,0.82,0.178,0.669,false,3,holiday_romance_weekend,normal_weather_proxy,0.32,sample_seed_local_demand_context,daily external demand-pressure modifier for room-comp opportunity-cost reasoning,Sample-seed event/weather pressure proxy; replace with observed Ticketmaster/NOAA or other public feeds for production-grade public context.
2026-07-10T20:04:23+00:00,2026-02-15,0.82,0.154,0.701,true,3,holiday_romance_weekend,normal_weather_proxy,0.32,sample_seed_local_demand_context,daily external demand-pressure modifier for room-comp opportunity-cost reasoning,Sample-seed event/weather pressure proxy; replace with observed Ticketmaster/NOAA or other public feeds for production-grade public context.
2026-07-10T20:04:23+00:00,2026-02-16,0.22,0.132,0.271,false,0,baseline_local_demand,normal_weather_proxy,0.32,sample_seed_local_demand_context,daily external demand-pressure modifier for room-comp opportunity-cost reasoning,Sample-seed event/weather pressure proxy; replace with observed Ticketmaster/NOAA or other public feeds for production-grade public context.
2026-07-10T20:04:23+00:00,2026-02-17,0.22,0.491,0.288,false,0,baseline_local_demand,coastal_rain_or_wind_proxy,0.32,sample_seed_local_demand_context,daily external demand-pressure modifier for room-comp opportunity-cost reasoning,Sample-seed event/weather pressure proxy; replace with observed Ticketmaster/NOAA or other public feeds for production-grade public context.
2026-07-10T20:04:23+00:00,2026-02-18,0.22,0.11,0.265,false,0,baseline_local_demand,normal_weather_proxy,0.32,sample_seed_local_demand_context,daily external demand-pressure modifier for room-comp opportunity-cost reasoning,Sample-seed event/weather pressure proxy; replace with observed Ticketmaster/NOAA or other public feeds for production-grade public context.
2026-07-10T20:04:23+00:00,2026-02-19,0.22,0.179,0.301,false,0,baseline_local_demand,normal_weather_proxy,0.32,sample_seed_local_demand_context,daily external demand-pressure modifier for room-comp opportunity-cost reasoning,Sample-seed event/weather pressure proxy; replace with observed Ticketmaster/NOAA or other public feeds for production-grade public context.
2026-07-10T20:04:23+00:00,2026-02-20,0.48,0.074,0.37,false,1,weekend_leisure_demand,normal_weather_proxy,0.32,sample_seed_local_demand_context,daily external demand-pressure modifier for room-comp opportunity-cost reasoning,Sample-seed event/weather pressure proxy; replace with observed Ticketmaster/NOAA or other public feeds for production-grade public context.
2026-07-10T20:04:23+00:00,2026-02-21,0.48,0.051,0.456,false,1,weekend_leisure_demand,normal_weather_proxy,0.32,sample_seed_local_demand_context,daily external demand-pressure modifier for room-comp opportunity-cost reasoning,Sample-seed event/weather pressure proxy; replace with observed Ticketmaster/NOAA or other public feeds for production-grade public context.
2026-07-10T20:04:23+00:00,2026-02-22,0.48,0.024,0.404,false,1,weekend_leisure_demand,normal_weather_proxy,0.32,sample_seed_local_demand_context,daily external demand-pressure modifier for room-comp opportunity-cost reasoning,Sample-seed event/weather pressure proxy; replace with observed Ticketmaster/NOAA or other public feeds for production-grade public context.
2026-07-10T20:04:23+00:00,2026-02-23,0.22,0.042,0.204,false,0,baseline_local_demand,normal_weather_proxy,0.32,sample_seed_local_demand_context,daily external demand-pressure modifier for room-comp opportunity-cost reasoning,Sample-seed event/weather pressure proxy; replace with observed Ticketmaster/NOAA or other public feeds for production-grade public context.
2026-07-10T20:04:23+00:00,2026-02-24,0.22,0.561,0.376,false,0,baseline_local_demand,coastal_rain_or_wind_proxy,0.32,sample_seed_local_demand_context,daily external demand-pressure modifier for room-comp opportunity-cost reasoning,Sample-seed event/weather pressure proxy; replace with observed Ticketmaster/NOAA or other public feeds for production-grade public context.
2026-07-10T20:04:23+00:00,2026-02-25,0.22,0.145,0.248,false,0,baseline_local_demand,normal_weather_proxy,0.32,sample_seed_local_demand_context,daily external demand-pressure modifier for room-comp opportunity-cost reasoning,Sample-seed event/weather pressure proxy; replace with observed Ticketmaster/NOAA or other public feeds for production-grade public context.
2026-07-10T20:04:23+00:00,2026-02-26,0.22,0.025,0.229,false,0,baseline_local_demand,normal_weather_proxy,0.32,sample_seed_local_demand_context,daily external demand-pressure modifier for room-comp opportunity-cost reasoning,Sample-seed event/weather pressure proxy; replace with observed Ticketmaster/NOAA or other public feeds for production-grade public context.
2026-07-10T20:04:23+00:00,2026-02-27,0.48,0.669,0.51,false,1,weekend_leisure_demand,coastal_rain_or_wind_proxy,0.32,sample_seed_local_demand_context,daily external demand-pressure modifier for room-comp opportunity-cost reasoning,Sample-seed event/weather pressure proxy; replace with observed Ticketmaster/NOAA or other public feeds for production-grade public context.
2026-07-10T20:04:23+00:00,2026-02-28,0.48,0.074,0.434,false,1,weekend_leisure_demand,normal_weather_proxy,0.32,sample_seed_local_demand_context,daily external demand-pressure modifier for room-comp opportunity-cost reasoning,Sample-seed event/weather pressure proxy; replace with observed Ticketmaster/NOAA or other public feeds for production-grade public context.
2026-07-10T20:04:23+00:00,2026-03-01,0.48,0.02,0.371,false,1,weekend_leisure_demand,normal_weather_proxy,0.32,sample_seed_local_demand_context,daily external demand-pressure modifier for room-comp opportunity-cost reasoning,Sample-seed event/weather pressure proxy; replace with observed Ticketmaster/NOAA or other public feeds for production-grade public context.
2026-07-10T20:04:23+00:00,2026-03-02,0.22,0.074,0.238,false,0,baseline_local_demand,normal_weather_proxy,0.32,sample_seed_local_demand_context,daily external demand-pressure modifier for room-comp opportunity-cost reasoning,Sample-seed event/weather pressure proxy; replace with observed Ticketmaster/NOAA or other public feeds for production-grade public context.
2026-07-10T20:04:23+00:00,2026-03-03,0.22,0.042,0.192,false,0,baseline_local_demand,normal_weather_proxy,0.32,sample_seed_local_demand_context,daily external demand-pressure modifier for room-comp opportunity-cost reasoning,Sample-seed event/weather pressure proxy; replace with observed Ticketmaster/NOAA or other public feeds for production-grade public context.
2026-07-10T20:04:23+00:00,2026-03-04,0.22,0.047,0.245,false,0,baseline_local_demand,normal_weather_proxy,0.32,sample_seed_local_demand_context,daily external demand-pressure modifier for room-comp opportunity-cost reasoning,Sample-seed event/weather pressure proxy; replace with observed Ticketmaster/NOAA or other public feeds for production-grade public context.
2026-07-10T20:04:23+00:00,2026-03-05,0.22,0.135,0.254,false,0,baseline_local_demand,normal_weather_proxy,0.32,sample_seed_local_demand_context,daily external demand-pressure modifier for room-comp opportunity-cost reasoning,Sample-seed event/weather pressure proxy; replace with observed Ticketmaster/NOAA or other public feeds for production-grade public context.
2026-07-10T20:04:23+00:00,2026-03-06,0.48,0.068,0.397,false,1,weekend_leisure_demand,normal_weather_proxy,0.32,sample_seed_local_demand_context,daily external demand-pressure modifier for room-comp opportunity-cost reasoning,Sample-seed event/weather pressure proxy; replace with observed Ticketmaster/NOAA or other public feeds for production-grade public context.
2026-07-10T20:04:23+00:00,2026-03-07,0.48,0.143,0.437,false,1,weekend_leisure_demand,normal_weather_proxy,0.32,sample_seed_local_demand_context,daily external demand-pressure modifier for room-comp opportunity-cost reasoning,Sample-seed event/weather pressure proxy; replace with observed Ticketmaster/NOAA or other public feeds for production-grade public context.
2026-07-10T20:04:23+00:00,2026-03-08,0.48,0.029,0.384,false,1,weekend_leisure_demand,normal_weather_proxy,0.32,sample_seed_local_demand_context,daily external demand-pressure modifier for room-comp opportunity-cost reasoning,Sample-seed event/weather pressure proxy; replace with observed Ticketmaster/NOAA or other public feeds for production-grade public context.
2026-07-10T20:04:23+00:00,2026-03-09,0.22,0.137,0.289,false,0,baseline_local_demand,normal_weather_proxy,0.32,sample_seed_local_demand_context,daily external demand-pressure modifier for room-comp opportunity-cost reasoning,Sample-seed event/weather pressure proxy; replace with observed Ticketmaster/NOAA or other public feeds for production-grade public context.
2026-07-10T20:04:23+00:00,2026-03-10,0.22,0.11,0.253,false,0,baseline_local_demand,normal_weather_proxy,0.32,sample_seed_local_demand_context,daily external demand-pressure modifier for room-comp opportunity-cost reasoning,Sample-seed event/weather pressure proxy; replace with observed Ticketmaster/NOAA or other public feeds for production-grade public context.
2026-07-10T20:04:23+00:00,2026-03-11,0.22,0.107,0.247,false,0,baseline_local_demand,normal_weather_proxy,0.32,sample_seed_local_demand_context,daily external demand-pressure modifier for room-comp opportunity-cost reasoning,Sample-seed event/weather pressure proxy; replace with observed Ticketmaster/NOAA or other public feeds for production-grade public context.
2026-07-10T20:04:23+00:00,2026-03-12,0.22,0.098,0.246,false,0,baseline_local_demand,normal_weather_proxy,0.32,sample_seed_local_demand_context,daily external demand-pressure modifier for room-comp opportunity-cost reasoning,Sample-seed event/weather pressure proxy; replace with observed Ticketmaster/NOAA or other public feeds for production-grade public context.
2026-07-10T20:04:23+00:00,2026-03-13,0.48,0.117,0.433,false,1,weekend_leisure_demand,normal_weather_proxy,0.32,sample_seed_local_demand_context,daily external demand-pressure modifier for room-comp opportunity-cost reasoning,Sample-seed event/weather pressure proxy; replace with observed Ticketmaster/NOAA or other public feeds for production-grade public context.
2026-07-10T20:04:23+00:00,2026-03-14,0.48,0.611,0.524,false,1,weekend_leisure_demand,coastal_rain_or_wind_proxy,0.32,sample_seed_local_demand_context,daily external demand-pressure modifier for room-comp opportunity-cost reasoning,Sample-seed event/weather pressure proxy; replace with observed Ticketmaster/NOAA or other public feeds for production-grade public context.
2026-07-10T20:04:23+00:00,2026-03-15,0.48,0.075,0.452,false,1,weekend_leisure_demand,normal_weather_proxy,0.32,sample_seed_local_demand_context,daily external demand-pressure modifier for room-comp opportunity-cost reasoning,Sample-seed event/weather pressure proxy; replace with observed Ticketmaster/NOAA or other public feeds for production-grade public context.
2026-07-10T20:04:23+00:00,2026-03-16,0.22,0.078,0.215,false,0,baseline_local_demand,normal_weather_proxy,0.32,sample_seed_local_demand_context,daily external demand-pressure modifier for room-comp opportunity-cost reasoning,Sample-seed event/weather pressure proxy; replace with observed Ticketmaster/NOAA or other public feeds for production-grade public context.
2026-07-10T20:04:23+00:00,2026-03-17,0.22,0.154,0.277,false,0,baseline_local_demand,normal_weather_proxy,0.32,sample_seed_local_demand_context,daily external demand-pressure modifier for room-comp opportunity-cost reasoning,Sample-seed event/weather pressure proxy; replace with observed Ticketmaster/NOAA or other public feeds for production-grade public context.
2026-07-10T20:04:23+00:00,2026-03-18,0.22,0.045,0.258,false,0,baseline_local_demand,normal_weather_proxy,0.32,sample_seed_local_demand_context,daily external demand-pressure modifier for room-comp opportunity-cost reasoning,Sample-seed event/weather pressure proxy; replace with observed Ticketmaster/NOAA or other public feeds for production-grade public context.
2026-07-10T20:04:23+00:00,2026-03-19,0.22,0.119,0.244,false,0,baseline_local_demand,normal_weather_proxy,0.32,sample_seed_local_demand_context,daily external demand-pressure modifier for room-comp opportunity-cost reasoning,Sample-seed event/weather pressure proxy; replace with observed Ticketmaster/NOAA or other public feeds for production-grade public context.
2026-07-10T20:04:23+00:00,2026-03-20,0.48,0.113,0.433,false,1,weekend_leisure_demand,normal_weather_proxy,0.32,sample_seed_local_demand_context,daily external demand-pressure modifier for room-comp opportunity-cost reasoning,Sample-seed event/weather pressure proxy; replace with observed Ticketmaster/NOAA or other public feeds for production-grade public context.
2026-07-10T20:04:23+00:00,2026-03-21,0.48,0.091,0.373,false,1,weekend_leisure_demand,normal_weather_proxy,0.32,sample_seed_local_demand_context,daily external demand-pressure modifier for room-comp opportunity-cost reasoning,Sample-seed event/weather pressure proxy; replace with observed Ticketmaster/NOAA or other public feeds for production-grade public context.
2026-07-10T20:04:23+00:00,2026-03-22,0.48,0.132,0.443,false,1,weekend_leisure_demand,normal_weather_proxy,0.32,sample_seed_local_demand_context,daily external demand-pressure modifier for room-comp opportunity-cost reasoning,Sample-seed event/weather pressure proxy; replace with observed Ticketmaster/NOAA or other public feeds for production-grade public context.
2026-07-10T20:04:23+00:00,2026-03-23,0.22,0.498,0.355,false,0,baseline_local_demand,coastal_rain_or_wind_proxy,0.32,sample_seed_local_demand_context,daily external demand-pressure modifier for room-comp opportunity-cost reasoning,Sample-seed event/weather pressure proxy; replace with observed Ticketmaster/NOAA or other public feeds for production-grade public context.
2026-07-10T20:04:23+00:00,2026-03-24,0.22,0.142,0.261,false,0,baseline_local_demand,normal_weather_proxy,0.32,sample_seed_local_demand_context,daily external demand-pressure modifier for room-comp opportunity-cost reasoning,Sample-seed event/weather pressure proxy; replace with observed Ticketmaster/NOAA or other public feeds for production-grade public context.
2026-07-10T20:04:23+00:00,2026-03-25,0.22,0.176,0.278,false,0,baseline_local_demand,normal_weather_proxy,0.32,sample_seed_local_demand_context,daily external demand-pressure modifier for room-comp opportunity-cost reasoning,Sample-seed event/weather pressure proxy; replace with observed Ticketmaster/NOAA or other public feeds for production-grade public context.
2026-07-10T20:04:23+00:00,2026-03-26,0.22,0.613,0.368,false,0,baseline_local_demand,coastal_rain_or_wind_proxy,0.32,sample_seed_local_demand_context,daily external demand-pressure modifier for room-comp opportunity-cost reasoning,Sample-seed event/weather pressure proxy; replace with observed Ticketmaster/NOAA or other public feeds for production-grade public context.
2026-07-10T20:04:23+00:00,2026-03-27,0.48,0.115,0.454,false,1,weekend_leisure_demand,normal_weather_proxy,0.32,sample_seed_local_demand_context,daily external demand-pressure modifier for room-comp opportunity-cost reasoning,Sample-seed event/weather pressure proxy; replace with observed Ticketmaster/NOAA or other public feeds for production-grade public context.
2026-07-10T20:04:23+00:00,2026-03-28,0.48,0.109,0.446,false,1,weekend_leisure_demand,normal_weather_proxy,0.32,sample_seed_local_demand_context,daily external demand-pressure modifier for room-comp opportunity-cost reasoning,Sample-seed event/weather pressure proxy; replace with observed Ticketmaster/NOAA or other public feeds for production-grade public context.
2026-07-10T20:04:23+00:00,2026-03-29,0.48,0.14,0.4,false,1,weekend_leisure_demand,normal_weather_proxy,0.32,sample_seed_local_demand_context,daily external demand-pressure modifier for room-comp opportunity-cost reasoning,Sample-seed event/weather pressure proxy; replace with observed Ticketmaster/NOAA or other public feeds for production-grade public context.
2026-07-10T20:04:23+00:00,2026-03-30,0.22,0.098,0.29,false,0,baseline_local_demand,normal_weather_proxy,0.32,sample_seed_local_demand_context,daily external demand-pressure modifier for room-comp opportunity-cost reasoning,Sample-seed event/weather pressure proxy; replace with observed Ticketmaster/NOAA or other public feeds for production-grade public context.
2026-07-10T20:04:23+00:00,2026-03-31,0.22,0.084,0.243,false,0,baseline_local_demand,normal_weather_proxy,0.32,sample_seed_local_demand_context,daily external demand-pressure modifier for room-comp opportunity-cost reasoning,Sample-seed event/weather pressure proxy; replace with observed Ticketmaster/NOAA or other public feeds for production-grade public context.
2026-07-10T20:04:23+00:00,2026-04-01,0.22,0.111,0.236,false,0,baseline_local_demand,normal_weather_proxy,0.32,sample_seed_local_demand_context,daily external demand-pressure modifier for room-comp opportunity-cost reasoning,Sample-seed event/weather pressure proxy; replace with observed Ticketmaster/NOAA or other public feeds for production-grade public context.
2026-07-10T20:04:23+00:00,2026-04-02,0.22,0.066,0.236,false,0,baseline_local_demand,normal_weather_proxy,0.32,sample_seed_local_demand_context,daily external demand-pressure modifier for room-comp opportunity-cost reasoning,Sample-seed event/weather pressure proxy; replace with observed Ticketmaster/NOAA or other public feeds for production-grade public context.
2026-07-10T20:04:23+00:00,2026-04-03,0.48,0.025,0.355,false,1,weekend_leisure_demand,normal_weather_proxy,0.32,sample_seed_local_demand_context,daily external demand-pressure modifier for room-comp opportunity-cost reasoning,Sample-seed event/weather pressure proxy; replace with observed Ticketmaster/NOAA or other public feeds for production-grade public context.
2026-07-10T20:04:23+00:00,2026-04-04,0.48,0.048,0.435,false,1,weekend_leisure_demand,normal_weather_proxy,0.32,sample_seed_local_demand_context,daily external demand-pressure modifier for room-comp opportunity-cost reasoning,Sample-seed event/weather pressure proxy; replace with observed Ticketmaster/NOAA or other public feeds for production-grade public context.
2026-07-10T20:04:23+00:00,2026-04-05,0.48,0.041,0.414,false,1,weekend_leisure_demand,normal_weather_proxy,0.32,sample_seed_local_demand_context,daily external demand-pressure modifier for room-comp opportunity-cost reasoning,Sample-seed event/weather pressure proxy; replace with observed Ticketmaster/NOAA or other public feeds for production-grade public context.
2026-07-10T20:04:23+00:00,2026-04-06,0.22,0.064,0.256,false,0,baseline_local_demand,normal_weather_proxy,0.32,sample_seed_local_demand_context,daily external demand-pressure modifier for room-comp opportunity-cost reasoning,Sample-seed event/weather pressure proxy; replace with observed Ticketmaster/NOAA or other public feeds for production-grade public context.
2026-07-10T20:04:23+00:00,2026-04-07,0.22,0.126,0.216,false,0,baseline_local_demand,normal_weather_proxy,0.32,sample_seed_local_demand_context,daily external demand-pressure modifier for room-comp opportunity-cost reasoning,Sample-seed event/weather pressure proxy; replace with observed Ticketmaster/NOAA or other public feeds for production-grade public context.
2026-07-10T20:04:23+00:00,2026-04-08,0.22,0.045,0.277,false,0,baseline_local_demand,normal_weather_proxy,0.32,sample_seed_local_demand_context,daily external demand-pressure modifier for room-comp opportunity-cost reasoning,Sample-seed event/weather pressure proxy; replace with observed Ticketmaster/NOAA or other public feeds for production-grade public context.
2026-07-10T20:04:23+00:00,2026-04-09,0.22,0.165,0.235,false,0,baseline_local_demand,normal_weather_proxy,0.32,sample_seed_local_demand_context,daily external demand-pressure modifier for room-comp opportunity-cost reasoning,Sample-seed event/weather pressure proxy; replace with observed Ticketmaster/NOAA or other public feeds for production-grade public context.
2026-07-10T20:04:23+00:00,2026-04-10,0.48,0.054,0.443,false,1,weekend_leisure_demand,normal_weather_proxy,0.32,sample_seed_local_demand_context,daily external demand-pressure modifier for room-comp opportunity-cost reasoning,Sample-seed event/weather pressure proxy; replace with observed Ticketmaster/NOAA or other public feeds for production-grade public context.
2026-07-10T20:04:23+00:00,2026-04-11,0.48,0.139,0.436,false,1,weekend_leisure_demand,normal_weather_proxy,0.32,sample_seed_local_demand_context,daily external demand-pressure modifier for room-comp opportunity-cost reasoning,Sample-seed event/weather pressure proxy; replace with observed Ticketmaster/NOAA or other public feeds for production-grade public context.
2026-07-10T20:04:23+00:00,2026-04-12,0.48,0.04,0.368,false,1,weekend_leisure_demand,normal_weather_proxy,0.32,sample_seed_local_demand_context,daily external demand-pressure modifier for room-comp opportunity-cost reasoning,Sample-seed event/weather pressure proxy; replace with observed Ticketmaster/NOAA or other public feeds for production-grade public context.
2026-07-10T20:04:23+00:00,2026-04-13,0.22,0.026,0.243,false,0,baseline_local_demand,normal_weather_proxy,0.32,sample_seed_local_demand_context,daily external demand-pressure modifier for room-comp opportunity-cost reasoning,Sample-seed event/weather pressure proxy; replace with observed Ticketmaster/NOAA or other public feeds for production-grade public context.
2026-07-10T20:04:23+00:00,2026-04-14,0.22,0.07,0.219,false,0,baseline_local_demand,normal_weather_proxy,0.32,sample_seed_local_demand_context,daily external demand-pressure modifier for room-comp opportunity-cost reasoning,Sample-seed event/weather pressure proxy; replace with observed Ticketmaster/NOAA or other public feeds for production-grade public context.
2026-07-10T20:04:23+00:00,2026-04-15,0.22,0.159,0.228,false,0,baseline_local_demand,normal_weather_proxy,0.32,sample_seed_local_demand_context,daily external demand-pressure modifier for room-comp opportunity-cost reasoning,Sample-seed event/weather pressure proxy; replace with observed Ticketmaster/NOAA or other public feeds for production-grade public context.
2026-07-10T20:04:23+00:00,2026-04-16,0.22,0.166,0.303,false,0,baseline_local_demand,normal_weather_proxy,0.32,sample_seed_local_demand_context,daily external demand-pressure modifier for room-comp opportunity-cost reasoning,Sample-seed event/weather pressure proxy; replace with observed Ticketmaster/NOAA or other public feeds for production-grade public context.
2026-07-10T20:04:23+00:00,2026-04-17,0.48,0.057,0.419,false,1,weekend_leisure_demand,normal_weather_proxy,0.32,sample_seed_local_demand_context,daily external demand-pressure modifier for room-comp opportunity-cost reasoning,Sample-seed event/weather pressure proxy; replace with observed Ticketmaster/NOAA or other public feeds for production-grade public context.
2026-07-10T20:04:23+00:00,2026-04-18,0.48,0.138,0.421,false,1,weekend_leisure_demand,normal_weather_proxy,0.32,sample_seed_local_demand_context,daily external demand-pressure modifier for room-comp opportunity-cost reasoning,Sample-seed event/weather pressure proxy; replace with observed Ticketmaster/NOAA or other public feeds for production-grade public context.
2026-07-10T20:04:23+00:00,2026-04-19,0.48,0.025,0.418,false,1,weekend_leisure_demand,normal_weather_proxy,0.32,sample_seed_local_demand_context,daily external demand-pressure modifier for room-comp opportunity-cost reasoning,Sample-seed event/weather pressure proxy; replace with observed Ticketmaster/NOAA or other public feeds for production-grade public context.
2026-07-10T20:04:23+00:00,2026-04-20,0.22,0.144,0.287,false,0,baseline_local_demand,normal_weather_proxy,0.32,sample_seed_local_demand_context,daily external demand-pressure modifier for room-comp opportunity-cost reasoning,Sample-seed event/weather pressure proxy; replace with observed Ticketmaster/NOAA or other public feeds for production-grade public context.
2026-07-10T20:04:23+00:00,2026-04-21,0.22,0.066,0.251,false,0,baseline_local_demand,normal_weather_proxy,0.32,sample_seed_local_demand_context,daily external demand-pressure modifier for room-comp opportunity-cost reasoning,Sample-seed event/weather pressure proxy; replace with observed Ticketmaster/NOAA or other public feeds for production-grade public context.
2026-07-10T20:04:23+00:00,2026-04-22,0.22,0.127,0.274,false,0,baseline_local_demand,normal_weather_proxy,0.32,sample_seed_local_demand_context,daily external demand-pressure modifier for room-comp opportunity-cost reasoning,Sample-seed event/weather pressure proxy; replace with observed Ticketmaster/NOAA or other public feeds for production-grade public context.
2026-07-10T20:04:23+00:00,2026-04-23,0.22,0.078,0.194,false,0,baseline_local_demand,normal_weather_proxy,0.32,sample_seed_local_demand_context,daily external demand-pressure modifier for room-comp opportunity-cost reasoning,Sample-seed event/weather pressure proxy; replace with observed Ticketmaster/NOAA or other public feeds for production-grade public context.
2026-07-10T20:04:23+00:00,2026-04-24,0.48,0.086,0.425,false,1,weekend_leisure_demand,normal_weather_proxy,0.32,sample_seed_local_demand_context,daily external demand-pressure modifier for room-comp opportunity-cost reasoning,Sample-seed event/weather pressure proxy; replace with observed Ticketmaster/NOAA or other public feeds for production-grade public context.
2026-07-10T20:04:23+00:00,2026-04-25,0.48,0.062,0.387,false,1,weekend_leisure_demand,normal_weather_proxy,0.32,sample_seed_local_demand_context,daily external demand-pressure modifier for room-comp opportunity-cost reasoning,Sample-seed event/weather pressure proxy; replace with observed Ticketmaster/NOAA or other public feeds for production-grade public context.
2026-07-10T20:04:23+00:00,2026-04-26,0.48,0.092,0.454,false,1,weekend_leisure_demand,normal_weather_proxy,0.32,sample_seed_local_demand_context,daily external demand-pressure modifier for room-comp opportunity-cost reasoning,Sample-seed event/weather pressure proxy; replace with observed Ticketmaster/NOAA or other public feeds for production-grade public context.
2026-07-10T20:04:23+00:00,2026-04-27,0.22,0.047,0.272,false,0,baseline_local_demand,normal_weather_proxy,0.32,sample_seed_local_demand_context,daily external demand-pressure modifier for room-comp opportunity-cost reasoning,Sample-seed event/weather pressure proxy; replace with observed Ticketmaster/NOAA or other public feeds for production-grade public context.
2026-07-10T20:04:23+00:00,2026-04-28,0.22,0.071,0.192,false,0,baseline_local_demand,normal_weather_proxy,0.32,sample_seed_local_demand_context,daily external demand-pressure modifier for room-comp opportunity-cost reasoning,Sample-seed event/weather pressure proxy; replace with observed Ticketmaster/NOAA or other public feeds for production-grade public context.
2026-07-10T20:04:23+00:00,2026-04-29,0.22,0.129,0.207,false,0,baseline_local_demand,normal_weather_proxy,0.32,sample_seed_local_demand_context,daily external demand-pressure modifier for room-comp opportunity-cost reasoning,Sample-seed event/weather pressure proxy; replace with observed Ticketmaster/NOAA or other public feeds for production-grade public context.
2026-07-10T20:04:23+00:00,2026-04-30,0.22,0.07,0.246,false,0,baseline_local_demand,normal_weather_proxy,0.32,sample_seed_local_demand_context,daily external demand-pressure modifier for room-comp opportunity-cost reasoning,Sample-seed event/weather pressure proxy; replace with observed Ticketmaster/NOAA or other public feeds for production-grade public context.
2026-07-10T20:04:23+00:00,2026-05-01,0.48,0.105,0.402,false,1,weekend_leisure_demand,normal_weather_proxy,0.32,sample_seed_local_demand_context,daily external demand-pressure modifier for room-comp opportunity-cost reasoning,Sample-seed event/weather pressure proxy; replace with observed Ticketmaster/NOAA or other public feeds for production-grade public context.
2026-07-10T20:04:23+00:00,2026-05-02,0.48,0.166,0.394,false,1,weekend_leisure_demand,normal_weather_proxy,0.32,sample_seed_local_demand_context,daily external demand-pressure modifier for room-comp opportunity-cost reasoning,Sample-seed event/weather pressure proxy; replace with observed Ticketmaster/NOAA or other public feeds for production-grade public context.
2026-07-10T20:04:23+00:00,2026-05-03,0.48,0.082,0.45,false,1,weekend_leisure_demand,normal_weather_proxy,0.32,sample_seed_local_demand_context,daily external demand-pressure modifier for room-comp opportunity-cost reasoning,Sample-seed event/weather pressure proxy; replace with observed Ticketmaster/NOAA or other public feeds for production-grade public context.
2026-07-10T20:04:23+00:00,2026-05-04,0.22,0.133,0.235,false,0,baseline_local_demand,normal_weather_proxy,0.32,sample_seed_local_demand_context,daily external demand-pressure modifier for room-comp opportunity-cost reasoning,Sample-seed event/weather pressure proxy; replace with observed Ticketmaster/NOAA or other public feeds for production-grade public context.
2026-07-10T20:04:23+00:00,2026-05-05,0.22,0.135,0.239,false,0,baseline_local_demand,normal_weather_proxy,0.32,sample_seed_local_demand_context,daily external demand-pressure modifier for room-comp opportunity-cost reasoning,Sample-seed event/weather pressure proxy; replace with observed Ticketmaster/NOAA or other public feeds for production-grade public context.
2026-07-10T20:04:23+00:00,2026-05-06,0.22,0.06,0.254,false,0,baseline_local_demand,normal_weather_proxy,0.32,sample_seed_local_demand_context,daily external demand-pressure modifier for room-comp opportunity-cost reasoning,Sample-seed event/weather pressure proxy; replace with observed Ticketmaster/NOAA or other public feeds for production-grade public context.
2026-07-10T20:04:23+00:00,2026-05-07,0.22,0.06,0.231,false,0,baseline_local_demand,normal_weather_proxy,0.32,sample_seed_local_demand_context,daily external demand-pressure modifier for room-comp opportunity-cost reasoning,Sample-seed event/weather pressure proxy; replace with observed Ticketmaster/NOAA or other public feeds for production-grade public context.
2026-07-10T20:04:23+00:00,2026-05-08,0.48,0.124,0.461,false,1,weekend_leisure_demand,normal_weather_proxy,0.32,sample_seed_local_demand_context,daily external demand-pressure modifier for room-comp opportunity-cost reasoning,Sample-seed event/weather pressure proxy; replace with observed Ticketmaster/NOAA or other public feeds for production-grade public context.
2026-07-10T20:04:23+00:00,2026-05-09,0.48,0.124,0.468,false,1,weekend_leisure_demand,normal_weather_proxy,0.32,sample_seed_local_demand_context,daily external demand-pressure modifier for room-comp opportunity-cost reasoning,Sample-seed event/weather pressure proxy; replace with observed Ticketmaster/NOAA or other public feeds for production-grade public context.
2026-07-10T20:04:23+00:00,2026-05-10,0.48,0.105,0.424,false,1,weekend_leisure_demand,normal_weather_proxy,0.32,sample_seed_local_demand_context,daily external demand-pressure modifier for room-comp opportunity-cost reasoning,Sample-seed event/weather pressure proxy; replace with observed Ticketmaster/NOAA or other public feeds for production-grade public context.
2026-07-10T20:04:23+00:00,2026-05-11,0.22,0.023,0.179,false,0,baseline_local_demand,normal_weather_proxy,0.32,sample_seed_local_demand_context,daily external demand-pressure modifier for room-comp opportunity-cost reasoning,Sample-seed event/weather pressure proxy; replace with observed Ticketmaster/NOAA or other public feeds for production-grade public context.
2026-07-10T20:04:23+00:00,2026-05-12,0.22,0.038,0.193,false,0,baseline_local_demand,normal_weather_proxy,0.32,sample_seed_local_demand_context,daily external demand-pressure modifier for room-comp opportunity-cost reasoning,Sample-seed event/weather pressure proxy; replace with observed Ticketmaster/NOAA or other public feeds for production-grade public context.
2026-07-10T20:04:23+00:00,2026-05-13,0.22,0.029,0.27,false,0,baseline_local_demand,normal_weather_proxy,0.32,sample_seed_local_demand_context,daily external demand-pressure modifier for room-comp opportunity-cost reasoning,Sample-seed event/weather pressure proxy; replace with observed Ticketmaster/NOAA or other public feeds for production-grade public context.
2026-07-10T20:04:23+00:00,2026-05-14,0.22,0.116,0.285,false,0,baseline_local_demand,normal_weather_proxy,0.32,sample_seed_local_demand_context,daily external demand-pressure modifier for room-comp opportunity-cost reasoning,Sample-seed event/weather pressure proxy; replace with observed Ticketmaster/NOAA or other public feeds for production-grade public context.
2026-07-10T20:04:23+00:00,2026-05-15,0.48,0.085,0.462,false,1,weekend_leisure_demand,normal_weather_proxy,0.32,sample_seed_local_demand_context,daily external demand-pressure modifier for room-comp opportunity-cost reasoning,Sample-seed event/weather pressure proxy; replace with observed Ticketmaster/NOAA or other public feeds for production-grade public context.
2026-07-10T20:04:23+00:00,2026-05-16,0.48,0.166,0.438,false,1,weekend_leisure_demand,normal_weather_proxy,0.32,sample_seed_local_demand_context,daily external demand-pressure modifier for room-comp opportunity-cost reasoning,Sample-seed event/weather pressure proxy; replace with observed Ticketmaster/NOAA or other public feeds for production-grade public context.
2026-07-10T20:04:23+00:00,2026-05-17,0.48,0.095,0.382,false,1,weekend_leisure_demand,normal_weather_proxy,0.32,sample_seed_local_demand_context,daily external demand-pressure modifier for room-comp opportunity-cost reasoning,Sample-seed event/weather pressure proxy; replace with observed Ticketmaster/NOAA or other public feeds for production-grade public context.
2026-07-10T20:04:23+00:00,2026-05-18,0.22,0.082,0.231,false,0,baseline_local_demand,normal_weather_proxy,0.32,sample_seed_local_demand_context,daily external demand-pressure modifier for room-comp opportunity-cost reasoning,Sample-seed event/weather pressure proxy; replace with observed Ticketmaster/NOAA or other public feeds for production-grade public context.
2026-07-10T20:04:23+00:00,2026-05-19,0.22,0.12,0.204,false,0,baseline_local_demand,normal_weather_proxy,0.32,sample_seed_local_demand_context,daily external demand-pressure modifier for room-comp opportunity-cost reasoning,Sample-seed event/weather pressure proxy; replace with observed Ticketmaster/NOAA or other public feeds for production-grade public context.
2026-07-10T20:04:23+00:00,2026-05-20,0.22,0.084,0.213,false,0,baseline_local_demand,normal_weather_proxy,0.32,sample_seed_local_demand_context,daily external demand-pressure modifier for room-comp opportunity-cost reasoning,Sample-seed event/weather pressure proxy; replace with observed Ticketmaster/NOAA or other public feeds for production-grade public context.
2026-07-10T20:04:23+00:00,2026-05-21,0.22,0.056,0.201,false,0,baseline_local_demand,normal_weather_proxy,0.32,sample_seed_local_demand_context,daily external demand-pressure modifier for room-comp opportunity-cost reasoning,Sample-seed event/weather pressure proxy; replace with observed Ticketmaster/NOAA or other public feeds for production-grade public context.
2026-07-10T20:04:23+00:00,2026-05-22,0.48,0.021,0.388,false,1,weekend_leisure_demand,normal_weather_proxy,0.32,sample_seed_local_demand_context,daily external demand-pressure modifier for room-comp opportunity-cost reasoning,Sample-seed event/weather pressure proxy; replace with observed Ticketmaster/NOAA or other public feeds for production-grade public context.
2026-07-10T20:04:23+00:00,2026-05-23,0.48,0.042,0.416,false,1,weekend_leisure_demand,normal_weather_proxy,0.32,sample_seed_local_demand_context,daily external demand-pressure modifier for room-comp opportunity-cost reasoning,Sample-seed event/weather pressure proxy; replace with observed Ticketmaster/NOAA or other public feeds for production-grade public context.
2026-07-10T20:04:23+00:00,2026-05-24,0.48,0.072,0.374,false,1,weekend_leisure_demand,normal_weather_proxy,0.32,sample_seed_local_demand_context,daily external demand-pressure modifier for room-comp opportunity-cost reasoning,Sample-seed event/weather pressure proxy; replace with observed Ticketmaster/NOAA or other public feeds for production-grade public context.
2026-07-10T20:04:23+00:00,2026-05-25,0.22,0.034,0.273,false,0,baseline_local_demand,normal_weather_proxy,0.32,sample_seed_local_demand_context,daily external demand-pressure modifier for room-comp opportunity-cost reasoning,Sample-seed event/weather pressure proxy; replace with observed Ticketmaster/NOAA or other public feeds for production-grade public context.
2026-07-10T20:04:23+00:00,2026-05-26,0.22,0.058,0.259,false,0,baseline_local_demand,normal_weather_proxy,0.32,sample_seed_local_demand_context,daily external demand-pressure modifier for room-comp opportunity-cost reasoning,Sample-seed event/weather pressure proxy; replace with observed Ticketmaster/NOAA or other public feeds for production-grade public context.
2026-07-10T20:04:23+00:00,2026-05-27,0.22,0.091,0.285,false,0,baseline_local_demand,normal_weather_proxy,0.32,sample_seed_local_demand_context,daily external demand-pressure modifier for room-comp opportunity-cost reasoning,Sample-seed event/weather pressure proxy; replace with observed Ticketmaster/NOAA or other public feeds for production-grade public context.
2026-07-10T20:04:23+00:00,2026-05-28,0.22,0.107,0.271,false,0,baseline_local_demand,normal_weather_proxy,0.32,sample_seed_local_demand_context,daily external demand-pressure modifier for room-comp opportunity-cost reasoning,Sample-seed event/weather pressure proxy; replace with observed Ticketmaster/NOAA or other public feeds for production-grade public context.
2026-07-10T20:04:23+00:00,2026-05-29,0.48,0.146,0.441,false,1,weekend_leisure_demand,normal_weather_proxy,0.32,sample_seed_local_demand_context,daily external demand-pressure modifier for room-comp opportunity-cost reasoning,Sample-seed event/weather pressure proxy; replace with observed Ticketmaster/NOAA or other public feeds for production-grade public context.
2026-07-10T20:04:23+00:00,2026-05-30,0.48,0.061,0.429,false,1,weekend_leisure_demand,normal_weather_proxy,0.32,sample_seed_local_demand_context,daily external demand-pressure modifier for room-comp opportunity-cost reasoning,Sample-seed event/weather pressure proxy; replace with observed Ticketmaster/NOAA or other public feeds for production-grade public context.
2026-07-10T20:04:23+00:00,2026-05-31,0.48,0.139,0.379,false,1,weekend_leisure_demand,normal_weather_proxy,0.32,sample_seed_local_demand_context,daily external demand-pressure modifier for room-comp opportunity-cost reasoning,Sample-seed event/weather pressure proxy; replace with observed Ticketmaster/NOAA or other public feeds for production-grade public context.
2026-07-10T20:04:23+00:00,2026-06-01,0.22,0.031,0.179,false,0,baseline_local_demand,normal_weather_proxy,0.32,sample_seed_local_demand_context,daily external demand-pressure modifier for room-comp opportunity-cost reasoning,Sample-seed event/weather pressure proxy; replace with observed Ticketmaster/NOAA or other public feeds for production-grade public context.
2026-07-10T20:04:23+00:00,2026-06-02,0.22,0.158,0.227,false,0,baseline_local_demand,normal_weather_proxy,0.32,sample_seed_local_demand_context,daily external demand-pressure modifier for room-comp opportunity-cost reasoning,Sample-seed event/weather pressure proxy; replace with observed Ticketmaster/NOAA or other public feeds for production-grade public context.
2026-07-10T20:04:23+00:00,2026-06-03,0.22,0.038,0.199,false,0,baseline_local_demand,normal_weather_proxy,0.32,sample_seed_local_demand_context,daily external demand-pressure modifier for room-comp opportunity-cost reasoning,Sample-seed event/weather pressure proxy; replace with observed Ticketmaster/NOAA or other public feeds for production-grade public context.
2026-07-10T20:04:23+00:00,2026-06-04,0.22,0.08,0.221,false,0,baseline_local_demand,normal_weather_proxy,0.32,sample_seed_local_demand_context,daily external demand-pressure modifier for room-comp opportunity-cost reasoning,Sample-seed event/weather pressure proxy; replace with observed Ticketmaster/NOAA or other public feeds for production-grade public context.
2026-07-10T20:04:23+00:00,2026-06-05,0.7,0.141,0.607,false,2,summer_weekend_beach_demand,normal_weather_proxy,0.32,sample_seed_local_demand_context,daily external demand-pressure modifier for room-comp opportunity-cost reasoning,Sample-seed event/weather pressure proxy; replace with observed Ticketmaster/NOAA or other public feeds for production-grade public context.
2026-07-10T20:04:23+00:00,2026-06-06,0.7,0.045,0.509,false,2,summer_weekend_beach_demand,normal_weather_proxy,0.32,sample_seed_local_demand_context,daily external demand-pressure modifier for room-comp opportunity-cost reasoning,Sample-seed event/weather pressure proxy; replace with observed Ticketmaster/NOAA or other public feeds for production-grade public context.
2026-07-10T20:04:23+00:00,2026-06-07,0.7,0.146,0.612,false,2,summer_weekend_beach_demand,normal_weather_proxy,0.32,sample_seed_local_demand_context,daily external demand-pressure modifier for room-comp opportunity-cost reasoning,Sample-seed event/weather pressure proxy; replace with observed Ticketmaster/NOAA or other public feeds for production-grade public context.
2026-07-10T20:04:23+00:00,2026-06-08,0.22,0.037,0.271,false,0,baseline_local_demand,normal_weather_proxy,0.32,sample_seed_local_demand_context,daily external demand-pressure modifier for room-comp opportunity-cost reasoning,Sample-seed event/weather pressure proxy; replace with observed Ticketmaster/NOAA or other public feeds for production-grade public context.
2026-07-10T20:04:23+00:00,2026-06-09,0.22,0.159,0.228,false,0,baseline_local_demand,normal_weather_proxy,0.32,sample_seed_local_demand_context,daily external demand-pressure modifier for room-comp opportunity-cost reasoning,Sample-seed event/weather pressure proxy; replace with observed Ticketmaster/NOAA or other public feeds for production-grade public context.
2026-07-10T20:04:23+00:00,2026-06-10,0.22,0.16,0.258,false,0,baseline_local_demand,normal_weather_proxy,0.32,sample_seed_local_demand_context,daily external demand-pressure modifier for room-comp opportunity-cost reasoning,Sample-seed event/weather pressure proxy; replace with observed Ticketmaster/NOAA or other public feeds for production-grade public context.
2026-07-10T20:04:23+00:00,2026-06-11,0.22,0.075,0.235,false,0,baseline_local_demand,normal_weather_proxy,0.32,sample_seed_local_demand_context,daily external demand-pressure modifier for room-comp opportunity-cost reasoning,Sample-seed event/weather pressure proxy; replace with observed Ticketmaster/NOAA or other public feeds for production-grade public context.
2026-07-10T20:04:23+00:00,2026-06-12,0.7,0.125,0.595,false,2,summer_weekend_beach_demand,normal_weather_proxy,0.32,sample_seed_local_demand_context,daily external demand-pressure modifier for room-comp opportunity-cost reasoning,Sample-seed event/weather pressure proxy; replace with observed Ticketmaster/NOAA or other public feeds for production-grade public context.
2026-07-10T20:04:23+00:00,2026-06-13,0.7,0.124,0.526,false,2,summer_weekend_beach_demand,normal_weather_proxy,0.32,sample_seed_local_demand_context,daily external demand-pressure modifier for room-comp opportunity-cost reasoning,Sample-seed event/weather pressure proxy; replace with observed Ticketmaster/NOAA or other public feeds for production-grade public context.
2026-07-10T20:04:23+00:00,2026-06-14,0.7,0.118,0.571,false,2,summer_weekend_beach_demand,normal_weather_proxy,0.32,sample_seed_local_demand_context,daily external demand-pressure modifier for room-comp opportunity-cost reasoning,Sample-seed event/weather pressure proxy; replace with observed Ticketmaster/NOAA or other public feeds for production-grade public context.
2026-07-10T20:04:23+00:00,2026-06-15,0.22,0.098,0.213,false,0,baseline_local_demand,normal_weather_proxy,0.32,sample_seed_local_demand_context,daily external demand-pressure modifier for room-comp opportunity-cost reasoning,Sample-seed event/weather pressure proxy; replace with observed Ticketmaster/NOAA or other public feeds for production-grade public context.
2026-07-10T20:04:23+00:00,2026-06-16,0.22,0.171,0.231,false,0,baseline_local_demand,normal_weather_proxy,0.32,sample_seed_local_demand_context,daily external demand-pressure modifier for room-comp opportunity-cost reasoning,Sample-seed event/weather pressure proxy; replace with observed Ticketmaster/NOAA or other public feeds for production-grade public context.
2026-07-10T20:04:23+00:00,2026-06-17,0.22,0.126,0.222,false,0,baseline_local_demand,normal_weather_proxy,0.32,sample_seed_local_demand_context,daily external demand-pressure modifier for room-comp opportunity-cost reasoning,Sample-seed event/weather pressure proxy; replace with observed Ticketmaster/NOAA or other public feeds for production-grade public context.
2026-07-10T20:04:23+00:00,2026-06-18,0.22,0.093,0.275,false,0,baseline_local_demand,normal_weather_proxy,0.32,sample_seed_local_demand_context,daily external demand-pressure modifier for room-comp opportunity-cost reasoning,Sample-seed event/weather pressure proxy; replace with observed Ticketmaster/NOAA or other public feeds for production-grade public context.
2026-07-10T20:04:23+00:00,2026-06-19,0.7,0.138,0.532,false,2,summer_weekend_beach_demand,normal_weather_proxy,0.32,sample_seed_local_demand_context,daily external demand-pressure modifier for room-comp opportunity-cost reasoning,Sample-seed event/weather pressure proxy; replace with observed Ticketmaster/NOAA or other public feeds for production-grade public context.
2026-07-10T20:04:23+00:00,2026-06-20,0.7,0.065,0.525,false,2,summer_weekend_beach_demand,normal_weather_proxy,0.32,sample_seed_local_demand_context,daily external demand-pressure modifier for room-comp opportunity-cost reasoning,Sample-seed event/weather pressure proxy; replace with observed Ticketmaster/NOAA or other public feeds for production-grade public context.
2026-07-10T20:04:23+00:00,2026-06-21,0.7,0.067,0.594,false,2,summer_weekend_beach_demand,normal_weather_proxy,0.32,sample_seed_local_demand_context,daily external demand-pressure modifier for room-comp opportunity-cost reasoning,Sample-seed event/weather pressure proxy; replace with observed Ticketmaster/NOAA or other public feeds for production-grade public context.
2026-07-10T20:04:23+00:00,2026-06-22,0.22,0.044,0.262,false,0,baseline_local_demand,normal_weather_proxy,0.32,sample_seed_local_demand_context,daily external demand-pressure modifier for room-comp opportunity-cost reasoning,Sample-seed event/weather pressure proxy; replace with observed Ticketmaster/NOAA or other public feeds for production-grade public context.
2026-07-10T20:04:23+00:00,2026-06-23,0.22,0.168,0.287,false,0,baseline_local_demand,normal_weather_proxy,0.32,sample_seed_local_demand_context,daily external demand-pressure modifier for room-comp opportunity-cost reasoning,Sample-seed event/weather pressure proxy; replace with observed Ticketmaster/NOAA or other public feeds for production-grade public context.
2026-07-10T20:04:23+00:00,2026-06-24,0.22,0.147,0.246,false,0,baseline_local_demand,normal_weather_proxy,0.32,sample_seed_local_demand_context,daily external demand-pressure modifier for room-comp opportunity-cost reasoning,Sample-seed event/weather pressure proxy; replace with observed Ticketmaster/NOAA or other public feeds for production-grade public context.
2026-07-10T20:04:23+00:00,2026-06-25,0.22,0.099,0.199,false,0,baseline_local_demand,normal_weather_proxy,0.32,sample_seed_local_demand_context,daily external demand-pressure modifier for room-comp opportunity-cost reasoning,Sample-seed event/weather pressure proxy; replace with observed Ticketmaster/NOAA or other public feeds for production-grade public context.
2026-07-10T20:04:23+00:00,2026-06-26,0.7,0.099,0.536,false,2,summer_weekend_beach_demand,normal_weather_proxy,0.32,sample_seed_local_demand_context,daily external demand-pressure modifier for room-comp opportunity-cost reasoning,Sample-seed event/weather pressure proxy; replace with observed Ticketmaster/NOAA or other public feeds for production-grade public context.
2026-07-10T20:04:23+00:00,2026-06-27,0.7,0.069,0.547,false,2,summer_weekend_beach_demand,normal_weather_proxy,0.32,sample_seed_local_demand_context,daily external demand-pressure modifier for room-comp opportunity-cost reasoning,Sample-seed event/weather pressure proxy; replace with observed Ticketmaster/NOAA or other public feeds for production-grade public context.
2026-07-10T20:04:23+00:00,2026-06-28,0.7,0.144,0.596,false,2,summer_weekend_beach_demand,normal_weather_proxy,0.32,sample_seed_local_demand_context,daily external demand-pressure modifier for room-comp opportunity-cost reasoning,Sample-seed event/weather pressure proxy; replace with observed Ticketmaster/NOAA or other public feeds for production-grade public context.
2026-07-10T20:04:23+00:00,2026-06-29,0.22,0.136,0.259,false,0,baseline_local_demand,normal_weather_proxy,0.32,sample_seed_local_demand_context,daily external demand-pressure modifier for room-comp opportunity-cost reasoning,Sample-seed event/weather pressure proxy; replace with observed Ticketmaster/NOAA or other public feeds for production-grade public context.
2026-07-10T20:04:23+00:00,2026-06-30,0.22,0.037,0.219,false,0,baseline_local_demand,normal_weather_proxy,0.32,sample_seed_local_demand_context,daily external demand-pressure modifier for room-comp opportunity-cost reasoning,Sample-seed event/weather pressure proxy; replace with observed Ticketmaster/NOAA or other public feeds for production-grade public context.
2026-07-10T20:04:23+00:00,2026-07-01,0.22,0.021,0.261,false,0,baseline_local_demand,normal_weather_proxy,0.32,sample_seed_local_demand_context,daily external demand-pressure modifier for room-comp opportunity-cost reasoning,Sample-seed event/weather pressure proxy; replace with observed Ticketmaster/NOAA or other public feeds for production-grade public context.
2026-07-10T20:04:23+00:00,2026-07-02,0.22,0.02,0.175,false,0,baseline_local_demand,normal_weather_proxy,0.32,sample_seed_local_demand_context,daily external demand-pressure modifier for room-comp opportunity-cost reasoning,Sample-seed event/weather pressure proxy; replace with observed Ticketmaster/NOAA or other public feeds for production-grade public context.
2026-07-10T20:04:23+00:00,2026-07-03,0.92,0.109,0.769,true,4,holiday_coastal_demand,normal_weather_proxy,0.32,sample_seed_local_demand_context,daily external demand-pressure modifier for room-comp opportunity-cost reasoning,Sample-seed event/weather pressure proxy; replace with observed Ticketmaster/NOAA or other public feeds for production-grade public context.
2026-07-10T20:04:23+00:00,2026-07-04,0.92,0.027,0.703,true,4,holiday_coastal_demand,normal_weather_proxy,0.32,sample_seed_local_demand_context,daily external demand-pressure modifier for room-comp opportunity-cost reasoning,Sample-seed event/weather pressure proxy; replace with observed Ticketmaster/NOAA or other public feeds for production-grade public context.
2026-07-10T20:04:23+00:00,2026-07-05,0.92,0.081,0.726,true,4,holiday_coastal_demand,normal_weather_proxy,0.32,sample_seed_local_demand_context,daily external demand-pressure modifier for room-comp opportunity-cost reasoning,Sample-seed event/weather pressure proxy; replace with observed Ticketmaster/NOAA or other public feeds for production-grade public context.
2026-07-10T20:04:23+00:00,2026-07-06,0.22,0.138,0.262,false,0,baseline_local_demand,normal_weather_proxy,0.32,sample_seed_local_demand_context,daily external demand-pressure modifier for room-comp opportunity-cost reasoning,Sample-seed event/weather pressure proxy; replace with observed Ticketmaster/NOAA or other public feeds for production-grade public context.
2026-07-10T20:04:23+00:00,2026-07-07,0.22,0.266,0.282,false,0,baseline_local_demand,heat_or_beach_crowding_proxy,0.32,sample_seed_local_demand_context,daily external demand-pressure modifier for room-comp opportunity-cost reasoning,Sample-seed event/weather pressure proxy; replace with observed Ticketmaster/NOAA or other public feeds for production-grade public context.
2026-07-10T20:04:23+00:00,2026-07-08,0.22,0.176,0.28,false,0,baseline_local_demand,normal_weather_proxy,0.32,sample_seed_local_demand_context,daily external demand-pressure modifier for room-comp opportunity-cost reasoning,Sample-seed event/weather pressure proxy; replace with observed Ticketmaster/NOAA or other public feeds for production-grade public context.
2026-07-10T20:04:23+00:00,2026-07-09,0.22,0.107,0.287,false,0,baseline_local_demand,normal_weather_proxy,0.32,sample_seed_local_demand_context,daily external demand-pressure modifier for room-comp opportunity-cost reasoning,Sample-seed event/weather pressure proxy; replace with observed Ticketmaster/NOAA or other public feeds for production-grade public context.
2026-07-10T20:04:23+00:00,2026-07-10,0.7,0.327,0.629,false,2,summer_weekend_beach_demand,heat_or_beach_crowding_proxy,0.32,sample_seed_local_demand_context,daily external demand-pressure modifier for room-comp opportunity-cost reasoning,Sample-seed event/weather pressure proxy; replace with observed Ticketmaster/NOAA or other public feeds for production-grade public context.
2026-07-10T20:04:23+00:00,2026-07-11,0.7,0.059,0.535,false,2,summer_weekend_beach_demand,normal_weather_proxy,0.32,sample_seed_local_demand_context,daily external demand-pressure modifier for room-comp opportunity-cost reasoning,Sample-seed event/weather pressure proxy; replace with observed Ticketmaster/NOAA or other public feeds for production-grade public context.
2026-07-10T20:04:23+00:00,2026-07-12,0.7,0.29,0.562,false,2,summer_weekend_beach_demand,heat_or_beach_crowding_proxy,0.32,sample_seed_local_demand_context,daily external demand-pressure modifier for room-comp opportunity-cost reasoning,Sample-seed event/weather pressure proxy; replace with observed Ticketmaster/NOAA or other public feeds for production-grade public context.
2026-07-10T20:04:23+00:00,2026-07-13,0.22,0.445,0.313,false,0,baseline_local_demand,heat_or_beach_crowding_proxy,0.32,sample_seed_local_demand_context,daily external demand-pressure modifier for room-comp opportunity-cost reasoning,Sample-seed event/weather pressure proxy; replace with observed Ticketmaster/NOAA or other public feeds for production-grade public context.
2026-07-10T20:04:23+00:00,2026-07-14,0.22,0.442,0.36,false,0,baseline_local_demand,heat_or_beach_crowding_proxy,0.32,sample_seed_local_demand_context,daily external demand-pressure modifier for room-comp opportunity-cost reasoning,Sample-seed event/weather pressure proxy; replace with observed Ticketmaster/NOAA or other public feeds for production-grade public context.
2026-07-10T20:04:23+00:00,2026-07-15,0.22,0.173,0.241,false,0,baseline_local_demand,normal_weather_proxy,0.32,sample_seed_local_demand_context,daily external demand-pressure modifier for room-comp opportunity-cost reasoning,Sample-seed event/weather pressure proxy; replace with observed Ticketmaster/NOAA or other public feeds for production-grade public context.
2026-07-10T20:04:23+00:00,2026-07-16,0.22,0.177,0.222,false,0,baseline_local_demand,normal_weather_proxy,0.32,sample_seed_local_demand_context,daily external demand-pressure modifier for room-comp opportunity-cost reasoning,Sample-seed event/weather pressure proxy; replace with observed Ticketmaster/NOAA or other public feeds for production-grade public context.
2026-07-10T20:04:23+00:00,2026-07-17,0.7,0.056,0.53,false,2,summer_weekend_beach_demand,normal_weather_proxy,0.32,sample_seed_local_demand_context,daily external demand-pressure modifier for room-comp opportunity-cost reasoning,Sample-seed event/weather pressure proxy; replace with observed Ticketmaster/NOAA or other public feeds for production-grade public context.
2026-07-10T20:04:23+00:00,2026-07-18,0.7,0.29,0.61,false,2,summer_weekend_beach_demand,heat_or_beach_crowding_proxy,0.32,sample_seed_local_demand_context,daily external demand-pressure modifier for room-comp opportunity-cost reasoning,Sample-seed event/weather pressure proxy; replace with observed Ticketmaster/NOAA or other public feeds for production-grade public context.
2026-07-10T20:04:23+00:00,2026-07-19,0.7,0.164,0.592,false,2,summer_weekend_beach_demand,normal_weather_proxy,0.32,sample_seed_local_demand_context,daily external demand-pressure modifier for room-comp opportunity-cost reasoning,Sample-seed event/weather pressure proxy; replace with observed Ticketmaster/NOAA or other public feeds for production-grade public context.
2026-07-10T20:04:23+00:00,2026-07-20,0.22,0.071,0.229,false,0,baseline_local_demand,normal_weather_proxy,0.32,sample_seed_local_demand_context,daily external demand-pressure modifier for room-comp opportunity-cost reasoning,Sample-seed event/weather pressure proxy; replace with observed Ticketmaster/NOAA or other public feeds for production-grade public context.
2026-07-10T20:04:23+00:00,2026-07-21,0.22,0.083,0.27,false,0,baseline_local_demand,normal_weather_proxy,0.32,sample_seed_local_demand_context,daily external demand-pressure modifier for room-comp opportunity-cost reasoning,Sample-seed event/weather pressure proxy; replace with observed Ticketmaster/NOAA or other public feeds for production-grade public context.
2026-07-10T20:04:23+00:00,2026-07-22,0.22,0.121,0.288,false,0,baseline_local_demand,normal_weather_proxy,0.32,sample_seed_local_demand_context,daily external demand-pressure modifier for room-comp opportunity-cost reasoning,Sample-seed event/weather pressure proxy; replace with observed Ticketmaster/NOAA or other public feeds for production-grade public context.
2026-07-10T20:04:23+00:00,2026-07-23,0.22,0.097,0.247,false,0,baseline_local_demand,normal_weather_proxy,0.32,sample_seed_local_demand_context,daily external demand-pressure modifier for room-comp opportunity-cost reasoning,Sample-seed event/weather pressure proxy; replace with observed Ticketmaster/NOAA or other public feeds for production-grade public context.
2026-07-10T20:04:23+00:00,2026-07-24,0.7,0.117,0.604,false,2,summer_weekend_beach_demand,normal_weather_proxy,0.32,sample_seed_local_demand_context,daily external demand-pressure modifier for room-comp opportunity-cost reasoning,Sample-seed event/weather pressure proxy; replace with observed Ticketmaster/NOAA or other public feeds for production-grade public context.
2026-07-10T20:04:23+00:00,2026-07-25,0.7,0.149,0.629,false,2,summer_weekend_beach_demand,normal_weather_proxy,0.32,sample_seed_local_demand_context,daily external demand-pressure modifier for room-comp opportunity-cost reasoning,Sample-seed event/weather pressure proxy; replace with observed Ticketmaster/NOAA or other public feeds for production-grade public context.
2026-07-10T20:04:23+00:00,2026-07-26,0.7,0.153,0.602,false,2,summer_weekend_beach_demand,normal_weather_proxy,0.32,sample_seed_local_demand_context,daily external demand-pressure modifier for room-comp opportunity-cost reasoning,Sample-seed event/weather pressure proxy; replace with observed Ticketmaster/NOAA or other public feeds for production-grade public context.
2026-07-10T20:04:23+00:00,2026-07-27,0.22,0.076,0.211,false,0,baseline_local_demand,normal_weather_proxy,0.32,sample_seed_local_demand_context,daily external demand-pressure modifier for room-comp opportunity-cost reasoning,Sample-seed event/weather pressure proxy; replace with observed Ticketmaster/NOAA or other public feeds for production-grade public context.
2026-07-10T20:04:23+00:00,2026-07-28,0.22,0.327,0.245,false,0,baseline_local_demand,heat_or_beach_crowding_proxy,0.32,sample_seed_local_demand_context,daily external demand-pressure modifier for room-comp opportunity-cost reasoning,Sample-seed event/weather pressure proxy; replace with observed Ticketmaster/NOAA or other public feeds for production-grade public context.
2026-07-10T20:04:23+00:00,2026-07-29,0.22,0.142,0.25,false,0,baseline_local_demand,normal_weather_proxy,0.32,sample_seed_local_demand_context,daily external demand-pressure modifier for room-comp opportunity-cost reasoning,Sample-seed event/weather pressure proxy; replace with observed Ticketmaster/NOAA or other public feeds for production-grade public context.
2026-07-10T20:04:23+00:00,2026-07-30,0.22,0.078,0.204,false,0,baseline_local_demand,normal_weather_proxy,0.32,sample_seed_local_demand_context,daily external demand-pressure modifier for room-comp opportunity-cost reasoning,Sample-seed event/weather pressure proxy; replace with observed Ticketmaster/NOAA or other public feeds for production-grade public context.
2026-07-10T20:04:23+00:00,2026-07-31,0.7,0.047,0.571,false,2,summer_weekend_beach_demand,normal_weather_proxy,0.32,sample_seed_local_demand_context,daily external demand-pressure modifier for room-comp opportunity-cost reasoning,Sample-seed event/weather pressure proxy; replace with observed Ticketmaster/NOAA or other public feeds for production-grade public context.
2026-07-10T20:04:23+00:00,2026-08-01,0.7,0.054,0.568,false,2,summer_weekend_beach_demand,normal_weather_proxy,0.32,sample_seed_local_demand_context,daily external demand-pressure modifier for room-comp opportunity-cost reasoning,Sample-seed event/weather pressure proxy; replace with observed Ticketmaster/NOAA or other public feeds for production-grade public context.
2026-07-10T20:04:23+00:00,2026-08-02,0.7,0.278,0.64,false,2,summer_weekend_beach_demand,heat_or_beach_crowding_proxy,0.32,sample_seed_local_demand_context,daily external demand-pressure modifier for room-comp opportunity-cost reasoning,Sample-seed event/weather pressure proxy; replace with observed Ticketmaster/NOAA or other public feeds for production-grade public context.
2026-07-10T20:04:23+00:00,2026-08-03,0.22,0.162,0.246,false,0,baseline_local_demand,normal_weather_proxy,0.32,sample_seed_local_demand_context,daily external demand-pressure modifier for room-comp opportunity-cost reasoning,Sample-seed event/weather pressure proxy; replace with observed Ticketmaster/NOAA or other public feeds for production-grade public context.
2026-07-10T20:04:23+00:00,2026-08-04,0.22,0.405,0.306,false,0,baseline_local_demand,heat_or_beach_crowding_proxy,0.32,sample_seed_local_demand_context,daily external demand-pressure modifier for room-comp opportunity-cost reasoning,Sample-seed event/weather pressure proxy; replace with observed Ticketmaster/NOAA or other public feeds for production-grade public context.
2026-07-10T20:04:23+00:00,2026-08-05,0.22,0.416,0.312,false,0,baseline_local_demand,heat_or_beach_crowding_proxy,0.32,sample_seed_local_demand_context,daily external demand-pressure modifier for room-comp opportunity-cost reasoning,Sample-seed event/weather pressure proxy; replace with observed Ticketmaster/NOAA or other public feeds for production-grade public context.
2026-07-10T20:04:23+00:00,2026-08-06,0.22,0.064,0.206,false,0,baseline_local_demand,normal_weather_proxy,0.32,sample_seed_local_demand_context,daily external demand-pressure modifier for room-comp opportunity-cost reasoning,Sample-seed event/weather pressure proxy; replace with observed Ticketmaster/NOAA or other public feeds for production-grade public context.
2026-07-10T20:04:23+00:00,2026-08-07,0.7,0.135,0.593,false,2,summer_weekend_beach_demand,normal_weather_proxy,0.32,sample_seed_local_demand_context,daily external demand-pressure modifier for room-comp opportunity-cost reasoning,Sample-seed event/weather pressure proxy; replace with observed Ticketmaster/NOAA or other public feeds for production-grade public context.
2026-07-10T20:04:23+00:00,2026-08-08,0.7,0.103,0.592,false,2,summer_weekend_beach_demand,normal_weather_proxy,0.32,sample_seed_local_demand_context,daily external demand-pressure modifier for room-comp opportunity-cost reasoning,Sample-seed event/weather pressure proxy; replace with observed Ticketmaster/NOAA or other public feeds for production-grade public context.
2026-07-10T20:04:23+00:00,2026-08-09,0.7,0.176,0.625,false,2,summer_weekend_beach_demand,normal_weather_proxy,0.32,sample_seed_local_demand_context,daily external demand-pressure modifier for room-comp opportunity-cost reasoning,Sample-seed event/weather pressure proxy; replace with observed Ticketmaster/NOAA or other public feeds for production-grade public context.
2026-07-10T20:04:23+00:00,2026-08-10,0.22,0.114,0.256,false,0,baseline_local_demand,normal_weather_proxy,0.32,sample_seed_local_demand_context,daily external demand-pressure modifier for room-comp opportunity-cost reasoning,Sample-seed event/weather pressure proxy; replace with observed Ticketmaster/NOAA or other public feeds for production-grade public context.
2026-07-10T20:04:23+00:00,2026-08-11,0.22,0.172,0.237,false,0,baseline_local_demand,normal_weather_proxy,0.32,sample_seed_local_demand_context,daily external demand-pressure modifier for room-comp opportunity-cost reasoning,Sample-seed event/weather pressure proxy; replace with observed Ticketmaster/NOAA or other public feeds for production-grade public context.
2026-07-10T20:04:23+00:00,2026-08-12,0.22,0.402,0.291,false,0,baseline_local_demand,heat_or_beach_crowding_proxy,0.32,sample_seed_local_demand_context,daily external demand-pressure modifier for room-comp opportunity-cost reasoning,Sample-seed event/weather pressure proxy; replace with observed Ticketmaster/NOAA or other public feeds for production-grade public context.
2026-07-10T20:04:23+00:00,2026-08-13,0.22,0.079,0.25,false,0,baseline_local_demand,normal_weather_proxy,0.32,sample_seed_local_demand_context,daily external demand-pressure modifier for room-comp opportunity-cost reasoning,Sample-seed event/weather pressure proxy; replace with observed Ticketmaster/NOAA or other public feeds for production-grade public context.
2026-07-10T20:04:23+00:00,2026-08-14,0.7,0.156,0.604,false,2,summer_weekend_beach_demand,normal_weather_proxy,0.32,sample_seed_local_demand_context,daily external demand-pressure modifier for room-comp opportunity-cost reasoning,Sample-seed event/weather pressure proxy; replace with observed Ticketmaster/NOAA or other public feeds for production-grade public context.
2026-07-10T20:04:23+00:00,2026-08-15,0.7,0.133,0.614,false,2,summer_weekend_beach_demand,normal_weather_proxy,0.32,sample_seed_local_demand_context,daily external demand-pressure modifier for room-comp opportunity-cost reasoning,Sample-seed event/weather pressure proxy; replace with observed Ticketmaster/NOAA or other public feeds for production-grade public context.
2026-07-10T20:04:23+00:00,2026-08-16,0.7,0.039,0.568,false,2,summer_weekend_beach_demand,normal_weather_proxy,0.32,sample_seed_local_demand_context,daily external demand-pressure modifier for room-comp opportunity-cost reasoning,Sample-seed event/weather pressure proxy; replace with observed Ticketmaster/NOAA or other public feeds for production-grade public context.
2026-07-10T20:04:23+00:00,2026-08-17,0.22,0.271,0.318,false,0,baseline_local_demand,heat_or_beach_crowding_proxy,0.32,sample_seed_local_demand_context,daily external demand-pressure modifier for room-comp opportunity-cost reasoning,Sample-seed event/weather pressure proxy; replace with observed Ticketmaster/NOAA or other public feeds for production-grade public context.
2026-07-10T20:04:23+00:00,2026-08-18,0.22,0.032,0.191,false,0,baseline_local_demand,normal_weather_proxy,0.32,sample_seed_local_demand_context,daily external demand-pressure modifier for room-comp opportunity-cost reasoning,Sample-seed event/weather pressure proxy; replace with observed Ticketmaster/NOAA or other public feeds for production-grade public context.
2026-07-10T20:04:23+00:00,2026-08-19,0.22,0.026,0.211,false,0,baseline_local_demand,normal_weather_proxy,0.32,sample_seed_local_demand_context,daily external demand-pressure modifier for room-comp opportunity-cost reasoning,Sample-seed event/weather pressure proxy; replace with observed Ticketmaster/NOAA or other public feeds for production-grade public context.
2026-07-10T20:04:23+00:00,2026-08-20,0.22,0.425,0.299,false,0,baseline_local_demand,heat_or_beach_crowding_proxy,0.32,sample_seed_local_demand_context,daily external demand-pressure modifier for room-comp opportunity-cost reasoning,Sample-seed event/weather pressure proxy; replace with observed Ticketmaster/NOAA or other public feeds for production-grade public context.
2026-07-10T20:04:23+00:00,2026-08-21,0.7,0.283,0.641,false,2,summer_weekend_beach_demand,heat_or_beach_crowding_proxy,0.32,sample_seed_local_demand_context,daily external demand-pressure modifier for room-comp opportunity-cost reasoning,Sample-seed event/weather pressure proxy; replace with observed Ticketmaster/NOAA or other public feeds for production-grade public context.
2026-07-10T20:04:23+00:00,2026-08-22,0.7,0.021,0.533,false,2,summer_weekend_beach_demand,normal_weather_proxy,0.32,sample_seed_local_demand_context,daily external demand-pressure modifier for room-comp opportunity-cost reasoning,Sample-seed event/weather pressure proxy; replace with observed Ticketmaster/NOAA or other public feeds for production-grade public context.
2026-07-10T20:04:23+00:00,2026-08-23,0.7,0.095,0.553,false,2,summer_weekend_beach_demand,normal_weather_proxy,0.32,sample_seed_local_demand_context,daily external demand-pressure modifier for room-comp opportunity-cost reasoning,Sample-seed event/weather pressure proxy; replace with observed Ticketmaster/NOAA or other public feeds for production-grade public context.
2026-07-10T20:04:23+00:00,2026-08-24,0.22,0.142,0.205,false,0,baseline_local_demand,normal_weather_proxy,0.32,sample_seed_local_demand_context,daily external demand-pressure modifier for room-comp opportunity-cost reasoning,Sample-seed event/weather pressure proxy; replace with observed Ticketmaster/NOAA or other public feeds for production-grade public context.
2026-07-10T20:04:23+00:00,2026-08-25,0.22,0.179,0.27,false,0,baseline_local_demand,normal_weather_proxy,0.32,sample_seed_local_demand_context,daily external demand-pressure modifier for room-comp opportunity-cost reasoning,Sample-seed event/weather pressure proxy; replace with observed Ticketmaster/NOAA or other public feeds for production-grade public context.
2026-07-10T20:04:23+00:00,2026-08-26,0.22,0.345,0.321,false,0,baseline_local_demand,heat_or_beach_crowding_proxy,0.32,sample_seed_local_demand_context,daily external demand-pressure modifier for room-comp opportunity-cost reasoning,Sample-seed event/weather pressure proxy; replace with observed Ticketmaster/NOAA or other public feeds for production-grade public context.
2026-07-10T20:04:23+00:00,2026-08-27,0.22,0.172,0.209,false,0,baseline_local_demand,normal_weather_proxy,0.32,sample_seed_local_demand_context,daily external demand-pressure modifier for room-comp opportunity-cost reasoning,Sample-seed event/weather pressure proxy; replace with observed Ticketmaster/NOAA or other public feeds for production-grade public context.
2026-07-10T20:04:23+00:00,2026-08-28,0.7,0.137,0.604,false,2,summer_weekend_beach_demand,normal_weather_proxy,0.32,sample_seed_local_demand_context,daily external demand-pressure modifier for room-comp opportunity-cost reasoning,Sample-seed event/weather pressure proxy; replace with observed Ticketmaster/NOAA or other public feeds for production-grade public context.
2026-07-10T20:04:23+00:00,2026-08-29,0.7,0.063,0.561,false,2,summer_weekend_beach_demand,normal_weather_proxy,0.32,sample_seed_local_demand_context,daily external demand-pressure modifier for room-comp opportunity-cost reasoning,Sample-seed event/weather pressure proxy; replace with observed Ticketmaster/NOAA or other public feeds for production-grade public context.
2026-07-10T20:04:23+00:00,2026-08-30,0.7,0.022,0.526,false,2,summer_weekend_beach_demand,normal_weather_proxy,0.32,sample_seed_local_demand_context,daily external demand-pressure modifier for room-comp opportunity-cost reasoning,Sample-seed event/weather pressure proxy; replace with observed Ticketmaster/NOAA or other public feeds for production-grade public context.
2026-07-10T20:04:23+00:00,2026-08-31,0.22,0.121,0.231,false,0,baseline_local_demand,normal_weather_proxy,0.32,sample_seed_local_demand_context,daily external demand-pressure modifier for room-comp opportunity-cost reasoning,Sample-seed event/weather pressure proxy; replace with observed Ticketmaster/NOAA or other public feeds for production-grade public context.
2026-07-10T20:04:23+00:00,2026-09-01,0.22,0.153,0.286,false,0,baseline_local_demand,normal_weather_proxy,0.32,sample_seed_local_demand_context,daily external demand-pressure modifier for room-comp opportunity-cost reasoning,Sample-seed event/weather pressure proxy; replace with observed Ticketmaster/NOAA or other public feeds for production-grade public context.
2026-07-10T20:04:23+00:00,2026-09-02,0.22,0.149,0.26,false,0,baseline_local_demand,normal_weather_proxy,0.32,sample_seed_local_demand_context,daily external demand-pressure modifier for room-comp opportunity-cost reasoning,Sample-seed event/weather pressure proxy; replace with observed Ticketmaster/NOAA or other public feeds for production-grade public context.
2026-07-10T20:04:23+00:00,2026-09-03,0.22,0.073,0.276,false,0,baseline_local_demand,normal_weather_proxy,0.32,sample_seed_local_demand_context,daily external demand-pressure modifier for room-comp opportunity-cost reasoning,Sample-seed event/weather pressure proxy; replace with observed Ticketmaster/NOAA or other public feeds for production-grade public context.
2026-07-10T20:04:23+00:00,2026-09-04,0.7,0.105,0.614,false,2,summer_weekend_beach_demand,normal_weather_proxy,0.32,sample_seed_local_demand_context,daily external demand-pressure modifier for room-comp opportunity-cost reasoning,Sample-seed event/weather pressure proxy; replace with observed Ticketmaster/NOAA or other public feeds for production-grade public context.
2026-07-10T20:04:23+00:00,2026-09-05,0.7,0.179,0.543,false,2,summer_weekend_beach_demand,normal_weather_proxy,0.32,sample_seed_local_demand_context,daily external demand-pressure modifier for room-comp opportunity-cost reasoning,Sample-seed event/weather pressure proxy; replace with observed Ticketmaster/NOAA or other public feeds for production-grade public context.
2026-07-10T20:04:23+00:00,2026-09-06,0.7,0.17,0.537,false,2,summer_weekend_beach_demand,normal_weather_proxy,0.32,sample_seed_local_demand_context,daily external demand-pressure modifier for room-comp opportunity-cost reasoning,Sample-seed event/weather pressure proxy; replace with observed Ticketmaster/NOAA or other public feeds for production-grade public context.
2026-07-10T20:04:23+00:00,2026-09-07,0.22,0.137,0.236,false,0,baseline_local_demand,normal_weather_proxy,0.32,sample_seed_local_demand_context,daily external demand-pressure modifier for room-comp opportunity-cost reasoning,Sample-seed event/weather pressure proxy; replace with observed Ticketmaster/NOAA or other public feeds for production-grade public context.
2026-07-10T20:04:23+00:00,2026-09-08,0.22,0.067,0.246,false,0,baseline_local_demand,normal_weather_proxy,0.32,sample_seed_local_demand_context,daily external demand-pressure modifier for room-comp opportunity-cost reasoning,Sample-seed event/weather pressure proxy; replace with observed Ticketmaster/NOAA or other public feeds for production-grade public context.
2026-07-10T20:04:23+00:00,2026-09-09,0.22,0.068,0.224,false,0,baseline_local_demand,normal_weather_proxy,0.32,sample_seed_local_demand_context,daily external demand-pressure modifier for room-comp opportunity-cost reasoning,Sample-seed event/weather pressure proxy; replace with observed Ticketmaster/NOAA or other public feeds for production-grade public context.
2026-07-10T20:04:23+00:00,2026-09-10,0.22,0.054,0.184,false,0,baseline_local_demand,normal_weather_proxy,0.32,sample_seed_local_demand_context,daily external demand-pressure modifier for room-comp opportunity-cost reasoning,Sample-seed event/weather pressure proxy; replace with observed Ticketmaster/NOAA or other public feeds for production-grade public context.
2026-07-10T20:04:23+00:00,2026-09-11,0.7,0.052,0.522,false,2,summer_weekend_beach_demand,normal_weather_proxy,0.32,sample_seed_local_demand_context,daily external demand-pressure modifier for room-comp opportunity-cost reasoning,Sample-seed event/weather pressure proxy; replace with observed Ticketmaster/NOAA or other public feeds for production-grade public context.
2026-07-10T20:04:23+00:00,2026-09-12,0.7,0.123,0.615,false,2,summer_weekend_beach_demand,normal_weather_proxy,0.32,sample_seed_local_demand_context,daily external demand-pressure modifier for room-comp opportunity-cost reasoning,Sample-seed event/weather pressure proxy; replace with observed Ticketmaster/NOAA or other public feeds for production-grade public context.
2026-07-10T20:04:23+00:00,2026-09-13,0.7,0.051,0.535,false,2,summer_weekend_beach_demand,normal_weather_proxy,0.32,sample_seed_local_demand_context,daily external demand-pressure modifier for room-comp opportunity-cost reasoning,Sample-seed event/weather pressure proxy; replace with observed Ticketmaster/NOAA or other public feeds for production-grade public context.
2026-07-10T20:04:23+00:00,2026-09-14,0.22,0.033,0.252,false,0,baseline_local_demand,normal_weather_proxy,0.32,sample_seed_local_demand_context,daily external demand-pressure modifier for room-comp opportunity-cost reasoning,Sample-seed event/weather pressure proxy; replace with observed Ticketmaster/NOAA or other public feeds for production-grade public context.
2026-07-10T20:04:23+00:00,2026-09-15,0.22,0.373,0.285,false,0,baseline_local_demand,heat_or_beach_crowding_proxy,0.32,sample_seed_local_demand_context,daily external demand-pressure modifier for room-comp opportunity-cost reasoning,Sample-seed event/weather pressure proxy; replace with observed Ticketmaster/NOAA or other public feeds for production-grade public context.
2026-07-10T20:04:23+00:00,2026-09-16,0.22,0.036,0.204,false,0,baseline_local_demand,normal_weather_proxy,0.32,sample_seed_local_demand_context,daily external demand-pressure modifier for room-comp opportunity-cost reasoning,Sample-seed event/weather pressure proxy; replace with observed Ticketmaster/NOAA or other public feeds for production-grade public context.
2026-07-10T20:04:23+00:00,2026-09-17,0.22,0.088,0.281,false,0,baseline_local_demand,normal_weather_proxy,0.32,sample_seed_local_demand_context,daily external demand-pressure modifier for room-comp opportunity-cost reasoning,Sample-seed event/weather pressure proxy; replace with observed Ticketmaster/NOAA or other public feeds for production-grade public context.
2026-07-10T20:04:23+00:00,2026-09-18,0.7,0.119,0.596,false,2,summer_weekend_beach_demand,normal_weather_proxy,0.32,sample_seed_local_demand_context,daily external demand-pressure modifier for room-comp opportunity-cost reasoning,Sample-seed event/weather pressure proxy; replace with observed Ticketmaster/NOAA or other public feeds for production-grade public context.
2026-07-10T20:04:23+00:00,2026-09-19,0.7,0.289,0.567,false,2,summer_weekend_beach_demand,heat_or_beach_crowding_proxy,0.32,sample_seed_local_demand_context,daily external demand-pressure modifier for room-comp opportunity-cost reasoning,Sample-seed event/weather pressure proxy; replace with observed Ticketmaster/NOAA or other public feeds for production-grade public context.
2026-07-10T20:04:23+00:00,2026-09-20,0.7,0.033,0.545,false,2,summer_weekend_beach_demand,normal_weather_proxy,0.32,sample_seed_local_demand_context,daily external demand-pressure modifier for room-comp opportunity-cost reasoning,Sample-seed event/weather pressure proxy; replace with observed Ticketmaster/NOAA or other public feeds for production-grade public context.
2026-07-10T20:04:23+00:00,2026-09-21,0.22,0.116,0.252,false,0,baseline_local_demand,normal_weather_proxy,0.32,sample_seed_local_demand_context,daily external demand-pressure modifier for room-comp opportunity-cost reasoning,Sample-seed event/weather pressure proxy; replace with observed Ticketmaster/NOAA or other public feeds for production-grade public context.
2026-07-10T20:04:23+00:00,2026-09-22,0.22,0.129,0.254,false,0,baseline_local_demand,normal_weather_proxy,0.32,sample_seed_local_demand_context,daily external demand-pressure modifier for room-comp opportunity-cost reasoning,Sample-seed event/weather pressure proxy; replace with observed Ticketmaster/NOAA or other public feeds for production-grade public context.
2026-07-10T20:04:23+00:00,2026-09-23,0.22,0.386,0.264,false,0,baseline_local_demand,heat_or_beach_crowding_proxy,0.32,sample_seed_local_demand_context,daily external demand-pressure modifier for room-comp opportunity-cost reasoning,Sample-seed event/weather pressure proxy; replace with observed Ticketmaster/NOAA or other public feeds for production-grade public context.
2026-07-10T20:04:23+00:00,2026-09-24,0.22,0.035,0.26,false,0,baseline_local_demand,normal_weather_proxy,0.32,sample_seed_local_demand_context,daily external demand-pressure modifier for room-comp opportunity-cost reasoning,Sample-seed event/weather pressure proxy; replace with observed Ticketmaster/NOAA or other public feeds for production-grade public context.
2026-07-10T20:04:23+00:00,2026-09-25,0.7,0.147,0.544,false,2,summer_weekend_beach_demand,normal_weather_proxy,0.32,sample_seed_local_demand_context,daily external demand-pressure modifier for room-comp opportunity-cost reasoning,Sample-seed event/weather pressure proxy; replace with observed Ticketmaster/NOAA or other public feeds for production-grade public context.
2026-07-10T20:04:23+00:00,2026-09-26,0.7,0.162,0.631,false,2,summer_weekend_beach_demand,normal_weather_proxy,0.32,sample_seed_local_demand_context,daily external demand-pressure modifier for room-comp opportunity-cost reasoning,Sample-seed event/weather pressure proxy; replace with observed Ticketmaster/NOAA or other public feeds for production-grade public context.
2026-07-10T20:04:23+00:00,2026-09-27,0.7,0.408,0.63,false,2,summer_weekend_beach_demand,heat_or_beach_crowding_proxy,0.32,sample_seed_local_demand_context,daily external demand-pressure modifier for room-comp opportunity-cost reasoning,Sample-seed event/weather pressure proxy; replace with observed Ticketmaster/NOAA or other public feeds for production-grade public context.
2026-07-10T20:04:23+00:00,2026-09-28,0.22,0.09,0.2,false,0,baseline_local_demand,normal_weather_proxy,0.32,sample_seed_local_demand_context,daily external demand-pressure modifier for room-comp opportunity-cost reasoning,Sample-seed event/weather pressure proxy; replace with observed Ticketmaster/NOAA or other public feeds for production-grade public context.
2026-07-10T20:04:23+00:00,2026-09-29,0.22,0.125,0.26,false,0,baseline_local_demand,normal_weather_proxy,0.32,sample_seed_local_demand_context,daily external demand-pressure modifier for room-comp opportunity-cost reasoning,Sample-seed event/weather pressure proxy; replace with observed Ticketmaster/NOAA or other public feeds for production-grade public context.
2026-07-10T20:04:23+00:00,2026-09-30,0.22,0.156,0.284,false,0,baseline_local_demand,normal_weather_proxy,0.32,sample_seed_local_demand_context,daily external demand-pressure modifier for room-comp opportunity-cost reasoning,Sample-seed event/weather pressure proxy; replace with observed Ticketmaster/NOAA or other public feeds for production-grade public context.
2026-07-10T20:04:23+00:00,2026-10-01,0.22,0.099,0.213,false,0,baseline_local_demand,normal_weather_proxy,0.32,sample_seed_local_demand_context,daily external demand-pressure modifier for room-comp opportunity-cost reasoning,Sample-seed event/weather pressure proxy; replace with observed Ticketmaster/NOAA or other public feeds for production-grade public context.
2026-07-10T20:04:23+00:00,2026-10-02,0.48,0.034,0.398,false,1,weekend_leisure_demand,normal_weather_proxy,0.32,sample_seed_local_demand_context,daily external demand-pressure modifier for room-comp opportunity-cost reasoning,Sample-seed event/weather pressure proxy; replace with observed Ticketmaster/NOAA or other public feeds for production-grade public context.
2026-07-10T20:04:23+00:00,2026-10-03,0.48,0.038,0.384,false,1,weekend_leisure_demand,normal_weather_proxy,0.32,sample_seed_local_demand_context,daily external demand-pressure modifier for room-comp opportunity-cost reasoning,Sample-seed event/weather pressure proxy; replace with observed Ticketmaster/NOAA or other public feeds for production-grade public context.
2026-07-10T20:04:23+00:00,2026-10-04,0.48,0.047,0.442,false,1,weekend_leisure_demand,normal_weather_proxy,0.32,sample_seed_local_demand_context,daily external demand-pressure modifier for room-comp opportunity-cost reasoning,Sample-seed event/weather pressure proxy; replace with observed Ticketmaster/NOAA or other public feeds for production-grade public context.
2026-07-10T20:04:23+00:00,2026-10-05,0.22,0.035,0.252,false,0,baseline_local_demand,normal_weather_proxy,0.32,sample_seed_local_demand_context,daily external demand-pressure modifier for room-comp opportunity-cost reasoning,Sample-seed event/weather pressure proxy; replace with observed Ticketmaster/NOAA or other public feeds for production-grade public context.
2026-07-10T20:04:23+00:00,2026-10-06,0.22,0.055,0.184,false,0,baseline_local_demand,normal_weather_proxy,0.32,sample_seed_local_demand_context,daily external demand-pressure modifier for room-comp opportunity-cost reasoning,Sample-seed event/weather pressure proxy; replace with observed Ticketmaster/NOAA or other public feeds for production-grade public context.
2026-07-10T20:04:23+00:00,2026-10-07,0.22,0.157,0.263,false,0,baseline_local_demand,normal_weather_proxy,0.32,sample_seed_local_demand_context,daily external demand-pressure modifier for room-comp opportunity-cost reasoning,Sample-seed event/weather pressure proxy; replace with observed Ticketmaster/NOAA or other public feeds for production-grade public context.
2026-07-10T20:04:23+00:00,2026-10-08,0.22,0.103,0.242,false,0,baseline_local_demand,normal_weather_proxy,0.32,sample_seed_local_demand_context,daily external demand-pressure modifier for room-comp opportunity-cost reasoning,Sample-seed event/weather pressure proxy; replace with observed Ticketmaster/NOAA or other public feeds for production-grade public context.
2026-07-10T20:04:23+00:00,2026-10-09,0.48,0.086,0.389,false,1,weekend_leisure_demand,normal_weather_proxy,0.32,sample_seed_local_demand_context,daily external demand-pressure modifier for room-comp opportunity-cost reasoning,Sample-seed event/weather pressure proxy; replace with observed Ticketmaster/NOAA or other public feeds for production-grade public context.
2026-07-10T20:04:23+00:00,2026-10-10,0.48,0.041,0.369,false,1,weekend_leisure_demand,normal_weather_proxy,0.32,sample_seed_local_demand_context,daily external demand-pressure modifier for room-comp opportunity-cost reasoning,Sample-seed event/weather pressure proxy; replace with observed Ticketmaster/NOAA or other public feeds for production-grade public context.
2026-07-10T20:04:23+00:00,2026-10-11,0.48,0.057,0.439,false,1,weekend_leisure_demand,normal_weather_proxy,0.32,sample_seed_local_demand_context,daily external demand-pressure modifier for room-comp opportunity-cost reasoning,Sample-seed event/weather pressure proxy; replace with observed Ticketmaster/NOAA or other public feeds for production-grade public context.
2026-07-10T20:04:23+00:00,2026-10-12,0.22,0.12,0.292,false,0,baseline_local_demand,normal_weather_proxy,0.32,sample_seed_local_demand_context,daily external demand-pressure modifier for room-comp opportunity-cost reasoning,Sample-seed event/weather pressure proxy; replace with observed Ticketmaster/NOAA or other public feeds for production-grade public context.
2026-07-10T20:04:23+00:00,2026-10-13,0.22,0.163,0.245,false,0,baseline_local_demand,normal_weather_proxy,0.32,sample_seed_local_demand_context,daily external demand-pressure modifier for room-comp opportunity-cost reasoning,Sample-seed event/weather pressure proxy; replace with observed Ticketmaster/NOAA or other public feeds for production-grade public context.
2026-07-10T20:04:23+00:00,2026-10-14,0.22,0.042,0.264,false,0,baseline_local_demand,normal_weather_proxy,0.32,sample_seed_local_demand_context,daily external demand-pressure modifier for room-comp opportunity-cost reasoning,Sample-seed event/weather pressure proxy; replace with observed Ticketmaster/NOAA or other public feeds for production-grade public context.
2026-07-10T20:04:23+00:00,2026-10-15,0.22,0.102,0.212,false,0,baseline_local_demand,normal_weather_proxy,0.32,sample_seed_local_demand_context,daily external demand-pressure modifier for room-comp opportunity-cost reasoning,Sample-seed event/weather pressure proxy; replace with observed Ticketmaster/NOAA or other public feeds for production-grade public context.
2026-07-10T20:04:23+00:00,2026-10-16,0.48,0.039,0.433,false,1,weekend_leisure_demand,normal_weather_proxy,0.32,sample_seed_local_demand_context,daily external demand-pressure modifier for room-comp opportunity-cost reasoning,Sample-seed event/weather pressure proxy; replace with observed Ticketmaster/NOAA or other public feeds for production-grade public context.
2026-07-10T20:04:23+00:00,2026-10-17,0.48,0.085,0.384,false,1,weekend_leisure_demand,normal_weather_proxy,0.32,sample_seed_local_demand_context,daily external demand-pressure modifier for room-comp opportunity-cost reasoning,Sample-seed event/weather pressure proxy; replace with observed Ticketmaster/NOAA or other public feeds for production-grade public context.
2026-07-10T20:04:23+00:00,2026-10-18,0.48,0.051,0.413,false,1,weekend_leisure_demand,normal_weather_proxy,0.32,sample_seed_local_demand_context,daily external demand-pressure modifier for room-comp opportunity-cost reasoning,Sample-seed event/weather pressure proxy; replace with observed Ticketmaster/NOAA or other public feeds for production-grade public context.
2026-07-10T20:04:23+00:00,2026-10-19,0.22,0.169,0.218,false,0,baseline_local_demand,normal_weather_proxy,0.32,sample_seed_local_demand_context,daily external demand-pressure modifier for room-comp opportunity-cost reasoning,Sample-seed event/weather pressure proxy; replace with observed Ticketmaster/NOAA or other public feeds for production-grade public context.
2026-07-10T20:04:23+00:00,2026-10-20,0.22,0.081,0.281,false,0,baseline_local_demand,normal_weather_proxy,0.32,sample_seed_local_demand_context,daily external demand-pressure modifier for room-comp opportunity-cost reasoning,Sample-seed event/weather pressure proxy; replace with observed Ticketmaster/NOAA or other public feeds for production-grade public context.
2026-07-10T20:04:23+00:00,2026-10-21,0.22,0.037,0.194,false,0,baseline_local_demand,normal_weather_proxy,0.32,sample_seed_local_demand_context,daily external demand-pressure modifier for room-comp opportunity-cost reasoning,Sample-seed event/weather pressure proxy; replace with observed Ticketmaster/NOAA or other public feeds for production-grade public context.
2026-07-10T20:04:23+00:00,2026-10-22,0.22,0.138,0.289,false,0,baseline_local_demand,normal_weather_proxy,0.32,sample_seed_local_demand_context,daily external demand-pressure modifier for room-comp opportunity-cost reasoning,Sample-seed event/weather pressure proxy; replace with observed Ticketmaster/NOAA or other public feeds for production-grade public context.
2026-07-10T20:04:23+00:00,2026-10-23,0.48,0.145,0.423,false,1,weekend_leisure_demand,normal_weather_proxy,0.32,sample_seed_local_demand_context,daily external demand-pressure modifier for room-comp opportunity-cost reasoning,Sample-seed event/weather pressure proxy; replace with observed Ticketmaster/NOAA or other public feeds for production-grade public context.
2026-07-10T20:04:23+00:00,2026-10-24,0.48,0.044,0.401,false,1,weekend_leisure_demand,normal_weather_proxy,0.32,sample_seed_local_demand_context,daily external demand-pressure modifier for room-comp opportunity-cost reasoning,Sample-seed event/weather pressure proxy; replace with observed Ticketmaster/NOAA or other public feeds for production-grade public context.
2026-07-10T20:04:23+00:00,2026-10-25,0.48,0.101,0.427,false,1,weekend_leisure_demand,normal_weather_proxy,0.32,sample_seed_local_demand_context,daily external demand-pressure modifier for room-comp opportunity-cost reasoning,Sample-seed event/weather pressure proxy; replace with observed Ticketmaster/NOAA or other public feeds for production-grade public context.
2026-07-10T20:04:23+00:00,2026-10-26,0.22,0.061,0.202,false,0,baseline_local_demand,normal_weather_proxy,0.32,sample_seed_local_demand_context,daily external demand-pressure modifier for room-comp opportunity-cost reasoning,Sample-seed event/weather pressure proxy; replace with observed Ticketmaster/NOAA or other public feeds for production-grade public context.
2026-07-10T20:04:23+00:00,2026-10-27,0.22,0.141,0.224,false,0,baseline_local_demand,normal_weather_proxy,0.32,sample_seed_local_demand_context,daily external demand-pressure modifier for room-comp opportunity-cost reasoning,Sample-seed event/weather pressure proxy; replace with observed Ticketmaster/NOAA or other public feeds for production-grade public context.
2026-07-10T20:04:23+00:00,2026-10-28,0.22,0.116,0.267,false,0,baseline_local_demand,normal_weather_proxy,0.32,sample_seed_local_demand_context,daily external demand-pressure modifier for room-comp opportunity-cost reasoning,Sample-seed event/weather pressure proxy; replace with observed Ticketmaster/NOAA or other public feeds for production-grade public context.
2026-07-10T20:04:23+00:00,2026-10-29,0.22,0.152,0.259,false,0,baseline_local_demand,normal_weather_proxy,0.32,sample_seed_local_demand_context,daily external demand-pressure modifier for room-comp opportunity-cost reasoning,Sample-seed event/weather pressure proxy; replace with observed Ticketmaster/NOAA or other public feeds for production-grade public context.
2026-07-10T20:04:23+00:00,2026-10-30,0.48,0.062,0.419,false,1,weekend_leisure_demand,normal_weather_proxy,0.32,sample_seed_local_demand_context,daily external demand-pressure modifier for room-comp opportunity-cost reasoning,Sample-seed event/weather pressure proxy; replace with observed Ticketmaster/NOAA or other public feeds for production-grade public context.
2026-07-10T20:04:23+00:00,2026-10-31,0.48,0.056,0.432,false,1,weekend_leisure_demand,normal_weather_proxy,0.32,sample_seed_local_demand_context,daily external demand-pressure modifier for room-comp opportunity-cost reasoning,Sample-seed event/weather pressure proxy; replace with observed Ticketmaster/NOAA or other public feeds for production-grade public context.
2026-07-10T20:04:23+00:00,2026-11-01,0.48,0.087,0.445,false,1,weekend_leisure_demand,normal_weather_proxy,0.32,sample_seed_local_demand_context,daily external demand-pressure modifier for room-comp opportunity-cost reasoning,Sample-seed event/weather pressure proxy; replace with observed Ticketmaster/NOAA or other public feeds for production-grade public context.
2026-07-10T20:04:23+00:00,2026-11-02,0.22,0.055,0.278,false,0,baseline_local_demand,normal_weather_proxy,0.32,sample_seed_local_demand_context,daily external demand-pressure modifier for room-comp opportunity-cost reasoning,Sample-seed event/weather pressure proxy; replace with observed Ticketmaster/NOAA or other public feeds for production-grade public context.
2026-07-10T20:04:23+00:00,2026-11-03,0.22,0.044,0.219,false,0,baseline_local_demand,normal_weather_proxy,0.32,sample_seed_local_demand_context,daily external demand-pressure modifier for room-comp opportunity-cost reasoning,Sample-seed event/weather pressure proxy; replace with observed Ticketmaster/NOAA or other public feeds for production-grade public context.
2026-07-10T20:04:23+00:00,2026-11-04,0.22,0.131,0.273,false,0,baseline_local_demand,normal_weather_proxy,0.32,sample_seed_local_demand_context,daily external demand-pressure modifier for room-comp opportunity-cost reasoning,Sample-seed event/weather pressure proxy; replace with observed Ticketmaster/NOAA or other public feeds for production-grade public context.
2026-07-10T20:04:23+00:00,2026-11-05,0.22,0.065,0.211,false,0,baseline_local_demand,normal_weather_proxy,0.32,sample_seed_local_demand_context,daily external demand-pressure modifier for room-comp opportunity-cost reasoning,Sample-seed event/weather pressure proxy; replace with observed Ticketmaster/NOAA or other public feeds for production-grade public context.
2026-07-10T20:04:23+00:00,2026-11-06,0.48,0.09,0.41,false,1,weekend_leisure_demand,normal_weather_proxy,0.32,sample_seed_local_demand_context,daily external demand-pressure modifier for room-comp opportunity-cost reasoning,Sample-seed event/weather pressure proxy; replace with observed Ticketmaster/NOAA or other public feeds for production-grade public context.
2026-07-10T20:04:23+00:00,2026-11-07,0.48,0.041,0.367,false,1,weekend_leisure_demand,normal_weather_proxy,0.32,sample_seed_local_demand_context,daily external demand-pressure modifier for room-comp opportunity-cost reasoning,Sample-seed event/weather pressure proxy; replace with observed Ticketmaster/NOAA or other public feeds for production-grade public context.
2026-07-10T20:04:23+00:00,2026-11-08,0.48,0.06,0.445,false,1,weekend_leisure_demand,normal_weather_proxy,0.32,sample_seed_local_demand_context,daily external demand-pressure modifier for room-comp opportunity-cost reasoning,Sample-seed event/weather pressure proxy; replace with observed Ticketmaster/NOAA or other public feeds for production-grade public context.
2026-07-10T20:04:23+00:00,2026-11-09,0.22,0.082,0.237,false,0,baseline_local_demand,normal_weather_proxy,0.32,sample_seed_local_demand_context,daily external demand-pressure modifier for room-comp opportunity-cost reasoning,Sample-seed event/weather pressure proxy; replace with observed Ticketmaster/NOAA or other public feeds for production-grade public context.
2026-07-10T20:04:23+00:00,2026-11-10,0.22,0.085,0.246,false,0,baseline_local_demand,normal_weather_proxy,0.32,sample_seed_local_demand_context,daily external demand-pressure modifier for room-comp opportunity-cost reasoning,Sample-seed event/weather pressure proxy; replace with observed Ticketmaster/NOAA or other public feeds for production-grade public context.
2026-07-10T20:04:23+00:00,2026-11-11,0.22,0.039,0.262,false,0,baseline_local_demand,normal_weather_proxy,0.32,sample_seed_local_demand_context,daily external demand-pressure modifier for room-comp opportunity-cost reasoning,Sample-seed event/weather pressure proxy; replace with observed Ticketmaster/NOAA or other public feeds for production-grade public context.
2026-07-10T20:04:23+00:00,2026-11-12,0.22,0.105,0.217,false,0,baseline_local_demand,normal_weather_proxy,0.32,sample_seed_local_demand_context,daily external demand-pressure modifier for room-comp opportunity-cost reasoning,Sample-seed event/weather pressure proxy; replace with observed Ticketmaster/NOAA or other public feeds for production-grade public context.
2026-07-10T20:04:23+00:00,2026-11-13,0.48,0.077,0.366,false,1,weekend_leisure_demand,normal_weather_proxy,0.32,sample_seed_local_demand_context,daily external demand-pressure modifier for room-comp opportunity-cost reasoning,Sample-seed event/weather pressure proxy; replace with observed Ticketmaster/NOAA or other public feeds for production-grade public context.
2026-07-10T20:04:23+00:00,2026-11-14,0.48,0.045,0.376,false,1,weekend_leisure_demand,normal_weather_proxy,0.32,sample_seed_local_demand_context,daily external demand-pressure modifier for room-comp opportunity-cost reasoning,Sample-seed event/weather pressure proxy; replace with observed Ticketmaster/NOAA or other public feeds for production-grade public context.
2026-07-10T20:04:23+00:00,2026-11-15,0.48,0.113,0.41,false,1,weekend_leisure_demand,normal_weather_proxy,0.32,sample_seed_local_demand_context,daily external demand-pressure modifier for room-comp opportunity-cost reasoning,Sample-seed event/weather pressure proxy; replace with observed Ticketmaster/NOAA or other public feeds for production-grade public context.
2026-07-10T20:04:23+00:00,2026-11-16,0.22,0.155,0.273,false,0,baseline_local_demand,normal_weather_proxy,0.32,sample_seed_local_demand_context,daily external demand-pressure modifier for room-comp opportunity-cost reasoning,Sample-seed event/weather pressure proxy; replace with observed Ticketmaster/NOAA or other public feeds for production-grade public context.
2026-07-10T20:04:23+00:00,2026-11-17,0.22,0.024,0.18,false,0,baseline_local_demand,normal_weather_proxy,0.32,sample_seed_local_demand_context,daily external demand-pressure modifier for room-comp opportunity-cost reasoning,Sample-seed event/weather pressure proxy; replace with observed Ticketmaster/NOAA or other public feeds for production-grade public context.
2026-07-10T20:04:23+00:00,2026-11-18,0.22,0.06,0.264,false,0,baseline_local_demand,normal_weather_proxy,0.32,sample_seed_local_demand_context,daily external demand-pressure modifier for room-comp opportunity-cost reasoning,Sample-seed event/weather pressure proxy; replace with observed Ticketmaster/NOAA or other public feeds for production-grade public context.
2026-07-10T20:04:23+00:00,2026-11-19,0.22,0.077,0.206,false,0,baseline_local_demand,normal_weather_proxy,0.32,sample_seed_local_demand_context,daily external demand-pressure modifier for room-comp opportunity-cost reasoning,Sample-seed event/weather pressure proxy; replace with observed Ticketmaster/NOAA or other public feeds for production-grade public context.
2026-07-10T20:04:23+00:00,2026-11-20,0.48,0.132,0.434,false,1,weekend_leisure_demand,normal_weather_proxy,0.32,sample_seed_local_demand_context,daily external demand-pressure modifier for room-comp opportunity-cost reasoning,Sample-seed event/weather pressure proxy; replace with observed Ticketmaster/NOAA or other public feeds for production-grade public context.
2026-07-10T20:04:23+00:00,2026-11-21,0.48,0.039,0.414,false,1,weekend_leisure_demand,normal_weather_proxy,0.32,sample_seed_local_demand_context,daily external demand-pressure modifier for room-comp opportunity-cost reasoning,Sample-seed event/weather pressure proxy; replace with observed Ticketmaster/NOAA or other public feeds for production-grade public context.
2026-07-10T20:04:23+00:00,2026-11-22,0.48,0.136,0.437,false,1,weekend_leisure_demand,normal_weather_proxy,0.32,sample_seed_local_demand_context,daily external demand-pressure modifier for room-comp opportunity-cost reasoning,Sample-seed event/weather pressure proxy; replace with observed Ticketmaster/NOAA or other public feeds for production-grade public context.
2026-07-10T20:04:23+00:00,2026-11-23,0.22,0.031,0.248,false,0,baseline_local_demand,normal_weather_proxy,0.32,sample_seed_local_demand_context,daily external demand-pressure modifier for room-comp opportunity-cost reasoning,Sample-seed event/weather pressure proxy; replace with observed Ticketmaster/NOAA or other public feeds for production-grade public context.
2026-07-10T20:04:23+00:00,2026-11-24,0.22,0.036,0.192,false,0,baseline_local_demand,normal_weather_proxy,0.32,sample_seed_local_demand_context,daily external demand-pressure modifier for room-comp opportunity-cost reasoning,Sample-seed event/weather pressure proxy; replace with observed Ticketmaster/NOAA or other public feeds for production-grade public context.
2026-07-10T20:04:23+00:00,2026-11-25,0.22,0.052,0.267,false,0,baseline_local_demand,normal_weather_proxy,0.32,sample_seed_local_demand_context,daily external demand-pressure modifier for room-comp opportunity-cost reasoning,Sample-seed event/weather pressure proxy; replace with observed Ticketmaster/NOAA or other public feeds for production-grade public context.
2026-07-10T20:04:23+00:00,2026-11-26,0.22,0.081,0.206,false,0,baseline_local_demand,normal_weather_proxy,0.32,sample_seed_local_demand_context,daily external demand-pressure modifier for room-comp opportunity-cost reasoning,Sample-seed event/weather pressure proxy; replace with observed Ticketmaster/NOAA or other public feeds for production-grade public context.
2026-07-10T20:04:23+00:00,2026-11-27,0.48,0.066,0.408,false,1,weekend_leisure_demand,normal_weather_proxy,0.32,sample_seed_local_demand_context,daily external demand-pressure modifier for room-comp opportunity-cost reasoning,Sample-seed event/weather pressure proxy; replace with observed Ticketmaster/NOAA or other public feeds for production-grade public context.
2026-07-10T20:04:23+00:00,2026-11-28,0.48,0.134,0.462,false,1,weekend_leisure_demand,normal_weather_proxy,0.32,sample_seed_local_demand_context,daily external demand-pressure modifier for room-comp opportunity-cost reasoning,Sample-seed event/weather pressure proxy; replace with observed Ticketmaster/NOAA or other public feeds for production-grade public context.
2026-07-10T20:04:23+00:00,2026-11-29,0.48,0.124,0.404,false,1,weekend_leisure_demand,normal_weather_proxy,0.32,sample_seed_local_demand_context,daily external demand-pressure modifier for room-comp opportunity-cost reasoning,Sample-seed event/weather pressure proxy; replace with observed Ticketmaster/NOAA or other public feeds for production-grade public context.
2026-07-10T20:04:23+00:00,2026-11-30,0.22,0.176,0.243,false,0,baseline_local_demand,normal_weather_proxy,0.32,sample_seed_local_demand_context,daily external demand-pressure modifier for room-comp opportunity-cost reasoning,Sample-seed event/weather pressure proxy; replace with observed Ticketmaster/NOAA or other public feeds for production-grade public context.
2026-07-10T20:04:23+00:00,2026-12-01,0.22,0.638,0.342,false,0,baseline_local_demand,coastal_rain_or_wind_proxy,0.32,sample_seed_local_demand_context,daily external demand-pressure modifier for room-comp opportunity-cost reasoning,Sample-seed event/weather pressure proxy; replace with observed Ticketmaster/NOAA or other public feeds for production-grade public context.
2026-07-10T20:04:23+00:00,2026-12-02,0.22,0.126,0.229,false,0,baseline_local_demand,normal_weather_proxy,0.32,sample_seed_local_demand_context,daily external demand-pressure modifier for room-comp opportunity-cost reasoning,Sample-seed event/weather pressure proxy; replace with observed Ticketmaster/NOAA or other public feeds for production-grade public context.
2026-07-10T20:04:23+00:00,2026-12-03,0.22,0.034,0.253,false,0,baseline_local_demand,normal_weather_proxy,0.32,sample_seed_local_demand_context,daily external demand-pressure modifier for room-comp opportunity-cost reasoning,Sample-seed event/weather pressure proxy; replace with observed Ticketmaster/NOAA or other public feeds for production-grade public context.
2026-07-10T20:04:23+00:00,2026-12-04,0.48,0.125,0.454,false,1,weekend_leisure_demand,normal_weather_proxy,0.32,sample_seed_local_demand_context,daily external demand-pressure modifier for room-comp opportunity-cost reasoning,Sample-seed event/weather pressure proxy; replace with observed Ticketmaster/NOAA or other public feeds for production-grade public context.
2026-07-10T20:04:23+00:00,2026-12-05,0.48,0.608,0.49,false,1,weekend_leisure_demand,coastal_rain_or_wind_proxy,0.32,sample_seed_local_demand_context,daily external demand-pressure modifier for room-comp opportunity-cost reasoning,Sample-seed event/weather pressure proxy; replace with observed Ticketmaster/NOAA or other public feeds for production-grade public context.
2026-07-10T20:04:23+00:00,2026-12-06,0.48,0.108,0.407,false,1,weekend_leisure_demand,normal_weather_proxy,0.32,sample_seed_local_demand_context,daily external demand-pressure modifier for room-comp opportunity-cost reasoning,Sample-seed event/weather pressure proxy; replace with observed Ticketmaster/NOAA or other public feeds for production-grade public context.
2026-07-10T20:04:23+00:00,2026-12-07,0.22,0.126,0.289,false,0,baseline_local_demand,normal_weather_proxy,0.32,sample_seed_local_demand_context,daily external demand-pressure modifier for room-comp opportunity-cost reasoning,Sample-seed event/weather pressure proxy; replace with observed Ticketmaster/NOAA or other public feeds for production-grade public context.
2026-07-10T20:04:23+00:00,2026-12-08,0.22,0.093,0.288,false,0,baseline_local_demand,normal_weather_proxy,0.32,sample_seed_local_demand_context,daily external demand-pressure modifier for room-comp opportunity-cost reasoning,Sample-seed event/weather pressure proxy; replace with observed Ticketmaster/NOAA or other public feeds for production-grade public context.
2026-07-10T20:04:23+00:00,2026-12-09,0.22,0.047,0.262,false,0,baseline_local_demand,normal_weather_proxy,0.32,sample_seed_local_demand_context,daily external demand-pressure modifier for room-comp opportunity-cost reasoning,Sample-seed event/weather pressure proxy; replace with observed Ticketmaster/NOAA or other public feeds for production-grade public context.
2026-07-10T20:04:23+00:00,2026-12-10,0.22,0.149,0.292,false,0,baseline_local_demand,normal_weather_proxy,0.32,sample_seed_local_demand_context,daily external demand-pressure modifier for room-comp opportunity-cost reasoning,Sample-seed event/weather pressure proxy; replace with observed Ticketmaster/NOAA or other public feeds for production-grade public context.
2026-07-10T20:04:23+00:00,2026-12-11,0.48,0.158,0.413,false,1,weekend_leisure_demand,normal_weather_proxy,0.32,sample_seed_local_demand_context,daily external demand-pressure modifier for room-comp opportunity-cost reasoning,Sample-seed event/weather pressure proxy; replace with observed Ticketmaster/NOAA or other public feeds for production-grade public context.
2026-07-10T20:04:23+00:00,2026-12-12,0.48,0.063,0.428,false,1,weekend_leisure_demand,normal_weather_proxy,0.32,sample_seed_local_demand_context,daily external demand-pressure modifier for room-comp opportunity-cost reasoning,Sample-seed event/weather pressure proxy; replace with observed Ticketmaster/NOAA or other public feeds for production-grade public context.
2026-07-10T20:04:23+00:00,2026-12-13,0.48,0.57,0.53,false,1,weekend_leisure_demand,coastal_rain_or_wind_proxy,0.32,sample_seed_local_demand_context,daily external demand-pressure modifier for room-comp opportunity-cost reasoning,Sample-seed event/weather pressure proxy; replace with observed Ticketmaster/NOAA or other public feeds for production-grade public context.
2026-07-10T20:04:23+00:00,2026-12-14,0.22,0.09,0.205,false,0,baseline_local_demand,normal_weather_proxy,0.32,sample_seed_local_demand_context,daily external demand-pressure modifier for room-comp opportunity-cost reasoning,Sample-seed event/weather pressure proxy; replace with observed Ticketmaster/NOAA or other public feeds for production-grade public context.
2026-07-10T20:04:23+00:00,2026-12-15,0.22,0.104,0.216,false,0,baseline_local_demand,normal_weather_proxy,0.32,sample_seed_local_demand_context,daily external demand-pressure modifier for room-comp opportunity-cost reasoning,Sample-seed event/weather pressure proxy; replace with observed Ticketmaster/NOAA or other public feeds for production-grade public context.
2026-07-10T20:04:23+00:00,2026-12-16,0.22,0.066,0.255,false,0,baseline_local_demand,normal_weather_proxy,0.32,sample_seed_local_demand_context,daily external demand-pressure modifier for room-comp opportunity-cost reasoning,Sample-seed event/weather pressure proxy; replace with observed Ticketmaster/NOAA or other public feeds for production-grade public context.
2026-07-10T20:04:23+00:00,2026-12-17,0.22,0.597,0.308,false,0,baseline_local_demand,coastal_rain_or_wind_proxy,0.32,sample_seed_local_demand_context,daily external demand-pressure modifier for room-comp opportunity-cost reasoning,Sample-seed event/weather pressure proxy; replace with observed Ticketmaster/NOAA or other public feeds for production-grade public context.
2026-07-10T20:04:23+00:00,2026-12-18,0.48,0.136,0.401,false,1,weekend_leisure_demand,normal_weather_proxy,0.32,sample_seed_local_demand_context,daily external demand-pressure modifier for room-comp opportunity-cost reasoning,Sample-seed event/weather pressure proxy; replace with observed Ticketmaster/NOAA or other public feeds for production-grade public context.
2026-07-10T20:04:23+00:00,2026-12-19,0.48,0.148,0.412,false,1,weekend_leisure_demand,normal_weather_proxy,0.32,sample_seed_local_demand_context,daily external demand-pressure modifier for room-comp opportunity-cost reasoning,Sample-seed event/weather pressure proxy; replace with observed Ticketmaster/NOAA or other public feeds for production-grade public context.
2026-07-10T20:04:23+00:00,2026-12-20,0.48,0.128,0.462,false,1,weekend_leisure_demand,normal_weather_proxy,0.32,sample_seed_local_demand_context,daily external demand-pressure modifier for room-comp opportunity-cost reasoning,Sample-seed event/weather pressure proxy; replace with observed Ticketmaster/NOAA or other public feeds for production-grade public context.
2026-07-10T20:04:23+00:00,2026-12-21,0.22,0.039,0.231,false,0,baseline_local_demand,normal_weather_proxy,0.32,sample_seed_local_demand_context,daily external demand-pressure modifier for room-comp opportunity-cost reasoning,Sample-seed event/weather pressure proxy; replace with observed Ticketmaster/NOAA or other public feeds for production-grade public context.
2026-07-10T20:04:23+00:00,2026-12-22,0.22,0.139,0.208,false,0,baseline_local_demand,normal_weather_proxy,0.32,sample_seed_local_demand_context,daily external demand-pressure modifier for room-comp opportunity-cost reasoning,Sample-seed event/weather pressure proxy; replace with observed Ticketmaster/NOAA or other public feeds for production-grade public context.
2026-07-10T20:04:23+00:00,2026-12-23,0.22,0.507,0.32,false,0,baseline_local_demand,coastal_rain_or_wind_proxy,0.32,sample_seed_local_demand_context,daily external demand-pressure modifier for room-comp opportunity-cost reasoning,Sample-seed event/weather pressure proxy; replace with observed Ticketmaster/NOAA or other public feeds for production-grade public context.
2026-07-10T20:04:23+00:00,2026-12-24,0.78,0.164,0.607,false,3,year_end_holiday_travel,normal_weather_proxy,0.32,sample_seed_local_demand_context,daily external demand-pressure modifier for room-comp opportunity-cost reasoning,Sample-seed event/weather pressure proxy; replace with observed Ticketmaster/NOAA or other public feeds for production-grade public context.
2026-07-10T20:04:23+00:00,2026-12-25,0.78,0.114,0.604,false,3,year_end_holiday_travel,normal_weather_proxy,0.32,sample_seed_local_demand_context,daily external demand-pressure modifier for room-comp opportunity-cost reasoning,Sample-seed event/weather pressure proxy; replace with observed Ticketmaster/NOAA or other public feeds for production-grade public context.
2026-07-10T20:04:23+00:00,2026-12-26,0.78,0.174,0.649,false,3,year_end_holiday_travel,normal_weather_proxy,0.32,sample_seed_local_demand_context,daily external demand-pressure modifier for room-comp opportunity-cost reasoning,Sample-seed event/weather pressure proxy; replace with observed Ticketmaster/NOAA or other public feeds for production-grade public context.
2026-07-10T20:04:23+00:00,2026-12-27,0.78,0.021,0.614,false,3,year_end_holiday_travel,normal_weather_proxy,0.32,sample_seed_local_demand_context,daily external demand-pressure modifier for room-comp opportunity-cost reasoning,Sample-seed event/weather pressure proxy; replace with observed Ticketmaster/NOAA or other public feeds for production-grade public context.
2026-07-10T20:04:23+00:00,2026-12-28,0.78,0.12,0.643,false,3,year_end_holiday_travel,normal_weather_proxy,0.32,sample_seed_local_demand_context,daily external demand-pressure modifier for room-comp opportunity-cost reasoning,Sample-seed event/weather pressure proxy; replace with observed Ticketmaster/NOAA or other public feeds for production-grade public context.
2026-07-10T20:04:23+00:00,2026-12-29,0.78,0.104,0.619,false,3,year_end_holiday_travel,normal_weather_proxy,0.32,sample_seed_local_demand_context,daily external demand-pressure modifier for room-comp opportunity-cost reasoning,Sample-seed event/weather pressure proxy; replace with observed Ticketmaster/NOAA or other public feeds for production-grade public context.
2026-07-10T20:04:23+00:00,2026-12-30,0.78,0.13,0.652,false,3,year_end_holiday_travel,normal_weather_proxy,0.32,sample_seed_local_demand_context,daily external demand-pressure modifier for room-comp opportunity-cost reasoning,Sample-seed event/weather pressure proxy; replace with observed Ticketmaster/NOAA or other public feeds for production-grade public context.
2026-07-10T20:04:23+00:00,2026-12-31,0.78,0.65,0.706,true,3,year_end_holiday_travel,coastal_rain_or_wind_proxy,0.32,sample_seed_local_demand_context,daily external demand-pressure modifier for room-comp opportunity-cost reasoning,Sample-seed event/weather pressure proxy; replace with observed Ticketmaster/NOAA or other public feeds for production-grade public context.
